KYTREASNOX,TIDXFAM,TTERMTYPE,TTERMLBL,MCALDT,TMNOMPRC,TMNOMPRC_FLG,TMYTM
2000001,RISKFREE,30,CRSP Risk Free Rates - 1-Month (Nominal),,,,
2000002,RISKFREE,90,CRSP Risk Free Rates - 3-Month (Nominal),,,,
2000003,FIXEDTERM,112,CRSP Fixed Term Index - 1-Year (Nominal),,,,
2000004,FIXEDTERM,212,CRSP Fixed Term Index - 2-Year (Nominal),,,,
2000005,FIXEDTERM,512,CRSP Fixed Term Index - 5-Year (Nominal),,,,
2000006,FIXEDTERM,712,CRSP Fixed Term Index - 7-Year (Nominal),,,,
2000007,FIXEDTERM,1012,CRSP Fixed Term Index - 10-Year (Nominal),,,,
2000008,FIXEDTERM,2012,CRSP Fixed Term Index - 20-Year (Nominal),,,,
2000009,FIXEDTERM,3012,CRSP Fixed Term Index - 30-Year (Nominal),,,,
2000010,TERMSTRUCT,1201,Fama T-Bill 12-Month Term Structure - 1 Month,,,,
2000011,TERMSTRUCT,1202,Fama T-Bill 12-Month Term Structure - 2 Month,,,,
2000012,TERMSTRUCT,1203,Fama T-Bill 12-Month Term Structure - 3 Month,,,,
2000013,TERMSTRUCT,1204,Fama T-Bill 12-Month Term Structure - 4 Month,,,,
2000014,TERMSTRUCT,1205,Fama T-Bill 12-Month Term Structure - 5 Month,,,,
2000015,TERMSTRUCT,1206,Fama T-Bill 12-Month Term Structure - 6 Month,,,,
2000016,TERMSTRUCT,1207,Fama T-Bill 12-Month Term Structure - 7 Month,,,,
2000017,TERMSTRUCT,1208,Fama T-Bill 12-Month Term Structure - 8 Month,,,,
2000018,TERMSTRUCT,1209,Fama T-Bill 12-Month Term Structure - 9 Month,,,,
2000019,TERMSTRUCT,1210,Fama T-Bill 12-Month Term Structure - 10 Month,,,,
2000020,TERMSTRUCT,1211,Fama T-Bill 12-Month Term Structure - 11 Month,,,,
2000021,TERMSTRUCT,1212,Fama T-Bill 12-Month Term Structure - 12 Month,,,,
2000022,TERMSTRUCT,601,Fama T-Bill 6-Month Term Structure - 1 Month,,,,
2000023,TERMSTRUCT,602,Fama T-Bill 6-Month Term Structure - 2 Month,,,,
2000024,TERMSTRUCT,603,Fama T-Bill 6-Month Term Structure - 3 Month,,,,
2000025,TERMSTRUCT,604,Fama T-Bill 6-Month Term Structure - 4 Month,,,,
2000026,TERMSTRUCT,605,Fama T-Bill 6-Month Term Structure - 5 Month,,,,
2000027,TERMSTRUCT,606,Fama T-Bill 6-Month Term Structure - 6 Month,,,,
2000028,BONDMATPORT,6006,Fama Maturity Portfolios - <= 6 Month,,,,
2000029,BONDMATPORT,6012,Fama Maturity Portfolios - > 6 and <= 12 Month,,,,
2000030,BONDMATPORT,6018,Fama Maturity Portfolios - > 12 and <= 18 Month,,,,
2000031,BONDMATPORT,6024,Fama Maturity Portfolios - > 18 and <= 24 Month,,,,
2000032,BONDMATPORT,6030,Fama Maturity Portfolios - > 24 and <= 30 Month,,,,
2000033,BONDMATPORT,6036,Fama Maturity Portfolios - > 30 and <= 36 Month,,,,
2000034,BONDMATPORT,6042,Fama Maturity Portfolios - > 36 and <= 42 Month,,,,
2000035,BONDMATPORT,6048,Fama Maturity Portfolios - > 42 and <= 48 Month,,,,
2000036,BONDMATPORT,6054,Fama Maturity Portfolios - > 48 and <= 54 Month,,,,
2000037,BONDMATPORT,6060,Fama Maturity Portfolios - > 54 and <= 60 Month,,,,
2000038,BONDMATPORT,6120,Fama Maturity Portfolios - > 60 and <= 120 Month,,,,
2000039,BONDMATPORT,6121,Fama Maturity Portfolios - > 120 Month,,,,
2000040,BONDMATPORT,12012,Fama Maturity Portfolios - <= 12 Month,,,,
2000041,BONDMATPORT,12024,Fama Maturity Portfolios - > 12 and <= 24 Month,,,,
2000042,BONDMATPORT,12036,Fama Maturity Portfolios - > 24 and <= 36 Month,,,,
2000043,BONDMATPORT,12048,Fama Maturity Portfolios - > 36 and <= 48 Month,,,,
2000044,BONDMATPORT,12060,Fama Maturity Portfolios - > 48 and <= 60 Month,,,,
2000047,DISCBOND,5001,Fama Bliss Discount Bonds - 1-Year (Nominal),1952-06-30,9.8177762510023E+01,D,1.8390447289671E+00
2000047,DISCBOND,5001,Fama Bliss Discount Bonds - 1-Year (Nominal),1952-07-31,9.8094756028967E+01,D,1.9236276207772E+00
2000047,DISCBOND,5001,Fama Bliss Discount Bonds - 1-Year (Nominal),1952-08-29,9.8057807664917E+01,D,1.9506124185597E+00
2000047,DISCBOND,5001,Fama Bliss Discount Bonds - 1-Year (Nominal),1952-09-30,9.8031187574306E+01,D,1.9884517391163E+00
2000047,DISCBOND,5001,Fama Bliss Discount Bonds - 1-Year (Nominal),1952-10-31,9.8110769097783E+01,D,1.9125448040957E+00
2000047,DISCBOND,5001,Fama Bliss Discount Bonds - 1-Year (Nominal),1952-11-28,9.7955385990681E+01,D,2.0545477967465E+00
2000047,DISCBOND,5001,Fama Bliss Discount Bonds - 1-Year (Nominal),1952-12-31,9.8021745479666E+01,D,1.9980839282397E+00
2000047,DISCBOND,5001,Fama Bliss Discount Bonds - 1-Year (Nominal),1953-01-30,9.8051151529138E+01,D,1.9734958362626E+00
2000047,DISCBOND,5001,Fama Bliss Discount Bonds - 1-Year (Nominal),1953-02-27,9.7950397467661E+01,D,2.0765877477831E+00
2000047,DISCBOND,5001,Fama Bliss Discount Bonds - 1-Year (Nominal),1953-03-31,9.7947158452273E+01,D,2.0742052204431E+00
2000047,DISCBOND,5001,Fama Bliss Discount Bonds - 1-Year (Nominal),1953-04-30,9.7663527674084E+01,D,2.3642006011423E+00
2000047,DISCBOND,5001,Fama Bliss Discount Bonds - 1-Year (Nominal),1953-05-29,9.7445032183535E+01,D,2.5952844272856E+00
2000047,DISCBOND,5001,Fama Bliss Discount Bonds - 1-Year (Nominal),1953-06-30,9.7608316640032E+01,D,2.4207484723596E+00
2000047,DISCBOND,5001,Fama Bliss Discount Bonds - 1-Year (Nominal),1953-07-31,9.7740266766938E+01,D,2.2919358575516E+00
2000047,DISCBOND,5001,Fama Bliss Discount Bonds - 1-Year (Nominal),1953-08-31,9.7656614795645E+01,D,2.3712791116890E+00
2000047,DISCBOND,5001,Fama Bliss Discount Bonds - 1-Year (Nominal),1953-09-30,9.7996238548341E+01,D,2.0241090213926E+00
2000047,DISCBOND,5001,Fama Bliss Discount Bonds - 1-Year (Nominal),1953-10-30,9.8354310680009E+01,D,1.6639400253535E+00
2000047,DISCBOND,5001,Fama Bliss Discount Bonds - 1-Year (Nominal),1953-11-30,9.8435561967448E+01,D,1.5768045111688E+00
2000047,DISCBOND,5001,Fama Bliss Discount Bonds - 1-Year (Nominal),1953-12-31,9.8437834011484E+01,D,1.5744963841361E+00
2000047,DISCBOND,5001,Fama Bliss Discount Bonds - 1-Year (Nominal),1954-01-29,9.8846368177550E+01,D,1.1540144102315E+00
2000047,DISCBOND,5001,Fama Bliss Discount Bonds - 1-Year (Nominal),1954-02-26,9.8899739261523E+01,D,1.1003291718618E+00
2000047,DISCBOND,5001,Fama Bliss Discount Bonds - 1-Year (Nominal),1954-03-31,9.8947087937627E+01,D,1.0584944007474E+00
2000047,DISCBOND,5001,Fama Bliss Discount Bonds - 1-Year (Nominal),1954-04-30,9.9168244166706E+01,D,8.3752886007756E-01
2000047,DISCBOND,5001,Fama Bliss Discount Bonds - 1-Year (Nominal),1954-05-28,9.9148707215339E+01,D,8.4796737225453E-01
2000047,DISCBOND,5001,Fama Bliss Discount Bonds - 1-Year (Nominal),1954-06-30,9.9271010513184E+01,D,7.3165959965104E-01
2000047,DISCBOND,5001,Fama Bliss Discount Bonds - 1-Year (Nominal),1954-07-30,9.9370913323126E+01,D,6.3280751240737E-01
2000047,DISCBOND,5001,Fama Bliss Discount Bonds - 1-Year (Nominal),1954-08-31,9.9179365266203E+01,D,8.2402047640524E-01
2000047,DISCBOND,5001,Fama Bliss Discount Bonds - 1-Year (Nominal),1954-09-30,9.9065333157169E+01,D,9.3906226316370E-01
2000047,DISCBOND,5001,Fama Bliss Discount Bonds - 1-Year (Nominal),1954-10-29,9.8953920102110E+01,D,1.0458590361322E+00
2000047,DISCBOND,5001,Fama Bliss Discount Bonds - 1-Year (Nominal),1954-11-30,9.8963321255808E+01,D,1.0420896868331E+00
2000047,DISCBOND,5001,Fama Bliss Discount Bonds - 1-Year (Nominal),1954-12-31,9.8870622137243E+01,D,1.1389241527366E+00
2000047,DISCBOND,5001,Fama Bliss Discount Bonds - 1-Year (Nominal),1955-01-31,9.8715325352221E+01,D,1.2929979543141E+00
2000047,DISCBOND,5001,Fama Bliss Discount Bonds - 1-Year (Nominal),1955-02-28,9.8354631983592E+01,D,1.6545216351543E+00
2000047,DISCBOND,5001,Fama Bliss Discount Bonds - 1-Year (Nominal),1955-03-31,9.8457838821771E+01,D,1.5584459548066E+00
2000047,DISCBOND,5001,Fama Bliss Discount Bonds - 1-Year (Nominal),1955-04-29,9.8374324913745E+01,D,1.6301020958009E+00
2000047,DISCBOND,5001,Fama Bliss Discount Bonds - 1-Year (Nominal),1955-05-31,9.8199766164213E+01,D,1.8116717429321E+00
2000047,DISCBOND,5001,Fama Bliss Discount Bonds - 1-Year (Nominal),1955-06-30,9.8177691325892E+01,D,1.8391172343443E+00
2000047,DISCBOND,5001,Fama Bliss Discount Bonds - 1-Year (Nominal),1955-07-29,9.7999166571338E+01,D,2.0046446152902E+00
2000047,DISCBOND,5001,Fama Bliss Discount Bonds - 1-Year (Nominal),1955-08-31,9.7876410103407E+01,D,2.1405978575206E+00
2000047,DISCBOND,5001,Fama Bliss Discount Bonds - 1-Year (Nominal),1955-09-30,9.8026770548427E+01,D,1.9984328229254E+00
2000047,DISCBOND,5001,Fama Bliss Discount Bonds - 1-Year (Nominal),1955-10-31,9.7945968957461E+01,D,2.0697491553461E+00
2000047,DISCBOND,5001,Fama Bliss Discount Bonds - 1-Year (Nominal),1955-11-30,9.7453551893939E+01,D,2.5723836659168E+00
2000047,DISCBOND,5001,Fama Bliss Discount Bonds - 1-Year (Nominal),1955-12-30,9.7367626232607E+01,D,2.6531034552236E+00
2000047,DISCBOND,5001,Fama Bliss Discount Bonds - 1-Year (Nominal),1956-01-31,9.7651021130816E+01,D,2.3705126669949E+00
2000047,DISCBOND,5001,Fama Bliss Discount Bonds - 1-Year (Nominal),1956-02-29,9.7520028248958E+01,D,2.5112411141642E+00
2000047,DISCBOND,5001,Fama Bliss Discount Bonds - 1-Year (Nominal),1956-03-29,9.7512512420097E+01,D,2.5189483704394E+00
2000047,DISCBOND,5001,Fama Bliss Discount Bonds - 1-Year (Nominal),1956-04-30,9.7101465075387E+01,D,2.9413722489632E+00
2000047,DISCBOND,5001,Fama Bliss Discount Bonds - 1-Year (Nominal),1956-05-31,9.7209562914236E+01,D,2.8301095469761E+00
2000047,DISCBOND,5001,Fama Bliss Discount Bonds - 1-Year (Nominal),1956-06-29,9.7496266165327E+01,D,2.5495806829881E+00
2000047,DISCBOND,5001,Fama Bliss Discount Bonds - 1-Year (Nominal),1956-07-31,9.7320379334741E+01,D,2.7161770271685E+00
2000047,DISCBOND,5001,Fama Bliss Discount Bonds - 1-Year (Nominal),1956-08-31,9.6932061958067E+01,D,3.1245450416570E+00
2000047,DISCBOND,5001,Fama Bliss Discount Bonds - 1-Year (Nominal),1956-09-28,9.6852159703076E+01,D,3.1810194427174E+00
2000047,DISCBOND,5001,Fama Bliss Discount Bonds - 1-Year (Nominal),1956-10-31,9.6967100699916E+01,D,3.0798433057308E+00
2000047,DISCBOND,5001,Fama Bliss Discount Bonds - 1-Year (Nominal),1956-11-30,9.6639650698918E+01,D,3.4274971815301E+00
2000047,DISCBOND,5001,Fama Bliss Discount Bonds - 1-Year (Nominal),1956-12-31,9.6614383026072E+01,D,3.4442563243579E+00
2000047,DISCBOND,5001,Fama Bliss Discount Bonds - 1-Year (Nominal),1957-01-31,9.7070618860353E+01,D,2.9731442881446E+00
2000047,DISCBOND,5001,Fama Bliss Discount Bonds - 1-Year (Nominal),1957-02-28,9.6816760838577E+01,D,3.2350057535293E+00
2000047,DISCBOND,5001,Fama Bliss Discount Bonds - 1-Year (Nominal),1957-03-29,9.6659756491571E+01,D,3.3787899564062E+00
2000047,DISCBOND,5001,Fama Bliss Discount Bonds - 1-Year (Nominal),1957-04-30,9.6583179264108E+01,D,3.4765587632356E+00
2000047,DISCBOND,5001,Fama Bliss Discount Bonds - 1-Year (Nominal),1957-05-31,9.6585919807700E+01,D,3.4928601745874E+00
2000047,DISCBOND,5001,Fama Bliss Discount Bonds - 1-Year (Nominal),1957-06-27,9.6454156804040E+01,D,3.5808036444976E+00
2000047,DISCBOND,5001,Fama Bliss Discount Bonds - 1-Year (Nominal),1957-07-31,9.6188245664581E+01,D,3.8863022220666E+00
2000047,DISCBOND,5001,Fama Bliss Discount Bonds - 1-Year (Nominal),1957-08-30,9.6194286411064E+01,D,3.8906818643733E+00
2000047,DISCBOND,5001,Fama Bliss Discount Bonds - 1-Year (Nominal),1957-09-30,9.6043162574872E+01,D,4.0372485409696E+00
2000047,DISCBOND,5001,Fama Bliss Discount Bonds - 1-Year (Nominal),1957-10-31,9.6254362577283E+01,D,3.8175888369108E+00
2000047,DISCBOND,5001,Fama Bliss Discount Bonds - 1-Year (Nominal),1957-11-29,9.6623665267818E+01,D,3.4440852730543E+00
2000047,DISCBOND,5001,Fama Bliss Discount Bonds - 1-Year (Nominal),1957-12-31,9.7349993800579E+01,D,2.6857517851664E+00
2000047,DISCBOND,5001,Fama Bliss Discount Bonds - 1-Year (Nominal),1958-01-31,9.7969604250252E+01,D,2.0569271217879E+00
2000047,DISCBOND,5001,Fama Bliss Discount Bonds - 1-Year (Nominal),1958-02-28,9.8285634199689E+01,D,1.7339819060812E+00
2000047,DISCBOND,5001,Fama Bliss Discount Bonds - 1-Year (Nominal),1958-03-31,9.8514839146750E+01,D,1.4962997920770E+00
2000047,DISCBOND,5001,Fama Bliss Discount Bonds - 1-Year (Nominal),1958-04-30,9.8732786728449E+01,D,1.2753109011539E+00
2000047,DISCBOND,5001,Fama Bliss Discount Bonds - 1-Year (Nominal),1958-05-29,9.8886787954653E+01,D,1.1194546226198E+00
2000047,DISCBOND,5001,Fama Bliss Discount Bonds - 1-Year (Nominal),1958-06-30,9.8906062345203E+01,D,1.0999651511029E+00
2000047,DISCBOND,5001,Fama Bliss Discount Bonds - 1-Year (Nominal),1958-07-31,9.8399910072860E+01,D,1.6130295824007E+00
2000047,DISCBOND,5001,Fama Bliss Discount Bonds - 1-Year (Nominal),1958-08-29,9.7249604949750E+01,D,2.7737280562092E+00
2000047,DISCBOND,5001,Fama Bliss Discount Bonds - 1-Year (Nominal),1958-09-30,9.7063832173054E+01,D,2.9801360273912E+00
2000047,DISCBOND,5001,Fama Bliss Discount Bonds - 1-Year (Nominal),1958-10-31,9.7020301785906E+01,D,3.0333038180131E+00
2000047,DISCBOND,5001,Fama Bliss Discount Bonds - 1-Year (Nominal),1958-11-28,9.6812066861389E+01,D,3.2221982946835E+00
2000047,DISCBOND,5001,Fama Bliss Discount Bonds - 1-Year (Nominal),1958-12-31,9.7089528904663E+01,D,2.9536654768777E+00
2000047,DISCBOND,5001,Fama Bliss Discount Bonds - 1-Year (Nominal),1959-01-30,9.6946905824835E+01,D,3.1091904650545E+00
2000047,DISCBOND,5001,Fama Bliss Discount Bonds - 1-Year (Nominal),1959-02-27,9.6596842200821E+01,D,3.4435447291813E+00
2000047,DISCBOND,5001,Fama Bliss Discount Bonds - 1-Year (Nominal),1959-03-31,9.6508106090074E+01,D,3.5446068545255E+00
2000047,DISCBOND,5001,Fama Bliss Discount Bonds - 1-Year (Nominal),1959-04-30,9.6281242715432E+01,D,3.7896665850416E+00
2000047,DISCBOND,5001,Fama Bliss Discount Bonds - 1-Year (Nominal),1959-05-29,9.6199380578166E+01,D,3.8431392270355E+00
2000047,DISCBOND,5001,Fama Bliss Discount Bonds - 1-Year (Nominal),1959-06-30,9.5988395232678E+01,D,4.0831019961431E+00
2000047,DISCBOND,5001,Fama Bliss Discount Bonds - 1-Year (Nominal),1959-07-31,9.5776683504493E+01,D,4.3269466252538E+00
2000047,DISCBOND,5001,Fama Bliss Discount Bonds - 1-Year (Nominal),1959-08-31,9.5603449709535E+01,D,4.4838437761638E+00
2000047,DISCBOND,5001,Fama Bliss Discount Bonds - 1-Year (Nominal),1959-09-30,9.5310346163778E+01,D,4.7900583705521E+00
2000047,DISCBOND,5001,Fama Bliss Discount Bonds - 1-Year (Nominal),1959-10-30,9.5885396057756E+01,D,4.1787525901324E+00
2000047,DISCBOND,5001,Fama Bliss Discount Bonds - 1-Year (Nominal),1959-11-30,9.5287124615513E+01,D,4.8143589050434E+00
2000047,DISCBOND,5001,Fama Bliss Discount Bonds - 1-Year (Nominal),1959-12-31,9.5255763047043E+01,D,4.8604669380707E+00
2000047,DISCBOND,5001,Fama Bliss Discount Bonds - 1-Year (Nominal),1960-01-29,9.5436575221847E+01,D,4.6327518206166E+00
2000047,DISCBOND,5001,Fama Bliss Discount Bonds - 1-Year (Nominal),1960-02-29,9.5544471526630E+01,D,4.5578376456324E+00
2000047,DISCBOND,5001,Fama Bliss Discount Bonds - 1-Year (Nominal),1960-03-31,9.6451743957079E+01,D,3.6226617949884E+00
2000047,DISCBOND,5001,Fama Bliss Discount Bonds - 1-Year (Nominal),1960-04-29,9.5948993705428E+01,D,4.1467061511377E+00
2000047,DISCBOND,5001,Fama Bliss Discount Bonds - 1-Year (Nominal),1960-05-31,9.6048534895491E+01,D,4.0316550450600E+00
2000047,DISCBOND,5001,Fama Bliss Discount Bonds - 1-Year (Nominal),1960-06-30,9.6880790381278E+01,D,3.1688928423126E+00
2000047,DISCBOND,5001,Fama Bliss Discount Bonds - 1-Year (Nominal),1960-07-29,9.7188374095636E+01,D,2.8363672311146E+00
2000047,DISCBOND,5001,Fama Bliss Discount Bonds - 1-Year (Nominal),1960-08-31,9.7143590235585E+01,D,2.8979990358945E+00
2000047,DISCBOND,5001,Fama Bliss Discount Bonds - 1-Year (Nominal),1960-09-30,9.7200767087799E+01,D,2.8469582821190E+00
2000047,DISCBOND,5001,Fama Bliss Discount Bonds - 1-Year (Nominal),1960-10-31,9.7212355190838E+01,D,2.8272371582765E+00
2000047,DISCBOND,5001,Fama Bliss Discount Bonds - 1-Year (Nominal),1960-11-30,9.7033784386611E+01,D,3.0110975479039E+00
2000047,DISCBOND,5001,Fama Bliss Discount Bonds - 1-Year (Nominal),1960-12-30,9.7406542110511E+01,D,2.6349000345392E+00
2000047,DISCBOND,5001,Fama Bliss Discount Bonds - 1-Year (Nominal),1961-01-31,9.7255265100849E+01,D,2.7831065100554E+00
2000047,DISCBOND,5001,Fama Bliss Discount Bonds - 1-Year (Nominal),1961-02-28,9.7069368995861E+01,D,2.9744318791313E+00
2000047,DISCBOND,5001,Fama Bliss Discount Bonds - 1-Year (Nominal),1961-03-30,9.7145141038391E+01,D,2.8964026460305E+00
2000047,DISCBOND,5001,Fama Bliss Discount Bonds - 1-Year (Nominal),1961-04-28,9.7153576889620E+01,D,2.8719823678345E+00
2000047,DISCBOND,5001,Fama Bliss Discount Bonds - 1-Year (Nominal),1961-05-31,9.7113319664961E+01,D,2.9291645382016E+00
2000047,DISCBOND,5001,Fama Bliss Discount Bonds - 1-Year (Nominal),1961-06-30,9.7054583747047E+01,D,2.9978781686372E+00
2000047,DISCBOND,5001,Fama Bliss Discount Bonds - 1-Year (Nominal),1961-07-31,9.7151309053000E+01,D,2.8900535700611E+00
2000047,DISCBOND,5001,Fama Bliss Discount Bonds - 1-Year (Nominal),1961-08-31,9.6998401582776E+01,D,3.0475686148570E+00
2000047,DISCBOND,5001,Fama Bliss Discount Bonds - 1-Year (Nominal),1961-09-29,9.7074352545927E+01,D,2.9774555463381E+00
2000047,DISCBOND,5001,Fama Bliss Discount Bonds - 1-Year (Nominal),1961-10-31,9.7105410050765E+01,D,2.9373095963148E+00
2000047,DISCBOND,5001,Fama Bliss Discount Bonds - 1-Year (Nominal),1961-11-30,9.7073836346319E+01,D,2.9698297603485E+00
2000047,DISCBOND,5001,Fama Bliss Discount Bonds - 1-Year (Nominal),1961-12-29,9.6921848482376E+01,D,3.1094835257503E+00
2000047,DISCBOND,5001,Fama Bliss Discount Bonds - 1-Year (Nominal),1962-01-31,9.6761279722369E+01,D,3.2923274596137E+00
2000047,DISCBOND,5001,Fama Bliss Discount Bonds - 1-Year (Nominal),1962-02-28,9.6913873576939E+01,D,3.1347503171195E+00
2000047,DISCBOND,5001,Fama Bliss Discount Bonds - 1-Year (Nominal),1962-03-30,9.7162356937141E+01,D,2.8865909804051E+00
2000047,DISCBOND,5001,Fama Bliss Discount Bonds - 1-Year (Nominal),1962-04-30,9.7038582214829E+01,D,3.0061531776127E+00
2000047,DISCBOND,5001,Fama Bliss Discount Bonds - 1-Year (Nominal),1962-05-31,9.7099801742107E+01,D,2.9430852483761E+00
2000047,DISCBOND,5001,Fama Bliss Discount Bonds - 1-Year (Nominal),1962-06-29,9.6983630099784E+01,D,3.0712127760699E+00
2000047,DISCBOND,5001,Fama Bliss Discount Bonds - 1-Year (Nominal),1962-07-31,9.6745978537033E+01,D,3.3081420450779E+00
2000047,DISCBOND,5001,Fama Bliss Discount Bonds - 1-Year (Nominal),1962-08-31,9.7019518792894E+01,D,3.0341130788382E+00
2000047,DISCBOND,5001,Fama Bliss Discount Bonds - 1-Year (Nominal),1962-09-28,9.7064907836229E+01,D,2.9627933422725E+00
2000047,DISCBOND,5001,Fama Bliss Discount Bonds - 1-Year (Nominal),1962-10-31,9.7120257828431E+01,D,2.9220203939586E+00
2000047,DISCBOND,5001,Fama Bliss Discount Bonds - 1-Year (Nominal),1962-11-30,9.7128364365133E+01,D,2.9216785644424E+00
2000047,DISCBOND,5001,Fama Bliss Discount Bonds - 1-Year (Nominal),1962-12-31,9.7065941487390E+01,D,2.9779629301925E+00
2000047,DISCBOND,5001,Fama Bliss Discount Bonds - 1-Year (Nominal),1963-01-31,9.7015959179679E+01,D,3.0294693392334E+00
2000047,DISCBOND,5001,Fama Bliss Discount Bonds - 1-Year (Nominal),1963-02-28,9.7082407563330E+01,D,2.9610005650114E+00
2000047,DISCBOND,5001,Fama Bliss Discount Bonds - 1-Year (Nominal),1963-03-29,9.6994065836297E+01,D,3.0271578408997E+00
2000047,DISCBOND,5001,Fama Bliss Discount Bonds - 1-Year (Nominal),1963-04-30,9.6940625228820E+01,D,3.0986611837805E+00
2000047,DISCBOND,5001,Fama Bliss Discount Bonds - 1-Year (Nominal),1963-05-31,9.6915874275031E+01,D,3.1499458233018E+00
2000047,DISCBOND,5001,Fama Bliss Discount Bonds - 1-Year (Nominal),1963-06-28,9.6897747321957E+01,D,3.1257007490444E+00
2000047,DISCBOND,5001,Fama Bliss Discount Bonds - 1-Year (Nominal),1963-07-31,9.6563509607622E+01,D,3.4873719840196E+00
2000047,DISCBOND,5001,Fama Bliss Discount Bonds - 1-Year (Nominal),1963-08-30,9.6360585646985E+01,D,3.6870898176458E+00
2000047,DISCBOND,5001,Fama Bliss Discount Bonds - 1-Year (Nominal),1963-09-30,9.6360332667261E+01,D,3.6974257433980E+00
2000047,DISCBOND,5001,Fama Bliss Discount Bonds - 1-Year (Nominal),1963-10-31,9.6399942680626E+01,D,3.6664578971086E+00
2000047,DISCBOND,5001,Fama Bliss Discount Bonds - 1-Year (Nominal),1963-11-29,9.6258638799824E+01,D,3.7923662126560E+00
2000047,DISCBOND,5001,Fama Bliss Discount Bonds - 1-Year (Nominal),1963-12-31,9.6233250637591E+01,D,3.8290343153622E+00
2000047,DISCBOND,5001,Fama Bliss Discount Bonds - 1-Year (Nominal),1964-01-31,9.6291584926059E+01,D,3.7893073265197E+00
2000047,DISCBOND,5001,Fama Bliss Discount Bonds - 1-Year (Nominal),1964-02-28,9.6139865800741E+01,D,3.9474269829566E+00
2000047,DISCBOND,5001,Fama Bliss Discount Bonds - 1-Year (Nominal),1964-03-31,9.6165017764643E+01,D,3.9104535149922E+00
2000047,DISCBOND,5001,Fama Bliss Discount Bonds - 1-Year (Nominal),1964-04-30,9.6287739883164E+01,D,3.7829186990149E+00
2000047,DISCBOND,5001,Fama Bliss Discount Bonds - 1-Year (Nominal),1964-05-28,9.6240232467726E+01,D,3.8322698824528E+00
2000047,DISCBOND,5001,Fama Bliss Discount Bonds - 1-Year (Nominal),1964-06-30,9.6290993889666E+01,D,3.7795392952362E+00
2000047,DISCBOND,5001,Fama Bliss Discount Bonds - 1-Year (Nominal),1964-07-31,9.6320882405068E+01,D,3.7588025845087E+00
2000047,DISCBOND,5001,Fama Bliss Discount Bonds - 1-Year (Nominal),1964-08-31,9.6258750744848E+01,D,3.8130300123298E+00
2000047,DISCBOND,5001,Fama Bliss Discount Bonds - 1-Year (Nominal),1964-09-30,9.6177639562196E+01,D,3.8973292317507E+00
2000047,DISCBOND,5001,Fama Bliss Discount Bonds - 1-Year (Nominal),1964-10-30,9.6179464372755E+01,D,3.9061338258012E+00
2000047,DISCBOND,5001,Fama Bliss Discount Bonds - 1-Year (Nominal),1964-11-30,9.5873475204713E+01,D,4.2140830419709E+00
2000047,DISCBOND,5001,Fama Bliss Discount Bonds - 1-Year (Nominal),1964-12-31,9.6030624765732E+01,D,4.0503037416103E+00
2000047,DISCBOND,5001,Fama Bliss Discount Bonds - 1-Year (Nominal),1965-01-29,9.5983386704845E+01,D,4.0771658233767E+00
2000047,DISCBOND,5001,Fama Bliss Discount Bonds - 1-Year (Nominal),1965-02-26,9.5861054123210E+01,D,4.2040039374361E+00
2000047,DISCBOND,5001,Fama Bliss Discount Bonds - 1-Year (Nominal),1965-03-31,9.5944443176944E+01,D,4.1400878948354E+00
2000047,DISCBOND,5001,Fama Bliss Discount Bonds - 1-Year (Nominal),1965-04-30,9.5996136835019E+01,D,4.0974497343683E+00
2000047,DISCBOND,5001,Fama Bliss Discount Bonds - 1-Year (Nominal),1965-05-28,9.5972443052560E+01,D,4.0773958301816E+00
2000047,DISCBOND,5001,Fama Bliss Discount Bonds - 1-Year (Nominal),1965-06-30,9.6101597728516E+01,D,3.9764244463099E+00
2000047,DISCBOND,5001,Fama Bliss Discount Bonds - 1-Year (Nominal),1965-07-30,9.6072397421967E+01,D,4.0178218018018E+00
2000047,DISCBOND,5001,Fama Bliss Discount Bonds - 1-Year (Nominal),1965-08-31,9.5914028943438E+01,D,4.1717927587646E+00
2000047,DISCBOND,5001,Fama Bliss Discount Bonds - 1-Year (Nominal),1965-09-30,9.5746738853747E+01,D,4.3463617476054E+00
2000047,DISCBOND,5001,Fama Bliss Discount Bonds - 1-Year (Nominal),1965-10-29,9.5718334650242E+01,D,4.3521845293917E+00
2000047,DISCBOND,5001,Fama Bliss Discount Bonds - 1-Year (Nominal),1965-11-30,9.5660552769423E+01,D,4.4364169272369E+00
2000047,DISCBOND,5001,Fama Bliss Discount Bonds - 1-Year (Nominal),1965-12-31,9.5244482535605E+01,D,4.8856956634329E+00
2000047,DISCBOND,5001,Fama Bliss Discount Bonds - 1-Year (Nominal),1966-01-31,9.5199238310051E+01,D,4.9198245167624E+00
2000047,DISCBOND,5001,Fama Bliss Discount Bonds - 1-Year (Nominal),1966-02-28,9.5142171706264E+01,D,4.9797868817482E+00
2000047,DISCBOND,5001,Fama Bliss Discount Bonds - 1-Year (Nominal),1966-03-31,9.5189098954625E+01,D,4.9304757526322E+00
2000047,DISCBOND,5001,Fama Bliss Discount Bonds - 1-Year (Nominal),1966-04-29,9.5145278063826E+01,D,4.9901939564553E+00
2000047,DISCBOND,5001,Fama Bliss Discount Bonds - 1-Year (Nominal),1966-05-31,9.5037013792559E+01,D,5.0903751400230E+00
2000047,DISCBOND,5001,Fama Bliss Discount Bonds - 1-Year (Nominal),1966-06-30,9.5021804925072E+01,D,5.1063795197430E+00
2000047,DISCBOND,5001,Fama Bliss Discount Bonds - 1-Year (Nominal),1966-07-29,9.4861999628649E+01,D,5.2459536364187E+00
2000047,DISCBOND,5001,Fama Bliss Discount Bonds - 1-Year (Nominal),1966-08-31,9.4241112732361E+01,D,5.9313658722847E+00
2000047,DISCBOND,5001,Fama Bliss Discount Bonds - 1-Year (Nominal),1966-09-30,9.4192054043538E+01,D,5.9998742717772E+00
2000047,DISCBOND,5001,Fama Bliss Discount Bonds - 1-Year (Nominal),1966-10-31,9.4459095360493E+01,D,5.7003298524561E+00
2000047,DISCBOND,5001,Fama Bliss Discount Bonds - 1-Year (Nominal),1966-11-30,9.4707500194069E+01,D,5.4376989417191E+00
2000047,DISCBOND,5001,Fama Bliss Discount Bonds - 1-Year (Nominal),1966-12-30,9.5123724232722E+01,D,5.0129123664085E+00
2000047,DISCBOND,5001,Fama Bliss Discount Bonds - 1-Year (Nominal),1967-01-31,9.5493263308635E+01,D,4.6114482260395E+00
2000047,DISCBOND,5001,Fama Bliss Discount Bonds - 1-Year (Nominal),1967-02-28,9.5435165590543E+01,D,4.6595405831714E+00
2000047,DISCBOND,5001,Fama Bliss Discount Bonds - 1-Year (Nominal),1967-03-31,9.5955219494872E+01,D,4.1401998911269E+00
2000047,DISCBOND,5001,Fama Bliss Discount Bonds - 1-Year (Nominal),1967-04-28,9.6018444086228E+01,D,4.0298664643889E+00
2000047,DISCBOND,5001,Fama Bliss Discount Bonds - 1-Year (Nominal),1967-05-31,9.6106167663333E+01,D,3.9608177797377E+00
2000047,DISCBOND,5001,Fama Bliss Discount Bonds - 1-Year (Nominal),1967-06-30,9.5077903003471E+01,D,5.0612264795378E+00
2000047,DISCBOND,5001,Fama Bliss Discount Bonds - 1-Year (Nominal),1967-07-31,9.5018332832857E+01,D,5.0960718595127E+00
2000047,DISCBOND,5001,Fama Bliss Discount Bonds - 1-Year (Nominal),1967-08-31,9.4876849449521E+01,D,5.2590456923210E+00
2000047,DISCBOND,5001,Fama Bliss Discount Bonds - 1-Year (Nominal),1967-09-29,9.4754959190847E+01,D,5.3582401354168E+00
2000047,DISCBOND,5001,Fama Bliss Discount Bonds - 1-Year (Nominal),1967-10-31,9.4616752808322E+01,D,5.5184445633106E+00
2000047,DISCBOND,5001,Fama Bliss Discount Bonds - 1-Year (Nominal),1967-11-30,9.4345093316292E+01,D,5.8210920652583E+00
2000047,DISCBOND,5001,Fama Bliss Discount Bonds - 1-Year (Nominal),1967-12-29,9.4183555760680E+01,D,5.9436070509927E+00
2000047,DISCBOND,5001,Fama Bliss Discount Bonds - 1-Year (Nominal),1968-01-31,9.4662498809512E+01,D,5.4702395818646E+00
2000047,DISCBOND,5001,Fama Bliss Discount Bonds - 1-Year (Nominal),1968-02-29,9.4621319008999E+01,D,5.5287375816739E+00
2000047,DISCBOND,5001,Fama Bliss Discount Bonds - 1-Year (Nominal),1968-03-29,9.4487771101639E+01,D,5.6855537307818E+00
2000047,DISCBOND,5001,Fama Bliss Discount Bonds - 1-Year (Nominal),1968-04-30,9.4261391132956E+01,D,5.9098506135931E+00
2000047,DISCBOND,5001,Fama Bliss Discount Bonds - 1-Year (Nominal),1968-05-31,9.4154267925999E+01,D,6.0567475747448E+00
2000047,DISCBOND,5001,Fama Bliss Discount Bonds - 1-Year (Nominal),1968-06-28,9.4240138414949E+01,D,5.9000705691831E+00
2000047,DISCBOND,5001,Fama Bliss Discount Bonds - 1-Year (Nominal),1968-07-31,9.4748054017805E+01,D,5.3948880307125E+00
2000047,DISCBOND,5001,Fama Bliss Discount Bonds - 1-Year (Nominal),1968-08-30,9.4792716090485E+01,D,5.3624533071908E+00
2000047,DISCBOND,5001,Fama Bliss Discount Bonds - 1-Year (Nominal),1968-09-30,9.4768333739361E+01,D,5.3734864813548E+00
2000047,DISCBOND,5001,Fama Bliss Discount Bonds - 1-Year (Nominal),1968-10-31,9.4530070589272E+01,D,5.6252194811712E+00
2000047,DISCBOND,5001,Fama Bliss Discount Bonds - 1-Year (Nominal),1968-11-29,9.4365461253547E+01,D,5.8154385998142E+00
2000047,DISCBOND,5001,Fama Bliss Discount Bonds - 1-Year (Nominal),1968-12-31,9.3718959761940E+01,D,6.4869671834553E+00
2000047,DISCBOND,5001,Fama Bliss Discount Bonds - 1-Year (Nominal),1969-01-31,9.4101640096509E+01,D,6.0961731397791E+00
2000047,DISCBOND,5001,Fama Bliss Discount Bonds - 1-Year (Nominal),1969-02-28,9.3581894482297E+01,D,6.6515493408592E+00
2000047,DISCBOND,5001,Fama Bliss Discount Bonds - 1-Year (Nominal),1969-03-28,9.3667333654347E+01,D,6.4887362837789E+00
2000047,DISCBOND,5001,Fama Bliss Discount Bonds - 1-Year (Nominal),1969-04-30,9.4007915643264E+01,D,6.1791198292570E+00
2000047,DISCBOND,5001,Fama Bliss Discount Bonds - 1-Year (Nominal),1969-05-29,9.3725370811551E+01,D,6.4801266995704E+00
2000047,DISCBOND,5001,Fama Bliss Discount Bonds - 1-Year (Nominal),1969-06-30,9.2909157933153E+01,D,7.3547966629063E+00
2000047,DISCBOND,5001,Fama Bliss Discount Bonds - 1-Year (Nominal),1969-07-31,9.2924510529050E+01,D,7.3382737195031E+00
2000047,DISCBOND,5001,Fama Bliss Discount Bonds - 1-Year (Nominal),1969-08-29,9.2609028145005E+01,D,7.6365113804367E+00
2000047,DISCBOND,5001,Fama Bliss Discount Bonds - 1-Year (Nominal),1969-09-30,9.2497223528695E+01,D,7.7991557826201E+00
2000047,DISCBOND,5001,Fama Bliss Discount Bonds - 1-Year (Nominal),1969-10-31,9.2914725630455E+01,D,7.3689935674794E+00
2000047,DISCBOND,5001,Fama Bliss Discount Bonds - 1-Year (Nominal),1969-11-28,9.2379649330505E+01,D,7.8831523244468E+00
2000047,DISCBOND,5001,Fama Bliss Discount Bonds - 1-Year (Nominal),1969-12-31,9.2289376067980E+01,D,8.0241153292788E+00
2000047,DISCBOND,5001,Fama Bliss Discount Bonds - 1-Year (Nominal),1970-01-30,9.2331787945583E+01,D,8.0000889723888E+00
2000047,DISCBOND,5001,Fama Bliss Discount Bonds - 1-Year (Nominal),1970-02-27,9.3332679900025E+01,D,6.9189435745367E+00
2000047,DISCBOND,5001,Fama Bliss Discount Bonds - 1-Year (Nominal),1970-03-31,9.3607429109208E+01,D,6.6060434829375E+00
2000047,DISCBOND,5001,Fama Bliss Discount Bonds - 1-Year (Nominal),1970-04-30,9.2786183005648E+01,D,7.4872447306507E+00
2000047,DISCBOND,5001,Fama Bliss Discount Bonds - 1-Year (Nominal),1970-05-29,9.2853965552190E+01,D,7.4345880506483E+00
2000047,DISCBOND,5001,Fama Bliss Discount Bonds - 1-Year (Nominal),1970-06-30,9.3064999120526E+01,D,7.1872021687900E+00
2000047,DISCBOND,5001,Fama Bliss Discount Bonds - 1-Year (Nominal),1970-07-31,9.3437687465830E+01,D,6.8061890028294E+00
2000047,DISCBOND,5001,Fama Bliss Discount Bonds - 1-Year (Nominal),1970-08-31,9.3430000350132E+01,D,6.7957689435701E+00
2000047,DISCBOND,5001,Fama Bliss Discount Bonds - 1-Year (Nominal),1970-09-30,9.3622638846191E+01,D,6.5897963735043E+00
2000047,DISCBOND,5001,Fama Bliss Discount Bonds - 1-Year (Nominal),1970-10-30,9.3891905987373E+01,D,6.3199152870197E+00
2000047,DISCBOND,5001,Fama Bliss Discount Bonds - 1-Year (Nominal),1970-11-30,9.5031944313441E+01,D,5.0957094977953E+00
2000047,DISCBOND,5001,Fama Bliss Discount Bonds - 1-Year (Nominal),1970-12-31,9.5234722504177E+01,D,4.8825578502651E+00
2000047,DISCBOND,5001,Fama Bliss Discount Bonds - 1-Year (Nominal),1971-01-29,9.5759113097378E+01,D,4.3098231732291E+00
2000047,DISCBOND,5001,Fama Bliss Discount Bonds - 1-Year (Nominal),1971-02-26,9.6268888810613E+01,D,3.7714997910252E+00
2000047,DISCBOND,5001,Fama Bliss Discount Bonds - 1-Year (Nominal),1971-03-31,9.6313894824775E+01,D,3.7557590730734E+00
2000047,DISCBOND,5001,Fama Bliss Discount Bonds - 1-Year (Nominal),1971-04-30,9.5564684429493E+01,D,4.5491480119855E+00
2000047,DISCBOND,5001,Fama Bliss Discount Bonds - 1-Year (Nominal),1971-05-28,9.5177375231089E+01,D,4.8892123006878E+00
2000047,DISCBOND,5001,Fama Bliss Discount Bonds - 1-Year (Nominal),1971-06-30,9.4108417213290E+01,D,6.0556786139084E+00
2000047,DISCBOND,5001,Fama Bliss Discount Bonds - 1-Year (Nominal),1971-07-30,9.4041347934705E+01,D,6.1100829610742E+00
2000047,DISCBOND,5001,Fama Bliss Discount Bonds - 1-Year (Nominal),1971-08-31,9.4855666002964E+01,D,5.2669456278498E+00
2000047,DISCBOND,5001,Fama Bliss Discount Bonds - 1-Year (Nominal),1971-09-30,9.4868761927675E+01,D,5.2675702866897E+00
2000047,DISCBOND,5001,Fama Bliss Discount Bonds - 1-Year (Nominal),1971-10-29,9.5481777893177E+01,D,4.5857849671812E+00
2000047,DISCBOND,5001,Fama Bliss Discount Bonds - 1-Year (Nominal),1971-11-30,9.5358915980259E+01,D,4.7392509003902E+00
2000047,DISCBOND,5001,Fama Bliss Discount Bonds - 1-Year (Nominal),1971-12-31,9.5918031135266E+01,D,4.1790698507802E+00
2000047,DISCBOND,5001,Fama Bliss Discount Bonds - 1-Year (Nominal),1972-01-31,9.5948581611992E+01,D,4.1244747867788E+00
2000047,DISCBOND,5001,Fama Bliss Discount Bonds - 1-Year (Nominal),1972-02-29,9.5802502454192E+01,D,4.2881379701165E+00
2000047,DISCBOND,5001,Fama Bliss Discount Bonds - 1-Year (Nominal),1972-03-30,9.5185279630994E+01,D,4.9344881871420E+00
2000047,DISCBOND,5001,Fama Bliss Discount Bonds - 1-Year (Nominal),1972-04-28,9.5566997729189E+01,D,4.5095538644561E+00
2000047,DISCBOND,5001,Fama Bliss Discount Bonds - 1-Year (Nominal),1972-05-31,9.5478054395767E+01,D,4.6273761811727E+00
2000047,DISCBOND,5001,Fama Bliss Discount Bonds - 1-Year (Nominal),1972-06-30,9.4901233262791E+01,D,5.2477260705229E+00
2000047,DISCBOND,5001,Fama Bliss Discount Bonds - 1-Year (Nominal),1972-07-31,9.5173889148732E+01,D,4.9464555458441E+00
2000047,DISCBOND,5001,Fama Bliss Discount Bonds - 1-Year (Nominal),1972-08-31,9.4665641250067E+01,D,5.4819068419156E+00
2000047,DISCBOND,5001,Fama Bliss Discount Bonds - 1-Year (Nominal),1972-09-29,9.4527058707976E+01,D,5.6438685977391E+00
2000047,DISCBOND,5001,Fama Bliss Discount Bonds - 1-Year (Nominal),1972-10-31,9.4613663137780E+01,D,5.5368289727439E+00
2000047,DISCBOND,5001,Fama Bliss Discount Bonds - 1-Year (Nominal),1972-11-30,9.4750351560167E+01,D,5.3924631634905E+00
2000047,DISCBOND,5001,Fama Bliss Discount Bonds - 1-Year (Nominal),1972-12-29,9.4596528287618E+01,D,5.5246687789353E+00
2000047,DISCBOND,5001,Fama Bliss Discount Bonds - 1-Year (Nominal),1973-01-31,9.4041024922483E+01,D,6.1439063582733E+00
2000047,DISCBOND,5001,Fama Bliss Discount Bonds - 1-Year (Nominal),1973-02-28,9.3796488600047E+01,D,6.4042765644136E+00
2000047,DISCBOND,5001,Fama Bliss Discount Bonds - 1-Year (Nominal),1973-03-30,9.3322356038898E+01,D,6.9300359340878E+00
2000047,DISCBOND,5001,Fama Bliss Discount Bonds - 1-Year (Nominal),1973-04-30,9.3518678820973E+01,D,6.7008996159177E+00
2000047,DISCBOND,5001,Fama Bliss Discount Bonds - 1-Year (Nominal),1973-05-31,9.3291426943366E+01,D,6.9441969351667E+00
2000047,DISCBOND,5001,Fama Bliss Discount Bonds - 1-Year (Nominal),1973-06-29,9.2741285730746E+01,D,7.5563469852266E+00
2000047,DISCBOND,5001,Fama Bliss Discount Bonds - 1-Year (Nominal),1973-07-31,9.1735507535628E+01,D,8.6260667544732E+00
2000047,DISCBOND,5001,Fama Bliss Discount Bonds - 1-Year (Nominal),1973-08-31,9.1994956384980E+01,D,8.3665657028439E+00
2000047,DISCBOND,5001,Fama Bliss Discount Bonds - 1-Year (Nominal),1973-09-28,9.2587125578992E+01,D,7.6600358496060E+00
2000047,DISCBOND,5001,Fama Bliss Discount Bonds - 1-Year (Nominal),1973-10-31,9.3125895685163E+01,D,7.1217891238917E+00
2000047,DISCBOND,5001,Fama Bliss Discount Bonds - 1-Year (Nominal),1973-11-30,9.2863498117616E+01,D,7.4242941837858E+00
2000047,DISCBOND,5001,Fama Bliss Discount Bonds - 1-Year (Nominal),1973-12-31,9.3123550572826E+01,D,7.1243073728138E+00
2000047,DISCBOND,5001,Fama Bliss Discount Bonds - 1-Year (Nominal),1974-01-31,9.3346350912666E+01,D,6.8853407148282E+00
2000047,DISCBOND,5001,Fama Bliss Discount Bonds - 1-Year (Nominal),1974-02-28,9.3220233803862E+01,D,7.0205386959730E+00
2000047,DISCBOND,5001,Fama Bliss Discount Bonds - 1-Year (Nominal),1974-03-29,9.2164297338845E+01,D,8.1152688603990E+00
2000047,DISCBOND,5001,Fama Bliss Discount Bonds - 1-Year (Nominal),1974-04-30,9.1694956766226E+01,D,8.6702805334841E+00
2000047,DISCBOND,5001,Fama Bliss Discount Bonds - 1-Year (Nominal),1974-05-31,9.2042352657890E+01,D,8.3149169519901E+00
2000047,DISCBOND,5001,Fama Bliss Discount Bonds - 1-Year (Nominal),1974-06-28,9.1708466976850E+01,D,8.6083785413409E+00
2000047,DISCBOND,5001,Fama Bliss Discount Bonds - 1-Year (Nominal),1974-07-31,9.1706715133623E+01,D,8.6574580032520E+00
2000047,DISCBOND,5001,Fama Bliss Discount Bonds - 1-Year (Nominal),1974-08-30,9.0800289036937E+01,D,9.6772852549256E+00
2000047,DISCBOND,5001,Fama Bliss Discount Bonds - 1-Year (Nominal),1974-09-30,9.2411425983664E+01,D,7.8919557153592E+00
2000047,DISCBOND,5001,Fama Bliss Discount Bonds - 1-Year (Nominal),1974-10-31,9.2643510686350E+01,D,7.6411276871624E+00
2000047,DISCBOND,5001,Fama Bliss Discount Bonds - 1-Year (Nominal),1974-11-29,9.2783411390928E+01,D,7.5108097675126E+00
2000047,DISCBOND,5001,Fama Bliss Discount Bonds - 1-Year (Nominal),1974-12-31,9.3355715193862E+01,D,6.8753094587215E+00
2000047,DISCBOND,5001,Fama Bliss Discount Bonds - 1-Year (Nominal),1975-01-31,9.4113757417316E+01,D,6.0832617511610E+00
2000047,DISCBOND,5001,Fama Bliss Discount Bonds - 1-Year (Nominal),1975-02-28,9.4321495637762E+01,D,5.8621682772922E+00
2000047,DISCBOND,5001,Fama Bliss Discount Bonds - 1-Year (Nominal),1975-03-31,9.3981820853840E+01,D,6.1899232095309E+00
2000047,DISCBOND,5001,Fama Bliss Discount Bonds - 1-Year (Nominal),1975-04-30,9.3536046728904E+01,D,6.6640721707158E+00
2000047,DISCBOND,5001,Fama Bliss Discount Bonds - 1-Year (Nominal),1975-05-30,9.4192171485204E+01,D,5.9997492461149E+00
2000047,DISCBOND,5001,Fama Bliss Discount Bonds - 1-Year (Nominal),1975-06-30,9.3501483267558E+01,D,6.7009300428782E+00
2000047,DISCBOND,5001,Fama Bliss Discount Bonds - 1-Year (Nominal),1975-07-31,9.3082432952728E+01,D,7.1684709598141E+00
2000047,DISCBOND,5001,Fama Bliss Discount Bonds - 1-Year (Nominal),1975-08-29,9.2905351779677E+01,D,7.2989023125022E+00
2000047,DISCBOND,5001,Fama Bliss Discount Bonds - 1-Year (Nominal),1975-09-30,9.2726684613470E+01,D,7.5307574560997E+00
2000047,DISCBOND,5001,Fama Bliss Discount Bonds - 1-Year (Nominal),1975-10-31,9.4051729267531E+01,D,6.1493722402852E+00
2000047,DISCBOND,5001,Fama Bliss Discount Bonds - 1-Year (Nominal),1975-11-28,9.3732221754695E+01,D,6.4200497568981E+00
2000047,DISCBOND,5001,Fama Bliss Discount Bonds - 1-Year (Nominal),1975-12-31,9.4185561853888E+01,D,5.9739618544442E+00
2000047,DISCBOND,5001,Fama Bliss Discount Bonds - 1-Year (Nominal),1976-01-30,9.4605734299625E+01,D,5.5149904137092E+00
2000047,DISCBOND,5001,Fama Bliss Discount Bonds - 1-Year (Nominal),1976-02-27,9.4134943732421E+01,D,6.0111483444372E+00
2000047,DISCBOND,5001,Fama Bliss Discount Bonds - 1-Year (Nominal),1976-03-31,9.4183110153921E+01,D,5.9929318210613E+00
2000047,DISCBOND,5001,Fama Bliss Discount Bonds - 1-Year (Nominal),1976-04-30,9.4209152920555E+01,D,5.9816728461722E+00
2000047,DISCBOND,5001,Fama Bliss Discount Bonds - 1-Year (Nominal),1976-05-28,9.3517653501064E+01,D,6.6473600779211E+00
2000047,DISCBOND,5001,Fama Bliss Discount Bonds - 1-Year (Nominal),1976-06-30,9.3854969377065E+01,D,6.3419474148918E+00
2000047,DISCBOND,5001,Fama Bliss Discount Bonds - 1-Year (Nominal),1976-07-30,9.4175088411669E+01,D,6.0179371263998E+00
2000047,DISCBOND,5001,Fama Bliss Discount Bonds - 1-Year (Nominal),1976-08-31,9.4343997950979E+01,D,5.8222530919037E+00
2000047,DISCBOND,5001,Fama Bliss Discount Bonds - 1-Year (Nominal),1976-09-30,9.4438622750651E+01,D,5.7220057203562E+00
2000047,DISCBOND,5001,Fama Bliss Discount Bonds - 1-Year (Nominal),1976-10-29,9.4693045452004E+01,D,5.4232461896840E+00
2000047,DISCBOND,5001,Fama Bliss Discount Bonds - 1-Year (Nominal),1976-11-30,9.5203937444417E+01,D,4.9148885335798E+00
2000047,DISCBOND,5001,Fama Bliss Discount Bonds - 1-Year (Nominal),1976-12-31,9.5356657347766E+01,D,4.7676659362509E+00
2000047,DISCBOND,5001,Fama Bliss Discount Bonds - 1-Year (Nominal),1977-01-31,9.4566008135050E+01,D,5.5872096541537E+00
2000047,DISCBOND,5001,Fama Bliss Discount Bonds - 1-Year (Nominal),1977-02-28,9.4688467056666E+01,D,5.4577977196850E+00
2000047,DISCBOND,5001,Fama Bliss Discount Bonds - 1-Year (Nominal),1977-03-31,9.4788841021658E+01,D,5.3518494397575E+00
2000047,DISCBOND,5001,Fama Bliss Discount Bonds - 1-Year (Nominal),1977-04-29,9.4732676299328E+01,D,5.4259854171285E+00
2000047,DISCBOND,5001,Fama Bliss Discount Bonds - 1-Year (Nominal),1977-05-31,9.4511014066339E+01,D,5.6453807313379E+00
2000047,DISCBOND,5001,Fama Bliss Discount Bonds - 1-Year (Nominal),1977-06-30,9.4545009699934E+01,D,5.6094171758971E+00
2000047,DISCBOND,5001,Fama Bliss Discount Bonds - 1-Year (Nominal),1977-07-29,9.4032951205935E+01,D,6.1189634620880E+00
2000047,DISCBOND,5001,Fama Bliss Discount Bonds - 1-Year (Nominal),1977-08-31,9.3954004080734E+01,D,6.2364841763417E+00
2000047,DISCBOND,5001,Fama Bliss Discount Bonds - 1-Year (Nominal),1977-09-30,9.3743111315413E+01,D,6.4789511520507E+00
2000047,DISCBOND,5001,Fama Bliss Discount Bonds - 1-Year (Nominal),1977-10-31,9.3442510542300E+01,D,6.7823799307856E+00
2000047,DISCBOND,5001,Fama Bliss Discount Bonds - 1-Year (Nominal),1977-11-30,9.3589316259084E+01,D,6.6253951550457E+00
2000047,DISCBOND,5001,Fama Bliss Discount Bonds - 1-Year (Nominal),1977-12-30,9.3411016737454E+01,D,6.8348153731234E+00
2000047,DISCBOND,5001,Fama Bliss Discount Bonds - 1-Year (Nominal),1978-01-31,9.3174077146156E+01,D,7.0700645193896E+00
2000047,DISCBOND,5001,Fama Bliss Discount Bonds - 1-Year (Nominal),1978-02-28,9.3115116603289E+01,D,7.1333645355080E+00
2000047,DISCBOND,5001,Fama Bliss Discount Bonds - 1-Year (Nominal),1978-03-31,9.3105316499305E+01,D,7.1635161970700E+00
2000047,DISCBOND,5001,Fama Bliss Discount Bonds - 1-Year (Nominal),1978-04-28,9.2874559772340E+01,D,7.3517586738621E+00
2000047,DISCBOND,5001,Fama Bliss Discount Bonds - 1-Year (Nominal),1978-05-31,9.2530599461178E+01,D,7.7630791187909E+00
2000047,DISCBOND,5001,Fama Bliss Discount Bonds - 1-Year (Nominal),1978-06-30,9.2153767694851E+01,D,8.1936102267436E+00
2000047,DISCBOND,5001,Fama Bliss Discount Bonds - 1-Year (Nominal),1978-07-31,9.2265221964036E+01,D,8.0502908939514E+00
2000047,DISCBOND,5001,Fama Bliss Discount Bonds - 1-Year (Nominal),1978-08-31,9.2077645605535E+01,D,8.2537990911626E+00
2000047,DISCBOND,5001,Fama Bliss Discount Bonds - 1-Year (Nominal),1978-09-29,9.1824073041753E+01,D,8.5530021784014E+00
2000047,DISCBOND,5001,Fama Bliss Discount Bonds - 1-Year (Nominal),1978-10-31,9.0931826627365E+01,D,9.5060118171326E+00
2000047,DISCBOND,5001,Fama Bliss Discount Bonds - 1-Year (Nominal),1978-11-30,9.0715912256239E+01,D,9.7437405927731E+00
2000047,DISCBOND,5001,Fama Bliss Discount Bonds - 1-Year (Nominal),1978-12-29,9.0304953470279E+01,D,1.0142213346259E+01
2000047,DISCBOND,5001,Fama Bliss Discount Bonds - 1-Year (Nominal),1979-01-31,9.0682236101777E+01,D,9.7808701391913E+00
2000047,DISCBOND,5001,Fama Bliss Discount Bonds - 1-Year (Nominal),1979-02-28,9.0545523677267E+01,D,9.9046080875558E+00
2000047,DISCBOND,5001,Fama Bliss Discount Bonds - 1-Year (Nominal),1979-03-30,9.0818383793874E+01,D,9.5783614288681E+00
2000047,DISCBOND,5001,Fama Bliss Discount Bonds - 1-Year (Nominal),1979-04-30,9.0675349772758E+01,D,9.7617201276098E+00
2000047,DISCBOND,5001,Fama Bliss Discount Bonds - 1-Year (Nominal),1979-05-31,9.0827497002896E+01,D,9.6208115796356E+00
2000047,DISCBOND,5001,Fama Bliss Discount Bonds - 1-Year (Nominal),1979-06-29,9.1249610861629E+01,D,9.1072430881657E+00
2000047,DISCBOND,5001,Fama Bliss Discount Bonds - 1-Year (Nominal),1979-07-31,9.0990523011050E+01,D,9.4156865803638E+00
2000047,DISCBOND,5001,Fama Bliss Discount Bonds - 1-Year (Nominal),1979-08-31,9.0460217621191E+01,D,1.0053546029451E+01
2000047,DISCBOND,5001,Fama Bliss Discount Bonds - 1-Year (Nominal),1979-09-28,8.9881423776906E+01,D,1.0580923162079E+01
2000047,DISCBOND,5001,Fama Bliss Discount Bonds - 1-Year (Nominal),1979-10-31,8.8290602899507E+01,D,1.2419624567164E+01
2000047,DISCBOND,5001,Fama Bliss Discount Bonds - 1-Year (Nominal),1979-11-30,8.9447232136022E+01,D,1.1182770187221E+01
2000047,DISCBOND,5001,Fama Bliss Discount Bonds - 1-Year (Nominal),1979-12-31,8.9416014109476E+01,D,1.1156473688965E+01
2000047,DISCBOND,5001,Fama Bliss Discount Bonds - 1-Year (Nominal),1980-01-31,8.9034205916078E+01,D,1.1614955395846E+01
2000047,DISCBOND,5001,Fama Bliss Discount Bonds - 1-Year (Nominal),1980-02-29,8.6634294280779E+01,D,1.4386860789131E+01
2000047,DISCBOND,5001,Fama Bliss Discount Bonds - 1-Year (Nominal),1980-03-31,8.6174256107216E+01,D,1.4879870597269E+01
2000047,DISCBOND,5001,Fama Bliss Discount Bonds - 1-Year (Nominal),1980-04-30,9.0145365215747E+01,D,1.0374664957668E+01
2000047,DISCBOND,5001,Fama Bliss Discount Bonds - 1-Year (Nominal),1980-05-30,9.1849779710756E+01,D,8.5249336290160E+00
2000047,DISCBOND,5001,Fama Bliss Discount Bonds - 1-Year (Nominal),1980-06-30,9.2113928310245E+01,D,8.2144023865158E+00
2000047,DISCBOND,5001,Fama Bliss Discount Bonds - 1-Year (Nominal),1980-07-31,9.1481417889358E+01,D,8.9034317507218E+00
2000047,DISCBOND,5001,Fama Bliss Discount Bonds - 1-Year (Nominal),1980-08-29,8.9516797067592E+01,D,1.1014039238519E+01
2000047,DISCBOND,5001,Fama Bliss Discount Bonds - 1-Year (Nominal),1980-09-30,8.8912721070855E+01,D,1.1751495954488E+01
2000047,DISCBOND,5001,Fama Bliss Discount Bonds - 1-Year (Nominal),1980-10-31,8.7879612634267E+01,D,1.2955730363117E+01
2000047,DISCBOND,5001,Fama Bliss Discount Bonds - 1-Year (Nominal),1980-11-28,8.6739619592135E+01,D,1.4148417718019E+01
2000047,DISCBOND,5001,Fama Bliss Discount Bonds - 1-Year (Nominal),1980-12-31,8.7975373079266E+01,D,1.2811326204756E+01
2000047,DISCBOND,5001,Fama Bliss Discount Bonds - 1-Year (Nominal),1981-01-30,8.7412160087739E+01,D,1.3490539135352E+01
2000047,DISCBOND,5001,Fama Bliss Discount Bonds - 1-Year (Nominal),1981-02-27,8.6933217118938E+01,D,1.4041468541470E+01
2000047,DISCBOND,5001,Fama Bliss Discount Bonds - 1-Year (Nominal),1981-03-31,8.8158681404884E+01,D,1.2603179753650E+01
2000047,DISCBOND,5001,Fama Bliss Discount Bonds - 1-Year (Nominal),1981-04-30,8.6492762634117E+01,D,1.4510944452045E+01
2000047,DISCBOND,5001,Fama Bliss Discount Bonds - 1-Year (Nominal),1981-05-29,8.6626940449775E+01,D,1.4395372830707E+01
2000047,DISCBOND,5001,Fama Bliss Discount Bonds - 1-Year (Nominal),1981-06-30,8.7018011455363E+01,D,1.3905506053833E+01
2000047,DISCBOND,5001,Fama Bliss Discount Bonds - 1-Year (Nominal),1981-07-31,8.5806826181738E+01,D,1.5349215668690E+01
2000047,DISCBOND,5001,Fama Bliss Discount Bonds - 1-Year (Nominal),1981-08-31,8.5375103430855E+01,D,1.5811565660909E+01
2000047,DISCBOND,5001,Fama Bliss Discount Bonds - 1-Year (Nominal),1981-09-30,8.5698871350337E+01,D,1.5433053024544E+01
2000047,DISCBOND,5001,Fama Bliss Discount Bonds - 1-Year (Nominal),1981-10-30,8.7143250997153E+01,D,1.3799493266811E+01
2000047,DISCBOND,5001,Fama Bliss Discount Bonds - 1-Year (Nominal),1981-11-30,8.9536634990151E+01,D,1.1052231496085E+01
2000047,DISCBOND,5001,Fama Bliss Discount Bonds - 1-Year (Nominal),1981-12-31,8.7897738706602E+01,D,1.2899610737756E+01
2000047,DISCBOND,5001,Fama Bliss Discount Bonds - 1-Year (Nominal),1982-01-29,8.7254210131250E+01,D,1.3560135106976E+01
2000047,DISCBOND,5001,Fama Bliss Discount Bonds - 1-Year (Nominal),1982-02-26,8.7102335156361E+01,D,1.3733397723567E+01
2000047,DISCBOND,5001,Fama Bliss Discount Bonds - 1-Year (Nominal),1982-03-31,8.7234865325860E+01,D,1.3656610326598E+01
2000047,DISCBOND,5001,Fama Bliss Discount Bonds - 1-Year (Nominal),1982-04-30,8.7542284506442E+01,D,1.3341378096856E+01
2000047,DISCBOND,5001,Fama Bliss Discount Bonds - 1-Year (Nominal),1982-05-28,8.7974667955530E+01,D,1.2707680849947E+01
2000047,DISCBOND,5001,Fama Bliss Discount Bonds - 1-Year (Nominal),1982-06-30,8.6968100911816E+01,D,1.3962879075435E+01
2000047,DISCBOND,5001,Fama Bliss Discount Bonds - 1-Year (Nominal),1982-07-30,8.8480393230096E+01,D,1.2272544346961E+01
2000047,DISCBOND,5001,Fama Bliss Discount Bonds - 1-Year (Nominal),1982-08-31,8.9373571568335E+01,D,1.1234516755383E+01
2000047,DISCBOND,5001,Fama Bliss Discount Bonds - 1-Year (Nominal),1982-09-30,9.0300658444668E+01,D,1.0202543384569E+01
2000047,DISCBOND,5001,Fama Bliss Discount Bonds - 1-Year (Nominal),1982-10-29,9.1007701748865E+01,D,9.3712554829264E+00
2000047,DISCBOND,5001,Fama Bliss Discount Bonds - 1-Year (Nominal),1982-11-30,9.1200544324203E+01,D,9.2109320458480E+00
2000047,DISCBOND,5001,Fama Bliss Discount Bonds - 1-Year (Nominal),1982-12-31,9.1881054065514E+01,D,8.4907964356377E+00
2000047,DISCBOND,5001,Fama Bliss Discount Bonds - 1-Year (Nominal),1983-01-31,9.1656837145894E+01,D,8.7118613875006E+00
2000047,DISCBOND,5001,Fama Bliss Discount Bonds - 1-Year (Nominal),1983-02-28,9.1872609986564E+01,D,8.4535640017576E+00
2000047,DISCBOND,5001,Fama Bliss Discount Bonds - 1-Year (Nominal),1983-03-31,9.1284029517492E+01,D,9.1194336826097E+00
2000047,DISCBOND,5001,Fama Bliss Discount Bonds - 1-Year (Nominal),1983-04-29,9.1701998542768E+01,D,8.6153936085931E+00
2000047,DISCBOND,5001,Fama Bliss Discount Bonds - 1-Year (Nominal),1983-05-31,9.1161597573844E+01,D,9.2283627111425E+00
2000047,DISCBOND,5001,Fama Bliss Discount Bonds - 1-Year (Nominal),1983-06-30,9.1029296565912E+01,D,9.3988790998145E+00
2000047,DISCBOND,5001,Fama Bliss Discount Bonds - 1-Year (Nominal),1983-07-29,9.0235051472051E+01,D,1.0191458171411E+01
2000047,DISCBOND,5001,Fama Bliss Discount Bonds - 1-Year (Nominal),1983-08-31,9.0193260467712E+01,D,1.0293347224430E+01
2000047,DISCBOND,5001,Fama Bliss Discount Bonds - 1-Year (Nominal),1983-09-30,9.0825904160837E+01,D,9.6490013428109E+00
2000047,DISCBOND,5001,Fama Bliss Discount Bonds - 1-Year (Nominal),1983-10-31,9.0908482471034E+01,D,9.5056446235796E+00
2000047,DISCBOND,5001,Fama Bliss Discount Bonds - 1-Year (Nominal),1983-11-30,9.0775507784587E+01,D,9.6516248986710E+00
2000047,DISCBOND,5001,Fama Bliss Discount Bonds - 1-Year (Nominal),1983-12-30,9.0613589152885E+01,D,9.8028848981650E+00
2000047,DISCBOND,5001,Fama Bliss Discount Bonds - 1-Year (Nominal),1984-01-31,9.0881167231084E+01,D,9.5356139964542E+00
2000047,DISCBOND,5001,Fama Bliss Discount Bonds - 1-Year (Nominal),1984-02-29,9.0558193737232E+01,D,9.9177517213225E+00
2000047,DISCBOND,5001,Fama Bliss Discount Bonds - 1-Year (Nominal),1984-03-30,8.9934855436092E+01,D,1.0637605218691E+01
2000047,DISCBOND,5001,Fama Bliss Discount Bonds - 1-Year (Nominal),1984-04-30,8.9847158931186E+01,D,1.0706019338994E+01
2000047,DISCBOND,5001,Fama Bliss Discount Bonds - 1-Year (Nominal),1984-05-31,8.8787412000608E+01,D,1.1892530278832E+01
2000047,DISCBOND,5001,Fama Bliss Discount Bonds - 1-Year (Nominal),1984-06-29,8.8792585146394E+01,D,1.1919360317674E+01
2000047,DISCBOND,5001,Fama Bliss Discount Bonds - 1-Year (Nominal),1984-07-31,8.9086648542479E+01,D,1.1556071074775E+01
2000047,DISCBOND,5001,Fama Bliss Discount Bonds - 1-Year (Nominal),1984-08-31,8.8943772607496E+01,D,1.1748767360234E+01
2000047,DISCBOND,5001,Fama Bliss Discount Bonds - 1-Year (Nominal),1984-09-28,8.9486754815340E+01,D,1.1047422413510E+01
2000047,DISCBOND,5001,Fama Bliss Discount Bonds - 1-Year (Nominal),1984-10-31,9.0375070236411E+01,D,1.0120172834309E+01
2000047,DISCBOND,5001,Fama Bliss Discount Bonds - 1-Year (Nominal),1984-11-30,9.0980888345575E+01,D,9.4780396225468E+00
2000047,DISCBOND,5001,Fama Bliss Discount Bonds - 1-Year (Nominal),1984-12-31,9.1376740901932E+01,D,9.0179215821314E+00
2000047,DISCBOND,5001,Fama Bliss Discount Bonds - 1-Year (Nominal),1985-01-31,9.1541729770853E+01,D,8.8375254602341E+00
2000047,DISCBOND,5001,Fama Bliss Discount Bonds - 1-Year (Nominal),1985-02-28,9.0777116689554E+01,D,9.6762950980438E+00
2000047,DISCBOND,5001,Fama Bliss Discount Bonds - 1-Year (Nominal),1985-03-29,9.0858366870758E+01,D,9.5345856723316E+00
2000047,DISCBOND,5001,Fama Bliss Discount Bonds - 1-Year (Nominal),1985-04-30,9.1464062218495E+01,D,8.9224053497461E+00
2000047,DISCBOND,5001,Fama Bliss Discount Bonds - 1-Year (Nominal),1985-05-31,9.2286817741164E+01,D,8.0489396845520E+00
2000047,DISCBOND,5001,Fama Bliss Discount Bonds - 1-Year (Nominal),1985-06-28,9.2569210203931E+01,D,7.6792820110047E+00
2000047,DISCBOND,5001,Fama Bliss Discount Bonds - 1-Year (Nominal),1985-07-31,9.2171421927127E+01,D,8.1520060878699E+00
2000047,DISCBOND,5001,Fama Bliss Discount Bonds - 1-Year (Nominal),1985-08-30,9.2301341467951E+01,D,8.0331600940573E+00
2000047,DISCBOND,5001,Fama Bliss Discount Bonds - 1-Year (Nominal),1985-09-30,9.2290780179408E+01,D,8.0225939182487E+00
2000047,DISCBOND,5001,Fama Bliss Discount Bonds - 1-Year (Nominal),1985-10-31,9.2523794950200E+01,D,7.7704331846083E+00
2000047,DISCBOND,5001,Fama Bliss Discount Bonds - 1-Year (Nominal),1985-11-29,9.2618888828643E+01,D,7.6887736846613E+00
2000047,DISCBOND,5001,Fama Bliss Discount Bonds - 1-Year (Nominal),1985-12-31,9.2794096019184E+01,D,7.4787168702741E+00
2000047,DISCBOND,5001,Fama Bliss Discount Bonds - 1-Year (Nominal),1986-01-31,9.2722337517199E+01,D,7.5768364695313E+00
2000047,DISCBOND,5001,Fama Bliss Discount Bonds - 1-Year (Nominal),1986-02-28,9.2907002038804E+01,D,7.3773293102955E+00
2000047,DISCBOND,5001,Fama Bliss Discount Bonds - 1-Year (Nominal),1986-03-31,9.3434408283194E+01,D,6.7910511558486E+00
2000047,DISCBOND,5001,Fama Bliss Discount Bonds - 1-Year (Nominal),1986-04-30,9.3709654326033E+01,D,6.4968967622015E+00
2000047,DISCBOND,5001,Fama Bliss Discount Bonds - 1-Year (Nominal),1986-05-30,9.3410902612776E+01,D,6.8349378836006E+00
2000047,DISCBOND,5001,Fama Bliss Discount Bonds - 1-Year (Nominal),1986-06-30,9.3783154098644E+01,D,6.4184939935906E+00
2000047,DISCBOND,5001,Fama Bliss Discount Bonds - 1-Year (Nominal),1986-07-31,9.3991474339698E+01,D,6.1966106345295E+00
2000047,DISCBOND,5001,Fama Bliss Discount Bonds - 1-Year (Nominal),1986-08-29,9.4650409239123E+01,D,5.4680366089322E+00
2000047,DISCBOND,5001,Fama Bliss Discount Bonds - 1-Year (Nominal),1986-09-30,9.4343065608801E+01,D,5.8232413336628E+00
2000047,DISCBOND,5001,Fama Bliss Discount Bonds - 1-Year (Nominal),1986-10-31,9.4520733705749E+01,D,5.6505784130821E+00
2000047,DISCBOND,5001,Fama Bliss Discount Bonds - 1-Year (Nominal),1986-11-28,9.4399781138376E+01,D,5.7317363440328E+00
2000047,DISCBOND,5001,Fama Bliss Discount Bonds - 1-Year (Nominal),1986-12-31,9.4119520358074E+01,D,6.0604718209975E+00
2000047,DISCBOND,5001,Fama Bliss Discount Bonds - 1-Year (Nominal),1987-01-30,9.4281334761634E+01,D,5.9048730559186E+00
2000047,DISCBOND,5001,Fama Bliss Discount Bonds - 1-Year (Nominal),1987-02-27,9.4167951502665E+01,D,5.9762812314021E+00
2000047,DISCBOND,5001,Fama Bliss Discount Bonds - 1-Year (Nominal),1987-03-31,9.3989051119803E+01,D,6.1822512641567E+00
2000047,DISCBOND,5001,Fama Bliss Discount Bonds - 1-Year (Nominal),1987-04-30,9.3392017655958E+01,D,6.8364308474528E+00
2000047,DISCBOND,5001,Fama Bliss Discount Bonds - 1-Year (Nominal),1987-05-29,9.3101572756942E+01,D,7.0896397596491E+00
2000047,DISCBOND,5001,Fama Bliss Discount Bonds - 1-Year (Nominal),1987-06-30,9.3387119300082E+01,D,6.8229829802248E+00
2000047,DISCBOND,5001,Fama Bliss Discount Bonds - 1-Year (Nominal),1987-07-31,9.3318169028298E+01,D,6.9345349715418E+00
2000047,DISCBOND,5001,Fama Bliss Discount Bonds - 1-Year (Nominal),1987-08-31,9.3029952580750E+01,D,7.2051274850070E+00
2000047,DISCBOND,5001,Fama Bliss Discount Bonds - 1-Year (Nominal),1987-09-30,9.2400821003445E+01,D,7.8818383118291E+00
2000047,DISCBOND,5001,Fama Bliss Discount Bonds - 1-Year (Nominal),1987-10-30,9.3472443312891E+01,D,6.7135650360805E+00
2000047,DISCBOND,5001,Fama Bliss Discount Bonds - 1-Year (Nominal),1987-11-30,9.3331308342671E+01,D,6.8826005253252E+00
2000047,DISCBOND,5001,Fama Bliss Discount Bonds - 1-Year (Nominal),1987-12-31,9.3013673032220E+01,D,7.2423681789663E+00
2000047,DISCBOND,5001,Fama Bliss Discount Bonds - 1-Year (Nominal),1988-01-29,9.3450191557612E+01,D,6.7189360047503E+00
2000047,DISCBOND,5001,Fama Bliss Discount Bonds - 1-Year (Nominal),1988-02-29,9.3605853648251E+01,D,6.6077265482986E+00
2000047,DISCBOND,5001,Fama Bliss Discount Bonds - 1-Year (Nominal),1988-03-31,9.3380190838809E+01,D,6.8490952767705E+00
2000047,DISCBOND,5001,Fama Bliss Discount Bonds - 1-Year (Nominal),1988-04-29,9.3172928478462E+01,D,7.0907243019684E+00
2000047,DISCBOND,5001,Fama Bliss Discount Bonds - 1-Year (Nominal),1988-05-31,9.2621768471378E+01,D,7.6645991278666E+00
2000047,DISCBOND,5001,Fama Bliss Discount Bonds - 1-Year (Nominal),1988-06-30,9.2765874684088E+01,D,7.5091343522412E+00
2000047,DISCBOND,5001,Fama Bliss Discount Bonds - 1-Year (Nominal),1988-07-29,9.2360187679083E+01,D,7.9041067582353E+00
2000047,DISCBOND,5001,Fama Bliss Discount Bonds - 1-Year (Nominal),1988-08-31,9.2078352074529E+01,D,8.2530318405676E+00
2000047,DISCBOND,5001,Fama Bliss Discount Bonds - 1-Year (Nominal),1988-09-30,9.2355410066861E+01,D,7.9744380137387E+00
2000047,DISCBOND,5001,Fama Bliss Discount Bonds - 1-Year (Nominal),1988-10-31,9.2402262839702E+01,D,7.9018718033151E+00
2000047,DISCBOND,5001,Fama Bliss Discount Bonds - 1-Year (Nominal),1988-11-30,9.1885311087364E+01,D,8.4629005230028E+00
2000047,DISCBOND,5001,Fama Bliss Discount Bonds - 1-Year (Nominal),1988-12-30,9.1510508199109E+01,D,8.8960106855275E+00
2000047,DISCBOND,5001,Fama Bliss Discount Bonds - 1-Year (Nominal),1989-01-31,9.1500288687957E+01,D,8.8828058651957E+00
2000047,DISCBOND,5001,Fama Bliss Discount Bonds - 1-Year (Nominal),1989-02-28,9.1070283385882E+01,D,9.3538632676275E+00
2000047,DISCBOND,5001,Fama Bliss Discount Bonds - 1-Year (Nominal),1989-03-31,9.0851111030068E+01,D,9.6211760065904E+00
2000047,DISCBOND,5001,Fama Bliss Discount Bonds - 1-Year (Nominal),1989-04-28,9.1302236681677E+01,D,9.0499015351787E+00
2000047,DISCBOND,5001,Fama Bliss Discount Bonds - 1-Year (Nominal),1989-05-31,9.1608104829509E+01,D,8.7650437550692E+00
2000047,DISCBOND,5001,Fama Bliss Discount Bonds - 1-Year (Nominal),1989-06-30,9.2223032347209E+01,D,8.1182700036781E+00
2000047,DISCBOND,5001,Fama Bliss Discount Bonds - 1-Year (Nominal),1989-07-31,9.2683637986117E+01,D,7.5978233999261E+00
2000047,DISCBOND,5001,Fama Bliss Discount Bonds - 1-Year (Nominal),1989-08-31,9.2207714287554E+01,D,8.1126389863195E+00
2000047,DISCBOND,5001,Fama Bliss Discount Bonds - 1-Year (Nominal),1989-09-29,9.2047802368632E+01,D,8.3089799884204E+00
2000047,DISCBOND,5001,Fama Bliss Discount Bonds - 1-Year (Nominal),1989-10-31,9.2546394343699E+01,D,7.7460106736705E+00
2000047,DISCBOND,5001,Fama Bliss Discount Bonds - 1-Year (Nominal),1989-11-30,9.2618133467831E+01,D,7.6685237720817E+00
2000047,DISCBOND,5001,Fama Bliss Discount Bonds - 1-Year (Nominal),1989-12-29,9.2497236313427E+01,D,7.7566398109144E+00
2000047,DISCBOND,5001,Fama Bliss Discount Bonds - 1-Year (Nominal),1990-01-31,9.2241890407371E+01,D,8.0755815794855E+00
2000047,DISCBOND,5001,Fama Bliss Discount Bonds - 1-Year (Nominal),1990-02-28,9.2265927726666E+01,D,8.0495259687540E+00
2000047,DISCBOND,5001,Fama Bliss Discount Bonds - 1-Year (Nominal),1990-03-30,9.2088895093199E+01,D,8.2869903904060E+00
2000047,DISCBOND,5001,Fama Bliss Discount Bonds - 1-Year (Nominal),1990-04-30,9.1817166287121E+01,D,8.5370909251595E+00
2000047,DISCBOND,5001,Fama Bliss Discount Bonds - 1-Year (Nominal),1990-05-31,9.2200094274215E+01,D,8.1209032929160E+00
2000047,DISCBOND,5001,Fama Bliss Discount Bonds - 1-Year (Nominal),1990-06-29,9.2380749140084E+01,D,7.9469299314463E+00
2000047,DISCBOND,5001,Fama Bliss Discount Bonds - 1-Year (Nominal),1990-07-31,9.2618707622797E+01,D,7.6679038576388E+00
2000047,DISCBOND,5001,Fama Bliss Discount Bonds - 1-Year (Nominal),1990-08-31,9.2682412182241E+01,D,7.6200230895146E+00
2000047,DISCBOND,5001,Fama Bliss Discount Bonds - 1-Year (Nominal),1990-09-28,9.2658258563954E+01,D,7.5836557088046E+00
2000047,DISCBOND,5001,Fama Bliss Discount Bonds - 1-Year (Nominal),1990-10-31,9.2815861031940E+01,D,7.4552644508004E+00
2000047,DISCBOND,5001,Fama Bliss Discount Bonds - 1-Year (Nominal),1990-11-30,9.2948713468081E+01,D,7.3323201766656E+00
2000047,DISCBOND,5001,Fama Bliss Discount Bonds - 1-Year (Nominal),1990-12-31,9.3315576745527E+01,D,6.9183138741689E+00
2000047,DISCBOND,5001,Fama Bliss Discount Bonds - 1-Year (Nominal),1991-01-31,9.3604953644818E+01,D,6.6086880349203E+00
2000047,DISCBOND,5001,Fama Bliss Discount Bonds - 1-Year (Nominal),1991-02-28,9.3709791292529E+01,D,6.4967506018123E+00
2000047,DISCBOND,5001,Fama Bliss Discount Bonds - 1-Year (Nominal),1991-03-28,9.3780036027302E+01,D,6.3522055425463E+00
2000047,DISCBOND,5001,Fama Bliss Discount Bonds - 1-Year (Nominal),1991-04-30,9.3987257922293E+01,D,6.1841539487171E+00
2000047,DISCBOND,5001,Fama Bliss Discount Bonds - 1-Year (Nominal),1991-05-31,9.3951173950867E+01,D,6.2566382238439E+00
2000047,DISCBOND,5001,Fama Bliss Discount Bonds - 1-Year (Nominal),1991-06-28,9.3833602007803E+01,D,6.3128300191921E+00
2000047,DISCBOND,5001,Fama Bliss Discount Bonds - 1-Year (Nominal),1991-07-31,9.4011474195301E+01,D,6.1584621701079E+00
2000047,DISCBOND,5001,Fama Bliss Discount Bonds - 1-Year (Nominal),1991-08-30,9.4482964232787E+01,D,5.6441372511861E+00
2000047,DISCBOND,5001,Fama Bliss Discount Bonds - 1-Year (Nominal),1991-09-30,9.4757123503367E+01,D,5.3706024214422E+00
2000047,DISCBOND,5001,Fama Bliss Discount Bonds - 1-Year (Nominal),1991-10-31,9.4976867112670E+01,D,5.1536828116642E+00
2000047,DISCBOND,5001,Fama Bliss Discount Bonds - 1-Year (Nominal),1991-11-29,9.5298623990727E+01,D,4.7892390003065E+00
2000047,DISCBOND,5001,Fama Bliss Discount Bonds - 1-Year (Nominal),1991-12-31,9.5903472847829E+01,D,4.1713708371474E+00
2000047,DISCBOND,5001,Fama Bliss Discount Bonds - 1-Year (Nominal),1992-01-31,9.5765243844685E+01,D,4.3389242513815E+00
2000047,DISCBOND,5001,Fama Bliss Discount Bonds - 1-Year (Nominal),1992-02-28,9.5705792633945E+01,D,4.4011942885658E+00
2000047,DISCBOND,5001,Fama Bliss Discount Bonds - 1-Year (Nominal),1992-03-31,9.5495307378618E+01,D,4.6093077105364E+00
2000047,DISCBOND,5001,Fama Bliss Discount Bonds - 1-Year (Nominal),1992-04-30,9.5718426759714E+01,D,4.3759358940556E+00
2000047,DISCBOND,5001,Fama Bliss Discount Bonds - 1-Year (Nominal),1992-05-29,9.5832136515696E+01,D,4.2689061251804E+00
2000047,DISCBOND,5001,Fama Bliss Discount Bonds - 1-Year (Nominal),1992-06-30,9.6017985683765E+01,D,4.0634661195689E+00
2000047,DISCBOND,5001,Fama Bliss Discount Bonds - 1-Year (Nominal),1992-07-31,9.6493051524923E+01,D,3.5797261433243E+00
2000047,DISCBOND,5001,Fama Bliss Discount Bonds - 1-Year (Nominal),1992-08-31,9.6622551677897E+01,D,3.4358017793285E+00
2000047,DISCBOND,5001,Fama Bliss Discount Bonds - 1-Year (Nominal),1992-09-30,9.6942562451121E+01,D,3.1051522547815E+00
2000047,DISCBOND,5001,Fama Bliss Discount Bonds - 1-Year (Nominal),1992-10-30,9.6468083913191E+01,D,3.6056756230130E+00
2000047,DISCBOND,5001,Fama Bliss Discount Bonds - 1-Year (Nominal),1992-11-30,9.6153771521685E+01,D,3.9221489328058E+00
2000047,DISCBOND,5001,Fama Bliss Discount Bonds - 1-Year (Nominal),1992-12-31,9.6415190321496E+01,D,3.6506420836255E+00
2000047,DISCBOND,5001,Fama Bliss Discount Bonds - 1-Year (Nominal),1993-01-29,9.6594816145368E+01,D,3.4456307553509E+00
2000047,DISCBOND,5001,Fama Bliss Discount Bonds - 1-Year (Nominal),1993-02-26,9.6725892718588E+01,D,3.3107644184969E+00
2000047,DISCBOND,5001,Fama Bliss Discount Bonds - 1-Year (Nominal),1993-03-31,9.6703168671512E+01,D,3.3524016004567E+00
2000047,DISCBOND,5001,Fama Bliss Discount Bonds - 1-Year (Nominal),1993-04-30,9.6765679293895E+01,D,3.2968132434125E+00
2000047,DISCBOND,5001,Fama Bliss Discount Bonds - 1-Year (Nominal),1993-05-28,9.6405499601128E+01,D,3.6308509610026E+00
2000047,DISCBOND,5001,Fama Bliss Discount Bonds - 1-Year (Nominal),1993-06-30,9.6560854370004E+01,D,3.4996761164184E+00
2000047,DISCBOND,5001,Fama Bliss Discount Bonds - 1-Year (Nominal),1993-07-30,9.6574961607298E+01,D,3.4946420143513E+00
2000047,DISCBOND,5001,Fama Bliss Discount Bonds - 1-Year (Nominal),1993-08-31,9.6702263522718E+01,D,3.3533376122161E+00
2000047,DISCBOND,5001,Fama Bliss Discount Bonds - 1-Year (Nominal),1993-09-30,9.6682866611482E+01,D,3.3733980080563E+00
2000047,DISCBOND,5001,Fama Bliss Discount Bonds - 1-Year (Nominal),1993-10-29,9.6584121782477E+01,D,3.4566423936689E+00
2000047,DISCBOND,5001,Fama Bliss Discount Bonds - 1-Year (Nominal),1993-11-30,9.6433408060777E+01,D,3.6317487761414E+00
2000047,DISCBOND,5001,Fama Bliss Discount Bonds - 1-Year (Nominal),1993-12-31,9.6438735084010E+01,D,3.6361872031836E+00
2000047,DISCBOND,5001,Fama Bliss Discount Bonds - 1-Year (Nominal),1994-01-31,9.6544437957965E+01,D,3.5166786665618E+00
2000047,DISCBOND,5001,Fama Bliss Discount Bonds - 1-Year (Nominal),1994-02-28,9.6018834979419E+01,D,4.0625816062233E+00
2000047,DISCBOND,5001,Fama Bliss Discount Bonds - 1-Year (Nominal),1994-03-31,9.5622113563843E+01,D,4.4766079250248E+00
2000047,DISCBOND,5001,Fama Bliss Discount Bonds - 1-Year (Nominal),1994-04-29,9.5138493593647E+01,D,4.9973444444648E+00
2000047,DISCBOND,5001,Fama Bliss Discount Bonds - 1-Year (Nominal),1994-05-31,9.4840613104681E+01,D,5.2972460190521E+00
2000047,DISCBOND,5001,Fama Bliss Discount Bonds - 1-Year (Nominal),1994-06-30,9.4717522495470E+01,D,5.4271171281149E+00
2000047,DISCBOND,5001,Fama Bliss Discount Bonds - 1-Year (Nominal),1994-07-29,9.4806352843930E+01,D,5.3043118530144E+00
2000047,DISCBOND,5001,Fama Bliss Discount Bonds - 1-Year (Nominal),1994-08-31,9.4681285997542E+01,D,5.4653818866514E+00
2000047,DISCBOND,5001,Fama Bliss Discount Bonds - 1-Year (Nominal),1994-09-30,9.4305189491101E+01,D,5.8795051079987E+00
2000047,DISCBOND,5001,Fama Bliss Discount Bonds - 1-Year (Nominal),1994-10-31,9.4135537694362E+01,D,6.0434551878278E+00
2000047,DISCBOND,5001,Fama Bliss Discount Bonds - 1-Year (Nominal),1994-11-30,9.3391844673701E+01,D,6.8366160692975E+00
2000047,DISCBOND,5001,Fama Bliss Discount Bonds - 1-Year (Nominal),1994-12-30,9.3125481920533E+01,D,7.1418003242015E+00
2000047,DISCBOND,5001,Fama Bliss Discount Bonds - 1-Year (Nominal),1995-01-31,9.3478958887411E+01,D,6.7433813655758E+00
2000047,DISCBOND,5001,Fama Bliss Discount Bonds - 1-Year (Nominal),1995-02-28,9.3840592184433E+01,D,6.3398976734480E+00
2000047,DISCBOND,5001,Fama Bliss Discount Bonds - 1-Year (Nominal),1995-03-31,9.3864407428531E+01,D,6.3492875145130E+00
2000047,DISCBOND,5001,Fama Bliss Discount Bonds - 1-Year (Nominal),1995-04-28,9.3940173962325E+01,D,6.2002443603728E+00
2000047,DISCBOND,5001,Fama Bliss Discount Bonds - 1-Year (Nominal),1995-05-31,9.4447604773112E+01,D,5.6968874313205E+00
2000047,DISCBOND,5001,Fama Bliss Discount Bonds - 1-Year (Nominal),1995-06-30,9.4613905895545E+01,D,5.5517830054773E+00
2000047,DISCBOND,5001,Fama Bliss Discount Bonds - 1-Year (Nominal),1995-07-31,9.4564168276555E+01,D,5.5738844675559E+00
2000047,DISCBOND,5001,Fama Bliss Discount Bonds - 1-Year (Nominal),1995-08-31,9.4533567866783E+01,D,5.6215199040981E+00
2000047,DISCBOND,5001,Fama Bliss Discount Bonds - 1-Year (Nominal),1995-09-29,9.4479245323698E+01,D,5.6480519413850E+00
2000047,DISCBOND,5001,Fama Bliss Discount Bonds - 1-Year (Nominal),1995-10-31,9.4620721017770E+01,D,5.5142621280270E+00
2000047,DISCBOND,5001,Fama Bliss Discount Bonds - 1-Year (Nominal),1995-11-30,9.4817999068236E+01,D,5.3210931159943E+00
2000047,DISCBOND,5001,Fama Bliss Discount Bonds - 1-Year (Nominal),1995-12-29,9.5001620118345E+01,D,5.0858227159805E+00
2000047,DISCBOND,5001,Fama Bliss Discount Bonds - 1-Year (Nominal),1996-01-31,9.5216018703340E+01,D,4.8888055912520E+00
2000047,DISCBOND,5001,Fama Bliss Discount Bonds - 1-Year (Nominal),1996-02-29,9.4989540524199E+01,D,5.1403400194247E+00
2000047,DISCBOND,5001,Fama Bliss Discount Bonds - 1-Year (Nominal),1996-03-29,9.4698497785406E+01,D,5.4175198300882E+00
2000047,DISCBOND,5001,Fama Bliss Discount Bonds - 1-Year (Nominal),1996-04-30,9.4617554431907E+01,D,5.5327162325971E+00
2000047,DISCBOND,5001,Fama Bliss Discount Bonds - 1-Year (Nominal),1996-05-31,9.4497877109523E+01,D,5.6748293480595E+00
2000047,DISCBOND,5001,Fama Bliss Discount Bonds - 1-Year (Nominal),1996-06-28,9.4483563007421E+01,D,5.6435069686017E+00
2000047,DISCBOND,5001,Fama Bliss Discount Bonds - 1-Year (Nominal),1996-07-31,9.4300873922088E+01,D,5.8679728925151E+00
2000047,DISCBOND,5001,Fama Bliss Discount Bonds - 1-Year (Nominal),1996-08-30,9.4356940151172E+01,D,5.8244937117858E+00
2000047,DISCBOND,5001,Fama Bliss Discount Bonds - 1-Year (Nominal),1996-09-30,9.4493084737590E+01,D,5.6643531545992E+00
2000047,DISCBOND,5001,Fama Bliss Discount Bonds - 1-Year (Nominal),1996-10-31,9.4707365753297E+01,D,5.4378408954899E+00
2000047,DISCBOND,5001,Fama Bliss Discount Bonds - 1-Year (Nominal),1996-11-29,9.4787507838552E+01,D,5.3679629119822E+00
2000047,DISCBOND,5001,Fama Bliss Discount Bonds - 1-Year (Nominal),1996-12-31,9.4689867069026E+01,D,5.4563191848078E+00
2000047,DISCBOND,5001,Fama Bliss Discount Bonds - 1-Year (Nominal),1997-01-31,9.4674867420090E+01,D,5.4871949107704E+00
2000047,DISCBOND,5001,Fama Bliss Discount Bonds - 1-Year (Nominal),1997-02-28,9.4582326684726E+01,D,5.5852572117674E+00
2000047,DISCBOND,5001,Fama Bliss Discount Bonds - 1-Year (Nominal),1997-03-31,9.4260101288738E+01,D,5.9112189925531E+00
2000047,DISCBOND,5001,Fama Bliss Discount Bonds - 1-Year (Nominal),1997-04-30,9.4360242835450E+01,D,5.8050357952036E+00
2000047,DISCBOND,5001,Fama Bliss Discount Bonds - 1-Year (Nominal),1997-05-30,9.4393309628126E+01,D,5.7858506951935E+00
2000047,DISCBOND,5001,Fama Bliss Discount Bonds - 1-Year (Nominal),1997-06-30,9.4546481651271E+01,D,5.6078603090844E+00
2000047,DISCBOND,5001,Fama Bliss Discount Bonds - 1-Year (Nominal),1997-07-31,9.4646937710017E+01,D,5.5016662685883E+00
2000047,DISCBOND,5001,Fama Bliss Discount Bonds - 1-Year (Nominal),1997-08-29,9.4441820312539E+01,D,5.6874557637583E+00
2000047,DISCBOND,5001,Fama Bliss Discount Bonds - 1-Year (Nominal),1997-09-30,9.4588750925248E+01,D,5.5631628996115E+00
2000047,DISCBOND,5001,Fama Bliss Discount Bonds - 1-Year (Nominal),1997-10-31,9.4852674379660E+01,D,5.2990475853075E+00
2000047,DISCBOND,5001,Fama Bliss Discount Bonds - 1-Year (Nominal),1997-11-28,9.4668064426168E+01,D,5.4494869416217E+00
2000047,DISCBOND,5001,Fama Bliss Discount Bonds - 1-Year (Nominal),1997-12-31,9.4732839017894E+01,D,5.4109476974156E+00
2000047,DISCBOND,5001,Fama Bliss Discount Bonds - 1-Year (Nominal),1998-01-30,9.4981205204841E+01,D,5.1632615416941E+00
2000047,DISCBOND,5001,Fama Bliss Discount Bonds - 1-Year (Nominal),1998-02-27,9.4822944344372E+01,D,5.3304820026331E+00
2000047,DISCBOND,5001,Fama Bliss Discount Bonds - 1-Year (Nominal),1998-03-31,9.4823984966409E+01,D,5.3147802752948E+00
2000047,DISCBOND,5001,Fama Bliss Discount Bonds - 1-Year (Nominal),1998-04-30,9.4809866040460E+01,D,5.3296709985492E+00
2000047,DISCBOND,5001,Fama Bliss Discount Bonds - 1-Year (Nominal),1998-05-29,9.4804706721907E+01,D,5.3497700406267E+00
2000047,DISCBOND,5001,Fama Bliss Discount Bonds - 1-Year (Nominal),1998-06-30,9.4802844409599E+01,D,5.3370772856569E+00
2000047,DISCBOND,5001,Fama Bliss Discount Bonds - 1-Year (Nominal),1998-07-31,9.4738010589215E+01,D,5.4203392194431E+00
2000047,DISCBOND,5001,Fama Bliss Discount Bonds - 1-Year (Nominal),1998-08-31,9.5099313865128E+01,D,5.0248431340500E+00
2000047,DISCBOND,5001,Fama Bliss Discount Bonds - 1-Year (Nominal),1998-09-30,9.5534135774423E+01,D,4.5686559704705E+00
2000047,DISCBOND,5001,Fama Bliss Discount Bonds - 1-Year (Nominal),1998-10-30,9.5724550200113E+01,D,4.3815431731145E+00
2000047,DISCBOND,5001,Fama Bliss Discount Bonds - 1-Year (Nominal),1998-11-30,9.5473981107408E+01,D,4.6316424759508E+00
2000047,DISCBOND,5001,Fama Bliss Discount Bonds - 1-Year (Nominal),1998-12-31,9.5659396192475E+01,D,4.4376259772636E+00
2000047,DISCBOND,5001,Fama Bliss Discount Bonds - 1-Year (Nominal),1999-01-29,9.5618627630966E+01,D,4.4558379629880E+00
2000047,DISCBOND,5001,Fama Bliss Discount Bonds - 1-Year (Nominal),1999-02-26,9.5226662697654E+01,D,4.8511487852983E+00
2000047,DISCBOND,5001,Fama Bliss Discount Bonds - 1-Year (Nominal),1999-03-31,9.5429497178337E+01,D,4.6654640734523E+00
2000047,DISCBOND,5001,Fama Bliss Discount Bonds - 1-Year (Nominal),1999-04-30,9.5409498786678E+01,D,4.7121145612241E+00
2000047,DISCBOND,5001,Fama Bliss Discount Bonds - 1-Year (Nominal),1999-05-28,9.5128110814099E+01,D,4.9404251028003E+00
2000047,DISCBOND,5001,Fama Bliss Discount Bonds - 1-Year (Nominal),1999-06-30,9.4939986407184E+01,D,5.1783345063455E+00
2000047,DISCBOND,5001,Fama Bliss Discount Bonds - 1-Year (Nominal),1999-07-30,9.4825384975605E+01,D,5.2843485129290E+00
2000047,DISCBOND,5001,Fama Bliss Discount Bonds - 1-Year (Nominal),1999-08-31,9.4679886359435E+01,D,5.4519235102768E+00
2000047,DISCBOND,5001,Fama Bliss Discount Bonds - 1-Year (Nominal),1999-09-30,9.4769381561924E+01,D,5.3723808200767E+00
2000047,DISCBOND,5001,Fama Bliss Discount Bonds - 1-Year (Nominal),1999-10-29,9.4587026309307E+01,D,5.5196193869033E+00
2000047,DISCBOND,5001,Fama Bliss Discount Bonds - 1-Year (Nominal),1999-11-30,9.4385007515690E+01,D,5.7630054917987E+00
2000047,DISCBOND,5001,Fama Bliss Discount Bonds - 1-Year (Nominal),1999-12-31,9.4292627562585E+01,D,5.8928630991817E+00
2000047,DISCBOND,5001,Fama Bliss Discount Bonds - 1-Year (Nominal),2000-01-31,9.4004504202168E+01,D,6.1658561689160E+00
2000047,DISCBOND,5001,Fama Bliss Discount Bonds - 1-Year (Nominal),2000-02-29,9.4084869587686E+01,D,6.0972943104094E+00
2000047,DISCBOND,5001,Fama Bliss Discount Bonds - 1-Year (Nominal),2000-03-31,9.3911415380668E+01,D,6.2990817987448E+00
2000047,DISCBOND,5001,Fama Bliss Discount Bonds - 1-Year (Nominal),2000-04-28,9.3722407391967E+01,D,6.4479572766945E+00
2000047,DISCBOND,5001,Fama Bliss Discount Bonds - 1-Year (Nominal),2000-05-31,9.3926806616133E+01,D,6.2654360045670E+00
2000047,DISCBOND,5001,Fama Bliss Discount Bonds - 1-Year (Nominal),2000-06-30,9.3822725615919E+01,D,6.3938258107210E+00
2000047,DISCBOND,5001,Fama Bliss Discount Bonds - 1-Year (Nominal),2000-07-31,9.3835935997005E+01,D,6.3622290370486E+00
2000047,DISCBOND,5001,Fama Bliss Discount Bonds - 1-Year (Nominal),2000-08-31,9.4056997099946E+01,D,6.1269235348182E+00
2000047,DISCBOND,5001,Fama Bliss Discount Bonds - 1-Year (Nominal),2000-09-29,9.4012416033622E+01,D,6.1912954251233E+00
2000047,DISCBOND,5001,Fama Bliss Discount Bonds - 1-Year (Nominal),2000-10-31,9.3983976469999E+01,D,6.2045881333692E+00
2000047,DISCBOND,5001,Fama Bliss Discount Bonds - 1-Year (Nominal),2000-11-30,9.4335764926181E+01,D,5.8309800742549E+00
2000047,DISCBOND,5001,Fama Bliss Discount Bonds - 1-Year (Nominal),2000-12-29,9.4688159807837E+01,D,5.4283776591867E+00
2000047,DISCBOND,5001,Fama Bliss Discount Bonds - 1-Year (Nominal),2001-01-31,9.5455219018838E+01,D,4.6512959271965E+00
2000047,DISCBOND,5001,Fama Bliss Discount Bonds - 1-Year (Nominal),2001-02-28,9.5680833029062E+01,D,4.4152189416247E+00
2000047,DISCBOND,5001,Fama Bliss Discount Bonds - 1-Year (Nominal),2001-03-30,9.5953013351309E+01,D,4.1539169375001E+00
2000047,DISCBOND,5001,Fama Bliss Discount Bonds - 1-Year (Nominal),2001-04-30,9.6047374882441E+01,D,4.0328627886836E+00
2000047,DISCBOND,5001,Fama Bliss Discount Bonds - 1-Year (Nominal),2001-05-31,9.6281382635567E+01,D,3.7895212607504E+00
2000047,DISCBOND,5001,Fama Bliss Discount Bonds - 1-Year (Nominal),2001-06-29,9.6206868990492E+01,D,3.8775664051593E+00
2000047,DISCBOND,5001,Fama Bliss Discount Bonds - 1-Year (Nominal),2001-07-31,9.6603639650184E+01,D,3.4553767941264E+00
2000047,DISCBOND,5001,Fama Bliss Discount Bonds - 1-Year (Nominal),2001-08-31,9.6734805537924E+01,D,3.3288116910100E+00
2000047,DISCBOND,5001,Fama Bliss Discount Bonds - 1-Year (Nominal),2001-09-28,9.7502780947389E+01,D,2.5151469536871E+00
2000047,DISCBOND,5001,Fama Bliss Discount Bonds - 1-Year (Nominal),2001-10-31,9.8063478950184E+01,D,1.9555172623741E+00
2000047,DISCBOND,5001,Fama Bliss Discount Bonds - 1-Year (Nominal),2001-11-30,9.7975592265848E+01,D,2.0507984015496E+00
2000047,DISCBOND,5001,Fama Bliss Discount Bonds - 1-Year (Nominal),2001-12-31,9.7969006369849E+01,D,2.0519018870896E+00
2000047,DISCBOND,5001,Fama Bliss Discount Bonds - 1-Year (Nominal),2002-01-31,9.7749497910248E+01,D,2.2762123603861E+00
2000047,DISCBOND,5001,Fama Bliss Discount Bonds - 1-Year (Nominal),2002-02-28,9.7828519772575E+01,D,2.1954038241678E+00
2000047,DISCBOND,5001,Fama Bliss Discount Bonds - 1-Year (Nominal),2002-03-28,9.7324996444522E+01,D,2.6893287946516E+00
2000047,DISCBOND,5001,Fama Bliss Discount Bonds - 1-Year (Nominal),2002-04-30,9.7776456648243E+01,D,2.2486367495400E+00
2000047,DISCBOND,5001,Fama Bliss Discount Bonds - 1-Year (Nominal),2002-05-31,9.7762858440930E+01,D,2.2687610462913E+00
2000047,DISCBOND,5001,Fama Bliss Discount Bonds - 1-Year (Nominal),2002-06-28,9.8067170598921E+01,D,1.9411165247542E+00
2000047,DISCBOND,5001,Fama Bliss Discount Bonds - 1-Year (Nominal),2002-07-31,9.8291601262500E+01,D,1.7231602337652E+00
2000047,DISCBOND,5001,Fama Bliss Discount Bonds - 1-Year (Nominal),2002-08-30,9.8272676618977E+01,D,1.7472025926077E+00
2000047,DISCBOND,5001,Fama Bliss Discount Bonds - 1-Year (Nominal),2002-09-30,9.8580465983808E+01,D,1.4297057761113E+00
2000047,DISCBOND,5001,Fama Bliss Discount Bonds - 1-Year (Nominal),2002-10-31,9.8672374502320E+01,D,1.3365172319691E+00
2000047,DISCBOND,5001,Fama Bliss Discount Bonds - 1-Year (Nominal),2002-11-29,9.8509002229580E+01,D,1.5063519375801E+00
2000047,DISCBOND,5001,Fama Bliss Discount Bonds - 1-Year (Nominal),2002-12-31,9.8798679503957E+01,D,1.2085946668148E+00
2000047,DISCBOND,5001,Fama Bliss Discount Bonds - 1-Year (Nominal),2003-01-31,9.8727969641001E+01,D,1.2837069961989E+00
2000047,DISCBOND,5001,Fama Bliss Discount Bonds - 1-Year (Nominal),2003-02-28,9.8778266880096E+01,D,1.2326347642102E+00
2000047,DISCBOND,5001,Fama Bliss Discount Bonds - 1-Year (Nominal),2003-03-31,9.8858850568572E+01,D,1.1445747092290E+00
2000047,DISCBOND,5001,Fama Bliss Discount Bonds - 1-Year (Nominal),2003-04-30,9.8853174816831E+01,D,1.1503004553935E+00
2000047,DISCBOND,5001,Fama Bliss Discount Bonds - 1-Year (Nominal),2003-05-30,9.8845649837934E+01,D,1.1642542942796E+00
2000047,DISCBOND,5001,Fama Bliss Discount Bonds - 1-Year (Nominal),2003-06-30,9.8963242736143E+01,D,1.0393215967906E+00
2000047,DISCBOND,5001,Fama Bliss Discount Bonds - 1-Year (Nominal),2003-07-31,9.8782051639594E+01,D,1.2254261303961E+00
2000047,DISCBOND,5001,Fama Bliss Discount Bonds - 1-Year (Nominal),2003-08-29,9.8714864761156E+01,D,1.2829199759238E+00
2000047,DISCBOND,5001,Fama Bliss Discount Bonds - 1-Year (Nominal),2003-09-30,9.8948118958976E+01,D,1.0545632237702E+00
2000047,DISCBOND,5001,Fama Bliss Discount Bonds - 1-Year (Nominal),2003-10-31,9.8774116164591E+01,D,1.2368484504146E+00
2000047,DISCBOND,5001,Fama Bliss Discount Bonds - 1-Year (Nominal),2003-11-28,9.8563457976085E+01,D,1.4351642935623E+00
2000047,DISCBOND,5001,Fama Bliss Discount Bonds - 1-Year (Nominal),2003-12-31,9.8776807925260E+01,D,1.2273720043174E+00
2000047,DISCBOND,5001,Fama Bliss Discount Bonds - 1-Year (Nominal),2004-01-30,9.8775228253216E+01,D,1.2256181671381E+00
2000047,DISCBOND,5001,Fama Bliss Discount Bonds - 1-Year (Nominal),2004-02-27,9.8855775773006E+01,D,1.1445493354384E+00
2000047,DISCBOND,5001,Fama Bliss Discount Bonds - 1-Year (Nominal),2004-03-31,9.8860938636981E+01,D,1.1455983546013E+00
2000047,DISCBOND,5001,Fama Bliss Discount Bonds - 1-Year (Nominal),2004-04-30,9.8411170176384E+01,D,1.6059870676969E+00
2000047,DISCBOND,5001,Fama Bliss Discount Bonds - 1-Year (Nominal),2004-05-28,9.8196912094722E+01,D,1.8047083753072E+00
2000047,DISCBOND,5001,Fama Bliss Discount Bonds - 1-Year (Nominal),2004-06-30,9.8008025726023E+01,D,2.0120815507248E+00
2000047,DISCBOND,5001,Fama Bliss Discount Bonds - 1-Year (Nominal),2004-07-30,9.7970588404613E+01,D,2.0559198163313E+00
2000047,DISCBOND,5001,Fama Bliss Discount Bonds - 1-Year (Nominal),2004-08-31,9.8074908963717E+01,D,1.9438622124191E+00
2000047,DISCBOND,5001,Fama Bliss Discount Bonds - 1-Year (Nominal),2004-09-30,9.7865157412279E+01,D,2.1579599571414E+00
2000047,DISCBOND,5001,Fama Bliss Discount Bonds - 1-Year (Nominal),2004-10-29,9.7806731593342E+01,D,2.2055926685603E+00
2000047,DISCBOND,5001,Fama Bliss Discount Bonds - 1-Year (Nominal),2004-11-30,9.7410417755700E+01,D,2.6237022581840E+00
2000047,DISCBOND,5001,Fama Bliss Discount Bonds - 1-Year (Nominal),2004-12-31,9.7295816714359E+01,D,2.7489506339995E+00
2000047,DISCBOND,5001,Fama Bliss Discount Bonds - 1-Year (Nominal),2005-01-31,9.7106153217934E+01,D,2.9365442791964E+00
2000047,DISCBOND,5001,Fama Bliss Discount Bonds - 1-Year (Nominal),2005-02-28,9.6803734957271E+01,D,3.2484608180592E+00
2000047,DISCBOND,5001,Fama Bliss Discount Bonds - 1-Year (Nominal),2005-03-31,9.6646102635327E+01,D,3.4114305664894E+00
2000047,DISCBOND,5001,Fama Bliss Discount Bonds - 1-Year (Nominal),2005-04-29,9.6695035901240E+01,D,3.3700451387179E+00
2000047,DISCBOND,5001,Fama Bliss Discount Bonds - 1-Year (Nominal),2005-05-31,9.6685722273700E+01,D,3.3704444133342E+00
2000047,DISCBOND,5001,Fama Bliss Discount Bonds - 1-Year (Nominal),2005-06-30,9.6569992273063E+01,D,3.4902132023114E+00
2000047,DISCBOND,5001,Fama Bliss Discount Bonds - 1-Year (Nominal),2005-07-29,9.6203316411468E+01,D,3.8495420896312E+00
2000047,DISCBOND,5001,Fama Bliss Discount Bonds - 1-Year (Nominal),2005-08-31,9.6346127315232E+01,D,3.7222985861497E+00
2000047,DISCBOND,5001,Fama Bliss Discount Bonds - 1-Year (Nominal),2005-09-30,9.6030439586388E+01,D,4.0616244936835E+00
2000047,DISCBOND,5001,Fama Bliss Discount Bonds - 1-Year (Nominal),2005-10-31,9.5781566002111E+01,D,4.3099941216572E+00
2000047,DISCBOND,5001,Fama Bliss Discount Bonds - 1-Year (Nominal),2005-11-30,9.5701369687385E+01,D,4.3937575328726E+00
2000047,DISCBOND,5001,Fama Bliss Discount Bonds - 1-Year (Nominal),2005-12-30,9.5717687473038E+01,D,4.3887323713956E+00
2000047,DISCBOND,5001,Fama Bliss Discount Bonds - 1-Year (Nominal),2006-01-31,9.5557168296210E+01,D,4.5445496700709E+00
2000047,DISCBOND,5001,Fama Bliss Discount Bonds - 1-Year (Nominal),2006-02-28,9.5429050937731E+01,D,4.6787136722807E+00
2000047,DISCBOND,5001,Fama Bliss Discount Bonds - 1-Year (Nominal),2006-03-31,9.5316719288917E+01,D,4.8096726199963E+00
2000047,DISCBOND,5001,Fama Bliss Discount Bonds - 1-Year (Nominal),2006-04-28,9.5236201386351E+01,D,4.8544054901406E+00
2000047,DISCBOND,5001,Fama Bliss Discount Bonds - 1-Year (Nominal),2006-05-31,9.5090206029053E+01,D,5.0344207764855E+00
2000047,DISCBOND,5001,Fama Bliss Discount Bonds - 1-Year (Nominal),2006-06-30,9.4940921795695E+01,D,5.2057990605074E+00
2000047,DISCBOND,5001,Fama Bliss Discount Bonds - 1-Year (Nominal),2006-07-31,9.5081988998280E+01,D,5.0430624507082E+00
2000047,DISCBOND,5001,Fama Bliss Discount Bonds - 1-Year (Nominal),2006-08-31,9.5192485177676E+01,D,4.9269184515761E+00
2000047,DISCBOND,5001,Fama Bliss Discount Bonds - 1-Year (Nominal),2006-09-29,9.5263394751762E+01,D,4.8657865930370E+00
2000047,DISCBOND,5001,Fama Bliss Discount Bonds - 1-Year (Nominal),2006-10-31,9.5262515798275E+01,D,4.8533781156481E+00
2000047,DISCBOND,5001,Fama Bliss Discount Bonds - 1-Year (Nominal),2006-11-30,9.5308583804287E+01,D,4.8050307985515E+00
2000047,DISCBOND,5001,Fama Bliss Discount Bonds - 1-Year (Nominal),2006-12-29,9.5156730609987E+01,D,4.9374313637736E+00
2000047,DISCBOND,5001,Fama Bliss Discount Bonds - 1-Year (Nominal),2007-01-31,9.5137265963681E+01,D,4.9849432377308E+00
2000047,DISCBOND,5001,Fama Bliss Discount Bonds - 1-Year (Nominal),2007-02-28,9.5268853100139E+01,D,4.8334835674103E+00
2000047,DISCBOND,5001,Fama Bliss Discount Bonds - 1-Year (Nominal),2007-03-30,9.5271586370278E+01,D,4.8174598607964E+00
2000047,DISCBOND,5001,Fama Bliss Discount Bonds - 1-Year (Nominal),2007-04-30,9.5230948575998E+01,D,4.8731696572755E+00
2000047,DISCBOND,5001,Fama Bliss Discount Bonds - 1-Year (Nominal),2007-05-31,9.5157009544032E+01,D,4.9641926603746E+00
2000047,DISCBOND,5001,Fama Bliss Discount Bonds - 1-Year (Nominal),2007-06-29,9.5157280464800E+01,D,4.9368566732132E+00
2000047,DISCBOND,5001,Fama Bliss Discount Bonds - 1-Year (Nominal),2007-07-31,9.5379647795311E+01,D,4.7175718325607E+00
2000047,DISCBOND,5001,Fama Bliss Discount Bonds - 1-Year (Nominal),2007-08-31,9.5743532091212E+01,D,4.3616609662934E+00
2000047,DISCBOND,5001,Fama Bliss Discount Bonds - 1-Year (Nominal),2007-09-28,9.6012552080346E+01,D,4.0359529538287E+00
2000047,DISCBOND,5001,Fama Bliss Discount Bonds - 1-Year (Nominal),2007-10-31,9.6043381446899E+01,D,4.0259906342829E+00
2000047,DISCBOND,5001,Fama Bliss Discount Bonds - 1-Year (Nominal),2007-11-30,9.6928021642811E+01,D,3.1287247728618E+00
2000047,DISCBOND,5001,Fama Bliss Discount Bonds - 1-Year (Nominal),2007-12-31,9.6773071077664E+01,D,3.2711801142032E+00
2000047,DISCBOND,5001,Fama Bliss Discount Bonds - 1-Year (Nominal),2008-01-31,9.7943026828325E+01,D,2.0784235266773E+00
2000047,DISCBOND,5001,Fama Bliss Discount Bonds - 1-Year (Nominal),2008-02-29,9.8331362533406E+01,D,1.6873389762913E+00
2000047,DISCBOND,5001,Fama Bliss Discount Bonds - 1-Year (Nominal),2008-03-31,9.8549379118064E+01,D,1.4612452581057E+00
2000047,DISCBOND,5001,Fama Bliss Discount Bonds - 1-Year (Nominal),2008-04-30,9.8107771084235E+01,D,1.9103606608883E+00
2000047,DISCBOND,5001,Fama Bliss Discount Bonds - 1-Year (Nominal),2008-05-30,9.7769570160359E+01,D,2.2618771155090E+00
2000047,DISCBOND,5001,Fama Bliss Discount Bonds - 1-Year (Nominal),2008-06-30,9.7661415121268E+01,D,2.3663637174206E+00
2000047,DISCBOND,5001,Fama Bliss Discount Bonds - 1-Year (Nominal),2008-07-31,9.7769533647624E+01,D,2.2557174374253E+00
2000047,DISCBOND,5001,Fama Bliss Discount Bonds - 1-Year (Nominal),2008-08-29,9.7858406837913E+01,D,2.1530604319822E+00
2000047,DISCBOND,5001,Fama Bliss Discount Bonds - 1-Year (Nominal),2008-09-30,9.8209522757457E+01,D,1.8067002239066E+00
2000047,DISCBOND,5001,Fama Bliss Discount Bonds - 1-Year (Nominal),2008-10-31,9.8583252424938E+01,D,1.4307993123679E+00
2000047,DISCBOND,5001,Fama Bliss Discount Bonds - 1-Year (Nominal),2008-11-28,9.9148454557978E+01,D,8.5053135793753E-01
2000047,DISCBOND,5001,Fama Bliss Discount Bonds - 1-Year (Nominal),2008-12-31,9.9590659744374E+01,D,4.1018034618669E-01
2000047,DISCBOND,5001,Fama Bliss Discount Bonds - 1-Year (Nominal),2009-01-30,9.9434228587782E+01,D,5.6893671706811E-01
2000047,DISCBOND,5001,Fama Bliss Discount Bonds - 1-Year (Nominal),2009-02-27,9.9227414170730E+01,D,7.7771649939208E-01
2000047,DISCBOND,5001,Fama Bliss Discount Bonds - 1-Year (Nominal),2009-03-31,9.9389954818618E+01,D,6.1191355950818E-01
2000047,DISCBOND,5001,Fama Bliss Discount Bonds - 1-Year (Nominal),2009-04-30,9.9493629199063E+01,D,5.0765720235545E-01
2000047,DISCBOND,5001,Fama Bliss Discount Bonds - 1-Year (Nominal),2009-05-29,9.9504631602494E+01,D,4.9796372003439E-01
2000047,DISCBOND,5001,Fama Bliss Discount Bonds - 1-Year (Nominal),2009-06-30,9.9450192881295E+01,D,5.5132412098995E-01
2000047,DISCBOND,5001,Fama Bliss Discount Bonds - 1-Year (Nominal),2009-07-31,9.9527345378968E+01,D,4.7507676647567E-01
2000047,DISCBOND,5001,Fama Bliss Discount Bonds - 1-Year (Nominal),2009-08-31,9.9583529174352E+01,D,4.1734048080482E-01
2000047,DISCBOND,5001,Fama Bliss Discount Bonds - 1-Year (Nominal),2009-09-30,9.9583139172606E+01,D,4.1773211435391E-01
2000047,DISCBOND,5001,Fama Bliss Discount Bonds - 1-Year (Nominal),2009-10-30,9.9597304508815E+01,D,4.0461705061341E-01
2000047,DISCBOND,5001,Fama Bliss Discount Bonds - 1-Year (Nominal),2009-11-30,9.9717078314772E+01,D,2.8332266511217E-01
2000047,DISCBOND,5001,Fama Bliss Discount Bonds - 1-Year (Nominal),2009-12-31,9.9498697487314E+01,D,5.0256324889869E-01
2000047,DISCBOND,5001,Fama Bliss Discount Bonds - 1-Year (Nominal),2010-01-29,9.9688331817734E+01,D,3.1045376199638E-01
2000047,DISCBOND,5001,Fama Bliss Discount Bonds - 1-Year (Nominal),2010-02-26,9.9634035945627E+01,D,3.6463732768509E-01
2000047,DISCBOND,5001,Fama Bliss Discount Bonds - 1-Year (Nominal),2010-03-31,9.9543353245129E+01,D,4.5769257117043E-01
2000047,DISCBOND,5001,Fama Bliss Discount Bonds - 1-Year (Nominal),2010-04-30,9.9586508552922E+01,D,4.1548702587664E-01
2000047,DISCBOND,5001,Fama Bliss Discount Bonds - 1-Year (Nominal),2010-05-28,9.9632357830287E+01,D,3.6531702398985E-01
2000047,DISCBOND,5001,Fama Bliss Discount Bonds - 1-Year (Nominal),2010-06-30,9.9693298695389E+01,D,3.0717259694934E-01
2000047,DISCBOND,5001,Fama Bliss Discount Bonds - 1-Year (Nominal),2010-07-30,9.9721892480830E+01,D,2.7926006506487E-01
2000047,DISCBOND,5001,Fama Bliss Discount Bonds - 1-Year (Nominal),2010-08-31,9.9752144078525E+01,D,2.4816359275743E-01
2000047,DISCBOND,5001,Fama Bliss Discount Bonds - 1-Year (Nominal),2010-09-30,9.9700751859444E+01,D,2.9969678306374E-01
2000047,DISCBOND,5001,Fama Bliss Discount Bonds - 1-Year (Nominal),2010-10-29,9.9731969186211E+01,D,2.6692803963949E-01
2000047,DISCBOND,5001,Fama Bliss Discount Bonds - 1-Year (Nominal),2010-11-30,9.9683256422284E+01,D,3.1724627196769E-01
2000047,DISCBOND,5001,Fama Bliss Discount Bonds - 1-Year (Nominal),2010-12-31,9.9649892788298E+01,D,3.5168505753128E-01
2000047,DISCBOND,5001,Fama Bliss Discount Bonds - 1-Year (Nominal),2011-01-31,9.9689174664229E+01,D,3.1130940104299E-01
2000047,DISCBOND,5001,Fama Bliss Discount Bonds - 1-Year (Nominal),2011-02-28,9.9687149359793E+01,D,3.1248492508748E-01
2000047,DISCBOND,5001,Fama Bliss Discount Bonds - 1-Year (Nominal),2011-03-31,9.9701446169210E+01,D,2.9900039177788E-01
2000047,DISCBOND,5001,Fama Bliss Discount Bonds - 1-Year (Nominal),2011-04-29,9.9774949938846E+01,D,2.2407586601849E-01
2000047,DISCBOND,5001,Fama Bliss Discount Bonds - 1-Year (Nominal),2011-05-31,9.9814458766144E+01,D,1.8520616496810E-01
2000047,DISCBOND,5001,Fama Bliss Discount Bonds - 1-Year (Nominal),2011-06-30,9.9811997587763E+01,D,1.8817935858220E-01
2000047,DISCBOND,5001,Fama Bliss Discount Bonds - 1-Year (Nominal),2011-07-29,9.9768894988879E+01,D,2.2948627928724E-01
2000047,DISCBOND,5001,Fama Bliss Discount Bonds - 1-Year (Nominal),2011-08-31,9.9857375349623E+01,D,1.4233649644874E-01
2000047,DISCBOND,5001,Fama Bliss Discount Bonds - 1-Year (Nominal),2011-09-30,9.9822558944631E+01,D,1.7808658482490E-01
2000047,DISCBOND,5001,Fama Bliss Discount Bonds - 1-Year (Nominal),2011-10-31,9.9839852584770E+01,D,1.5983787999523E-01
2000047,DISCBOND,5001,Fama Bliss Discount Bonds - 1-Year (Nominal),2011-11-30,9.9824138517161E+01,D,1.7553538589787E-01
2000047,DISCBOND,5001,Fama Bliss Discount Bonds - 1-Year (Nominal),2011-12-30,9.9834282758180E+01,D,1.6495086407951E-01
2000047,DISCBOND,5001,Fama Bliss Discount Bonds - 1-Year (Nominal),2012-01-31,9.9847385760743E+01,D,1.5231351963556E-01
2000047,DISCBOND,5001,Fama Bliss Discount Bonds - 1-Year (Nominal),2012-02-29,9.9795274954169E+01,D,2.0493489400986E-01
2000047,DISCBOND,5001,Fama Bliss Discount Bonds - 1-Year (Nominal),2012-03-30,9.9829770900055E+01,D,1.7131285030410E-01
2000047,DISCBOND,5001,Fama Bliss Discount Bonds - 1-Year (Nominal),2012-04-30,9.9817836468653E+01,D,1.8232965087851E-01
2000047,DISCBOND,5001,Fama Bliss Discount Bonds - 1-Year (Nominal),2012-05-31,9.9819371107350E+01,D,1.8079222334530E-01
2000047,DISCBOND,5001,Fama Bliss Discount Bonds - 1-Year (Nominal),2012-06-29,9.9792224875436E+01,D,2.0856269040489E-01
2000047,DISCBOND,5001,Fama Bliss Discount Bonds - 1-Year (Nominal),2012-07-31,9.9831586855849E+01,D,1.6855511851192E-01
2000047,DISCBOND,5001,Fama Bliss Discount Bonds - 1-Year (Nominal),2012-08-31,9.9803270807665E+01,D,1.9746396429138E-01
2000047,DISCBOND,5001,Fama Bliss Discount Bonds - 1-Year (Nominal),2012-09-28,9.9800044420464E+01,D,1.9906499016554E-01
2000047,DISCBOND,5001,Fama Bliss Discount Bonds - 1-Year (Nominal),2012-10-31,9.9781534443697E+01,D,2.1870454042854E-01
2000047,DISCBOND,5001,Fama Bliss Discount Bonds - 1-Year (Nominal),2012-11-30,9.9790224723958E+01,D,2.1057253294608E-01
2000047,DISCBOND,5001,Fama Bliss Discount Bonds - 1-Year (Nominal),2012-12-31,9.9803795236799E+01,D,1.9639749688993E-01
2000047,DISCBOND,5001,Fama Bliss Discount Bonds - 1-Year (Nominal),2013-01-31,9.9857562733916E+01,D,1.4253880438849E-01
2000047,DISCBOND,5001,Fama Bliss Discount Bonds - 1-Year (Nominal),2013-02-28,9.9839819637879E+01,D,1.6030878802329E-01
2000047,DISCBOND,5001,Fama Bliss Discount Bonds - 1-Year (Nominal),2013-03-28,9.9867876587270E+01,D,1.3113296574345E-01
2000047,DISCBOND,5001,Fama Bliss Discount Bonds - 1-Year (Nominal),2013-04-30,9.9893708829486E+01,D,1.0634769963962E-01
2000047,DISCBOND,5001,Fama Bliss Discount Bonds - 1-Year (Nominal),2013-05-31,9.9866354849555E+01,D,1.3410194375016E-01
2000047,DISCBOND,5001,Fama Bliss Discount Bonds - 1-Year (Nominal),2013-06-28,9.9843879465394E+01,D,1.5539107149538E-01
2000047,DISCBOND,5001,Fama Bliss Discount Bonds - 1-Year (Nominal),2013-07-31,9.9847093260400E+01,D,1.5302376125992E-01
2000047,DISCBOND,5001,Fama Bliss Discount Bonds - 1-Year (Nominal),2013-08-30,9.9840623774683E+01,D,1.5994156748707E-01
2000047,DISCBOND,5001,Fama Bliss Discount Bonds - 1-Year (Nominal),2013-09-30,9.9879831693996E+01,D,1.2024056600740E-01
2000047,DISCBOND,5001,Fama Bliss Discount Bonds - 1-Year (Nominal),2013-10-31,9.9870368838711E+01,D,1.2971525516192E-01
2000047,DISCBOND,5001,Fama Bliss Discount Bonds - 1-Year (Nominal),2013-11-29,9.9835284939887E+01,D,1.6530375884818E-01
2000047,DISCBOND,5001,Fama Bliss Discount Bonds - 1-Year (Nominal),2013-12-31,9.9831603653985E+01,D,1.6853829203879E-01
2000047,DISCBOND,5001,Fama Bliss Discount Bonds - 1-Year (Nominal),2014-01-31,9.9904961768953E+01,D,9.5344643432196E-02
2000047,DISCBOND,5001,Fama Bliss Discount Bonds - 1-Year (Nominal),2014-02-28,9.9882228571063E+01,D,1.1816457778635E-01
2000047,DISCBOND,5001,Fama Bliss Discount Bonds - 1-Year (Nominal),2014-03-31,9.9874104527258E+01,D,1.2597478766886E-01
2000047,DISCBOND,5001,Fama Bliss Discount Bonds - 1-Year (Nominal),2014-04-30,9.9898610480182E+01,D,1.0144095376035E-01
2000047,DISCBOND,5001,Fama Bliss Discount Bonds - 1-Year (Nominal),2014-05-30,9.9902336053228E+01,D,9.7980112081982E-02
2000047,DISCBOND,5001,Fama Bliss Discount Bonds - 1-Year (Nominal),2014-06-30,9.9882506742491E+01,D,1.1756233495026E-01
2000047,DISCBOND,5001,Fama Bliss Discount Bonds - 1-Year (Nominal),2014-07-31,9.9856333210285E+01,D,1.4377008939754E-01
2000047,DISCBOND,5001,Fama Bliss Discount Bonds - 1-Year (Nominal),2014-08-29,9.9884821579504E+01,D,1.1461676454161E-01
2000047,DISCBOND,5001,Fama Bliss Discount Bonds - 1-Year (Nominal),2014-09-30,9.9865838441458E+01,D,1.3425163573605E-01
2000047,DISCBOND,5001,Fama Bliss Discount Bonds - 1-Year (Nominal),2014-10-31,9.9868650524741E+01,D,1.3179690755070E-01
2000047,DISCBOND,5001,Fama Bliss Discount Bonds - 1-Year (Nominal),2014-11-28,9.9828459139036E+01,D,1.7075253016585E-01
2000047,DISCBOND,5001,Fama Bliss Discount Bonds - 1-Year (Nominal),2014-12-31,9.9739980633164E+01,D,2.6035800433447E-01
2000047,DISCBOND,5001,Fama Bliss Discount Bonds - 1-Year (Nominal),2015-01-30,9.9838763308406E+01,D,1.6181014046180E-01
2000047,DISCBOND,5001,Fama Bliss Discount Bonds - 1-Year (Nominal),2015-02-27,9.9765009207542E+01,D,2.3398521792339E-01
2000047,DISCBOND,5001,Fama Bliss Discount Bonds - 1-Year (Nominal),2015-03-31,9.9740750139528E+01,D,2.5887724814985E-01
2000047,DISCBOND,5001,Fama Bliss Discount Bonds - 1-Year (Nominal),2015-04-30,9.9771956259156E+01,D,2.2830415656568E-01
2000047,DISCBOND,5001,Fama Bliss Discount Bonds - 1-Year (Nominal),2015-05-29,9.9731954854294E+01,D,2.6621694199085E-01
2000047,DISCBOND,5001,Fama Bliss Discount Bonds - 1-Year (Nominal),2015-06-30,9.9656025669575E+01,D,3.4362584955656E-01
2000047,DISCBOND,5001,Fama Bliss Discount Bonds - 1-Year (Nominal),2015-07-31,9.9637192707213E+01,D,3.6446558665488E-01
2000047,DISCBOND,5001,Fama Bliss Discount Bonds - 1-Year (Nominal),2015-08-31,9.9557609059664E+01,D,4.4216099496802E-01
2000047,DISCBOND,5001,Fama Bliss Discount Bonds - 1-Year (Nominal),2015-09-30,9.9609989216611E+01,D,3.8970563111213E-01
2000047,DISCBOND,5001,Fama Bliss Discount Bonds - 1-Year (Nominal),2015-10-30,9.9526523117914E+01,D,4.7201495048571E-01
2000047,DISCBOND,5001,Fama Bliss Discount Bonds - 1-Year (Nominal),2015-11-30,9.9282384064310E+01,D,7.1823543233961E-01
2000047,DISCBOND,5001,Fama Bliss Discount Bonds - 1-Year (Nominal),2015-12-31,9.9293483363943E+01,D,7.0902428311819E-01
2000047,DISCBOND,5001,Fama Bliss Discount Bonds - 1-Year (Nominal),2016-01-29,9.9468587724789E+01,D,5.2848556864429E-01
2000047,DISCBOND,5001,Fama Bliss Discount Bonds - 1-Year (Nominal),2016-02-29,9.9369007606137E+01,D,6.3299156505122E-01
2000047,DISCBOND,5001,Fama Bliss Discount Bonds - 1-Year (Nominal),2016-03-31,9.9416476472562E+01,D,5.8523267808067E-01
2000047,DISCBOND,5001,Fama Bliss Discount Bonds - 1-Year (Nominal),2016-04-29,9.9448129394099E+01,D,5.5491938930873E-01
2000047,DISCBOND,5001,Fama Bliss Discount Bonds - 1-Year (Nominal),2016-05-31,9.9310397452824E+01,D,6.9199129378049E-01
2000047,DISCBOND,5001,Fama Bliss Discount Bonds - 1-Year (Nominal),2016-06-30,9.9491445094029E+01,D,5.0985244744292E-01
2000047,DISCBOND,5001,Fama Bliss Discount Bonds - 1-Year (Nominal),2016-07-29,9.9399313459273E+01,D,5.9921455129137E-01
2000047,DISCBOND,5001,Fama Bliss Discount Bonds - 1-Year (Nominal),2016-08-31,9.9325962265179E+01,D,6.7631962882561E-01
2000047,DISCBOND,5001,Fama Bliss Discount Bonds - 1-Year (Nominal),2016-09-30,9.9340204782563E+01,D,6.6380014793965E-01
2000047,DISCBOND,5001,Fama Bliss Discount Bonds - 1-Year (Nominal),2016-10-31,9.9305019795667E+01,D,6.9740643952617E-01
2000047,DISCBOND,5001,Fama Bliss Discount Bonds - 1-Year (Nominal),2016-11-30,9.9114230579512E+01,D,8.8971567826508E-01
2000047,DISCBOND,5001,Fama Bliss Discount Bonds - 1-Year (Nominal),2016-12-30,9.9147193430967E+01,D,8.5881673227144E-01
2000047,DISCBOND,5001,Fama Bliss Discount Bonds - 1-Year (Nominal),2017-01-31,9.9176024172204E+01,D,8.2738927219001E-01
2000047,DISCBOND,5001,Fama Bliss Discount Bonds - 1-Year (Nominal),2017-02-28,9.9104968124639E+01,D,8.9906134704031E-01
2000047,DISCBOND,5001,Fama Bliss Discount Bonds - 1-Year (Nominal),2017-03-31,9.8994187670598E+01,D,1.0164744936823E+00
2000047,DISCBOND,5001,Fama Bliss Discount Bonds - 1-Year (Nominal),2017-04-28,9.8912784174459E+01,D,1.0872118795265E+00
2000047,DISCBOND,5001,Fama Bliss Discount Bonds - 1-Year (Nominal),2017-05-31,9.8811682696337E+01,D,1.1954342310423E+00
2000047,DISCBOND,5001,Fama Bliss Discount Bonds - 1-Year (Nominal),2017-06-30,9.8747221830734E+01,D,1.2641550908289E+00
2000047,DISCBOND,5001,Fama Bliss Discount Bonds - 1-Year (Nominal),2017-07-31,9.8761830721035E+01,D,1.2458984612910E+00
2000047,DISCBOND,5001,Fama Bliss Discount Bonds - 1-Year (Nominal),2017-08-31,9.8765799308962E+01,D,1.2418802002230E+00
2000047,DISCBOND,5001,Fama Bliss Discount Bonds - 1-Year (Nominal),2017-09-29,9.8666296836235E+01,D,1.3463655945572E+00
2000047,DISCBOND,5001,Fama Bliss Discount Bonds - 1-Year (Nominal),2017-10-31,9.8531322993079E+01,D,1.4795688431574E+00
2000047,DISCBOND,5001,Fama Bliss Discount Bonds - 1-Year (Nominal),2017-11-30,9.8377298034423E+01,D,1.6360119580057E+00
2000047,DISCBOND,5001,Fama Bliss Discount Bonds - 1-Year (Nominal),2017-12-29,9.8242204722272E+01,D,1.7637635028196E+00
2000047,DISCBOND,5001,Fama Bliss Discount Bonds - 1-Year (Nominal),2018-01-31,9.8142048694747E+01,D,1.8754280317536E+00
2000047,DISCBOND,5001,Fama Bliss Discount Bonds - 1-Year (Nominal),2018-02-28,9.7974756483571E+01,D,2.0460327401064E+00
2000047,DISCBOND,5001,Fama Bliss Discount Bonds - 1-Year (Nominal),2018-03-29,9.7937168705742E+01,D,2.0844048588573E+00
2000047,DISCBOND,5001,Fama Bliss Discount Bonds - 1-Year (Nominal),2018-04-30,9.7780895531213E+01,D,2.2440970245737E+00
2000047,DISCBOND,5001,Fama Bliss Discount Bonds - 1-Year (Nominal),2018-05-31,9.7765863054752E+01,D,2.2594718398858E+00
2000047,DISCBOND,5001,Fama Bliss Discount Bonds - 1-Year (Nominal),2018-06-29,9.7704418692719E+01,D,2.3287202396438E+00
2000047,DISCBOND,5001,Fama Bliss Discount Bonds - 1-Year (Nominal),2018-07-31,9.7591669696761E+01,D,2.4378047679303E+00
2000047,DISCBOND,5001,Fama Bliss Discount Bonds - 1-Year (Nominal),2018-08-31,9.7578933487941E+01,D,2.4575893581361E+00
2000047,DISCBOND,5001,Fama Bliss Discount Bonds - 1-Year (Nominal),2018-09-28,9.7403979106415E+01,D,2.6159781609118E+00
2000047,DISCBOND,5001,Fama Bliss Discount Bonds - 1-Year (Nominal),2018-10-31,9.7348867833633E+01,D,2.6869084092330E+00
2000047,DISCBOND,5001,Fama Bliss Discount Bonds - 1-Year (Nominal),2018-11-30,9.7362501449409E+01,D,2.6802477487713E+00
2000047,DISCBOND,5001,Fama Bliss Discount Bonds - 1-Year (Nominal),2018-12-31,9.7430953289463E+01,D,2.6026230246220E+00
2000047,DISCBOND,5001,Fama Bliss Discount Bonds - 1-Year (Nominal),2019-01-31,9.7499768089454E+01,D,2.5320186556823E+00
2000047,DISCBOND,5001,Fama Bliss Discount Bonds - 1-Year (Nominal),2019-02-28,9.7505984071265E+01,D,2.5256434777771E+00
2000047,DISCBOND,5001,Fama Bliss Discount Bonds - 1-Year (Nominal),2019-03-29,9.7641233817447E+01,D,2.3675708969738E+00
2000047,DISCBOND,5001,Fama Bliss Discount Bonds - 1-Year (Nominal),2019-04-30,9.7664275155170E+01,D,2.3569778217977E+00
2000047,DISCBOND,5001,Fama Bliss Discount Bonds - 1-Year (Nominal),2019-05-31,9.7825179037854E+01,D,2.2048595796663E+00
2000047,DISCBOND,5001,Fama Bliss Discount Bonds - 1-Year (Nominal),2019-06-28,9.8060524921618E+01,D,1.9425633714953E+00
2000047,DISCBOND,5001,Fama Bliss Discount Bonds - 1-Year (Nominal),2019-07-31,9.7975835867427E+01,D,2.0393438542769E+00
2000047,DISCBOND,5001,Fama Bliss Discount Bonds - 1-Year (Nominal),2019-08-30,9.8217547711655E+01,D,1.7887280462113E+00
2000047,DISCBOND,5001,Fama Bliss Discount Bonds - 1-Year (Nominal),2019-09-30,9.8225356346097E+01,D,1.7856870177968E+00
2000047,DISCBOND,5001,Fama Bliss Discount Bonds - 1-Year (Nominal),2019-10-31,9.8501473080951E+01,D,1.5098682785321E+00
2000047,DISCBOND,5001,Fama Bliss Discount Bonds - 1-Year (Nominal),2019-11-29,9.8422149054219E+01,D,1.5817643198772E+00
2000047,DISCBOND,5001,Fama Bliss Discount Bonds - 1-Year (Nominal),2019-12-31,9.8439416518219E+01,D,1.5685913026783E+00
2000047,DISCBOND,5001,Fama Bliss Discount Bonds - 1-Year (Nominal),2020-01-31,9.8575994537982E+01,D,1.4381820008740E+00
2000047,DISCBOND,5001,Fama Bliss Discount Bonds - 1-Year (Nominal),2020-02-28,9.8996580676203E+01,D,1.0112581224122E+00
2000047,DISCBOND,5001,Fama Bliss Discount Bonds - 1-Year (Nominal),2020-03-31,9.9840677356208E+01,D,1.5944969728381E-01
2000047,DISCBOND,5001,Fama Bliss Discount Bonds - 1-Year (Nominal),2020-04-30,9.9843702880802E+01,D,1.5641939056625E-01
2000047,DISCBOND,5001,Fama Bliss Discount Bonds - 1-Year (Nominal),2020-05-29,9.9813151961441E+01,D,1.8753662453293E-01
2000047,DISCBOND,5001,Fama Bliss Discount Bonds - 1-Year (Nominal),2020-06-30,9.9826283159464E+01,D,1.7386790321279E-01
2000047,DISCBOND,5001,Fama Bliss Discount Bonds - 1-Year (Nominal),2020-07-31,9.9874946360984E+01,D,1.2547567084827E-01
2000047,DISCBOND,5001,Fama Bliss Discount Bonds - 1-Year (Nominal),2020-08-31,9.9862169849027E+01,D,1.3792522409501E-01
2000047,DISCBOND,5001,Fama Bliss Discount Bonds - 1-Year (Nominal),2020-09-30,9.9873825987804E+01,D,1.2625367862243E-01
2000047,DISCBOND,5001,Fama Bliss Discount Bonds - 1-Year (Nominal),2020-10-30,9.9869081176833E+01,D,1.3136450530202E-01
2000047,DISCBOND,5001,Fama Bliss Discount Bonds - 1-Year (Nominal),2020-11-30,9.9883907423996E+01,D,1.1616001563523E-01
2000047,DISCBOND,5001,Fama Bliss Discount Bonds - 1-Year (Nominal),2020-12-31,9.9895863718938E+01,D,1.0419054055987E-01
2000047,DISCBOND,5001,Fama Bliss Discount Bonds - 1-Year (Nominal),2021-01-29,9.9911505724236E+01,D,8.8050983761703E-02
2000047,DISCBOND,5001,Fama Bliss Discount Bonds - 1-Year (Nominal),2021-02-26,9.9919951813103E+01,D,7.9643837831726E-02
2000047,DISCBOND,5001,Fama Bliss Discount Bonds - 1-Year (Nominal),2021-03-31,9.9921219575589E+01,D,7.8811472495099E-02
2000047,DISCBOND,5001,Fama Bliss Discount Bonds - 1-Year (Nominal),2021-04-30,9.9927879632945E+01,D,7.2344593874129E-02
2000047,DISCBOND,5001,Fama Bliss Discount Bonds - 1-Year (Nominal),2021-05-28,9.9934219318062E+01,D,6.5265894056064E-02
2000047,DISCBOND,5001,Fama Bliss Discount Bonds - 1-Year (Nominal),2021-06-30,9.9910882122625E+01,D,8.9157610963307E-02
2000047,DISCBOND,5001,Fama Bliss Discount Bonds - 1-Year (Nominal),2021-07-30,9.9936020123116E+01,D,6.4176180737380E-02
2000047,DISCBOND,5001,Fama Bliss Discount Bonds - 1-Year (Nominal),2021-08-31,9.9909636323319E+01,D,9.0404529263891E-02
2000047,DISCBOND,5001,Fama Bliss Discount Bonds - 1-Year (Nominal),2021-09-30,9.9916371595072E+01,D,8.3663392987042E-02
2000047,DISCBOND,5001,Fama Bliss Discount Bonds - 1-Year (Nominal),2021-10-29,9.9849882301172E+01,D,1.4941179330992E-01
2000047,DISCBOND,5001,Fama Bliss Discount Bonds - 1-Year (Nominal),2021-11-30,9.9752267931422E+01,D,2.4803943219798E-01
2000047,DISCBOND,5001,Fama Bliss Discount Bonds - 1-Year (Nominal),2021-12-31,9.9617321654794E+01,D,3.8446578011319E-01
2000047,DISCBOND,5001,Fama Bliss Discount Bonds - 1-Year (Nominal),2022-01-31,9.9213761689257E+01,D,7.8934546127075E-01
2000047,DISCBOND,5001,Fama Bliss Discount Bonds - 1-Year (Nominal),2022-02-28,9.8996729793170E+01,D,1.0083368791310E+00
2000047,DISCBOND,5001,Fama Bliss Discount Bonds - 1-Year (Nominal),2022-03-31,9.8324952234108E+01,D,1.6892353466345E+00
2000047,DISCBOND,5001,Fama Bliss Discount Bonds - 1-Year (Nominal),2022-04-29,9.7909267125932E+01,D,2.1187029425549E+00
2000047,DISCBOND,5001,Fama Bliss Discount Bonds - 1-Year (Nominal),2022-05-31,9.7896644321137E+01,D,2.1257913636255E+00
2000047,DISCBOND,5001,Fama Bliss Discount Bonds - 1-Year (Nominal),2022-06-30,9.7166048715927E+01,D,2.8748828584745E+00
2000047,DISCBOND,5001,Fama Bliss Discount Bonds - 1-Year (Nominal),2022-07-29,9.7091545067463E+01,D,2.9355039383581E+00
2000047,DISCBOND,5001,Fama Bliss Discount Bonds - 1-Year (Nominal),2022-08-31,9.6595504473483E+01,D,3.4637983394113E+00
2000047,DISCBOND,5001,Fama Bliss Discount Bonds - 1-Year (Nominal),2022-09-30,9.5983911200130E+01,D,4.1102210848127E+00
2000047,DISCBOND,5001,Fama Bliss Discount Bonds - 1-Year (Nominal),2022-10-31,9.5428781254527E+01,D,4.6789962734194E+00
2000047,DISCBOND,5001,Fama Bliss Discount Bonds - 1-Year (Nominal),2022-11-30,9.5437499494065E+01,D,4.6698608310459E+00
2000047,DISCBOND,5001,Fama Bliss Discount Bonds - 1-Year (Nominal),2022-12-30,9.5463612423680E+01,D,4.6552576217005E+00
2000047,DISCBOND,5001,Fama Bliss Discount Bonds - 1-Year (Nominal),2023-01-31,9.5455274910740E+01,D,4.6512373742054E+00
2000047,DISCBOND,5001,Fama Bliss Discount Bonds - 1-Year (Nominal),2023-02-28,9.5040942877443E+01,D,5.0723442418489E+00
2000047,DISCBOND,5001,Fama Bliss Discount Bonds - 1-Year (Nominal),2023-03-31,9.5554130355955E+01,D,4.5727851419003E+00
2000047,DISCBOND,5001,Fama Bliss Discount Bonds - 1-Year (Nominal),2023-04-28,9.5340107825396E+01,D,4.7330586116088E+00
2000047,DISCBOND,5001,Fama Bliss Discount Bonds - 1-Year (Nominal),2023-05-31,9.4988619299704E+01,D,5.1272626651458E+00
2000047,DISCBOND,5001,Fama Bliss Discount Bonds - 1-Year (Nominal),2023-06-30,9.4812333584959E+01,D,5.3417034488225E+00
2000047,DISCBOND,5001,Fama Bliss Discount Bonds - 1-Year (Nominal),2023-07-31,9.4825819209685E+01,D,5.2983300780156E+00
2000047,DISCBOND,5001,Fama Bliss Discount Bonds - 1-Year (Nominal),2023-08-31,9.4816352508649E+01,D,5.3228296785662E+00
2000047,DISCBOND,5001,Fama Bliss Discount Bonds - 1-Year (Nominal),2023-09-29,9.4730925198917E+01,D,5.3834694728524E+00
2000047,DISCBOND,5001,Fama Bliss Discount Bonds - 1-Year (Nominal),2023-10-31,9.4771791892453E+01,D,5.3551659252661E+00
2000047,DISCBOND,5001,Fama Bliss Discount Bonds - 1-Year (Nominal),2023-11-30,9.5107985504670E+01,D,5.0157250407109E+00
2000047,DISCBOND,5001,Fama Bliss Discount Bonds - 1-Year (Nominal),2023-12-29,9.5378749311333E+01,D,4.6928670181575E+00
2000047,DISCBOND,5001,Fama Bliss Discount Bonds - 1-Year (Nominal),2024-01-31,9.5430394951841E+01,D,4.6645258767653E+00
2000047,DISCBOND,5001,Fama Bliss Discount Bonds - 1-Year (Nominal),2024-02-29,9.5156200524015E+01,D,4.9650428588630E+00
2000047,DISCBOND,5001,Fama Bliss Discount Bonds - 1-Year (Nominal),2024-03-28,9.5144053685749E+01,D,4.9372288027536E+00
2000047,DISCBOND,5001,Fama Bliss Discount Bonds - 1-Year (Nominal),2024-04-30,9.4946912067767E+01,D,5.1852270925130E+00
2000047,DISCBOND,5001,Fama Bliss Discount Bonds - 1-Year (Nominal),2024-05-31,9.5019767266351E+01,D,5.1225585884562E+00
2000047,DISCBOND,5001,Fama Bliss Discount Bonds - 1-Year (Nominal),2024-06-28,9.5047850530336E+01,D,5.0512948035524E+00
2000047,DISCBOND,5001,Fama Bliss Discount Bonds - 1-Year (Nominal),2024-07-31,9.5442881750958E+01,D,4.6642214281282E+00
2000047,DISCBOND,5001,Fama Bliss Discount Bonds - 1-Year (Nominal),2024-08-30,9.5761807489282E+01,D,4.3425224857506E+00
2000047,DISCBOND,5001,Fama Bliss Discount Bonds - 1-Year (Nominal),2024-09-30,9.6148197139563E+01,D,3.9279464627660E+00
2000047,DISCBOND,5001,Fama Bliss Discount Bonds - 1-Year (Nominal),2024-10-31,9.5866672248610E+01,D,4.2211790583203E+00
2000047,DISCBOND,5001,Fama Bliss Discount Bonds - 1-Year (Nominal),2024-11-29,9.5918694039939E+01,D,4.1783768386692E+00
2000047,DISCBOND,5001,Fama Bliss Discount Bonds - 1-Year (Nominal),2024-12-31,9.5986354301525E+01,D,4.0964147315936E+00
2000048,DISCBOND,5002,Fama Bliss Discount Bonds - 2-Year (Nominal),1952-06-30,9.6253133307545E+01,D,1.9094329752719E+00
2000048,DISCBOND,5002,Fama Bliss Discount Bonds - 2-Year (Nominal),1952-07-31,9.6031453171878E+01,D,2.0274979415143E+00
2000048,DISCBOND,5002,Fama Bliss Discount Bonds - 2-Year (Nominal),1952-08-29,9.5974988198813E+01,D,2.0485160779311E+00
2000048,DISCBOND,5002,Fama Bliss Discount Bonds - 2-Year (Nominal),1952-09-30,9.5909788678866E+01,D,2.0881068789044E+00
2000048,DISCBOND,5002,Fama Bliss Discount Bonds - 2-Year (Nominal),1952-10-31,9.5974490007144E+01,D,2.0600319606682E+00
2000048,DISCBOND,5002,Fama Bliss Discount Bonds - 2-Year (Nominal),1952-11-28,9.5742391863519E+01,D,2.1695071666332E+00
2000048,DISCBOND,5002,Fama Bliss Discount Bonds - 2-Year (Nominal),1952-12-31,9.5713132347133E+01,D,2.1907336417787E+00
2000048,DISCBOND,5002,Fama Bliss Discount Bonds - 2-Year (Nominal),1953-01-30,9.5796107510958E+01,D,2.1444690396343E+00
2000048,DISCBOND,5002,Fama Bliss Discount Bonds - 2-Year (Nominal),1953-02-27,9.5703146578144E+01,D,2.1929463933838E+00
2000048,DISCBOND,5002,Fama Bliss Discount Bonds - 2-Year (Nominal),1953-03-31,9.5667893512459E+01,D,2.2143717403382E+00
2000048,DISCBOND,5002,Fama Bliss Discount Bonds - 2-Year (Nominal),1953-04-30,9.5160909037597E+01,D,2.4834493769710E+00
2000048,DISCBOND,5002,Fama Bliss Discount Bonds - 2-Year (Nominal),1953-05-29,9.4815474484050E+01,D,2.6546050259460E+00
2000048,DISCBOND,5002,Fama Bliss Discount Bonds - 2-Year (Nominal),1953-06-30,9.5231410536387E+01,D,2.4430178000381E+00
2000048,DISCBOND,5002,Fama Bliss Discount Bonds - 2-Year (Nominal),1953-07-31,9.5446887176761E+01,D,2.3364136583165E+00
2000048,DISCBOND,5002,Fama Bliss Discount Bonds - 2-Year (Nominal),1953-08-31,9.5580717000512E+01,D,2.2599545645748E+00
2000048,DISCBOND,5002,Fama Bliss Discount Bonds - 2-Year (Nominal),1953-09-30,9.5858539974714E+01,D,2.1148311590460E+00
2000048,DISCBOND,5002,Fama Bliss Discount Bonds - 2-Year (Nominal),1953-10-30,9.6402590344966E+01,D,1.8293497433927E+00
2000048,DISCBOND,5002,Fama Bliss Discount Bonds - 2-Year (Nominal),1953-11-30,9.6368827313209E+01,D,1.8493702393289E+00
2000048,DISCBOND,5002,Fama Bliss Discount Bonds - 2-Year (Nominal),1953-12-31,9.6469748254920E+01,D,1.7995008871216E+00
2000048,DISCBOND,5002,Fama Bliss Discount Bonds - 2-Year (Nominal),1954-01-29,9.7152792846408E+01,D,1.4403170993540E+00
2000048,DISCBOND,5002,Fama Bliss Discount Bonds - 2-Year (Nominal),1954-02-26,9.7435505202793E+01,D,1.2936592118928E+00
2000048,DISCBOND,5002,Fama Bliss Discount Bonds - 2-Year (Nominal),1954-03-31,9.7608680290315E+01,D,1.2118480209426E+00
2000048,DISCBOND,5002,Fama Bliss Discount Bonds - 2-Year (Nominal),1954-04-30,9.7750437712031E+01,D,1.1360692070735E+00
2000048,DISCBOND,5002,Fama Bliss Discount Bonds - 2-Year (Nominal),1954-05-28,9.7816292171023E+01,D,1.0979357221458E+00
2000048,DISCBOND,5002,Fama Bliss Discount Bonds - 2-Year (Nominal),1954-06-30,9.8191495394499E+01,D,9.1252896610487E-01
2000048,DISCBOND,5002,Fama Bliss Discount Bonds - 2-Year (Nominal),1954-07-30,9.8171259674281E+01,D,9.2031285659392E-01
2000048,DISCBOND,5002,Fama Bliss Discount Bonds - 2-Year (Nominal),1954-08-31,9.8166718813047E+01,D,9.2388142975342E-01
2000048,DISCBOND,5002,Fama Bliss Discount Bonds - 2-Year (Nominal),1954-09-30,9.7918799512026E+01,D,1.0530238568045E+00
2000048,DISCBOND,5002,Fama Bliss Discount Bonds - 2-Year (Nominal),1954-10-29,9.7415311226472E+01,D,1.3039806094656E+00
2000048,DISCBOND,5002,Fama Bliss Discount Bonds - 2-Year (Nominal),1954-11-30,9.7350791822515E+01,D,1.3406295466510E+00
2000048,DISCBOND,5002,Fama Bliss Discount Bonds - 2-Year (Nominal),1954-12-31,9.7073936253252E+01,D,1.4828321482804E+00
2000048,DISCBOND,5002,Fama Bliss Discount Bonds - 2-Year (Nominal),1955-01-31,9.6522318780450E+01,D,1.7673750276711E+00
2000048,DISCBOND,5002,Fama Bliss Discount Bonds - 2-Year (Nominal),1955-02-28,9.6266825189011E+01,D,1.8997186979871E+00
2000048,DISCBOND,5002,Fama Bliss Discount Bonds - 2-Year (Nominal),1955-03-31,9.6026015795573E+01,D,2.0303329445005E+00
2000048,DISCBOND,5002,Fama Bliss Discount Bonds - 2-Year (Nominal),1955-04-29,9.5866967566227E+01,D,2.1046693358036E+00
2000048,DISCBOND,5002,Fama Bliss Discount Bonds - 2-Year (Nominal),1955-05-31,9.5979699443951E+01,D,2.0488673885804E+00
2000048,DISCBOND,5002,Fama Bliss Discount Bonds - 2-Year (Nominal),1955-06-30,9.5772056343799E+01,D,2.1658956062345E+00
2000048,DISCBOND,5002,Fama Bliss Discount Bonds - 2-Year (Nominal),1955-07-29,9.5460228719325E+01,D,2.3135163591736E+00
2000048,DISCBOND,5002,Fama Bliss Discount Bonds - 2-Year (Nominal),1955-08-31,9.5047827757411E+01,D,2.5394985499005E+00
2000048,DISCBOND,5002,Fama Bliss Discount Bonds - 2-Year (Nominal),1955-09-30,9.5336837503310E+01,D,2.3844290398804E+00
2000048,DISCBOND,5002,Fama Bliss Discount Bonds - 2-Year (Nominal),1955-10-31,9.5487493745225E+01,D,2.3055867997266E+00
2000048,DISCBOND,5002,Fama Bliss Discount Bonds - 2-Year (Nominal),1955-11-30,9.5190424069510E+01,D,2.4645418377591E+00
2000048,DISCBOND,5002,Fama Bliss Discount Bonds - 2-Year (Nominal),1955-12-30,9.4870986694642E+01,D,2.6254197375463E+00
2000048,DISCBOND,5002,Fama Bliss Discount Bonds - 2-Year (Nominal),1956-01-31,9.5174055584341E+01,D,2.4697571135014E+00
2000048,DISCBOND,5002,Fama Bliss Discount Bonds - 2-Year (Nominal),1956-02-29,9.5220438699313E+01,D,2.4487787507088E+00
2000048,DISCBOND,5002,Fama Bliss Discount Bonds - 2-Year (Nominal),1956-03-29,9.4716124227250E+01,D,2.7068806465059E+00
2000048,DISCBOND,5002,Fama Bliss Discount Bonds - 2-Year (Nominal),1956-04-30,9.3892497164675E+01,D,3.1509852682936E+00
2000048,DISCBOND,5002,Fama Bliss Discount Bonds - 2-Year (Nominal),1956-05-31,9.4390208387340E+01,D,2.8945726104773E+00
2000048,DISCBOND,5002,Fama Bliss Discount Bonds - 2-Year (Nominal),1956-06-29,9.4510933366715E+01,D,2.8188715990481E+00
2000048,DISCBOND,5002,Fama Bliss Discount Bonds - 2-Year (Nominal),1956-07-31,9.3977722338424E+01,D,3.1056214102961E+00
2000048,DISCBOND,5002,Fama Bliss Discount Bonds - 2-Year (Nominal),1956-08-31,9.3840580758706E+01,D,3.1873723102534E+00
2000048,DISCBOND,5002,Fama Bliss Discount Bonds - 2-Year (Nominal),1956-09-28,9.3739204648372E+01,D,3.2238515143224E+00
2000048,DISCBOND,5002,Fama Bliss Discount Bonds - 2-Year (Nominal),1956-10-31,9.3775683799317E+01,D,3.2132299065928E+00
2000048,DISCBOND,5002,Fama Bliss Discount Bonds - 2-Year (Nominal),1956-11-30,9.3266227612956E+01,D,3.4951819931653E+00
2000048,DISCBOND,5002,Fama Bliss Discount Bonds - 2-Year (Nominal),1956-12-31,9.3099653313581E+01,D,3.5749862759436E+00
2000048,DISCBOND,5002,Fama Bliss Discount Bonds - 2-Year (Nominal),1957-01-31,9.3621072204415E+01,D,3.3002557682986E+00
2000048,DISCBOND,5002,Fama Bliss Discount Bonds - 2-Year (Nominal),1957-02-28,9.3491003916580E+01,D,3.3698647061906E+00
2000048,DISCBOND,5002,Fama Bliss Discount Bonds - 2-Year (Nominal),1957-03-29,9.3737125672190E+01,D,3.2249574117781E+00
2000048,DISCBOND,5002,Fama Bliss Discount Bonds - 2-Year (Nominal),1957-04-30,9.3732661089275E+01,D,3.2361743311851E+00
2000048,DISCBOND,5002,Fama Bliss Discount Bonds - 2-Year (Nominal),1957-05-31,9.3460228872518E+01,D,3.3910005545233E+00
2000048,DISCBOND,5002,Fama Bliss Discount Bonds - 2-Year (Nominal),1957-06-27,9.3188658987793E+01,D,3.5127718289047E+00
2000048,DISCBOND,5002,Fama Bliss Discount Bonds - 2-Year (Nominal),1957-07-31,9.2943558922783E+01,D,3.6588885186263E+00
2000048,DISCBOND,5002,Fama Bliss Discount Bonds - 2-Year (Nominal),1957-08-30,9.2937128017361E+01,D,3.6573381721208E+00
2000048,DISCBOND,5002,Fama Bliss Discount Bonds - 2-Year (Nominal),1957-09-30,9.2533474739008E+01,D,3.8799858932705E+00
2000048,DISCBOND,5002,Fama Bliss Discount Bonds - 2-Year (Nominal),1957-10-31,9.2372300046989E+01,D,3.9725936721818E+00
2000048,DISCBOND,5002,Fama Bliss Discount Bonds - 2-Year (Nominal),1957-11-29,9.4109757405737E+01,D,3.0312702284143E+00
2000048,DISCBOND,5002,Fama Bliss Discount Bonds - 2-Year (Nominal),1957-12-31,9.5035896687177E+01,D,2.5457752946798E+00
2000048,DISCBOND,5002,Fama Bliss Discount Bonds - 2-Year (Nominal),1958-01-31,9.5634533994683E+01,D,2.2379412904390E+00
2000048,DISCBOND,5002,Fama Bliss Discount Bonds - 2-Year (Nominal),1958-02-28,9.6255847484838E+01,D,1.9054129295730E+00
2000048,DISCBOND,5002,Fama Bliss Discount Bonds - 2-Year (Nominal),1958-03-31,9.6192379384999E+01,D,1.9383471268283E+00
2000048,DISCBOND,5002,Fama Bliss Discount Bonds - 2-Year (Nominal),1958-04-30,9.6739582592700E+01,D,1.6573766667934E+00
2000048,DISCBOND,5002,Fama Bliss Discount Bonds - 2-Year (Nominal),1958-05-29,9.7072647768605E+01,D,1.4794471914959E+00
2000048,DISCBOND,5002,Fama Bliss Discount Bonds - 2-Year (Nominal),1958-06-30,9.6717746564420E+01,D,1.6663812158319E+00
2000048,DISCBOND,5002,Fama Bliss Discount Bonds - 2-Year (Nominal),1958-07-31,9.6315881593372E+01,D,1.8794226943839E+00
2000048,DISCBOND,5002,Fama Bliss Discount Bonds - 2-Year (Nominal),1958-08-29,9.3519503517473E+01,D,3.3362981251308E+00
2000048,DISCBOND,5002,Fama Bliss Discount Bonds - 2-Year (Nominal),1958-09-30,9.3425253127207E+01,D,3.3957733256377E+00
2000048,DISCBOND,5002,Fama Bliss Discount Bonds - 2-Year (Nominal),1958-10-31,9.3673732385788E+01,D,3.2631486149319E+00
2000048,DISCBOND,5002,Fama Bliss Discount Bonds - 2-Year (Nominal),1958-11-28,9.3784314357076E+01,D,3.1954962915260E+00
2000048,DISCBOND,5002,Fama Bliss Discount Bonds - 2-Year (Nominal),1958-12-31,9.3949572567617E+01,D,3.1206004855984E+00
2000048,DISCBOND,5002,Fama Bliss Discount Bonds - 2-Year (Nominal),1959-01-30,9.3453324153942E+01,D,3.3761544028341E+00
2000048,DISCBOND,5002,Fama Bliss Discount Bonds - 2-Year (Nominal),1959-02-27,9.3397735132908E+01,D,3.4058235637127E+00
2000048,DISCBOND,5002,Fama Bliss Discount Bonds - 2-Year (Nominal),1959-03-31,9.2863090347238E+01,D,3.7021962155749E+00
2000048,DISCBOND,5002,Fama Bliss Discount Bonds - 2-Year (Nominal),1959-04-30,9.2497884808586E+01,D,3.9045691549545E+00
2000048,DISCBOND,5002,Fama Bliss Discount Bonds - 2-Year (Nominal),1959-05-29,9.2338962073087E+01,D,3.9688900214448E+00
2000048,DISCBOND,5002,Fama Bliss Discount Bonds - 2-Year (Nominal),1959-06-30,9.1774006822766E+01,D,4.2861824561993E+00
2000048,DISCBOND,5002,Fama Bliss Discount Bonds - 2-Year (Nominal),1959-07-31,9.2108185842889E+01,D,4.1046954778244E+00
2000048,DISCBOND,5002,Fama Bliss Discount Bonds - 2-Year (Nominal),1959-08-31,9.1446579431025E+01,D,4.4646448388138E+00
2000048,DISCBOND,5002,Fama Bliss Discount Bonds - 2-Year (Nominal),1959-09-30,9.0927438306547E+01,D,4.7554189397753E+00
2000048,DISCBOND,5002,Fama Bliss Discount Bonds - 2-Year (Nominal),1959-10-30,9.1886401386457E+01,D,4.2192973508938E+00
2000048,DISCBOND,5002,Fama Bliss Discount Bonds - 2-Year (Nominal),1959-11-30,9.0898627138007E+01,D,4.7647373716866E+00
2000048,DISCBOND,5002,Fama Bliss Discount Bonds - 2-Year (Nominal),1959-12-31,9.0640156925320E+01,D,4.9203821438333E+00
2000048,DISCBOND,5002,Fama Bliss Discount Bonds - 2-Year (Nominal),1960-01-29,9.1106689650719E+01,D,4.6378878873215E+00
2000048,DISCBOND,5002,Fama Bliss Discount Bonds - 2-Year (Nominal),1960-02-29,9.1555076913737E+01,D,4.4114730656224E+00
2000048,DISCBOND,5002,Fama Bliss Discount Bonds - 2-Year (Nominal),1960-03-31,9.2767883108934E+01,D,3.7586334742208E+00
2000048,DISCBOND,5002,Fama Bliss Discount Bonds - 2-Year (Nominal),1960-04-29,9.2211738019466E+01,D,4.0485916517481E+00
2000048,DISCBOND,5002,Fama Bliss Discount Bonds - 2-Year (Nominal),1960-05-31,9.1997412082838E+01,D,4.1704869434535E+00
2000048,DISCBOND,5002,Fama Bliss Discount Bonds - 2-Year (Nominal),1960-06-30,9.2877724276269E+01,D,3.6993851809892E+00
2000048,DISCBOND,5002,Fama Bliss Discount Bonds - 2-Year (Nominal),1960-07-29,9.3976620729132E+01,D,3.0977206810776E+00
2000048,DISCBOND,5002,Fama Bliss Discount Bonds - 2-Year (Nominal),1960-08-31,9.4243898293177E+01,D,2.9642050675307E+00
2000048,DISCBOND,5002,Fama Bliss Discount Bonds - 2-Year (Nominal),1960-09-30,9.4738880693222E+01,D,2.7097091343385E+00
2000048,DISCBOND,5002,Fama Bliss Discount Bonds - 2-Year (Nominal),1960-10-31,9.4057773337698E+01,D,3.0630491268967E+00
2000048,DISCBOND,5002,Fama Bliss Discount Bonds - 2-Year (Nominal),1960-11-30,9.3820656692784E+01,D,3.1892566807770E+00
2000048,DISCBOND,5002,Fama Bliss Discount Bonds - 2-Year (Nominal),1960-12-30,9.4583455485727E+01,D,2.7805717247132E+00
2000048,DISCBOND,5002,Fama Bliss Discount Bonds - 2-Year (Nominal),1961-01-31,9.3924826869334E+01,D,3.1337718908030E+00
2000048,DISCBOND,5002,Fama Bliss Discount Bonds - 2-Year (Nominal),1961-02-28,9.3983883893195E+01,D,3.1023433180850E+00
2000048,DISCBOND,5002,Fama Bliss Discount Bonds - 2-Year (Nominal),1961-03-30,9.4353639234228E+01,D,2.9100034676206E+00
2000048,DISCBOND,5002,Fama Bliss Discount Bonds - 2-Year (Nominal),1961-04-28,9.4061700973825E+01,D,3.0525980741550E+00
2000048,DISCBOND,5002,Fama Bliss Discount Bonds - 2-Year (Nominal),1961-05-31,9.3780917940103E+01,D,3.2104392072848E+00
2000048,DISCBOND,5002,Fama Bliss Discount Bonds - 2-Year (Nominal),1961-06-30,9.3710153444268E+01,D,3.2571057926007E+00
2000048,DISCBOND,5002,Fama Bliss Discount Bonds - 2-Year (Nominal),1961-07-31,9.3885759735185E+01,D,3.1545732393420E+00
2000048,DISCBOND,5002,Fama Bliss Discount Bonds - 2-Year (Nominal),1961-08-31,9.3709532099398E+01,D,3.2529697169957E+00
2000048,DISCBOND,5002,Fama Bliss Discount Bonds - 2-Year (Nominal),1961-09-29,9.3980739847550E+01,D,3.0997697464845E+00
2000048,DISCBOND,5002,Fama Bliss Discount Bonds - 2-Year (Nominal),1961-10-31,9.3864437348978E+01,D,3.1659300243840E+00
2000048,DISCBOND,5002,Fama Bliss Discount Bonds - 2-Year (Nominal),1961-11-30,9.3611713530546E+01,D,3.3052610410238E+00
2000048,DISCBOND,5002,Fama Bliss Discount Bonds - 2-Year (Nominal),1961-12-29,9.3437709901801E+01,D,3.3844863117058E+00
2000048,DISCBOND,5002,Fama Bliss Discount Bonds - 2-Year (Nominal),1962-01-31,9.3244850122401E+01,D,3.4970677779321E+00
2000048,DISCBOND,5002,Fama Bliss Discount Bonds - 2-Year (Nominal),1962-02-28,9.3713530289115E+01,D,3.2463803535562E+00
2000048,DISCBOND,5002,Fama Bliss Discount Bonds - 2-Year (Nominal),1962-03-30,9.3887447205595E+01,D,3.1450580403444E+00
2000048,DISCBOND,5002,Fama Bliss Discount Bonds - 2-Year (Nominal),1962-04-30,9.3651188362094E+01,D,3.2751668684561E+00
2000048,DISCBOND,5002,Fama Bliss Discount Bonds - 2-Year (Nominal),1962-05-31,9.3880135379917E+01,D,3.1662434274548E+00
2000048,DISCBOND,5002,Fama Bliss Discount Bonds - 2-Year (Nominal),1962-06-29,9.3450854726374E+01,D,3.3774720194703E+00
2000048,DISCBOND,5002,Fama Bliss Discount Bonds - 2-Year (Nominal),1962-07-31,9.3351110516969E+01,D,3.4354149519196E+00
2000048,DISCBOND,5002,Fama Bliss Discount Bonds - 2-Year (Nominal),1962-08-31,9.3859165243740E+01,D,3.1644036741492E+00
2000048,DISCBOND,5002,Fama Bliss Discount Bonds - 2-Year (Nominal),1962-09-28,9.4010496307746E+01,D,3.0755481673211E+00
2000048,DISCBOND,5002,Fama Bliss Discount Bonds - 2-Year (Nominal),1962-10-31,9.4007110415973E+01,D,3.0899881927871E+00
2000048,DISCBOND,5002,Fama Bliss Discount Bonds - 2-Year (Nominal),1962-11-30,9.3796115110965E+01,D,3.1979566247053E+00
2000048,DISCBOND,5002,Fama Bliss Discount Bonds - 2-Year (Nominal),1962-12-31,9.3784244961701E+01,D,3.2042760022105E+00
2000048,DISCBOND,5002,Fama Bliss Discount Bonds - 2-Year (Nominal),1963-01-31,9.4065229512874E+01,D,3.0632819435800E+00
2000048,DISCBOND,5002,Fama Bliss Discount Bonds - 2-Year (Nominal),1963-02-28,9.3981012043974E+01,D,3.1081288910221E+00
2000048,DISCBOND,5002,Fama Bliss Discount Bonds - 2-Year (Nominal),1963-03-29,9.3834500188860E+01,D,3.1688569404105E+00
2000048,DISCBOND,5002,Fama Bliss Discount Bonds - 2-Year (Nominal),1963-04-30,9.3647113245270E+01,D,3.2773396282123E+00
2000048,DISCBOND,5002,Fama Bliss Discount Bonds - 2-Year (Nominal),1963-05-31,9.3666211528420E+01,D,3.2806213721503E+00
2000048,DISCBOND,5002,Fama Bliss Discount Bonds - 2-Year (Nominal),1963-06-28,9.3627993438958E+01,D,3.2785651001632E+00
2000048,DISCBOND,5002,Fama Bliss Discount Bonds - 2-Year (Nominal),1963-07-31,9.3017387502454E+01,D,3.6191873959076E+00
2000048,DISCBOND,5002,Fama Bliss Discount Bonds - 2-Year (Nominal),1963-08-30,9.2941763549381E+01,D,3.6498548511698E+00
2000048,DISCBOND,5002,Fama Bliss Discount Bonds - 2-Year (Nominal),1963-09-30,9.2923697877628E+01,D,3.6645541991917E+00
2000048,DISCBOND,5002,Fama Bliss Discount Bonds - 2-Year (Nominal),1963-10-31,9.2760220269251E+01,D,3.7627694250452E+00
2000048,DISCBOND,5002,Fama Bliss Discount Bonds - 2-Year (Nominal),1963-11-29,9.2657942093872E+01,D,3.8023584412307E+00
2000048,DISCBOND,5002,Fama Bliss Discount Bonds - 2-Year (Nominal),1963-12-31,9.2472309032965E+01,D,3.9076944098009E+00
2000048,DISCBOND,5002,Fama Bliss Discount Bonds - 2-Year (Nominal),1964-01-31,9.2499533751202E+01,D,3.8929962400769E+00
2000048,DISCBOND,5002,Fama Bliss Discount Bonds - 2-Year (Nominal),1964-02-28,9.2336436758903E+01,D,3.9811143264463E+00
2000048,DISCBOND,5002,Fama Bliss Discount Bonds - 2-Year (Nominal),1964-03-31,9.2170758020182E+01,D,4.0763631931671E+00
2000048,DISCBOND,5002,Fama Bliss Discount Bonds - 2-Year (Nominal),1964-04-30,9.2362071605583E+01,D,3.9781381044931E+00
2000048,DISCBOND,5002,Fama Bliss Discount Bonds - 2-Year (Nominal),1964-05-28,9.2433105008067E+01,D,3.9181476983215E+00
2000048,DISCBOND,5002,Fama Bliss Discount Bonds - 2-Year (Nominal),1964-06-30,9.2721474983296E+01,D,3.7785039576420E+00
2000048,DISCBOND,5002,Fama Bliss Discount Bonds - 2-Year (Nominal),1964-07-31,9.2952817574709E+01,D,3.6639463454947E+00
2000048,DISCBOND,5002,Fama Bliss Discount Bonds - 2-Year (Nominal),1964-08-31,9.2804481492959E+01,D,3.7337627705982E+00
2000048,DISCBOND,5002,Fama Bliss Discount Bonds - 2-Year (Nominal),1964-09-30,9.2686819984102E+01,D,3.7971951384241E+00
2000048,DISCBOND,5002,Fama Bliss Discount Bonds - 2-Year (Nominal),1964-10-30,9.2557356171118E+01,D,3.8617932291829E+00
2000048,DISCBOND,5002,Fama Bliss Discount Bonds - 2-Year (Nominal),1964-11-30,9.2260351249794E+01,D,4.0277850346264E+00
2000048,DISCBOND,5002,Fama Bliss Discount Bonds - 2-Year (Nominal),1964-12-31,9.2444754774473E+01,D,3.9333364075243E+00
2000048,DISCBOND,5002,Fama Bliss Discount Bonds - 2-Year (Nominal),1965-01-29,9.2425547315950E+01,D,3.9275775774283E+00
2000048,DISCBOND,5002,Fama Bliss Discount Bonds - 2-Year (Nominal),1965-02-26,9.2228135607122E+01,D,4.0341946830440E+00
2000048,DISCBOND,5002,Fama Bliss Discount Bonds - 2-Year (Nominal),1965-03-31,9.2262734697643E+01,D,4.0264933545977E+00
2000048,DISCBOND,5002,Fama Bliss Discount Bonds - 2-Year (Nominal),1965-04-30,9.2286271637021E+01,D,4.0247665293254E+00
2000048,DISCBOND,5002,Fama Bliss Discount Bonds - 2-Year (Nominal),1965-05-28,9.2225011573316E+01,D,4.0303777217292E+00
2000048,DISCBOND,5002,Fama Bliss Discount Bonds - 2-Year (Nominal),1965-06-30,9.2437734166601E+01,D,3.9317456138905E+00
2000048,DISCBOND,5002,Fama Bliss Discount Bonds - 2-Year (Nominal),1965-07-30,9.2302478908086E+01,D,3.9994806590288E+00
2000048,DISCBOND,5002,Fama Bliss Discount Bonds - 2-Year (Nominal),1965-08-31,9.2151635685267E+01,D,4.0867375891364E+00
2000048,DISCBOND,5002,Fama Bliss Discount Bonds - 2-Year (Nominal),1965-09-30,9.1869370871821E+01,D,4.2459413422660E+00
2000048,DISCBOND,5002,Fama Bliss Discount Bonds - 2-Year (Nominal),1965-10-29,9.1819922581073E+01,D,4.2553860234576E+00
2000048,DISCBOND,5002,Fama Bliss Discount Bonds - 2-Year (Nominal),1965-11-30,9.1776532781275E+01,D,4.2906777616273E+00
2000048,DISCBOND,5002,Fama Bliss Discount Bonds - 2-Year (Nominal),1965-12-31,9.0855779084955E+01,D,4.8080119427949E+00
2000048,DISCBOND,5002,Fama Bliss Discount Bonds - 2-Year (Nominal),1966-01-31,9.0803561088104E+01,D,4.8235841058953E+00
2000048,DISCBOND,5002,Fama Bliss Discount Bonds - 2-Year (Nominal),1966-02-28,9.0652732954272E+01,D,4.8999927362900E+00
2000048,DISCBOND,5002,Fama Bliss Discount Bonds - 2-Year (Nominal),1966-03-31,9.0993272237559E+01,D,4.7257042465932E+00
2000048,DISCBOND,5002,Fama Bliss Discount Bonds - 2-Year (Nominal),1966-04-29,9.0763610524049E+01,D,4.8323480956270E+00
2000048,DISCBOND,5002,Fama Bliss Discount Bonds - 2-Year (Nominal),1966-05-31,9.0464318143072E+01,D,5.0038797690535E+00
2000048,DISCBOND,5002,Fama Bliss Discount Bonds - 2-Year (Nominal),1966-06-30,9.0354378963156E+01,D,5.0784920072065E+00
2000048,DISCBOND,5002,Fama Bliss Discount Bonds - 2-Year (Nominal),1966-07-29,9.0101544682629E+01,D,5.1903139007278E+00
2000048,DISCBOND,5002,Fama Bliss Discount Bonds - 2-Year (Nominal),1966-08-31,8.8975433471579E+01,D,5.8404941384017E+00
2000048,DISCBOND,5002,Fama Bliss Discount Bonds - 2-Year (Nominal),1966-09-30,8.9765034874666E+01,D,5.3913472659468E+00
2000048,DISCBOND,5002,Fama Bliss Discount Bonds - 2-Year (Nominal),1966-10-31,8.9957578727616E+01,D,5.2843598783687E+00
2000048,DISCBOND,5002,Fama Bliss Discount Bonds - 2-Year (Nominal),1966-11-30,8.9845496870211E+01,D,5.3539346160214E+00
2000048,DISCBOND,5002,Fama Bliss Discount Bonds - 2-Year (Nominal),1966-12-30,9.0841180671559E+01,D,4.7897510841685E+00
2000048,DISCBOND,5002,Fama Bliss Discount Bonds - 2-Year (Nominal),1967-01-31,9.1394025199782E+01,D,4.4933487141542E+00
2000048,DISCBOND,5002,Fama Bliss Discount Bonds - 2-Year (Nominal),1967-02-28,9.1136556968500E+01,D,4.6342106923295E+00
2000048,DISCBOND,5002,Fama Bliss Discount Bonds - 2-Year (Nominal),1967-03-31,9.2099947788556E+01,D,4.1260950340507E+00
2000048,DISCBOND,5002,Fama Bliss Discount Bonds - 2-Year (Nominal),1967-04-28,9.1659534203060E+01,D,4.3366377089102E+00
2000048,DISCBOND,5002,Fama Bliss Discount Bonds - 2-Year (Nominal),1967-05-31,9.1731342778838E+01,D,4.3212228894389E+00
2000048,DISCBOND,5002,Fama Bliss Discount Bonds - 2-Year (Nominal),1967-06-30,9.0614682592304E+01,D,4.9209553069989E+00
2000048,DISCBOND,5002,Fama Bliss Discount Bonds - 2-Year (Nominal),1967-07-31,9.0707406819795E+01,D,4.8698874032491E+00
2000048,DISCBOND,5002,Fama Bliss Discount Bonds - 2-Year (Nominal),1967-08-31,9.0228585494973E+01,D,5.1482472274902E+00
2000048,DISCBOND,5002,Fama Bliss Discount Bonds - 2-Year (Nominal),1967-09-29,9.0114953341244E+01,D,5.1899845505478E+00
2000048,DISCBOND,5002,Fama Bliss Discount Bonds - 2-Year (Nominal),1967-10-31,8.9463728531700E+01,D,5.5592301647566E+00
2000048,DISCBOND,5002,Fama Bliss Discount Bonds - 2-Year (Nominal),1967-11-30,8.9476786580720E+01,D,5.5671743698262E+00
2000048,DISCBOND,5002,Fama Bliss Discount Bonds - 2-Year (Nominal),1967-12-29,8.9181756996164E+01,D,5.7012545466314E+00
2000048,DISCBOND,5002,Fama Bliss Discount Bonds - 2-Year (Nominal),1968-01-31,8.9918952671874E+01,D,5.3130723621450E+00
2000048,DISCBOND,5002,Fama Bliss Discount Bonds - 2-Year (Nominal),1968-02-29,8.9834377855600E+01,D,5.3674755538459E+00
2000048,DISCBOND,5002,Fama Bliss Discount Bonds - 2-Year (Nominal),1968-03-29,8.9549474314120E+01,D,5.5038674293474E+00
2000048,DISCBOND,5002,Fama Bliss Discount Bonds - 2-Year (Nominal),1968-04-30,8.9369212027368E+01,D,5.6196973801961E+00
2000048,DISCBOND,5002,Fama Bliss Discount Bonds - 2-Year (Nominal),1968-05-31,8.9102989061801E+01,D,5.7847140280002E+00
2000048,DISCBOND,5002,Fama Bliss Discount Bonds - 2-Year (Nominal),1968-06-28,8.9505699017411E+01,D,5.5282485701668E+00
2000048,DISCBOND,5002,Fama Bliss Discount Bonds - 2-Year (Nominal),1968-07-31,8.9905553116231E+01,D,5.3205238246751E+00
2000048,DISCBOND,5002,Fama Bliss Discount Bonds - 2-Year (Nominal),1968-08-30,9.0235346133777E+01,D,5.1304206245897E+00
2000048,DISCBOND,5002,Fama Bliss Discount Bonds - 2-Year (Nominal),1968-09-30,8.9881650212578E+01,D,5.3338189331981E+00
2000048,DISCBOND,5002,Fama Bliss Discount Bonds - 2-Year (Nominal),1968-10-31,8.9632884480734E+01,D,5.4799026638383E+00
2000048,DISCBOND,5002,Fama Bliss Discount Bonds - 2-Year (Nominal),1968-11-29,8.9463522924204E+01,D,5.5593449187845E+00
2000048,DISCBOND,5002,Fama Bliss Discount Bonds - 2-Year (Nominal),1968-12-31,8.8171437699201E+01,D,6.2943555515694E+00
2000048,DISCBOND,5002,Fama Bliss Discount Bonds - 2-Year (Nominal),1969-01-31,8.8475963290190E+01,D,6.1387824592688E+00
2000048,DISCBOND,5002,Fama Bliss Discount Bonds - 2-Year (Nominal),1969-02-28,8.8199501988101E+01,D,6.2956922199446E+00
2000048,DISCBOND,5002,Fama Bliss Discount Bonds - 2-Year (Nominal),1969-03-28,8.8655871972708E+01,D,5.9957559047636E+00
2000048,DISCBOND,5002,Fama Bliss Discount Bonds - 2-Year (Nominal),1969-04-30,8.8563076887032E+01,D,6.0727577330542E+00
2000048,DISCBOND,5002,Fama Bliss Discount Bonds - 2-Year (Nominal),1969-05-29,8.7886602566667E+01,D,6.4649966382591E+00
2000048,DISCBOND,5002,Fama Bliss Discount Bonds - 2-Year (Nominal),1969-06-30,8.6916902322067E+01,D,7.0108834749612E+00
2000048,DISCBOND,5002,Fama Bliss Discount Bonds - 2-Year (Nominal),1969-07-31,8.6507379833106E+01,D,7.2569640256832E+00
2000048,DISCBOND,5002,Fama Bliss Discount Bonds - 2-Year (Nominal),1969-08-29,8.6407292521648E+01,D,7.2849468885011E+00
2000048,DISCBOND,5002,Fama Bliss Discount Bonds - 2-Year (Nominal),1969-09-30,8.5533361633741E+01,D,7.8131845802401E+00
2000048,DISCBOND,5002,Fama Bliss Discount Bonds - 2-Year (Nominal),1969-10-31,8.6583333739782E+01,D,7.2229311716002E+00
2000048,DISCBOND,5002,Fama Bliss Discount Bonds - 2-Year (Nominal),1969-11-28,8.6107356752054E+01,D,7.4583330806524E+00
2000048,DISCBOND,5002,Fama Bliss Discount Bonds - 2-Year (Nominal),1969-12-31,8.5023089831294E+01,D,8.1123660656285E+00
2000048,DISCBOND,5002,Fama Bliss Discount Bonds - 2-Year (Nominal),1970-01-30,8.5221270171175E+01,D,7.9850183122886E+00
2000048,DISCBOND,5002,Fama Bliss Discount Bonds - 2-Year (Nominal),1970-02-27,8.6869780133760E+01,D,7.0187690938127E+00
2000048,DISCBOND,5002,Fama Bliss Discount Bonds - 2-Year (Nominal),1970-03-31,8.7098465650675E+01,D,6.9065459117861E+00
2000048,DISCBOND,5002,Fama Bliss Discount Bonds - 2-Year (Nominal),1970-04-30,8.5958918280920E+01,D,7.5754121845289E+00
2000048,DISCBOND,5002,Fama Bliss Discount Bonds - 2-Year (Nominal),1970-05-29,8.5608008197986E+01,D,7.7377687541802E+00
2000048,DISCBOND,5002,Fama Bliss Discount Bonds - 2-Year (Nominal),1970-06-30,8.6141167909122E+01,D,7.4489334122940E+00
2000048,DISCBOND,5002,Fama Bliss Discount Bonds - 2-Year (Nominal),1970-07-31,8.6603393192167E+01,D,7.1817214873979E+00
2000048,DISCBOND,5002,Fama Bliss Discount Bonds - 2-Year (Nominal),1970-08-31,8.6905196190034E+01,D,7.0080180179838E+00
2000048,DISCBOND,5002,Fama Bliss Discount Bonds - 2-Year (Nominal),1970-09-30,8.7720227493671E+01,D,6.5508834517331E+00
2000048,DISCBOND,5002,Fama Bliss Discount Bonds - 2-Year (Nominal),1970-10-30,8.7767674894843E+01,D,6.5060214660349E+00
2000048,DISCBOND,5002,Fama Bliss Discount Bonds - 2-Year (Nominal),1970-11-30,8.9910986557676E+01,D,5.3102278967527E+00
2000048,DISCBOND,5002,Fama Bliss Discount Bonds - 2-Year (Nominal),1970-12-31,8.9778108432776E+01,D,5.3988467646800E+00
2000048,DISCBOND,5002,Fama Bliss Discount Bonds - 2-Year (Nominal),1971-01-29,9.1097178236652E+01,D,4.6430867265765E+00
2000048,DISCBOND,5002,Fama Bliss Discount Bonds - 2-Year (Nominal),1971-02-26,9.1764619733884E+01,D,4.2795811812320E+00
2000048,DISCBOND,5002,Fama Bliss Discount Bonds - 2-Year (Nominal),1971-03-31,9.2045895896364E+01,D,4.1441432446900E+00
2000048,DISCBOND,5002,Fama Bliss Discount Bonds - 2-Year (Nominal),1971-04-30,9.0084112826756E+01,D,5.2141755660840E+00
2000048,DISCBOND,5002,Fama Bliss Discount Bonds - 2-Year (Nominal),1971-05-28,8.9691237218711E+01,D,5.4102105789919E+00
2000048,DISCBOND,5002,Fama Bliss Discount Bonds - 2-Year (Nominal),1971-06-30,8.8227656629905E+01,D,6.2624852447398E+00
2000048,DISCBOND,5002,Fama Bliss Discount Bonds - 2-Year (Nominal),1971-07-30,8.8111949498756E+01,D,6.3108115828151E+00
2000048,DISCBOND,5002,Fama Bliss Discount Bonds - 2-Year (Nominal),1971-08-31,8.9669935157797E+01,D,5.4442743128001E+00
2000048,DISCBOND,5002,Fama Bliss Discount Bonds - 2-Year (Nominal),1971-09-30,8.9786248634852E+01,D,5.3943072399847E+00
2000048,DISCBOND,5002,Fama Bliss Discount Bonds - 2-Year (Nominal),1971-10-29,9.0523873708226E+01,D,4.9574555868466E+00
2000048,DISCBOND,5002,Fama Bliss Discount Bonds - 2-Year (Nominal),1971-11-30,9.0368471375118E+01,D,5.0568102470471E+00
2000048,DISCBOND,5002,Fama Bliss Discount Bonds - 2-Year (Nominal),1971-12-31,9.0787822885248E+01,D,4.8256404757838E+00
2000048,DISCBOND,5002,Fama Bliss Discount Bonds - 2-Year (Nominal),1972-01-31,9.0831558876584E+01,D,4.8015922924217E+00
2000048,DISCBOND,5002,Fama Bliss Discount Bonds - 2-Year (Nominal),1972-02-29,9.0908907715298E+01,D,4.7656097469039E+00
2000048,DISCBOND,5002,Fama Bliss Discount Bonds - 2-Year (Nominal),1972-03-30,8.9554336572713E+01,D,5.5237984617674E+00
2000048,DISCBOND,5002,Fama Bliss Discount Bonds - 2-Year (Nominal),1972-04-28,9.0262594311973E+01,D,5.1083570873133E+00
2000048,DISCBOND,5002,Fama Bliss Discount Bonds - 2-Year (Nominal),1972-05-31,9.0585705698302E+01,D,4.9436879568086E+00
2000048,DISCBOND,5002,Fama Bliss Discount Bonds - 2-Year (Nominal),1972-06-30,8.9731223209126E+01,D,5.4324533074656E+00
2000048,DISCBOND,5002,Fama Bliss Discount Bonds - 2-Year (Nominal),1972-07-31,9.0042547424787E+01,D,5.2443939102106E+00
2000048,DISCBOND,5002,Fama Bliss Discount Bonds - 2-Year (Nominal),1972-08-31,8.9363869511895E+01,D,5.6303993541937E+00
2000048,DISCBOND,5002,Fama Bliss Discount Bonds - 2-Year (Nominal),1972-09-29,8.9056894637548E+01,D,5.7868106241555E+00
2000048,DISCBOND,5002,Fama Bliss Discount Bonds - 2-Year (Nominal),1972-10-31,8.9129761073060E+01,D,5.7538444252926E+00
2000048,DISCBOND,5002,Fama Bliss Discount Bonds - 2-Year (Nominal),1972-11-30,8.9345861434654E+01,D,5.6404898957830E+00
2000048,DISCBOND,5002,Fama Bliss Discount Bonds - 2-Year (Nominal),1972-12-29,8.8811672313791E+01,D,5.9163958166108E+00
2000048,DISCBOND,5002,Fama Bliss Discount Bonds - 2-Year (Nominal),1973-01-31,8.8322845943403E+01,D,6.2085690443699E+00
2000048,DISCBOND,5002,Fama Bliss Discount Bonds - 2-Year (Nominal),1973-02-28,8.7779247875844E+01,D,6.5172535025419E+00
2000048,DISCBOND,5002,Fama Bliss Discount Bonds - 2-Year (Nominal),1973-03-30,8.7269669003092E+01,D,6.7990471368301E+00
2000048,DISCBOND,5002,Fama Bliss Discount Bonds - 2-Year (Nominal),1973-04-30,8.7579749012684E+01,D,6.6310195212626E+00
2000048,DISCBOND,5002,Fama Bliss Discount Bonds - 2-Year (Nominal),1973-05-31,8.7424850986629E+01,D,6.7287478328503E+00
2000048,DISCBOND,5002,Fama Bliss Discount Bonds - 2-Year (Nominal),1973-06-29,8.6981783350537E+01,D,6.9640340489298E+00
2000048,DISCBOND,5002,Fama Bliss Discount Bonds - 2-Year (Nominal),1973-07-31,8.5281400912797E+01,D,7.9606899245819E+00
2000048,DISCBOND,5002,Fama Bliss Discount Bonds - 2-Year (Nominal),1973-08-31,8.5837170169133E+01,D,7.6568808224407E+00
2000048,DISCBOND,5002,Fama Bliss Discount Bonds - 2-Year (Nominal),1973-09-28,8.6974012613131E+01,D,6.9589753534670E+00
2000048,DISCBOND,5002,Fama Bliss Discount Bonds - 2-Year (Nominal),1973-10-31,8.7421710255858E+01,D,6.7213266538138E+00
2000048,DISCBOND,5002,Fama Bliss Discount Bonds - 2-Year (Nominal),1973-11-30,8.7503700687263E+01,D,6.6927917096143E+00
2000048,DISCBOND,5002,Fama Bliss Discount Bonds - 2-Year (Nominal),1973-12-31,8.7478510451558E+01,D,6.6888508813606E+00
2000048,DISCBOND,5002,Fama Bliss Discount Bonds - 2-Year (Nominal),1974-01-31,8.7529161417727E+01,D,6.6690444119538E+00
2000048,DISCBOND,5002,Fama Bliss Discount Bonds - 2-Year (Nominal),1974-02-28,8.7275862964559E+01,D,6.8141467003690E+00
2000048,DISCBOND,5002,Fama Bliss Discount Bonds - 2-Year (Nominal),1974-03-29,8.5701828618540E+01,D,7.6832263835664E+00
2000048,DISCBOND,5002,Fama Bliss Discount Bonds - 2-Year (Nominal),1974-04-30,8.4944776545299E+01,D,8.1472807816426E+00
2000048,DISCBOND,5002,Fama Bliss Discount Bonds - 2-Year (Nominal),1974-05-31,8.5300799684473E+01,D,7.9711569677981E+00
2000048,DISCBOND,5002,Fama Bliss Discount Bonds - 2-Year (Nominal),1974-06-28,8.4697078865219E+01,D,8.2704655699131E+00
2000048,DISCBOND,5002,Fama Bliss Discount Bonds - 2-Year (Nominal),1974-07-31,8.4591843914316E+01,D,8.3666165827813E+00
2000048,DISCBOND,5002,Fama Bliss Discount Bonds - 2-Year (Nominal),1974-08-30,8.4064066168604E+01,D,8.6558348534057E+00
2000048,DISCBOND,5002,Fama Bliss Discount Bonds - 2-Year (Nominal),1974-09-30,8.5136678381422E+01,D,8.0346057116513E+00
2000048,DISCBOND,5002,Fama Bliss Discount Bonds - 2-Year (Nominal),1974-10-31,8.5740544992742E+01,D,7.7027701584979E+00
2000048,DISCBOND,5002,Fama Bliss Discount Bonds - 2-Year (Nominal),1974-11-29,8.6567302352363E+01,D,7.1926947894469E+00
2000048,DISCBOND,5002,Fama Bliss Discount Bonds - 2-Year (Nominal),1974-12-31,8.6625019754724E+01,D,7.1692541458904E+00
2000048,DISCBOND,5002,Fama Bliss Discount Bonds - 2-Year (Nominal),1975-01-31,8.7545883526096E+01,D,6.6412597484084E+00
2000048,DISCBOND,5002,Fama Bliss Discount Bonds - 2-Year (Nominal),1975-02-28,8.8318253360709E+01,D,6.2026722022617E+00
2000048,DISCBOND,5002,Fama Bliss Discount Bonds - 2-Year (Nominal),1975-03-31,8.7470419531327E+01,D,6.6843190316977E+00
2000048,DISCBOND,5002,Fama Bliss Discount Bonds - 2-Year (Nominal),1975-04-30,8.6275494508656E+01,D,7.3812292624071E+00
2000048,DISCBOND,5002,Fama Bliss Discount Bonds - 2-Year (Nominal),1975-05-30,8.7296669914977E+01,D,6.7743337975894E+00
2000048,DISCBOND,5002,Fama Bliss Discount Bonds - 2-Year (Nominal),1975-06-30,8.6813519984274E+01,D,7.0607186161061E+00
2000048,DISCBOND,5002,Fama Bliss Discount Bonds - 2-Year (Nominal),1975-07-31,8.6024377219804E+01,D,7.5372987534613E+00
2000048,DISCBOND,5002,Fama Bliss Discount Bonds - 2-Year (Nominal),1975-08-29,8.5765199561217E+01,D,7.6464195498510E+00
2000048,DISCBOND,5002,Fama Bliss Discount Bonds - 2-Year (Nominal),1975-09-30,8.5188442779453E+01,D,8.0042557631007E+00
2000048,DISCBOND,5002,Fama Bliss Discount Bonds - 2-Year (Nominal),1975-10-31,8.7079686069099E+01,D,6.9078649268202E+00
2000048,DISCBOND,5002,Fama Bliss Discount Bonds - 2-Year (Nominal),1975-11-28,8.6654800068833E+01,D,7.1325769236524E+00
2000048,DISCBOND,5002,Fama Bliss Discount Bonds - 2-Year (Nominal),1975-12-31,8.7608895225393E+01,D,6.6143824766045E+00
2000048,DISCBOND,5002,Fama Bliss Discount Bonds - 2-Year (Nominal),1976-01-30,8.8102604488438E+01,D,6.3161002933762E+00
2000048,DISCBOND,5002,Fama Bliss Discount Bonds - 2-Year (Nominal),1976-02-27,8.7488548342092E+01,D,6.6648541446000E+00
2000048,DISCBOND,5002,Fama Bliss Discount Bonds - 2-Year (Nominal),1976-03-31,8.7606845793504E+01,D,6.6155521385750E+00
2000048,DISCBOND,5002,Fama Bliss Discount Bonds - 2-Year (Nominal),1976-04-30,8.7733747193701E+01,D,6.5611539530246E+00
2000048,DISCBOND,5002,Fama Bliss Discount Bonds - 2-Year (Nominal),1976-05-28,8.6510372188959E+01,D,7.2156402808632E+00
2000048,DISCBOND,5002,Fama Bliss Discount Bonds - 2-Year (Nominal),1976-06-30,8.7082005235395E+01,D,6.9159961189448E+00
2000048,DISCBOND,5002,Fama Bliss Discount Bonds - 2-Year (Nominal),1976-07-30,8.7524971599123E+01,D,6.6531882443483E+00
2000048,DISCBOND,5002,Fama Bliss Discount Bonds - 2-Year (Nominal),1976-08-31,8.7849662021633E+01,D,6.4771609291705E+00
2000048,DISCBOND,5002,Fama Bliss Discount Bonds - 2-Year (Nominal),1976-09-30,8.8314446596762E+01,D,6.2218472555176E+00
2000048,DISCBOND,5002,Fama Bliss Discount Bonds - 2-Year (Nominal),1976-10-29,8.8744235744845E+01,D,5.9542725178451E+00
2000048,DISCBOND,5002,Fama Bliss Discount Bonds - 2-Year (Nominal),1976-11-30,8.9896305092036E+01,D,5.3256672777488E+00
2000048,DISCBOND,5002,Fama Bliss Discount Bonds - 2-Year (Nominal),1976-12-31,8.9969854596303E+01,D,5.2992948856483E+00
2000048,DISCBOND,5002,Fama Bliss Discount Bonds - 2-Year (Nominal),1977-01-31,8.8556424092356E+01,D,6.0765138381935E+00
2000048,DISCBOND,5002,Fama Bliss Discount Bonds - 2-Year (Nominal),1977-02-28,8.8712972012493E+01,D,5.9882030726171E+00
2000048,DISCBOND,5002,Fama Bliss Discount Bonds - 2-Year (Nominal),1977-03-31,8.8857297043000E+01,D,5.9150281281910E+00
2000048,DISCBOND,5002,Fama Bliss Discount Bonds - 2-Year (Nominal),1977-04-29,8.8675619971799E+01,D,6.0010391079951E+00
2000048,DISCBOND,5002,Fama Bliss Discount Bonds - 2-Year (Nominal),1977-05-31,8.8548226673522E+01,D,6.0811424116410E+00
2000048,DISCBOND,5002,Fama Bliss Discount Bonds - 2-Year (Nominal),1977-06-30,8.8757109651245E+01,D,5.9715127543228E+00
2000048,DISCBOND,5002,Fama Bliss Discount Bonds - 2-Year (Nominal),1977-07-29,8.8004512921842E+01,D,6.3716480592331E+00
2000048,DISCBOND,5002,Fama Bliss Discount Bonds - 2-Year (Nominal),1977-08-31,8.7843412969873E+01,D,6.4807177294387E+00
2000048,DISCBOND,5002,Fama Bliss Discount Bonds - 2-Year (Nominal),1977-09-30,8.7499613011446E+01,D,6.6951338971945E+00
2000048,DISCBOND,5002,Fama Bliss Discount Bonds - 2-Year (Nominal),1977-10-31,8.6902087921613E+01,D,7.0194063644737E+00
2000048,DISCBOND,5002,Fama Bliss Discount Bonds - 2-Year (Nominal),1977-11-30,8.6965074068325E+01,D,6.9831797712821E+00
2000048,DISCBOND,5002,Fama Bliss Discount Bonds - 2-Year (Nominal),1977-12-30,8.6778238606636E+01,D,7.0810151520542E+00
2000048,DISCBOND,5002,Fama Bliss Discount Bonds - 2-Year (Nominal),1978-01-31,8.6370540745301E+01,D,7.3261765957718E+00
2000048,DISCBOND,5002,Fama Bliss Discount Bonds - 2-Year (Nominal),1978-02-28,8.6188798933628E+01,D,7.4213317896603E+00
2000048,DISCBOND,5002,Fama Bliss Discount Bonds - 2-Year (Nominal),1978-03-31,8.5964616262596E+01,D,7.5513763307607E+00
2000048,DISCBOND,5002,Fama Bliss Discount Bonds - 2-Year (Nominal),1978-04-28,8.5832203491131E+01,D,7.6075321881613E+00
2000048,DISCBOND,5002,Fama Bliss Discount Bonds - 2-Year (Nominal),1978-05-31,8.5322396547504E+01,D,7.9366601924733E+00
2000048,DISCBOND,5002,Fama Bliss Discount Bonds - 2-Year (Nominal),1978-06-30,8.4703258966225E+01,D,8.2894500372858E+00
2000048,DISCBOND,5002,Fama Bliss Discount Bonds - 2-Year (Nominal),1978-07-31,8.4724292234447E+01,D,8.2770527058243E+00
2000048,DISCBOND,5002,Fama Bliss Discount Bonds - 2-Year (Nominal),1978-08-31,8.4792778102441E+01,D,8.2593046443762E+00
2000048,DISCBOND,5002,Fama Bliss Discount Bonds - 2-Year (Nominal),1978-09-29,8.4452266897868E+01,D,8.4260999913379E+00
2000048,DISCBOND,5002,Fama Bliss Discount Bonds - 2-Year (Nominal),1978-10-31,8.3114738724311E+01,D,9.2347566024151E+00
2000048,DISCBOND,5002,Fama Bliss Discount Bonds - 2-Year (Nominal),1978-11-30,8.3070787862766E+01,D,9.2865751211323E+00
2000048,DISCBOND,5002,Fama Bliss Discount Bonds - 2-Year (Nominal),1978-12-29,8.2416883173643E+01,D,9.6294210558371E+00
2000048,DISCBOND,5002,Fama Bliss Discount Bonds - 2-Year (Nominal),1979-01-31,8.2913287483321E+01,D,9.3687426708982E+00
2000048,DISCBOND,5002,Fama Bliss Discount Bonds - 2-Year (Nominal),1979-02-28,8.2520956360422E+01,D,9.6058954207110E+00
2000048,DISCBOND,5002,Fama Bliss Discount Bonds - 2-Year (Nominal),1979-03-30,8.2765099404334E+01,D,9.4323440923915E+00
2000048,DISCBOND,5002,Fama Bliss Discount Bonds - 2-Year (Nominal),1979-04-30,8.2456703352664E+01,D,9.6316479020303E+00
2000048,DISCBOND,5002,Fama Bliss Discount Bonds - 2-Year (Nominal),1979-05-31,8.3088760416550E+01,D,9.2757438401524E+00
2000048,DISCBOND,5002,Fama Bliss Discount Bonds - 2-Year (Nominal),1979-06-29,8.4102986119782E+01,D,8.6327544618674E+00
2000048,DISCBOND,5002,Fama Bliss Discount Bonds - 2-Year (Nominal),1979-07-31,8.3427484775099E+01,D,9.0472254291986E+00
2000048,DISCBOND,5002,Fama Bliss Discount Bonds - 2-Year (Nominal),1979-08-31,8.2595709641213E+01,D,9.5475436104498E+00
2000048,DISCBOND,5002,Fama Bliss Discount Bonds - 2-Year (Nominal),1979-09-28,8.2185339603319E+01,D,9.7695139828373E+00
2000048,DISCBOND,5002,Fama Bliss Discount Bonds - 2-Year (Nominal),1979-10-31,7.9233732881152E+01,D,1.1638402881471E+01
2000048,DISCBOND,5002,Fama Bliss Discount Bonds - 2-Year (Nominal),1979-11-30,8.0282145460891E+01,D,1.0966124827200E+01
2000048,DISCBOND,5002,Fama Bliss Discount Bonds - 2-Year (Nominal),1979-12-31,8.0490959204213E+01,D,1.0836421412756E+01
2000048,DISCBOND,5002,Fama Bliss Discount Bonds - 2-Year (Nominal),1980-01-31,7.9689213538518E+01,D,1.1367369111143E+01
2000048,DISCBOND,5002,Fama Bliss Discount Bonds - 2-Year (Nominal),1980-02-29,7.6122612969162E+01,D,1.3678717402832E+01
2000048,DISCBOND,5002,Fama Bliss Discount Bonds - 2-Year (Nominal),1980-03-31,7.5604936420707E+01,D,1.3982430418207E+01
2000048,DISCBOND,5002,Fama Bliss Discount Bonds - 2-Year (Nominal),1980-04-30,8.1037208285811E+01,D,1.0513088761833E+01
2000048,DISCBOND,5002,Fama Bliss Discount Bonds - 2-Year (Nominal),1980-05-30,8.3969591730982E+01,D,8.7597725592149E+00
2000048,DISCBOND,5002,Fama Bliss Discount Bonds - 2-Year (Nominal),1980-06-30,8.3958641747464E+01,D,8.7422934271540E+00
2000048,DISCBOND,5002,Fama Bliss Discount Bonds - 2-Year (Nominal),1980-07-31,8.2765328953157E+01,D,9.4710212309430E+00
2000048,DISCBOND,5002,Fama Bliss Discount Bonds - 2-Year (Nominal),1980-08-29,7.9992636275044E+01,D,1.1131283696800E+01
2000048,DISCBOND,5002,Fama Bliss Discount Bonds - 2-Year (Nominal),1980-09-30,7.9128946096237E+01,D,1.1704571754645E+01
2000048,DISCBOND,5002,Fama Bliss Discount Bonds - 2-Year (Nominal),1980-10-31,7.7746781995429E+01,D,1.2620227771103E+01
2000048,DISCBOND,5002,Fama Bliss Discount Bonds - 2-Year (Nominal),1980-11-28,7.6858890271128E+01,D,1.3123996114941E+01
2000048,DISCBOND,5002,Fama Bliss Discount Bonds - 2-Year (Nominal),1980-12-31,7.8048727411593E+01,D,1.2391842197189E+01
2000048,DISCBOND,5002,Fama Bliss Discount Bonds - 2-Year (Nominal),1981-01-30,7.7795435389213E+01,D,1.2537197173912E+01
2000048,DISCBOND,5002,Fama Bliss Discount Bonds - 2-Year (Nominal),1981-02-27,7.6815880528772E+01,D,1.3169898555345E+01
2000048,DISCBOND,5002,Fama Bliss Discount Bonds - 2-Year (Nominal),1981-03-31,7.7692003657612E+01,D,1.2620892346992E+01
2000048,DISCBOND,5002,Fama Bliss Discount Bonds - 2-Year (Nominal),1981-04-30,7.5185650039524E+01,D,1.4280051562025E+01
2000048,DISCBOND,5002,Fama Bliss Discount Bonds - 2-Year (Nominal),1981-05-29,7.5835345479255E+01,D,1.3792497796751E+01
2000048,DISCBOND,5002,Fama Bliss Discount Bonds - 2-Year (Nominal),1981-06-30,7.5596994363718E+01,D,1.3987683034331E+01
2000048,DISCBOND,5002,Fama Bliss Discount Bonds - 2-Year (Nominal),1981-07-31,7.3941726701529E+01,D,1.5136113475170E+01
2000048,DISCBOND,5002,Fama Bliss Discount Bonds - 2-Year (Nominal),1981-08-31,7.3140625008701E+01,D,1.5639311396437E+01
2000048,DISCBOND,5002,Fama Bliss Discount Bonds - 2-Year (Nominal),1981-09-30,7.3209537311617E+01,D,1.5592224118283E+01
2000048,DISCBOND,5002,Fama Bliss Discount Bonds - 2-Year (Nominal),1981-10-30,7.5608240209096E+01,D,1.3961120780345E+01
2000048,DISCBOND,5002,Fama Bliss Discount Bonds - 2-Year (Nominal),1981-11-30,7.9332181250976E+01,D,1.1576316156835E+01
2000048,DISCBOND,5002,Fama Bliss Discount Bonds - 2-Year (Nominal),1981-12-31,7.6813587126779E+01,D,1.3207524777373E+01
2000048,DISCBOND,5002,Fama Bliss Discount Bonds - 2-Year (Nominal),1982-01-29,7.6376543896595E+01,D,1.3437911816467E+01
2000048,DISCBOND,5002,Fama Bliss Discount Bonds - 2-Year (Nominal),1982-02-26,7.5943912068499E+01,D,1.3702444674374E+01
2000048,DISCBOND,5002,Fama Bliss Discount Bonds - 2-Year (Nominal),1982-03-31,7.5847259678268E+01,D,1.3822430450834E+01
2000048,DISCBOND,5002,Fama Bliss Discount Bonds - 2-Year (Nominal),1982-04-30,7.6345307682689E+01,D,1.3476719488948E+01
2000048,DISCBOND,5002,Fama Bliss Discount Bonds - 2-Year (Nominal),1982-05-28,7.7030380473863E+01,D,1.2977405422792E+01
2000048,DISCBOND,5002,Fama Bliss Discount Bonds - 2-Year (Nominal),1982-06-30,7.5481729182740E+01,D,1.4063977829943E+01
2000048,DISCBOND,5002,Fama Bliss Discount Bonds - 2-Year (Nominal),1982-07-30,7.7369969157010E+01,D,1.2793523352046E+01
2000048,DISCBOND,5002,Fama Bliss Discount Bonds - 2-Year (Nominal),1982-08-31,7.9237923919017E+01,D,1.1619840663922E+01
2000048,DISCBOND,5002,Fama Bliss Discount Bonds - 2-Year (Nominal),1982-09-30,8.0344289379649E+01,D,1.0957468629339E+01
2000048,DISCBOND,5002,Fama Bliss Discount Bonds - 2-Year (Nominal),1982-10-29,8.1935621799346E+01,D,9.9210460970120E+00
2000048,DISCBOND,5002,Fama Bliss Discount Bonds - 2-Year (Nominal),1982-11-30,8.2343626765079E+01,D,9.7001683461419E+00
2000048,DISCBOND,5002,Fama Bliss Discount Bonds - 2-Year (Nominal),1982-12-31,8.3056821130191E+01,D,9.2695630193756E+00
2000048,DISCBOND,5002,Fama Bliss Discount Bonds - 2-Year (Nominal),1983-01-31,8.2910375605896E+01,D,9.3576799663802E+00
2000048,DISCBOND,5002,Fama Bliss Discount Bonds - 2-Year (Nominal),1983-02-28,8.3281736592577E+01,D,9.1345324401177E+00
2000048,DISCBOND,5002,Fama Bliss Discount Bonds - 2-Year (Nominal),1983-03-31,8.2438902173635E+01,D,9.6688823727421E+00
2000048,DISCBOND,5002,Fama Bliss Discount Bonds - 2-Year (Nominal),1983-04-29,8.3142991197483E+01,D,9.2051942523810E+00
2000048,DISCBOND,5002,Fama Bliss Discount Bonds - 2-Year (Nominal),1983-05-31,8.2194126839253E+01,D,9.7909046360231E+00
2000048,DISCBOND,5002,Fama Bliss Discount Bonds - 2-Year (Nominal),1983-06-30,8.1836510128399E+01,D,1.0036083444771E+01
2000048,DISCBOND,5002,Fama Bliss Discount Bonds - 2-Year (Nominal),1983-07-29,8.0681215568925E+01,D,1.0689291904518E+01
2000048,DISCBOND,5002,Fama Bliss Discount Bonds - 2-Year (Nominal),1983-08-31,8.0502922561236E+01,D,1.0843834855703E+01
2000048,DISCBOND,5002,Fama Bliss Discount Bonds - 2-Year (Nominal),1983-09-30,8.1405064479866E+01,D,1.0272562911291E+01
2000048,DISCBOND,5002,Fama Bliss Discount Bonds - 2-Year (Nominal),1983-10-31,8.1321884867675E+01,D,1.0323609054045E+01
2000048,DISCBOND,5002,Fama Bliss Discount Bonds - 2-Year (Nominal),1983-11-30,8.1229572878076E+01,D,1.0394540355930E+01
2000048,DISCBOND,5002,Fama Bliss Discount Bonds - 2-Year (Nominal),1983-12-30,8.0965431566373E+01,D,1.0528549563230E+01
2000048,DISCBOND,5002,Fama Bliss Discount Bonds - 2-Year (Nominal),1984-01-31,8.1299640514672E+01,D,1.0337268945084E+01
2000048,DISCBOND,5002,Fama Bliss Discount Bonds - 2-Year (Nominal),1984-02-29,8.0674055265412E+01,D,1.0737657924735E+01
2000048,DISCBOND,5002,Fama Bliss Discount Bonds - 2-Year (Nominal),1984-03-30,7.9790539942828E+01,D,1.1272819595732E+01
2000048,DISCBOND,5002,Fama Bliss Discount Bonds - 2-Year (Nominal),1984-04-30,7.9321450315803E+01,D,1.1583079906951E+01
2000048,DISCBOND,5002,Fama Bliss Discount Bonds - 2-Year (Nominal),1984-05-31,7.7708299484580E+01,D,1.2627704206914E+01
2000048,DISCBOND,5002,Fama Bliss Discount Bonds - 2-Year (Nominal),1984-06-29,7.7432958839474E+01,D,1.2770389913265E+01
2000048,DISCBOND,5002,Fama Bliss Discount Bonds - 2-Year (Nominal),1984-07-31,7.8304573584658E+01,D,1.2228208682715E+01
2000048,DISCBOND,5002,Fama Bliss Discount Bonds - 2-Year (Nominal),1984-08-31,7.8451310063354E+01,D,1.2167937735044E+01
2000048,DISCBOND,5002,Fama Bliss Discount Bonds - 2-Year (Nominal),1984-09-28,7.9037725384785E+01,D,1.1730108538538E+01
2000048,DISCBOND,5002,Fama Bliss Discount Bonds - 2-Year (Nominal),1984-10-31,8.0538436675599E+01,D,1.0821782064354E+01
2000048,DISCBOND,5002,Fama Bliss Discount Bonds - 2-Year (Nominal),1984-11-30,8.1542221923473E+01,D,1.0230491169978E+01
2000048,DISCBOND,5002,Fama Bliss Discount Bonds - 2-Year (Nominal),1984-12-31,8.2223702576756E+01,D,9.7863286488137E+00
2000048,DISCBOND,5002,Fama Bliss Discount Bonds - 2-Year (Nominal),1985-01-31,8.2420447576493E+01,D,9.6800918747691E+00
2000048,DISCBOND,5002,Fama Bliss Discount Bonds - 2-Year (Nominal),1985-02-28,8.1239686363580E+01,D,1.0402565576302E+01
2000048,DISCBOND,5002,Fama Bliss Discount Bonds - 2-Year (Nominal),1985-03-29,8.1520500641327E+01,D,1.0187871049472E+01
2000048,DISCBOND,5002,Fama Bliss Discount Bonds - 2-Year (Nominal),1985-04-30,8.2258268967361E+01,D,9.7653133419145E+00
2000048,DISCBOND,5002,Fama Bliss Discount Bonds - 2-Year (Nominal),1985-05-31,8.3995542685828E+01,D,8.7442799094271E+00
2000048,DISCBOND,5002,Fama Bliss Discount Bonds - 2-Year (Nominal),1985-06-28,8.4186596842046E+01,D,8.5832075529061E+00
2000048,DISCBOND,5002,Fama Bliss Discount Bonds - 2-Year (Nominal),1985-07-31,8.3802591066893E+01,D,8.8353129662698E+00
2000048,DISCBOND,5002,Fama Bliss Discount Bonds - 2-Year (Nominal),1985-08-30,8.3771737131932E+01,D,8.8416132820684E+00
2000048,DISCBOND,5002,Fama Bliss Discount Bonds - 2-Year (Nominal),1985-09-30,8.4019826246574E+01,D,8.7058694124892E+00
2000048,DISCBOND,5002,Fama Bliss Discount Bonds - 2-Year (Nominal),1985-10-31,8.4324756193697E+01,D,8.5364285464790E+00
2000048,DISCBOND,5002,Fama Bliss Discount Bonds - 2-Year (Nominal),1985-11-29,8.4693391833873E+01,D,8.2952669375702E+00
2000048,DISCBOND,5002,Fama Bliss Discount Bonds - 2-Year (Nominal),1985-12-31,8.5467248270145E+01,D,7.8518472299970E+00
2000048,DISCBOND,5002,Fama Bliss Discount Bonds - 2-Year (Nominal),1986-01-31,8.5544733420282E+01,D,7.8279843275350E+00
2000048,DISCBOND,5002,Fama Bliss Discount Bonds - 2-Year (Nominal),1986-02-28,8.5975770787093E+01,D,7.5448977683537E+00
2000048,DISCBOND,5002,Fama Bliss Discount Bonds - 2-Year (Nominal),1986-03-31,8.7220507928979E+01,D,6.8271827170700E+00
2000048,DISCBOND,5002,Fama Bliss Discount Bonds - 2-Year (Nominal),1986-04-30,8.7455929298060E+01,D,6.7017592335731E+00
2000048,DISCBOND,5002,Fama Bliss Discount Bonds - 2-Year (Nominal),1986-05-30,8.6369143523892E+01,D,7.3069665388037E+00
2000048,DISCBOND,5002,Fama Bliss Discount Bonds - 2-Year (Nominal),1986-06-30,8.7314503027538E+01,D,6.7734018033599E+00
2000048,DISCBOND,5002,Fama Bliss Discount Bonds - 2-Year (Nominal),1986-07-31,8.7883076470837E+01,D,6.4670054788859E+00
2000048,DISCBOND,5002,Fama Bliss Discount Bonds - 2-Year (Nominal),1986-08-29,8.8767534952346E+01,D,5.9330775990873E+00
2000048,DISCBOND,5002,Fama Bliss Discount Bonds - 2-Year (Nominal),1986-09-30,8.8105146177679E+01,D,6.3233000551465E+00
2000048,DISCBOND,5002,Fama Bliss Discount Bonds - 2-Year (Nominal),1986-10-31,8.8405546513570E+01,D,6.1533445258625E+00
2000048,DISCBOND,5002,Fama Bliss Discount Bonds - 2-Year (Nominal),1986-11-28,8.8447625863654E+01,D,6.1128591281865E+00
2000048,DISCBOND,5002,Fama Bliss Discount Bonds - 2-Year (Nominal),1986-12-31,8.8168279669183E+01,D,6.2961464300314E+00
2000048,DISCBOND,5002,Fama Bliss Discount Bonds - 2-Year (Nominal),1987-01-30,8.8312124243133E+01,D,6.1976592760428E+00
2000048,DISCBOND,5002,Fama Bliss Discount Bonds - 2-Year (Nominal),1987-02-27,8.8171726866244E+01,D,6.2769944726639E+00
2000048,DISCBOND,5002,Fama Bliss Discount Bonds - 2-Year (Nominal),1987-03-31,8.7879654025741E+01,D,6.4512564495392E+00
2000048,DISCBOND,5002,Fama Bliss Discount Bonds - 2-Year (Nominal),1987-04-30,8.6539486608779E+01,D,7.2383847708874E+00
2000048,DISCBOND,5002,Fama Bliss Discount Bonds - 2-Year (Nominal),1987-05-29,8.5836352022001E+01,D,7.6051254853457E+00
2000048,DISCBOND,5002,Fama Bliss Discount Bonds - 2-Year (Nominal),1987-06-30,8.6315682204819E+01,D,7.3478787879518E+00
2000048,DISCBOND,5002,Fama Bliss Discount Bonds - 2-Year (Nominal),1987-07-31,8.6079443077020E+01,D,7.4847249448347E+00
2000048,DISCBOND,5002,Fama Bliss Discount Bonds - 2-Year (Nominal),1987-08-31,8.5496277551752E+01,D,7.8241494294516E+00
2000048,DISCBOND,5002,Fama Bliss Discount Bonds - 2-Year (Nominal),1987-09-30,8.4467185381620E+01,D,8.4403532863505E+00
2000048,DISCBOND,5002,Fama Bliss Discount Bonds - 2-Year (Nominal),1987-10-30,8.5810326268813E+01,D,7.6306360229424E+00
2000048,DISCBOND,5002,Fama Bliss Discount Bonds - 2-Year (Nominal),1987-11-30,8.5959065644663E+01,D,7.5546004501514E+00
2000048,DISCBOND,5002,Fama Bliss Discount Bonds - 2-Year (Nominal),1987-12-31,8.5850421524568E+01,D,7.6386483278018E+00
2000048,DISCBOND,5002,Fama Bliss Discount Bonds - 2-Year (Nominal),1988-01-29,8.6645579016378E+01,D,7.1378759962930E+00
2000048,DISCBOND,5002,Fama Bliss Discount Bonds - 2-Year (Nominal),1988-02-29,8.6928961670620E+01,D,7.0039466699689E+00
2000048,DISCBOND,5002,Fama Bliss Discount Bonds - 2-Year (Nominal),1988-03-31,8.6471108781633E+01,D,7.2779613223964E+00
2000048,DISCBOND,5002,Fama Bliss Discount Bonds - 2-Year (Nominal),1988-04-29,8.5843982835076E+01,D,7.6214941380679E+00
2000048,DISCBOND,5002,Fama Bliss Discount Bonds - 2-Year (Nominal),1988-05-31,8.5124455988633E+01,D,8.0527906137216E+00
2000048,DISCBOND,5002,Fama Bliss Discount Bonds - 2-Year (Nominal),1988-06-30,8.5462773282375E+01,D,7.8652395476226E+00
2000048,DISCBOND,5002,Fama Bliss Discount Bonds - 2-Year (Nominal),1988-07-29,8.4731191148160E+01,D,8.2616853234630E+00
2000048,DISCBOND,5002,Fama Bliss Discount Bonds - 2-Year (Nominal),1988-08-31,8.4316843810037E+01,D,8.5294266495493E+00
2000048,DISCBOND,5002,Fama Bliss Discount Bonds - 2-Year (Nominal),1988-09-30,8.4793745958679E+01,D,8.2700779339565E+00
2000048,DISCBOND,5002,Fama Bliss Discount Bonds - 2-Year (Nominal),1988-10-31,8.5084687239388E+01,D,8.0761552516101E+00
2000048,DISCBOND,5002,Fama Bliss Discount Bonds - 2-Year (Nominal),1988-11-30,8.4128264058602E+01,D,8.6413799336826E+00
2000048,DISCBOND,5002,Fama Bliss Discount Bonds - 2-Year (Nominal),1988-12-30,8.3614486144208E+01,D,8.9354297943642E+00
2000048,DISCBOND,5002,Fama Bliss Discount Bonds - 2-Year (Nominal),1989-01-31,8.3684557778178E+01,D,8.9057860199153E+00
2000048,DISCBOND,5002,Fama Bliss Discount Bonds - 2-Year (Nominal),1989-02-28,8.3009440490044E+01,D,9.3107921907798E+00
2000048,DISCBOND,5002,Fama Bliss Discount Bonds - 2-Year (Nominal),1989-03-31,8.2730255042974E+01,D,9.5183570459557E+00
2000048,DISCBOND,5002,Fama Bliss Discount Bonds - 2-Year (Nominal),1989-04-28,8.3356961107738E+01,D,9.0770348070020E+00
2000048,DISCBOND,5002,Fama Bliss Discount Bonds - 2-Year (Nominal),1989-05-31,8.4189927298589E+01,D,8.6047450089318E+00
2000048,DISCBOND,5002,Fama Bliss Discount Bonds - 2-Year (Nominal),1989-06-30,8.5412701334181E+01,D,7.9054274899257E+00
2000048,DISCBOND,5002,Fama Bliss Discount Bonds - 2-Year (Nominal),1989-07-31,8.6311816235415E+01,D,7.3601838407370E+00
2000048,DISCBOND,5002,Fama Bliss Discount Bonds - 2-Year (Nominal),1989-08-31,8.4830620011501E+01,D,8.2369646727573E+00
2000048,DISCBOND,5002,Fama Bliss Discount Bonds - 2-Year (Nominal),1989-09-29,8.4698053595895E+01,D,8.2925186377457E+00
2000048,DISCBOND,5002,Fama Bliss Discount Bonds - 2-Year (Nominal),1989-10-31,8.5769240124859E+01,D,7.6754875238173E+00
2000048,DISCBOND,5002,Fama Bliss Discount Bonds - 2-Year (Nominal),1989-11-30,8.5941445924190E+01,D,7.5855903621173E+00
2000048,DISCBOND,5002,Fama Bliss Discount Bonds - 2-Year (Nominal),1989-12-29,8.5630939369503E+01,D,7.7349847863164E+00
2000048,DISCBOND,5002,Fama Bliss Discount Bonds - 2-Year (Nominal),1990-01-31,8.5048490705761E+01,D,8.0974306633849E+00
2000048,DISCBOND,5002,Fama Bliss Discount Bonds - 2-Year (Nominal),1990-02-28,8.4805673612258E+01,D,8.2403869811697E+00
2000048,DISCBOND,5002,Fama Bliss Discount Bonds - 2-Year (Nominal),1990-03-30,8.4379044014160E+01,D,8.4693519373553E+00
2000048,DISCBOND,5002,Fama Bliss Discount Bonds - 2-Year (Nominal),1990-04-30,8.3927447654492E+01,D,8.7488891834999E+00
2000048,DISCBOND,5002,Fama Bliss Discount Bonds - 2-Year (Nominal),1990-05-31,8.4712361330127E+01,D,8.3068118111992E+00
2000048,DISCBOND,5002,Fama Bliss Discount Bonds - 2-Year (Nominal),1990-06-29,8.5102347622156E+01,D,8.0437407491435E+00
2000048,DISCBOND,5002,Fama Bliss Discount Bonds - 2-Year (Nominal),1990-07-31,8.5645862582079E+01,D,7.7368650014364E+00
2000048,DISCBOND,5002,Fama Bliss Discount Bonds - 2-Year (Nominal),1990-08-31,8.5375499854448E+01,D,7.8947359809572E+00
2000048,DISCBOND,5002,Fama Bliss Discount Bonds - 2-Year (Nominal),1990-09-28,8.5403938177713E+01,D,7.8566112753453E+00
2000048,DISCBOND,5002,Fama Bliss Discount Bonds - 2-Year (Nominal),1990-10-31,8.5895396428966E+01,D,7.6019975323137E+00
2000048,DISCBOND,5002,Fama Bliss Discount Bonds - 2-Year (Nominal),1990-11-30,8.6287079041206E+01,D,7.3644277903752E+00
2000048,DISCBOND,5002,Fama Bliss Discount Bonds - 2-Year (Nominal),1990-12-31,8.6824593681298E+01,D,7.0543498828013E+00
2000048,DISCBOND,5002,Fama Bliss Discount Bonds - 2-Year (Nominal),1991-01-31,8.7091604744789E+01,D,6.9199640557974E+00
2000048,DISCBOND,5002,Fama Bliss Discount Bonds - 2-Year (Nominal),1991-02-28,8.7120084018540E+01,D,6.9035941208046E+00
2000048,DISCBOND,5002,Fama Bliss Discount Bonds - 2-Year (Nominal),1991-03-28,8.6932149523641E+01,D,6.9639544399167E+00
2000048,DISCBOND,5002,Fama Bliss Discount Bonds - 2-Year (Nominal),1991-04-30,8.7485267623530E+01,D,6.6758438683610E+00
2000048,DISCBOND,5002,Fama Bliss Discount Bonds - 2-Year (Nominal),1991-05-31,8.7380434651004E+01,D,6.7634697645083E+00
2000048,DISCBOND,5002,Fama Bliss Discount Bonds - 2-Year (Nominal),1991-06-28,8.7143060304496E+01,D,6.8527902879684E+00
2000048,DISCBOND,5002,Fama Bliss Discount Bonds - 2-Year (Nominal),1991-07-31,8.7477379103135E+01,D,6.6894975291676E+00
2000048,DISCBOND,5002,Fama Bliss Discount Bonds - 2-Year (Nominal),1991-08-30,8.8128827104938E+01,D,6.3012612998045E+00
2000048,DISCBOND,5002,Fama Bliss Discount Bonds - 2-Year (Nominal),1991-09-30,8.8810918041290E+01,D,5.9249133289459E+00
2000048,DISCBOND,5002,Fama Bliss Discount Bonds - 2-Year (Nominal),1991-10-31,8.9396907594818E+01,D,5.6118922725293E+00
2000048,DISCBOND,5002,Fama Bliss Discount Bonds - 2-Year (Nominal),1991-11-29,8.9817230457396E+01,D,5.3549965594758E+00
2000048,DISCBOND,5002,Fama Bliss Discount Bonds - 2-Year (Nominal),1991-12-31,9.0961910133546E+01,D,4.7299874315549E+00
2000048,DISCBOND,5002,Fama Bliss Discount Bonds - 2-Year (Nominal),1992-01-31,9.0399756071542E+01,D,5.0395273980950E+00
2000048,DISCBOND,5002,Fama Bliss Discount Bonds - 2-Year (Nominal),1992-02-28,9.0043594550584E+01,D,5.2366389888416E+00
2000048,DISCBOND,5002,Fama Bliss Discount Bonds - 2-Year (Nominal),1992-03-31,8.9470240058082E+01,D,5.5632064659807E+00
2000048,DISCBOND,5002,Fama Bliss Discount Bonds - 2-Year (Nominal),1992-04-30,8.9779932903936E+01,D,5.3978292809470E+00
2000048,DISCBOND,5002,Fama Bliss Discount Bonds - 2-Year (Nominal),1992-05-29,9.0146365896345E+01,D,5.1726060416012E+00
2000048,DISCBOND,5002,Fama Bliss Discount Bonds - 2-Year (Nominal),1992-06-30,9.0848331775171E+01,D,4.7989376861597E+00
2000048,DISCBOND,5002,Fama Bliss Discount Bonds - 2-Year (Nominal),1992-07-31,9.1658333782215E+01,D,4.3670790593913E+00
2000048,DISCBOND,5002,Fama Bliss Discount Bonds - 2-Year (Nominal),1992-08-31,9.2110823274949E+01,D,4.1088866536915E+00
2000048,DISCBOND,5002,Fama Bliss Discount Bonds - 2-Year (Nominal),1992-09-30,9.2729493977515E+01,D,3.7741799067788E+00
2000048,DISCBOND,5002,Fama Bliss Discount Bonds - 2-Year (Nominal),1992-10-30,9.1459418076018E+01,D,4.4576351824329E+00
2000048,DISCBOND,5002,Fama Bliss Discount Bonds - 2-Year (Nominal),1992-11-30,9.0956848300547E+01,D,4.7392493218249E+00
2000048,DISCBOND,5002,Fama Bliss Discount Bonds - 2-Year (Nominal),1992-12-31,9.1404635042826E+01,D,4.4998640529383E+00
2000048,DISCBOND,5002,Fama Bliss Discount Bonds - 2-Year (Nominal),1993-01-29,9.1902646912374E+01,D,4.2104822774162E+00
2000048,DISCBOND,5002,Fama Bliss Discount Bonds - 2-Year (Nominal),1993-02-26,9.2449128777279E+01,D,3.9148570511362E+00
2000048,DISCBOND,5002,Fama Bliss Discount Bonds - 2-Year (Nominal),1993-03-31,9.2468160301597E+01,D,3.9152906840147E+00
2000048,DISCBOND,5002,Fama Bliss Discount Bonds - 2-Year (Nominal),1993-04-30,9.2727229519988E+01,D,3.7857730721730E+00
2000048,DISCBOND,5002,Fama Bliss Discount Bonds - 2-Year (Nominal),1993-05-28,9.1947585889275E+01,D,4.1803948589349E+00
2000048,DISCBOND,5002,Fama Bliss Discount Bonds - 2-Year (Nominal),1993-06-30,9.2343899542298E+01,D,3.9825269769978E+00
2000048,DISCBOND,5002,Fama Bliss Discount Bonds - 2-Year (Nominal),1993-07-30,9.2115951169738E+01,D,4.1004860923879E+00
2000048,DISCBOND,5002,Fama Bliss Discount Bonds - 2-Year (Nominal),1993-08-31,9.2621151661668E+01,D,3.8326325373662E+00
2000048,DISCBOND,5002,Fama Bliss Discount Bonds - 2-Year (Nominal),1993-09-30,9.2602794672238E+01,D,3.8478142125157E+00
2000048,DISCBOND,5002,Fama Bliss Discount Bonds - 2-Year (Nominal),1993-10-29,9.2408595096528E+01,D,3.9367241031197E+00
2000048,DISCBOND,5002,Fama Bliss Discount Bonds - 2-Year (Nominal),1993-11-30,9.1996947515752E+01,D,4.1707394333049E+00
2000048,DISCBOND,5002,Fama Bliss Discount Bonds - 2-Year (Nominal),1993-12-31,9.1960103679036E+01,D,4.2022812182481E+00
2000048,DISCBOND,5002,Fama Bliss Discount Bonds - 2-Year (Nominal),1994-01-31,9.2170243151211E+01,D,4.0766424956377E+00
2000048,DISCBOND,5002,Fama Bliss Discount Bonds - 2-Year (Nominal),1994-02-28,9.1136849585409E+01,D,4.6340503745861E+00
2000048,DISCBOND,5002,Fama Bliss Discount Bonds - 2-Year (Nominal),1994-03-31,9.0198266146870E+01,D,5.1650745114635E+00
2000048,DISCBOND,5002,Fama Bliss Discount Bonds - 2-Year (Nominal),1994-04-29,8.9249032515691E+01,D,5.6714422114052E+00
2000048,DISCBOND,5002,Fama Bliss Discount Bonds - 2-Year (Nominal),1994-05-31,8.8811275660066E+01,D,5.9247122676083E+00
2000048,DISCBOND,5002,Fama Bliss Discount Bonds - 2-Year (Nominal),1994-06-30,8.8562064537382E+01,D,6.0816603144868E+00
2000048,DISCBOND,5002,Fama Bliss Discount Bonds - 2-Year (Nominal),1994-07-29,8.8821988790877E+01,D,5.9025403393551E+00
2000048,DISCBOND,5002,Fama Bliss Discount Bonds - 2-Year (Nominal),1994-08-31,8.8547106141622E+01,D,6.0817751397219E+00
2000048,DISCBOND,5002,Fama Bliss Discount Bonds - 2-Year (Nominal),1994-09-30,8.7806653502044E+01,D,6.4927512394345E+00
2000048,DISCBOND,5002,Fama Bliss Discount Bonds - 2-Year (Nominal),1994-10-31,8.7390810001325E+01,D,6.7297840161134E+00
2000048,DISCBOND,5002,Fama Bliss Discount Bonds - 2-Year (Nominal),1994-11-30,8.6488203011329E+01,D,7.2581081361481E+00
2000048,DISCBOND,5002,Fama Bliss Discount Bonds - 2-Year (Nominal),1994-12-30,8.6042451864799E+01,D,7.4959326322206E+00
2000048,DISCBOND,5002,Fama Bliss Discount Bonds - 2-Year (Nominal),1995-01-31,8.6707698584765E+01,D,7.1216199002640E+00
2000048,DISCBOND,5002,Fama Bliss Discount Bonds - 2-Year (Nominal),1995-02-28,8.7510378941450E+01,D,6.6615138169296E+00
2000048,DISCBOND,5002,Fama Bliss Discount Bonds - 2-Year (Nominal),1995-03-31,8.7500089192967E+01,D,6.6673852784316E+00
2000048,DISCBOND,5002,Fama Bliss Discount Bonds - 2-Year (Nominal),1995-04-28,8.7835287473484E+01,D,6.4588000260547E+00
2000048,DISCBOND,5002,Fama Bliss Discount Bonds - 2-Year (Nominal),1995-05-31,8.9090430223313E+01,D,5.7759131090367E+00
2000048,DISCBOND,5002,Fama Bliss Discount Bonds - 2-Year (Nominal),1995-06-30,8.9205237817131E+01,D,5.7037081276715E+00
2000048,DISCBOND,5002,Fama Bliss Discount Bonds - 2-Year (Nominal),1995-07-31,8.9058133967981E+01,D,5.7861157726006E+00
2000048,DISCBOND,5002,Fama Bliss Discount Bonds - 2-Year (Nominal),1995-08-31,8.9148530298115E+01,D,5.7511947209552E+00
2000048,DISCBOND,5002,Fama Bliss Discount Bonds - 2-Year (Nominal),1995-09-29,8.9167127228802E+01,D,5.7172236639939E+00
2000048,DISCBOND,5002,Fama Bliss Discount Bonds - 2-Year (Nominal),1995-10-31,8.9519706496703E+01,D,5.5279974477551E+00
2000048,DISCBOND,5002,Fama Bliss Discount Bonds - 2-Year (Nominal),1995-11-30,9.0003190652158E+01,D,5.2734771668035E+00
2000048,DISCBOND,5002,Fama Bliss Discount Bonds - 2-Year (Nominal),1995-12-29,9.0300146059270E+01,D,5.0806759980211E+00
2000048,DISCBOND,5002,Fama Bliss Discount Bonds - 2-Year (Nominal),1996-01-31,9.0725583279235E+01,D,4.8665401909567E+00
2000048,DISCBOND,5002,Fama Bliss Discount Bonds - 2-Year (Nominal),1996-02-29,8.9849511001540E+01,D,5.3590419069377E+00
2000048,DISCBOND,5002,Fama Bliss Discount Bonds - 2-Year (Nominal),1996-03-29,8.9219873382774E+01,D,5.6877360660358E+00
2000048,DISCBOND,5002,Fama Bliss Discount Bonds - 2-Year (Nominal),1996-04-30,8.8804977525766E+01,D,5.9363742171402E+00
2000048,DISCBOND,5002,Fama Bliss Discount Bonds - 2-Year (Nominal),1996-05-31,8.8451206491713E+01,D,6.1528135506802E+00
2000048,DISCBOND,5002,Fama Bliss Discount Bonds - 2-Year (Nominal),1996-06-28,8.8650977495013E+01,D,6.0066997817470E+00
2000048,DISCBOND,5002,Fama Bliss Discount Bonds - 2-Year (Nominal),1996-07-31,8.8491761498094E+01,D,6.1130364362205E+00
2000048,DISCBOND,5002,Fama Bliss Discount Bonds - 2-Year (Nominal),1996-08-30,8.8278594132363E+01,D,6.2250989761801E+00
2000048,DISCBOND,5002,Fama Bliss Discount Bonds - 2-Year (Nominal),1996-09-30,8.8685398339882E+01,D,6.0037464357144E+00
2000048,DISCBOND,5002,Fama Bliss Discount Bonds - 2-Year (Nominal),1996-10-31,8.9306978478103E+01,D,5.6622842845771E+00
2000048,DISCBOND,5002,Fama Bliss Discount Bonds - 2-Year (Nominal),1996-11-29,8.9565134653284E+01,D,5.5026653134602E+00
2000048,DISCBOND,5002,Fama Bliss Discount Bonds - 2-Year (Nominal),1996-12-31,8.9072717622551E+01,D,5.7858548961207E+00
2000048,DISCBOND,5002,Fama Bliss Discount Bonds - 2-Year (Nominal),1997-01-31,8.9020211535060E+01,D,5.8313137673450E+00
2000048,DISCBOND,5002,Fama Bliss Discount Bonds - 2-Year (Nominal),1997-02-28,8.8713338020963E+01,D,6.0044475923429E+00
2000048,DISCBOND,5002,Fama Bliss Discount Bonds - 2-Year (Nominal),1997-03-31,8.8107233959079E+01,D,6.3307772822059E+00
2000048,DISCBOND,5002,Fama Bliss Discount Bonds - 2-Year (Nominal),1997-04-30,8.8357873902497E+01,D,6.1887434745036E+00
2000048,DISCBOND,5002,Fama Bliss Discount Bonds - 2-Year (Nominal),1997-05-30,8.8517349792749E+01,D,6.1153351303164E+00
2000048,DISCBOND,5002,Fama Bliss Discount Bonds - 2-Year (Nominal),1997-06-30,8.8715551221668E+01,D,5.9867494116566E+00
2000048,DISCBOND,5002,Fama Bliss Discount Bonds - 2-Year (Nominal),1997-07-31,8.9322817586804E+01,D,5.6534051186980E+00
2000048,DISCBOND,5002,Fama Bliss Discount Bonds - 2-Year (Nominal),1997-08-29,8.8902563240169E+01,D,5.8653911234659E+00
2000048,DISCBOND,5002,Fama Bliss Discount Bonds - 2-Year (Nominal),1997-09-30,8.9211043987880E+01,D,5.7082671271415E+00
2000048,DISCBOND,5002,Fama Bliss Discount Bonds - 2-Year (Nominal),1997-10-31,8.9509679771996E+01,D,5.5563938769715E+00
2000048,DISCBOND,5002,Fama Bliss Discount Bonds - 2-Year (Nominal),1997-11-28,8.9190386529198E+01,D,5.7042184641704E+00
2000048,DISCBOND,5002,Fama Bliss Discount Bonds - 2-Year (Nominal),1997-12-31,8.9450656191737E+01,D,5.5741520105390E+00
2000048,DISCBOND,5002,Fama Bliss Discount Bonds - 2-Year (Nominal),1998-01-30,9.0005715163461E+01,D,5.2576485496462E+00
2000048,DISCBOND,5002,Fama Bliss Discount Bonds - 2-Year (Nominal),1998-02-27,8.9626851581453E+01,D,5.4608004336184E+00
2000048,DISCBOND,5002,Fama Bliss Discount Bonds - 2-Year (Nominal),1998-03-31,8.9571499118006E+01,D,5.4991173187862E+00
2000048,DISCBOND,5002,Fama Bliss Discount Bonds - 2-Year (Nominal),1998-04-30,8.9588392813919E+01,D,5.5047617092930E+00
2000048,DISCBOND,5002,Fama Bliss Discount Bonds - 2-Year (Nominal),1998-05-29,8.9621660904025E+01,D,5.4562344128261E+00
2000048,DISCBOND,5002,Fama Bliss Discount Bonds - 2-Year (Nominal),1998-06-30,8.9750826638928E+01,D,5.3992511909691E+00
2000048,DISCBOND,5002,Fama Bliss Discount Bonds - 2-Year (Nominal),1998-07-31,8.9722995552622E+01,D,5.4147370226340E+00
2000048,DISCBOND,5002,Fama Bliss Discount Bonds - 2-Year (Nominal),1998-08-31,9.0812565169573E+01,D,4.8120345371408E+00
2000048,DISCBOND,5002,Fama Bliss Discount Bonds - 2-Year (Nominal),1998-09-30,9.1806847332031E+01,D,4.2741650734891E+00
2000048,DISCBOND,5002,Fama Bliss Discount Bonds - 2-Year (Nominal),1998-10-30,9.1994373044988E+01,D,4.1607394787053E+00
2000048,DISCBOND,5002,Fama Bliss Discount Bonds - 2-Year (Nominal),1998-11-30,9.1433079192960E+01,D,4.4720167740259E+00
2000048,DISCBOND,5002,Fama Bliss Discount Bonds - 2-Year (Nominal),1998-12-31,9.1371664423835E+01,D,4.5179275801050E+00
2000048,DISCBOND,5002,Fama Bliss Discount Bonds - 2-Year (Nominal),1999-01-29,9.1312430887673E+01,D,4.5255645326325E+00
2000048,DISCBOND,5002,Fama Bliss Discount Bonds - 2-Year (Nominal),1999-02-26,9.0299552570069E+01,D,5.0810032744234E+00
2000048,DISCBOND,5002,Fama Bliss Discount Bonds - 2-Year (Nominal),1999-03-31,9.0601736277319E+01,D,4.9348404456988E+00
2000048,DISCBOND,5002,Fama Bliss Discount Bonds - 2-Year (Nominal),1999-04-30,9.0458211099503E+01,D,5.0072506534011E+00
2000048,DISCBOND,5002,Fama Bliss Discount Bonds - 2-Year (Nominal),1999-05-28,8.9818895293495E+01,D,5.3394834228976E+00
2000048,DISCBOND,5002,Fama Bliss Discount Bonds - 2-Year (Nominal),1999-06-30,8.9668159638492E+01,D,5.4527222474788E+00
2000048,DISCBOND,5002,Fama Bliss Discount Bonds - 2-Year (Nominal),1999-07-30,8.9462033869572E+01,D,5.5525802445576E+00
2000048,DISCBOND,5002,Fama Bliss Discount Bonds - 2-Year (Nominal),1999-08-31,8.9312715270462E+01,D,5.6435850774292E+00
2000048,DISCBOND,5002,Fama Bliss Discount Bonds - 2-Year (Nominal),1999-09-30,8.9514803473299E+01,D,5.5459057490596E+00
2000048,DISCBOND,5002,Fama Bliss Discount Bonds - 2-Year (Nominal),1999-10-29,8.9154102614972E+01,D,5.7166979907732E+00
2000048,DISCBOND,5002,Fama Bliss Discount Bonds - 2-Year (Nominal),1999-11-30,8.8813091428336E+01,D,5.9236914142458E+00
2000048,DISCBOND,5002,Fama Bliss Discount Bonds - 2-Year (Nominal),1999-12-31,8.8422904433270E+01,D,6.1435417060854E+00
2000048,DISCBOND,5002,Fama Bliss Discount Bonds - 2-Year (Nominal),2000-01-31,8.7792471658863E+01,D,6.5008164519649E+00
2000048,DISCBOND,5002,Fama Bliss Discount Bonds - 2-Year (Nominal),2000-02-29,8.7921770987188E+01,D,6.4361366464609E+00
2000048,DISCBOND,5002,Fama Bliss Discount Bonds - 2-Year (Nominal),2000-03-31,8.8054886196394E+01,D,6.3867398422192E+00
2000048,DISCBOND,5002,Fama Bliss Discount Bonds - 2-Year (Nominal),2000-04-28,8.7664539532358E+01,D,6.5646501428985E+00
2000048,DISCBOND,5002,Fama Bliss Discount Bonds - 2-Year (Nominal),2000-05-31,8.7646445305866E+01,D,6.5929565497633E+00
2000048,DISCBOND,5002,Fama Bliss Discount Bonds - 2-Year (Nominal),2000-06-30,8.8230299717016E+01,D,6.2781881818247E+00
2000048,DISCBOND,5002,Fama Bliss Discount Bonds - 2-Year (Nominal),2000-07-31,8.8337715726488E+01,D,6.2001518951318E+00
2000048,DISCBOND,5002,Fama Bliss Discount Bonds - 2-Year (Nominal),2000-08-31,8.8557609996261E+01,D,6.0841787538479E+00
2000048,DISCBOND,5002,Fama Bliss Discount Bonds - 2-Year (Nominal),2000-09-29,8.8877773749353E+01,D,5.8873396078189E+00
2000048,DISCBOND,5002,Fama Bliss Discount Bonds - 2-Year (Nominal),2000-10-31,8.9012268934309E+01,D,5.8197986281174E+00
2000048,DISCBOND,5002,Fama Bliss Discount Bonds - 2-Year (Nominal),2000-11-30,8.9505817655207E+01,D,5.5509320662856E+00
2000048,DISCBOND,5002,Fama Bliss Discount Bonds - 2-Year (Nominal),2000-12-29,9.0380419198620E+01,D,5.0433100213729E+00
2000048,DISCBOND,5002,Fama Bliss Discount Bonds - 2-Year (Nominal),2001-01-31,9.1276485789443E+01,D,4.5638490207312E+00
2000048,DISCBOND,5002,Fama Bliss Discount Bonds - 2-Year (Nominal),2001-02-28,9.1606640352290E+01,D,4.3833212003280E+00
2000048,DISCBOND,5002,Fama Bliss Discount Bonds - 2-Year (Nominal),2001-03-30,9.1954694492315E+01,D,4.1879721340282E+00
2000048,DISCBOND,5002,Fama Bliss Discount Bonds - 2-Year (Nominal),2001-04-30,9.1804592416734E+01,D,4.2753931643423E+00
2000048,DISCBOND,5002,Fama Bliss Discount Bonds - 2-Year (Nominal),2001-05-31,9.1924226211766E+01,D,4.2160542353250E+00
2000048,DISCBOND,5002,Fama Bliss Discount Bonds - 2-Year (Nominal),2001-06-29,9.1867246978057E+01,D,4.2354789186664E+00
2000048,DISCBOND,5002,Fama Bliss Discount Bonds - 2-Year (Nominal),2001-07-31,9.2733903727744E+01,D,3.7718022137761E+00
2000048,DISCBOND,5002,Fama Bliss Discount Bonds - 2-Year (Nominal),2001-08-31,9.3049554794218E+01,D,3.6117948632739E+00
2000048,DISCBOND,5002,Fama Bliss Discount Bonds - 2-Year (Nominal),2001-09-28,9.4493053497510E+01,D,2.8244549406154E+00
2000048,DISCBOND,5002,Fama Bliss Discount Bonds - 2-Year (Nominal),2001-10-31,9.5373889357593E+01,D,2.3682670728427E+00
2000048,DISCBOND,5002,Fama Bliss Discount Bonds - 2-Year (Nominal),2001-11-30,9.4488673421269E+01,D,2.8422980763159E+00
2000048,DISCBOND,5002,Fama Bliss Discount Bonds - 2-Year (Nominal),2001-12-31,9.4056619219031E+01,D,3.0636626464960E+00
2000048,DISCBOND,5002,Fama Bliss Discount Bonds - 2-Year (Nominal),2002-01-31,9.3905817966311E+01,D,3.1482047326870E+00
2000048,DISCBOND,5002,Fama Bliss Discount Bonds - 2-Year (Nominal),2002-02-28,9.4112566649129E+01,D,3.0380918985657E+00
2000048,DISCBOND,5002,Fama Bliss Discount Bonds - 2-Year (Nominal),2002-03-28,9.2861675336932E+01,D,3.6827784864112E+00
2000048,DISCBOND,5002,Fama Bliss Discount Bonds - 2-Year (Nominal),2002-04-30,9.3762355032084E+01,D,3.2159317638161E+00
2000048,DISCBOND,5002,Fama Bliss Discount Bonds - 2-Year (Nominal),2002-05-31,9.3847196847300E+01,D,3.1838375755763E+00
2000048,DISCBOND,5002,Fama Bliss Discount Bonds - 2-Year (Nominal),2002-06-28,9.4381004211889E+01,D,2.8796837140138E+00
2000048,DISCBOND,5002,Fama Bliss Discount Bonds - 2-Year (Nominal),2002-07-31,9.5653988812994E+01,D,2.2216394398405E+00
2000048,DISCBOND,5002,Fama Bliss Discount Bonds - 2-Year (Nominal),2002-08-30,9.5843265472946E+01,D,2.1169990553789E+00
2000048,DISCBOND,5002,Fama Bliss Discount Bonds - 2-Year (Nominal),2002-09-30,9.6690288178985E+01,D,1.6805589220284E+00
2000048,DISCBOND,5002,Fama Bliss Discount Bonds - 2-Year (Nominal),2002-10-31,9.6733004075512E+01,D,1.6630550552475E+00
2000048,DISCBOND,5002,Fama Bliss Discount Bonds - 2-Year (Nominal),2002-11-29,9.5994332675167E+01,D,2.0384667518103E+00
2000048,DISCBOND,5002,Fama Bliss Discount Bonds - 2-Year (Nominal),2002-12-31,9.6881102297925E+01,D,1.5821181611755E+00
2000048,DISCBOND,5002,Fama Bliss Discount Bonds - 2-Year (Nominal),2003-01-31,9.6669302363723E+01,D,1.6913973329807E+00
2000048,DISCBOND,5002,Fama Bliss Discount Bonds - 2-Year (Nominal),2003-02-28,9.7019572060283E+01,D,1.5108031120669E+00
2000048,DISCBOND,5002,Fama Bliss Discount Bonds - 2-Year (Nominal),2003-03-31,9.7068746250797E+01,D,1.4855017841057E+00
2000048,DISCBOND,5002,Fama Bliss Discount Bonds - 2-Year (Nominal),2003-04-30,9.7090508074137E+01,D,1.4763284798705E+00
2000048,DISCBOND,5002,Fama Bliss Discount Bonds - 2-Year (Nominal),2003-05-30,9.7382115047108E+01,D,1.3227568367647E+00
2000048,DISCBOND,5002,Fama Bliss Discount Bonds - 2-Year (Nominal),2003-06-30,9.7431050941880E+01,D,1.2994812910456E+00
2000048,DISCBOND,5002,Fama Bliss Discount Bonds - 2-Year (Nominal),2003-07-31,9.6593420802500E+01,D,1.7353549333053E+00
2000048,DISCBOND,5002,Fama Bliss Discount Bonds - 2-Year (Nominal),2003-08-29,9.6131485384600E+01,D,1.9645909810236E+00
2000048,DISCBOND,5002,Fama Bliss Discount Bonds - 2-Year (Nominal),2003-09-30,9.7113020338806E+01,D,1.4627326419715E+00
2000048,DISCBOND,5002,Fama Bliss Discount Bonds - 2-Year (Nominal),2003-10-31,9.6417118374691E+01,D,1.8218255355694E+00
2000048,DISCBOND,5002,Fama Bliss Discount Bonds - 2-Year (Nominal),2003-11-28,9.5986312184902E+01,D,2.0398464081660E+00
2000048,DISCBOND,5002,Fama Bliss Discount Bonds - 2-Year (Nominal),2003-12-31,9.6391979547462E+01,D,1.8373593774004E+00
2000048,DISCBOND,5002,Fama Bliss Discount Bonds - 2-Year (Nominal),2004-01-30,9.6422187736519E+01,D,1.8167151212002E+00
2000048,DISCBOND,5002,Fama Bliss Discount Bonds - 2-Year (Nominal),2004-02-27,9.6762986000971E+01,D,1.6407867745670E+00
2000048,DISCBOND,5002,Fama Bliss Discount Bonds - 2-Year (Nominal),2004-03-31,9.6901753191081E+01,D,1.5736287233917E+00
2000048,DISCBOND,5002,Fama Bliss Discount Bonds - 2-Year (Nominal),2004-04-30,9.5500898828678E+01,D,2.3080498628731E+00
2000048,DISCBOND,5002,Fama Bliss Discount Bonds - 2-Year (Nominal),2004-05-28,9.5047953376939E+01,D,2.5290391979909E+00
2000048,DISCBOND,5002,Fama Bliss Discount Bonds - 2-Year (Nominal),2004-06-30,9.4795433405032E+01,D,2.6724474360182E+00
2000048,DISCBOND,5002,Fama Bliss Discount Bonds - 2-Year (Nominal),2004-07-30,9.4800763343710E+01,D,2.6659842050064E+00
2000048,DISCBOND,5002,Fama Bliss Discount Bonds - 2-Year (Nominal),2004-08-31,9.5336971035840E+01,D,2.3876253422870E+00
2000048,DISCBOND,5002,Fama Bliss Discount Bonds - 2-Year (Nominal),2004-09-30,9.4944373346922E+01,D,2.5975087090821E+00
2000048,DISCBOND,5002,Fama Bliss Discount Bonds - 2-Year (Nominal),2004-10-29,9.5044674496756E+01,D,2.5342143590645E+00
2000048,DISCBOND,5002,Fama Bliss Discount Bonds - 2-Year (Nominal),2004-11-30,9.4205473923697E+01,D,2.9845948250344E+00
2000048,DISCBOND,5002,Fama Bliss Discount Bonds - 2-Year (Nominal),2004-12-31,9.4098904028220E+01,D,3.0495443685880E+00
2000048,DISCBOND,5002,Fama Bliss Discount Bonds - 2-Year (Nominal),2005-01-31,9.3696899200860E+01,D,3.2552545065818E+00
2000048,DISCBOND,5002,Fama Bliss Discount Bonds - 2-Year (Nominal),2005-02-28,9.3100946536030E+01,D,3.5742917441049E+00
2000048,DISCBOND,5002,Fama Bliss Discount Bonds - 2-Year (Nominal),2005-03-31,9.2775343665019E+01,D,3.7546070324199E+00
2000048,DISCBOND,5002,Fama Bliss Discount Bonds - 2-Year (Nominal),2005-04-29,9.3012229958859E+01,D,3.6170050362754E+00
2000048,DISCBOND,5002,Fama Bliss Discount Bonds - 2-Year (Nominal),2005-05-31,9.3153567048304E+01,D,3.5460398039714E+00
2000048,DISCBOND,5002,Fama Bliss Discount Bonds - 2-Year (Nominal),2005-06-30,9.3056301753443E+01,D,3.6032099418054E+00
2000048,DISCBOND,5002,Fama Bliss Discount Bonds - 2-Year (Nominal),2005-07-29,9.2361003309702E+01,D,3.9624110977232E+00
2000048,DISCBOND,5002,Fama Bliss Discount Bonds - 2-Year (Nominal),2005-08-31,9.2708887507604E+01,D,3.7852922071727E+00
2000048,DISCBOND,5002,Fama Bliss Discount Bonds - 2-Year (Nominal),2005-09-30,9.2104148669022E+01,D,4.1238082111104E+00
2000048,DISCBOND,5002,Fama Bliss Discount Bonds - 2-Year (Nominal),2005-10-31,9.1694040548527E+01,D,4.3356398701603E+00
2000048,DISCBOND,5002,Fama Bliss Discount Bonds - 2-Year (Nominal),2005-11-30,9.1650924911824E+01,D,4.3591559985631E+00
2000048,DISCBOND,5002,Fama Bliss Discount Bonds - 2-Year (Nominal),2005-12-30,9.1672312370156E+01,D,4.3415421640698E+00
2000048,DISCBOND,5002,Fama Bliss Discount Bonds - 2-Year (Nominal),2006-01-31,9.1451635539559E+01,D,4.4679963394449E+00
2000048,DISCBOND,5002,Fama Bliss Discount Bonds - 2-Year (Nominal),2006-02-28,9.1168138408339E+01,D,4.6169109529483E+00
2000048,DISCBOND,5002,Fama Bliss Discount Bonds - 2-Year (Nominal),2006-03-31,9.0923929324383E+01,D,4.7508405406283E+00
2000048,DISCBOND,5002,Fama Bliss Discount Bonds - 2-Year (Nominal),2006-04-28,9.0843200546063E+01,D,4.7821094045762E+00
2000048,DISCBOND,5002,Fama Bliss Discount Bonds - 2-Year (Nominal),2006-05-31,9.0551987429730E+01,D,4.9623026738118E+00
2000048,DISCBOND,5002,Fama Bliss Discount Bonds - 2-Year (Nominal),2006-06-30,9.0328963683082E+01,D,5.0786443404165E+00
2000048,DISCBOND,5002,Fama Bliss Discount Bonds - 2-Year (Nominal),2006-07-31,9.0677036567358E+01,D,4.8866080800986E+00
2000048,DISCBOND,5002,Fama Bliss Discount Bonds - 2-Year (Nominal),2006-08-31,9.1028608832721E+01,D,4.7062642385754E+00
2000048,DISCBOND,5002,Fama Bliss Discount Bonds - 2-Year (Nominal),2006-09-29,9.1162299070796E+01,D,4.6137976536415E+00
2000048,DISCBOND,5002,Fama Bliss Discount Bonds - 2-Year (Nominal),2006-10-31,9.1151567720104E+01,D,4.6259873277183E+00
2000048,DISCBOND,5002,Fama Bliss Discount Bonds - 2-Year (Nominal),2006-11-30,9.1321355317262E+01,D,4.5455028640411E+00
2000048,DISCBOND,5002,Fama Bliss Discount Bonds - 2-Year (Nominal),2006-12-29,9.0939335454982E+01,D,4.7294412751065E+00
2000048,DISCBOND,5002,Fama Bliss Discount Bonds - 2-Year (Nominal),2007-01-31,9.0762356289932E+01,D,4.8462782323452E+00
2000048,DISCBOND,5002,Fama Bliss Discount Bonds - 2-Year (Nominal),2007-02-28,9.1254107360813E+01,D,4.5761091182608E+00
2000048,DISCBOND,5002,Fama Bliss Discount Bonds - 2-Year (Nominal),2007-03-30,9.1353188920932E+01,D,4.5094950713836E+00
2000048,DISCBOND,5002,Fama Bliss Discount Bonds - 2-Year (Nominal),2007-04-30,9.1338676359616E+01,D,4.5235967895860E+00
2000048,DISCBOND,5002,Fama Bliss Discount Bonds - 2-Year (Nominal),2007-05-31,9.0773445383954E+01,D,4.8468092042992E+00
2000048,DISCBOND,5002,Fama Bliss Discount Bonds - 2-Year (Nominal),2007-06-29,9.0838787126990E+01,D,4.7910649356150E+00
2000048,DISCBOND,5002,Fama Bliss Discount Bonds - 2-Year (Nominal),2007-07-31,9.1459182396349E+01,D,4.4577638501909E+00
2000048,DISCBOND,5002,Fama Bliss Discount Bonds - 2-Year (Nominal),2007-08-31,9.2117911589874E+01,D,4.0994234547824E+00
2000048,DISCBOND,5002,Fama Bliss Discount Bonds - 2-Year (Nominal),2007-09-28,9.2426381233188E+01,D,3.9217700475280E+00
2000048,DISCBOND,5002,Fama Bliss Discount Bonds - 2-Year (Nominal),2007-10-31,9.2505373062177E+01,D,3.8951727999021E+00
2000048,DISCBOND,5002,Fama Bliss Discount Bonds - 2-Year (Nominal),2007-11-30,9.4202393236498E+01,D,2.9821448196876E+00
2000048,DISCBOND,5002,Fama Bliss Discount Bonds - 2-Year (Nominal),2007-12-31,9.4123378524418E+01,D,3.0240438252971E+00
2000048,DISCBOND,5002,Fama Bliss Discount Bonds - 2-Year (Nominal),2008-01-31,9.5930714032333E+01,D,2.0800485760028E+00
2000048,DISCBOND,5002,Fama Bliss Discount Bonds - 2-Year (Nominal),2008-02-29,9.6828854300785E+01,D,1.6156843291462E+00
2000048,DISCBOND,5002,Fama Bliss Discount Bonds - 2-Year (Nominal),2008-03-31,9.6878211983605E+01,D,1.5857771452217E+00
2000048,DISCBOND,5002,Fama Bliss Discount Bonds - 2-Year (Nominal),2008-04-30,9.5593356661133E+01,D,2.2533429668838E+00
2000048,DISCBOND,5002,Fama Bliss Discount Bonds - 2-Year (Nominal),2008-05-30,9.4895722998625E+01,D,2.6267742529176E+00
2000048,DISCBOND,5002,Fama Bliss Discount Bonds - 2-Year (Nominal),2008-06-30,9.4922598486551E+01,D,2.6054189626068E+00
2000048,DISCBOND,5002,Fama Bliss Discount Bonds - 2-Year (Nominal),2008-07-31,9.5141630216690E+01,D,2.4935938903352E+00
2000048,DISCBOND,5002,Fama Bliss Discount Bonds - 2-Year (Nominal),2008-08-29,9.5395837549096E+01,D,2.3503228163863E+00
2000048,DISCBOND,5002,Fama Bliss Discount Bonds - 2-Year (Nominal),2008-09-30,9.6169503808533E+01,D,1.9528943400734E+00
2000048,DISCBOND,5002,Fama Bliss Discount Bonds - 2-Year (Nominal),2008-10-31,9.7371356145247E+01,D,1.3355643065554E+00
2000048,DISCBOND,5002,Fama Bliss Discount Bonds - 2-Year (Nominal),2008-11-28,9.8026543980539E+01,D,9.9387144007573E-01
2000048,DISCBOND,5002,Fama Bliss Discount Bonds - 2-Year (Nominal),2008-12-31,9.8930442790323E+01,D,5.3765904343749E-01
2000048,DISCBOND,5002,Fama Bliss Discount Bonds - 2-Year (Nominal),2009-01-30,9.8125007911491E+01,D,9.4510180564009E-01
2000048,DISCBOND,5002,Fama Bliss Discount Bonds - 2-Year (Nominal),2009-02-27,9.8093461453052E+01,D,9.6115702393428E-01
2000048,DISCBOND,5002,Fama Bliss Discount Bonds - 2-Year (Nominal),2009-03-31,9.8455886458341E+01,D,7.7807956705350E-01
2000048,DISCBOND,5002,Fama Bliss Discount Bonds - 2-Year (Nominal),2009-04-30,9.8207930321110E+01,D,9.0540112748949E-01
2000048,DISCBOND,5002,Fama Bliss Discount Bonds - 2-Year (Nominal),2009-05-29,9.8153879731798E+01,D,9.2914130148927E-01
2000048,DISCBOND,5002,Fama Bliss Discount Bonds - 2-Year (Nominal),2009-06-30,9.7771087715974E+01,D,1.1270639639757E+00
2000048,DISCBOND,5002,Fama Bliss Discount Bonds - 2-Year (Nominal),2009-07-31,9.7779305957267E+01,D,1.1259461772113E+00
2000048,DISCBOND,5002,Fama Bliss Discount Bonds - 2-Year (Nominal),2009-08-31,9.8063964528394E+01,D,9.7751104818597E-01
2000048,DISCBOND,5002,Fama Bliss Discount Bonds - 2-Year (Nominal),2009-09-30,9.8108214274147E+01,D,9.5495446204153E-01
2000048,DISCBOND,5002,Fama Bliss Discount Bonds - 2-Year (Nominal),2009-10-30,9.8234526410368E+01,D,8.8940362383258E-01
2000048,DISCBOND,5002,Fama Bliss Discount Bonds - 2-Year (Nominal),2009-11-30,9.8732619215995E+01,D,6.3774028186828E-01
2000048,DISCBOND,5002,Fama Bliss Discount Bonds - 2-Year (Nominal),2009-12-31,9.7759074097928E+01,D,1.1347625575666E+00
2000048,DISCBOND,5002,Fama Bliss Discount Bonds - 2-Year (Nominal),2010-01-29,9.8431097840054E+01,D,7.8850956308773E-01
2000048,DISCBOND,5002,Fama Bliss Discount Bonds - 2-Year (Nominal),2010-02-26,9.8382215785429E+01,D,8.1216894054622E-01
2000048,DISCBOND,5002,Fama Bliss Discount Bonds - 2-Year (Nominal),2010-03-31,9.8011830098990E+01,D,1.0040999653607E+00
2000048,DISCBOND,5002,Fama Bliss Discount Bonds - 2-Year (Nominal),2010-04-30,9.8126679867371E+01,D,9.4425102637470E-01
2000048,DISCBOND,5002,Fama Bliss Discount Bonds - 2-Year (Nominal),2010-05-28,9.8495531815410E+01,D,7.5381953658225E-01
2000048,DISCBOND,5002,Fama Bliss Discount Bonds - 2-Year (Nominal),2010-06-30,9.8864598509135E+01,D,5.7094819122782E-01
2000048,DISCBOND,5002,Fama Bliss Discount Bonds - 2-Year (Nominal),2010-07-30,9.8946252037457E+01,D,5.2822242726807E-01
2000048,DISCBOND,5002,Fama Bliss Discount Bonds - 2-Year (Nominal),2010-08-31,9.9073138222969E+01,D,4.6495501069350E-01
2000048,DISCBOND,5002,Fama Bliss Discount Bonds - 2-Year (Nominal),2010-09-30,9.9175323493245E+01,D,4.1461585410365E-01
2000048,DISCBOND,5002,Fama Bliss Discount Bonds - 2-Year (Nominal),2010-10-29,9.9372330938040E+01,D,3.1353509778740E-01
2000048,DISCBOND,5002,Fama Bliss Discount Bonds - 2-Year (Nominal),2010-11-30,9.9115418736942E+01,D,4.4365071537933E-01
2000048,DISCBOND,5002,Fama Bliss Discount Bonds - 2-Year (Nominal),2010-12-31,9.8855171903402E+01,D,5.7492827955073E-01
2000048,DISCBOND,5002,Fama Bliss Discount Bonds - 2-Year (Nominal),2011-01-31,9.8927488243626E+01,D,5.3841475726688E-01
2000048,DISCBOND,5002,Fama Bliss Discount Bonds - 2-Year (Nominal),2011-02-28,9.8658786083010E+01,D,6.7422112645952E-01
2000048,DISCBOND,5002,Fama Bliss Discount Bonds - 2-Year (Nominal),2011-03-31,9.8391625531180E+01,D,8.1295189859050E-01
2000048,DISCBOND,5002,Fama Bliss Discount Bonds - 2-Year (Nominal),2011-04-29,9.8817332914678E+01,D,5.9323283146487E-01
2000048,DISCBOND,5002,Fama Bliss Discount Bonds - 2-Year (Nominal),2011-05-31,9.9099450248136E+01,D,4.5169584551999E-01
2000048,DISCBOND,5002,Fama Bliss Discount Bonds - 2-Year (Nominal),2011-06-30,9.9126165371250E+01,D,4.3943944746734E-01
2000048,DISCBOND,5002,Fama Bliss Discount Bonds - 2-Year (Nominal),2011-07-29,9.9306922028099E+01,D,3.4632222015372E-01
2000048,DISCBOND,5002,Fama Bliss Discount Bonds - 2-Year (Nominal),2011-08-31,9.9590097468781E+01,D,2.0537246722721E-01
2000048,DISCBOND,5002,Fama Bliss Discount Bonds - 2-Year (Nominal),2011-09-30,9.9477528559877E+01,D,2.6156224377405E-01
2000048,DISCBOND,5002,Fama Bliss Discount Bonds - 2-Year (Nominal),2011-10-31,9.9499695078389E+01,D,2.5043725433694E-01
2000048,DISCBOND,5002,Fama Bliss Discount Bonds - 2-Year (Nominal),2011-11-30,9.9469898915373E+01,D,2.6575555282916E-01
2000048,DISCBOND,5002,Fama Bliss Discount Bonds - 2-Year (Nominal),2011-12-30,9.9519526970521E+01,D,2.4015754561773E-01
2000048,DISCBOND,5002,Fama Bliss Discount Bonds - 2-Year (Nominal),2012-01-31,9.9555225166203E+01,D,2.2257854841290E-01
2000048,DISCBOND,5002,Fama Bliss Discount Bonds - 2-Year (Nominal),2012-02-29,9.9389534360757E+01,D,3.0616829949500E-01
2000048,DISCBOND,5002,Fama Bliss Discount Bonds - 2-Year (Nominal),2012-03-30,9.9324768651300E+01,D,3.3829725503599E-01
2000048,DISCBOND,5002,Fama Bliss Discount Bonds - 2-Year (Nominal),2012-04-30,9.9459318375090E+01,D,2.7107429908327E-01
2000048,DISCBOND,5002,Fama Bliss Discount Bonds - 2-Year (Nominal),2012-05-31,9.9442865313808E+01,D,2.7972942584068E-01
2000048,DISCBOND,5002,Fama Bliss Discount Bonds - 2-Year (Nominal),2012-06-29,9.9381204125346E+01,D,3.0993460854681E-01
2000048,DISCBOND,5002,Fama Bliss Discount Bonds - 2-Year (Nominal),2012-07-31,9.9563306648529E+01,D,2.1882482097047E-01
2000048,DISCBOND,5002,Fama Bliss Discount Bonds - 2-Year (Nominal),2012-08-31,9.9526967702336E+01,D,2.3772863996526E-01
2000048,DISCBOND,5002,Fama Bliss Discount Bonds - 2-Year (Nominal),2012-09-28,9.9527942419644E+01,D,2.3594123665493E-01
2000048,DISCBOND,5002,Fama Bliss Discount Bonds - 2-Year (Nominal),2012-10-31,9.9418433571490E+01,D,2.9163205568292E-01
2000048,DISCBOND,5002,Fama Bliss Discount Bonds - 2-Year (Nominal),2012-11-30,9.9478405635676E+01,D,2.6219807073679E-01
2000048,DISCBOND,5002,Fama Bliss Discount Bonds - 2-Year (Nominal),2012-12-31,9.9495852901135E+01,D,2.5271110388676E-01
2000048,DISCBOND,5002,Fama Bliss Discount Bonds - 2-Year (Nominal),2013-01-31,9.9464559971636E+01,D,2.6880755234041E-01
2000048,DISCBOND,5002,Fama Bliss Discount Bonds - 2-Year (Nominal),2013-02-28,9.9509486523792E+01,D,2.4619747765032E-01
2000048,DISCBOND,5002,Fama Bliss Discount Bonds - 2-Year (Nominal),2013-03-28,9.9504487518171E+01,D,2.4735558209831E-01
2000048,DISCBOND,5002,Fama Bliss Discount Bonds - 2-Year (Nominal),2013-04-30,9.9562401791577E+01,D,2.1927923590231E-01
2000048,DISCBOND,5002,Fama Bliss Discount Bonds - 2-Year (Nominal),2013-05-31,9.9387998042266E+01,D,3.0778444154408E-01
2000048,DISCBOND,5002,Fama Bliss Discount Bonds - 2-Year (Nominal),2013-06-28,9.9271822389103E+01,D,3.6442247330074E-01
2000048,DISCBOND,5002,Fama Bliss Discount Bonds - 2-Year (Nominal),2013-07-31,9.9367084400874E+01,D,3.1746350069054E-01
2000048,DISCBOND,5002,Fama Bliss Discount Bonds - 2-Year (Nominal),2013-08-30,9.9180023613250E+01,D,4.1111517182508E-01
2000048,DISCBOND,5002,Fama Bliss Discount Bonds - 2-Year (Nominal),2013-09-30,9.9361494283560E+01,D,3.2027644151290E-01
2000048,DISCBOND,5002,Fama Bliss Discount Bonds - 2-Year (Nominal),2013-10-31,9.9392601745266E+01,D,3.0504307786251E-01
2000048,DISCBOND,5002,Fama Bliss Discount Bonds - 2-Year (Nominal),2013-11-29,9.9422712171613E+01,D,2.8908428265430E-01
2000048,DISCBOND,5002,Fama Bliss Discount Bonds - 2-Year (Nominal),2013-12-31,9.9218978964106E+01,D,3.9204348969797E-01
2000048,DISCBOND,5002,Fama Bliss Discount Bonds - 2-Year (Nominal),2014-01-31,9.9340533286745E+01,D,3.3173427698142E-01
2000048,DISCBOND,5002,Fama Bliss Discount Bonds - 2-Year (Nominal),2014-02-28,9.9361865309238E+01,D,3.1965185855707E-01
2000048,DISCBOND,5002,Fama Bliss Discount Bonds - 2-Year (Nominal),2014-03-31,9.9160732663623E+01,D,4.2082803180232E-01
2000048,DISCBOND,5002,Fama Bliss Discount Bonds - 2-Year (Nominal),2014-04-30,9.9179381121038E+01,D,4.1200224519242E-01
2000048,DISCBOND,5002,Fama Bliss Discount Bonds - 2-Year (Nominal),2014-05-30,9.9257355923489E+01,D,3.7168938501297E-01
2000048,DISCBOND,5002,Fama Bliss Discount Bonds - 2-Year (Nominal),2014-06-30,9.9086789743851E+01,D,4.5807529189691E-01
2000048,DISCBOND,5002,Fama Bliss Discount Bonds - 2-Year (Nominal),2014-07-31,9.8945759001082E+01,D,5.3064565529475E-01
2000048,DISCBOND,5002,Fama Bliss Discount Bonds - 2-Year (Nominal),2014-08-29,9.8975249021668E+01,D,5.1291100475828E-01
2000048,DISCBOND,5002,Fama Bliss Discount Bonds - 2-Year (Nominal),2014-09-30,9.8827679100301E+01,D,5.8881678498419E-01
2000048,DISCBOND,5002,Fama Bliss Discount Bonds - 2-Year (Nominal),2014-10-31,9.8984213785590E+01,D,5.0979192032683E-01
2000048,DISCBOND,5002,Fama Bliss Discount Bonds - 2-Year (Nominal),2014-11-28,9.9041933069623E+01,D,4.7937294082333E-01
2000048,DISCBOND,5002,Fama Bliss Discount Bonds - 2-Year (Nominal),2014-12-31,9.8641153310683E+01,D,6.8408175403492E-01
2000048,DISCBOND,5002,Fama Bliss Discount Bonds - 2-Year (Nominal),2015-01-30,9.9087551785768E+01,D,4.5706603483143E-01
2000048,DISCBOND,5002,Fama Bliss Discount Bonds - 2-Year (Nominal),2015-02-27,9.8736574002005E+01,D,6.3400057304847E-01
2000048,DISCBOND,5002,Fama Bliss Discount Bonds - 2-Year (Nominal),2015-03-31,9.8872169493144E+01,D,5.6634356021135E-01
2000048,DISCBOND,5002,Fama Bliss Discount Bonds - 2-Year (Nominal),2015-04-30,9.8837005653947E+01,D,5.8570734874288E-01
2000048,DISCBOND,5002,Fama Bliss Discount Bonds - 2-Year (Nominal),2015-05-29,9.8779061210828E+01,D,6.1171285968288E-01
2000048,DISCBOND,5002,Fama Bliss Discount Bonds - 2-Year (Nominal),2015-06-30,9.8713510546631E+01,D,6.4653253811983E-01
2000048,DISCBOND,5002,Fama Bliss Discount Bonds - 2-Year (Nominal),2015-07-31,9.8663362973117E+01,D,6.7190479805570E-01
2000048,DISCBOND,5002,Fama Bliss Discount Bonds - 2-Year (Nominal),2015-08-31,9.8489327089525E+01,D,7.6005873092542E-01
2000048,DISCBOND,5002,Fama Bliss Discount Bonds - 2-Year (Nominal),2015-09-30,9.8739541972356E+01,D,6.3423459462497E-01
2000048,DISCBOND,5002,Fama Bliss Discount Bonds - 2-Year (Nominal),2015-10-30,9.8500566232832E+01,D,7.5333056166454E-01
2000048,DISCBOND,5002,Fama Bliss Discount Bonds - 2-Year (Nominal),2015-11-30,9.8125306588018E+01,D,9.4494982221886E-01
2000048,DISCBOND,5002,Fama Bliss Discount Bonds - 2-Year (Nominal),2015-12-31,9.7898954427785E+01,D,1.0631722249840E+00
2000048,DISCBOND,5002,Fama Bliss Discount Bonds - 2-Year (Nominal),2016-01-29,9.8408791441669E+01,D,7.9871970362302E-01
2000048,DISCBOND,5002,Fama Bliss Discount Bonds - 2-Year (Nominal),2016-02-29,9.8445277310477E+01,D,7.8346762452900E-01
2000048,DISCBOND,5002,Fama Bliss Discount Bonds - 2-Year (Nominal),2016-03-31,9.8543942829288E+01,D,7.3539567513354E-01
2000048,DISCBOND,5002,Fama Bliss Discount Bonds - 2-Year (Nominal),2016-04-29,9.8445282939274E+01,D,7.8239299669395E-01
2000048,DISCBOND,5002,Fama Bliss Discount Bonds - 2-Year (Nominal),2016-05-31,9.8253987427230E+01,D,8.8071757805927E-01
2000048,DISCBOND,5002,Fama Bliss Discount Bonds - 2-Year (Nominal),2016-06-30,9.8828811674966E+01,D,5.8985840486166E-01
2000048,DISCBOND,5002,Fama Bliss Discount Bonds - 2-Year (Nominal),2016-07-29,9.8700434603808E+01,D,6.5225482951454E-01
2000048,DISCBOND,5002,Fama Bliss Discount Bonds - 2-Year (Nominal),2016-08-31,9.8374170552659E+01,D,8.1959553855545E-01
2000048,DISCBOND,5002,Fama Bliss Discount Bonds - 2-Year (Nominal),2016-09-30,9.8450512290947E+01,D,7.8295398167237E-01
2000048,DISCBOND,5002,Fama Bliss Discount Bonds - 2-Year (Nominal),2016-10-31,9.8294776675278E+01,D,8.5996484078313E-01
2000048,DISCBOND,5002,Fama Bliss Discount Bonds - 2-Year (Nominal),2016-11-30,9.7793990927598E+01,D,1.1153526646540E+00
2000048,DISCBOND,5002,Fama Bliss Discount Bonds - 2-Year (Nominal),2016-12-30,9.7634046865309E+01,D,1.1955578812379E+00
2000048,DISCBOND,5002,Fama Bliss Discount Bonds - 2-Year (Nominal),2017-01-31,9.7597882170488E+01,D,1.2157195938670E+00
2000048,DISCBOND,5002,Fama Bliss Discount Bonds - 2-Year (Nominal),2017-02-28,9.7512653687945E+01,D,1.2594017495173E+00
2000048,DISCBOND,5002,Fama Bliss Discount Bonds - 2-Year (Nominal),2017-03-31,9.7525111473583E+01,D,1.2564567815183E+00
2000048,DISCBOND,5002,Fama Bliss Discount Bonds - 2-Year (Nominal),2017-04-28,9.7501054779226E+01,D,1.2618922799352E+00
2000048,DISCBOND,5002,Fama Bliss Discount Bonds - 2-Year (Nominal),2017-05-31,9.7479322646112E+01,D,1.2764952949977E+00
2000048,DISCBOND,5002,Fama Bliss Discount Bonds - 2-Year (Nominal),2017-06-30,9.7296254465326E+01,D,1.3742497406974E+00
2000048,DISCBOND,5002,Fama Bliss Discount Bonds - 2-Year (Nominal),2017-07-31,9.7345935471643E+01,D,1.3449603372612E+00
2000048,DISCBOND,5002,Fama Bliss Discount Bonds - 2-Year (Nominal),2017-08-31,9.7394529291831E+01,D,1.3218179260126E+00
2000048,DISCBOND,5002,Fama Bliss Discount Bonds - 2-Year (Nominal),2017-09-29,9.7079414924045E+01,D,1.4800141819588E+00
2000048,DISCBOND,5002,Fama Bliss Discount Bonds - 2-Year (Nominal),2017-10-31,9.6854392669137E+01,D,1.5980720888791E+00
2000048,DISCBOND,5002,Fama Bliss Discount Bonds - 2-Year (Nominal),2017-11-30,9.6517828106062E+01,D,1.7745532681278E+00
2000048,DISCBOND,5002,Fama Bliss Discount Bonds - 2-Year (Nominal),2017-12-29,9.6313922766268E+01,D,1.8727342957593E+00
2000048,DISCBOND,5002,Fama Bliss Discount Bonds - 2-Year (Nominal),2018-01-31,9.5828553231343E+01,D,2.1304747493962E+00
2000048,DISCBOND,5002,Fama Bliss Discount Bonds - 2-Year (Nominal),2018-02-28,9.5598752228725E+01,D,2.2505209008352E+00
2000048,DISCBOND,5002,Fama Bliss Discount Bonds - 2-Year (Nominal),2018-03-29,9.5552041611164E+01,D,2.2656465907861E+00
2000048,DISCBOND,5002,Fama Bliss Discount Bonds - 2-Year (Nominal),2018-04-30,9.5155623053398E+01,D,2.4794283931908E+00
2000048,DISCBOND,5002,Fama Bliss Discount Bonds - 2-Year (Nominal),2018-05-31,9.5289133666047E+01,D,2.4160298389930E+00
2000048,DISCBOND,5002,Fama Bliss Discount Bonds - 2-Year (Nominal),2018-06-29,9.5078185474165E+01,D,2.5166365578006E+00
2000048,DISCBOND,5002,Fama Bliss Discount Bonds - 2-Year (Nominal),2018-07-31,9.4811044797796E+01,D,2.6605692525786E+00
2000048,DISCBOND,5002,Fama Bliss Discount Bonds - 2-Year (Nominal),2018-08-31,9.4919217466046E+01,D,2.6036333162926E+00
2000048,DISCBOND,5002,Fama Bliss Discount Bonds - 2-Year (Nominal),2018-09-28,9.4536993032380E+01,D,2.7974520397639E+00
2000048,DISCBOND,5002,Fama Bliss Discount Bonds - 2-Year (Nominal),2018-10-31,9.4461760034883E+01,D,2.8487544549571E+00
2000048,DISCBOND,5002,Fama Bliss Discount Bonds - 2-Year (Nominal),2018-11-30,9.4614452646655E+01,D,2.7642106783243E+00
2000048,DISCBOND,5002,Fama Bliss Discount Bonds - 2-Year (Nominal),2018-12-31,9.5195916831219E+01,D,2.4582892644430E+00
2000048,DISCBOND,5002,Fama Bliss Discount Bonds - 2-Year (Nominal),2019-01-31,9.5237010937237E+01,D,2.4434246246909E+00
2000048,DISCBOND,5002,Fama Bliss Discount Bonds - 2-Year (Nominal),2019-02-28,9.5127132761337E+01,D,2.5012238038914E+00
2000048,DISCBOND,5002,Fama Bliss Discount Bonds - 2-Year (Nominal),2019-03-29,9.5603981146266E+01,D,2.2385865170602E+00
2000048,DISCBOND,5002,Fama Bliss Discount Bonds - 2-Year (Nominal),2019-04-30,9.5589220701786E+01,D,2.2524208211409E+00
2000048,DISCBOND,5002,Fama Bliss Discount Bonds - 2-Year (Nominal),2019-05-31,9.6233207712798E+01,D,1.9250588873414E+00
2000048,DISCBOND,5002,Fama Bliss Discount Bonds - 2-Year (Nominal),2019-06-28,9.6554117963349E+01,D,1.7461504147920E+00
2000048,DISCBOND,5002,Fama Bliss Discount Bonds - 2-Year (Nominal),2019-07-31,9.6333655276129E+01,D,1.8676222291309E+00
2000048,DISCBOND,5002,Fama Bliss Discount Bonds - 2-Year (Nominal),2019-08-30,9.7025813757599E+01,D,1.5055313753290E+00
2000048,DISCBOND,5002,Fama Bliss Discount Bonds - 2-Year (Nominal),2019-09-30,9.6794797889689E+01,D,1.6266184581240E+00
2000048,DISCBOND,5002,Fama Bliss Discount Bonds - 2-Year (Nominal),2019-10-31,9.6973377390575E+01,D,1.5387931869527E+00
2000048,DISCBOND,5002,Fama Bliss Discount Bonds - 2-Year (Nominal),2019-11-29,9.6798557259619E+01,D,1.6224597504896E+00
2000048,DISCBOND,5002,Fama Bliss Discount Bonds - 2-Year (Nominal),2019-12-31,9.6893837610054E+01,D,1.5755549335354E+00
2000048,DISCBOND,5002,Fama Bliss Discount Bonds - 2-Year (Nominal),2020-01-31,9.7396842504755E+01,D,1.3170155569056E+00
2000048,DISCBOND,5002,Fama Bliss Discount Bonds - 2-Year (Nominal),2020-02-28,9.8172149904423E+01,D,9.2111903137813E-01
2000048,DISCBOND,5002,Fama Bliss Discount Bonds - 2-Year (Nominal),2020-03-31,9.9497969770956E+01,D,2.5164731718571E-01
2000048,DISCBOND,5002,Fama Bliss Discount Bonds - 2-Year (Nominal),2020-04-30,9.9587537546208E+01,D,2.0694119413927E-01
2000048,DISCBOND,5002,Fama Bliss Discount Bonds - 2-Year (Nominal),2020-05-29,9.9656556771952E+01,D,1.7154718576499E-01
2000048,DISCBOND,5002,Fama Bliss Discount Bonds - 2-Year (Nominal),2020-06-30,9.9686371732518E+01,D,1.5706055583450E-01
2000048,DISCBOND,5002,Fama Bliss Discount Bonds - 2-Year (Nominal),2020-07-31,9.9779164515200E+01,D,1.1084352878319E-01
2000048,DISCBOND,5002,Fama Bliss Discount Bonds - 2-Year (Nominal),2020-08-31,9.9731995556944E+01,D,1.3418210895814E-01
2000048,DISCBOND,5002,Fama Bliss Discount Bonds - 2-Year (Nominal),2020-09-30,9.9747479264528E+01,D,1.2642005342367E-01
2000048,DISCBOND,5002,Fama Bliss Discount Bonds - 2-Year (Nominal),2020-10-30,9.9684826645311E+01,D,1.5761961914630E-01
2000048,DISCBOND,5002,Fama Bliss Discount Bonds - 2-Year (Nominal),2020-11-30,9.9704697278077E+01,D,1.4786980034986E-01
2000048,DISCBOND,5002,Fama Bliss Discount Bonds - 2-Year (Nominal),2020-12-31,9.9751989462438E+01,D,1.2432961100501E-01
2000048,DISCBOND,5002,Fama Bliss Discount Bonds - 2-Year (Nominal),2021-01-29,9.9765797479649E+01,D,1.1691828036991E-01
2000048,DISCBOND,5002,Fama Bliss Discount Bonds - 2-Year (Nominal),2021-02-26,9.9705056312323E+01,D,1.4728623136503E-01
2000048,DISCBOND,5002,Fama Bliss Discount Bonds - 2-Year (Nominal),2021-03-31,9.9677222259395E+01,D,1.6164989581673E-01
2000048,DISCBOND,5002,Fama Bliss Discount Bonds - 2-Year (Nominal),2021-04-30,9.9670443051370E+01,D,1.6550403483316E-01
2000048,DISCBOND,5002,Fama Bliss Discount Bonds - 2-Year (Nominal),2021-05-28,9.9705469777298E+01,D,1.4687879919745E-01
2000048,DISCBOND,5002,Fama Bliss Discount Bonds - 2-Year (Nominal),2021-06-30,9.9504692915957E+01,D,2.4826889756411E-01
2000048,DISCBOND,5002,Fama Bliss Discount Bonds - 2-Year (Nominal),2021-07-30,9.9651691958781E+01,D,1.7421936678533E-01
2000048,DISCBOND,5002,Fama Bliss Discount Bonds - 2-Year (Nominal),2021-08-31,9.9572016114494E+01,D,2.1445117904203E-01
2000048,DISCBOND,5002,Fama Bliss Discount Bonds - 2-Year (Nominal),2021-09-30,9.9449648890500E+01,D,2.7631407256090E-01
2000048,DISCBOND,5002,Fama Bliss Discount Bonds - 2-Year (Nominal),2021-10-29,9.8987813243438E+01,D,5.0728229637916E-01
2000048,DISCBOND,5002,Fama Bliss Discount Bonds - 2-Year (Nominal),2021-11-30,9.8861403861685E+01,D,5.7256388537630E-01
2000048,DISCBOND,5002,Fama Bliss Discount Bonds - 2-Year (Nominal),2021-12-31,9.8550000598967E+01,D,7.3231368688506E-01
2000048,DISCBOND,5002,Fama Bliss Discount Bonds - 2-Year (Nominal),2022-01-31,9.7686819946271E+01,D,1.1701769676566E+00
2000048,DISCBOND,5002,Fama Bliss Discount Bonds - 2-Year (Nominal),2022-02-28,9.7134040994767E+01,D,1.4519258375174E+00
2000048,DISCBOND,5002,Fama Bliss Discount Bonds - 2-Year (Nominal),2022-03-31,9.5454428654478E+01,D,2.3324523464897E+00
2000048,DISCBOND,5002,Fama Bliss Discount Bonds - 2-Year (Nominal),2022-04-29,9.4738119297116E+01,D,2.6953026663847E+00
2000048,DISCBOND,5002,Fama Bliss Discount Bonds - 2-Year (Nominal),2022-05-31,9.5061347167405E+01,D,2.5289228864957E+00
2000048,DISCBOND,5002,Fama Bliss Discount Bonds - 2-Year (Nominal),2022-06-30,9.4301374497403E+01,D,2.9377453393188E+00
2000048,DISCBOND,5002,Fama Bliss Discount Bonds - 2-Year (Nominal),2022-07-29,9.4429534536098E+01,D,2.8540857241097E+00
2000048,DISCBOND,5002,Fama Bliss Discount Bonds - 2-Year (Nominal),2022-08-31,9.3343219182777E+01,D,3.4443478640296E+00
2000048,DISCBOND,5002,Fama Bliss Discount Bonds - 2-Year (Nominal),2022-09-30,9.1851669041538E+01,D,4.2439465421922E+00
2000048,DISCBOND,5002,Fama Bliss Discount Bonds - 2-Year (Nominal),2022-10-31,9.1492565209780E+01,D,4.4395420255796E+00
2000048,DISCBOND,5002,Fama Bliss Discount Bonds - 2-Year (Nominal),2022-11-30,9.1821988589294E+01,D,4.2659194963596E+00
2000048,DISCBOND,5002,Fama Bliss Discount Bonds - 2-Year (Nominal),2022-12-30,9.1622899727845E+01,D,4.3624954851718E+00
2000048,DISCBOND,5002,Fama Bliss Discount Bonds - 2-Year (Nominal),2023-01-31,9.2030768822696E+01,D,4.1466806837650E+00
2000048,DISCBOND,5002,Fama Bliss Discount Bonds - 2-Year (Nominal),2023-02-28,9.0914847293199E+01,D,4.7558282595661E+00
2000048,DISCBOND,5002,Fama Bliss Discount Bonds - 2-Year (Nominal),2023-03-31,9.2363655421911E+01,D,3.9663978051231E+00
2000048,DISCBOND,5002,Fama Bliss Discount Bonds - 2-Year (Nominal),2023-04-28,9.2350265782315E+01,D,3.9627946762620E+00
2000048,DISCBOND,5002,Fama Bliss Discount Bonds - 2-Year (Nominal),2023-05-31,9.1665034902731E+01,D,4.3514589104594E+00
2000048,DISCBOND,5002,Fama Bliss Discount Bonds - 2-Year (Nominal),2023-06-30,9.0781141719464E+01,D,4.8293151269328E+00
2000048,DISCBOND,5002,Fama Bliss Discount Bonds - 2-Year (Nominal),2023-07-31,9.0792729672096E+01,D,4.8229419079231E+00
2000048,DISCBOND,5002,Fama Bliss Discount Bonds - 2-Year (Nominal),2023-08-31,9.0853465897408E+01,D,4.8026911352775E+00
2000048,DISCBOND,5002,Fama Bliss Discount Bonds - 2-Year (Nominal),2023-09-29,9.0527697006873E+01,D,4.9621221516388E+00
2000048,DISCBOND,5002,Fama Bliss Discount Bonds - 2-Year (Nominal),2023-10-31,9.0435523900178E+01,D,5.0197752240660E+00
2000048,DISCBOND,5002,Fama Bliss Discount Bonds - 2-Year (Nominal),2023-11-30,9.1195086604649E+01,D,4.6147798779155E+00
2000048,DISCBOND,5002,Fama Bliss Discount Bonds - 2-Year (Nominal),2023-12-29,9.1964448797215E+01,D,4.1712633780614E+00
2000048,DISCBOND,5002,Fama Bliss Discount Bonds - 2-Year (Nominal),2024-01-31,9.2054049279481E+01,D,4.1397144638374E+00
2000048,DISCBOND,5002,Fama Bliss Discount Bonds - 2-Year (Nominal),2024-02-29,9.1301345309117E+01,D,4.5564749155501E+00
2000048,DISCBOND,5002,Fama Bliss Discount Bonds - 2-Year (Nominal),2024-03-28,9.1278579028682E+01,D,4.5440283727181E+00
2000048,DISCBOND,5002,Fama Bliss Discount Bonds - 2-Year (Nominal),2024-04-30,9.0525442946410E+01,D,4.9769618632284E+00
2000048,DISCBOND,5002,Fama Bliss Discount Bonds - 2-Year (Nominal),2024-05-31,9.0848382880752E+01,D,4.8120935905117E+00
2000048,DISCBOND,5002,Fama Bliss Discount Bonds - 2-Year (Nominal),2024-06-28,9.1057332797260E+01,D,4.6712445342942E+00
2000048,DISCBOND,5002,Fama Bliss Discount Bonds - 2-Year (Nominal),2024-07-31,9.1930209503549E+01,D,4.2070244584276E+00
2000048,DISCBOND,5002,Fama Bliss Discount Bonds - 2-Year (Nominal),2024-08-30,9.2544653857965E+01,D,3.8686461729094E+00
2000048,DISCBOND,5002,Fama Bliss Discount Bonds - 2-Year (Nominal),2024-09-30,9.3062254045522E+01,D,3.5950759221512E+00
2000048,DISCBOND,5002,Fama Bliss Discount Bonds - 2-Year (Nominal),2024-10-31,9.2123287394286E+01,D,4.1077483327968E+00
2000048,DISCBOND,5002,Fama Bliss Discount Bonds - 2-Year (Nominal),2024-11-29,9.2092296698080E+01,D,4.1133096836609E+00
2000048,DISCBOND,5002,Fama Bliss Discount Bonds - 2-Year (Nominal),2024-12-31,9.1958509961368E+01,D,4.1916344670651E+00
2000049,DISCBOND,5003,Fama Bliss Discount Bonds - 3-Year (Nominal),1952-06-30,9.4246713239884E+01,D,1.9751411606778E+00
2000049,DISCBOND,5003,Fama Bliss Discount Bonds - 3-Year (Nominal),1952-07-31,9.3931225545010E+01,D,2.0907291851700E+00
2000049,DISCBOND,5003,Fama Bliss Discount Bonds - 3-Year (Nominal),1952-08-29,9.3781939407984E+01,D,2.1360283099551E+00
2000049,DISCBOND,5003,Fama Bliss Discount Bonds - 3-Year (Nominal),1952-09-30,9.3755108097947E+01,D,2.1494679388527E+00
2000049,DISCBOND,5003,Fama Bliss Discount Bonds - 3-Year (Nominal),1952-10-31,9.3758273012046E+01,D,2.1483427163306E+00
2000049,DISCBOND,5003,Fama Bliss Discount Bonds - 3-Year (Nominal),1952-11-28,9.3640145310102E+01,D,2.1863730037466E+00
2000049,DISCBOND,5003,Fama Bliss Discount Bonds - 3-Year (Nominal),1952-12-31,9.3587188547741E+01,D,2.2112421907105E+00
2000049,DISCBOND,5003,Fama Bliss Discount Bonds - 3-Year (Nominal),1953-01-30,9.3800089120877E+01,D,2.1315328097772E+00
2000049,DISCBOND,5003,Fama Bliss Discount Bonds - 3-Year (Nominal),1953-02-27,9.3665604522412E+01,D,2.1773279721708E+00
2000049,DISCBOND,5003,Fama Bliss Discount Bonds - 3-Year (Nominal),1953-03-31,9.3193029115365E+01,D,2.3520566371750E+00
2000049,DISCBOND,5003,Fama Bliss Discount Bonds - 3-Year (Nominal),1953-04-30,9.3622189337548E+01,D,2.1947545811508E+00
2000049,DISCBOND,5003,Fama Bliss Discount Bonds - 3-Year (Nominal),1953-05-29,9.3002406315483E+01,D,2.4115536145900E+00
2000049,DISCBOND,5003,Fama Bliss Discount Bonds - 3-Year (Nominal),1953-06-30,9.3314669561095E+01,D,2.3064287511265E+00
2000049,DISCBOND,5003,Fama Bliss Discount Bonds - 3-Year (Nominal),1953-07-31,9.3386230720545E+01,D,2.2787948116639E+00
2000049,DISCBOND,5003,Fama Bliss Discount Bonds - 3-Year (Nominal),1953-08-31,9.3342117084889E+01,D,2.2945301081028E+00
2000049,DISCBOND,5003,Fama Bliss Discount Bonds - 3-Year (Nominal),1953-09-30,9.3491827147648E+01,D,2.2452558299474E+00
2000049,DISCBOND,5003,Fama Bliss Discount Bonds - 3-Year (Nominal),1953-10-30,9.4356859484492E+01,D,1.9326771328517E+00
2000049,DISCBOND,5003,Fama Bliss Discount Bonds - 3-Year (Nominal),1953-11-30,9.4434451191350E+01,D,1.9070661428358E+00
2000049,DISCBOND,5003,Fama Bliss Discount Bonds - 3-Year (Nominal),1953-12-31,9.4279854522964E+01,D,1.9616303347254E+00
2000049,DISCBOND,5003,Fama Bliss Discount Bonds - 3-Year (Nominal),1954-01-29,9.5097890704098E+01,D,1.6708688143484E+00
2000049,DISCBOND,5003,Fama Bliss Discount Bonds - 3-Year (Nominal),1954-02-26,9.5598779238384E+01,D,1.4962385557484E+00
2000049,DISCBOND,5003,Fama Bliss Discount Bonds - 3-Year (Nominal),1954-03-31,9.5817296441842E+01,D,1.4255341313162E+00
2000049,DISCBOND,5003,Fama Bliss Discount Bonds - 3-Year (Nominal),1954-04-30,9.5935126146874E+01,D,1.3820043602031E+00
2000049,DISCBOND,5003,Fama Bliss Discount Bonds - 3-Year (Nominal),1954-05-28,9.5788147981676E+01,D,1.4291535610504E+00
2000049,DISCBOND,5003,Fama Bliss Discount Bonds - 3-Year (Nominal),1954-06-30,9.6125475321728E+01,D,1.3196040225389E+00
2000049,DISCBOND,5003,Fama Bliss Discount Bonds - 3-Year (Nominal),1954-07-30,9.6077043737500E+01,D,1.3315605036619E+00
2000049,DISCBOND,5003,Fama Bliss Discount Bonds - 3-Year (Nominal),1954-08-31,9.6087674798556E+01,D,1.3303044447895E+00
2000049,DISCBOND,5003,Fama Bliss Discount Bonds - 3-Year (Nominal),1954-09-30,9.5532447761872E+01,D,1.5220843326499E+00
2000049,DISCBOND,5003,Fama Bliss Discount Bonds - 3-Year (Nominal),1954-10-29,9.5327823369085E+01,D,1.5905909503765E+00
2000049,DISCBOND,5003,Fama Bliss Discount Bonds - 3-Year (Nominal),1954-11-30,9.5300456973791E+01,D,1.6045193888668E+00
2000049,DISCBOND,5003,Fama Bliss Discount Bonds - 3-Year (Nominal),1954-12-31,9.4985048578212E+01,D,1.7134582727421E+00
2000049,DISCBOND,5003,Fama Bliss Discount Bonds - 3-Year (Nominal),1955-01-31,9.4515661473447E+01,D,1.8784391180403E+00
2000049,DISCBOND,5003,Fama Bliss Discount Bonds - 3-Year (Nominal),1955-02-28,9.3961443216322E+01,D,2.0742946315552E+00
2000049,DISCBOND,5003,Fama Bliss Discount Bonds - 3-Year (Nominal),1955-03-31,9.3651669330756E+01,D,2.1842697232891E+00
2000049,DISCBOND,5003,Fama Bliss Discount Bonds - 3-Year (Nominal),1955-04-29,9.3370563761093E+01,D,2.2822998617070E+00
2000049,DISCBOND,5003,Fama Bliss Discount Bonds - 3-Year (Nominal),1955-05-31,9.3268050625821E+01,D,2.3252091802989E+00
2000049,DISCBOND,5003,Fama Bliss Discount Bonds - 3-Year (Nominal),1955-06-30,9.2976127637300E+01,D,2.4253657476892E+00
2000049,DISCBOND,5003,Fama Bliss Discount Bonds - 3-Year (Nominal),1955-07-29,9.2722588238120E+01,D,2.5117209819540E+00
2000049,DISCBOND,5003,Fama Bliss Discount Bonds - 3-Year (Nominal),1955-08-31,9.2378942046299E+01,D,2.6447863337429E+00
2000049,DISCBOND,5003,Fama Bliss Discount Bonds - 3-Year (Nominal),1955-09-30,9.2807788399058E+01,D,2.4857174725944E+00
2000049,DISCBOND,5003,Fama Bliss Discount Bonds - 3-Year (Nominal),1955-10-31,9.2938262510728E+01,D,2.4389313392226E+00
2000049,DISCBOND,5003,Fama Bliss Discount Bonds - 3-Year (Nominal),1955-11-30,9.2080641032807E+01,D,2.7526957655427E+00
2000049,DISCBOND,5003,Fama Bliss Discount Bonds - 3-Year (Nominal),1955-12-30,9.1915153395939E+01,D,2.8050193406995E+00
2000049,DISCBOND,5003,Fama Bliss Discount Bonds - 3-Year (Nominal),1956-01-31,9.2549870560948E+01,D,2.5807515954015E+00
2000049,DISCBOND,5003,Fama Bliss Discount Bonds - 3-Year (Nominal),1956-02-29,9.2422973357538E+01,D,2.6288876679617E+00
2000049,DISCBOND,5003,Fama Bliss Discount Bonds - 3-Year (Nominal),1956-03-29,9.2188385518986E+01,D,2.7062581835015E+00
2000049,DISCBOND,5003,Fama Bliss Discount Bonds - 3-Year (Nominal),1956-04-30,9.1235579040302E+01,D,3.0575082220976E+00
2000049,DISCBOND,5003,Fama Bliss Discount Bonds - 3-Year (Nominal),1956-05-31,9.1835666420731E+01,D,2.8441762183694E+00
2000049,DISCBOND,5003,Fama Bliss Discount Bonds - 3-Year (Nominal),1956-06-29,9.1989889149411E+01,D,2.7805113505518E+00
2000049,DISCBOND,5003,Fama Bliss Discount Bonds - 3-Year (Nominal),1956-07-31,9.1620531508355E+01,D,2.9171599642717E+00
2000049,DISCBOND,5003,Fama Bliss Discount Bonds - 3-Year (Nominal),1956-08-31,9.0763488393045E+01,D,3.2304364781944E+00
2000049,DISCBOND,5003,Fama Bliss Discount Bonds - 3-Year (Nominal),1956-09-28,9.0495288490747E+01,D,3.3230104815108E+00
2000049,DISCBOND,5003,Fama Bliss Discount Bonds - 3-Year (Nominal),1956-10-31,9.0764273164686E+01,D,3.2331006476368E+00
2000049,DISCBOND,5003,Fama Bliss Discount Bonds - 3-Year (Nominal),1956-11-30,8.9853926206127E+01,D,3.5661626520065E+00
2000049,DISCBOND,5003,Fama Bliss Discount Bonds - 3-Year (Nominal),1956-12-31,8.9926288034709E+01,D,3.5393292080144E+00
2000049,DISCBOND,5003,Fama Bliss Discount Bonds - 3-Year (Nominal),1957-01-31,9.0799446944773E+01,D,3.2231200423906E+00
2000049,DISCBOND,5003,Fama Bliss Discount Bonds - 3-Year (Nominal),1957-02-28,9.0402223396080E+01,D,3.3603088211338E+00
2000049,DISCBOND,5003,Fama Bliss Discount Bonds - 3-Year (Nominal),1957-03-29,9.0620353115027E+01,D,3.2740749130982E+00
2000049,DISCBOND,5003,Fama Bliss Discount Bonds - 3-Year (Nominal),1957-04-30,9.0106504132413E+01,D,3.4725946384951E+00
2000049,DISCBOND,5003,Fama Bliss Discount Bonds - 3-Year (Nominal),1957-05-31,8.9747469003261E+01,D,3.6023889443778E+00
2000049,DISCBOND,5003,Fama Bliss Discount Bonds - 3-Year (Nominal),1957-06-27,8.9422483140623E+01,D,3.7130380564509E+00
2000049,DISCBOND,5003,Fama Bliss Discount Bonds - 3-Year (Nominal),1957-07-31,8.9243914057646E+01,D,3.7966990713070E+00
2000049,DISCBOND,5003,Fama Bliss Discount Bonds - 3-Year (Nominal),1957-08-30,8.9254010309695E+01,D,3.7825523137313E+00
2000049,DISCBOND,5003,Fama Bliss Discount Bonds - 3-Year (Nominal),1957-09-30,8.8995762993543E+01,D,3.8825019669264E+00
2000049,DISCBOND,5003,Fama Bliss Discount Bonds - 3-Year (Nominal),1957-10-31,8.8675660564286E+01,D,4.0025027780021E+00
2000049,DISCBOND,5003,Fama Bliss Discount Bonds - 3-Year (Nominal),1957-11-29,9.1146950736969E+01,D,3.0842712407110E+00
2000049,DISCBOND,5003,Fama Bliss Discount Bonds - 3-Year (Nominal),1957-12-31,9.2230020551155E+01,D,2.6961502775326E+00
2000049,DISCBOND,5003,Fama Bliss Discount Bonds - 3-Year (Nominal),1958-01-31,9.2931224795859E+01,D,2.4414532858448E+00
2000049,DISCBOND,5003,Fama Bliss Discount Bonds - 3-Year (Nominal),1958-02-28,9.3691857387367E+01,D,2.1699817495252E+00
2000049,DISCBOND,5003,Fama Bliss Discount Bonds - 3-Year (Nominal),1958-03-31,9.3661282150359E+01,D,2.1828431621893E+00
2000049,DISCBOND,5003,Fama Bliss Discount Bonds - 3-Year (Nominal),1958-04-30,9.4223650539549E+01,D,1.9851117630465E+00
2000049,DISCBOND,5003,Fama Bliss Discount Bonds - 3-Year (Nominal),1958-05-29,9.4346718023133E+01,D,1.9344900112781E+00
2000049,DISCBOND,5003,Fama Bliss Discount Bonds - 3-Year (Nominal),1958-06-30,9.3613218500500E+01,D,2.1979458053074E+00
2000049,DISCBOND,5003,Fama Bliss Discount Bonds - 3-Year (Nominal),1958-07-31,9.2928023529727E+01,D,2.4426005143442E+00
2000049,DISCBOND,5003,Fama Bliss Discount Bonds - 3-Year (Nominal),1958-08-29,9.0282297576695E+01,D,3.3983156868723E+00
2000049,DISCBOND,5003,Fama Bliss Discount Bonds - 3-Year (Nominal),1958-09-30,9.0104585320792E+01,D,3.4733044770456E+00
2000049,DISCBOND,5003,Fama Bliss Discount Bonds - 3-Year (Nominal),1958-10-31,8.9594267499679E+01,D,3.6592865625241E+00
2000049,DISCBOND,5003,Fama Bliss Discount Bonds - 3-Year (Nominal),1958-11-28,8.9861770714248E+01,D,3.5535168895934E+00
2000049,DISCBOND,5003,Fama Bliss Discount Bonds - 3-Year (Nominal),1958-12-31,8.9686956150521E+01,D,3.6314777372940E+00
2000049,DISCBOND,5003,Fama Bliss Discount Bonds - 3-Year (Nominal),1959-01-30,8.9126448317130E+01,D,3.8301395325334E+00
2000049,DISCBOND,5003,Fama Bliss Discount Bonds - 3-Year (Nominal),1959-02-27,8.9662407870870E+01,D,3.6306550571150E+00
2000049,DISCBOND,5003,Fama Bliss Discount Bonds - 3-Year (Nominal),1959-03-31,8.9166321856186E+01,D,3.8222259592794E+00
2000049,DISCBOND,5003,Fama Bliss Discount Bonds - 3-Year (Nominal),1959-04-30,8.8865462937479E+01,D,3.9312970118764E+00
2000049,DISCBOND,5003,Fama Bliss Discount Bonds - 3-Year (Nominal),1959-05-29,8.8337987770345E+01,D,4.1220386596705E+00
2000049,DISCBOND,5003,Fama Bliss Discount Bonds - 3-Year (Nominal),1959-06-30,8.7960681487678E+01,D,4.2760092151586E+00
2000049,DISCBOND,5003,Fama Bliss Discount Bonds - 3-Year (Nominal),1959-07-31,8.8110403220270E+01,D,4.2154696199914E+00
2000049,DISCBOND,5003,Fama Bliss Discount Bonds - 3-Year (Nominal),1959-08-31,8.7276449153123E+01,D,4.5321788305369E+00
2000049,DISCBOND,5003,Fama Bliss Discount Bonds - 3-Year (Nominal),1959-09-30,8.6761081025779E+01,D,4.7380614814183E+00
2000049,DISCBOND,5003,Fama Bliss Discount Bonds - 3-Year (Nominal),1959-10-30,8.7359824193319E+01,D,4.4962771557797E+00
2000049,DISCBOND,5003,Fama Bliss Discount Bonds - 3-Year (Nominal),1959-11-30,8.6632928534070E+01,D,4.7786429887654E+00
2000049,DISCBOND,5003,Fama Bliss Discount Bonds - 3-Year (Nominal),1959-12-31,8.6090888665568E+01,D,4.9876653517702E+00
2000049,DISCBOND,5003,Fama Bliss Discount Bonds - 3-Year (Nominal),1960-01-29,8.6835642203742E+01,D,4.6922453065004E+00
2000049,DISCBOND,5003,Fama Bliss Discount Bonds - 3-Year (Nominal),1960-02-29,8.6960484377735E+01,D,4.6572125744458E+00
2000049,DISCBOND,5003,Fama Bliss Discount Bonds - 3-Year (Nominal),1960-03-31,8.9164454260285E+01,D,3.8299193338097E+00
2000049,DISCBOND,5003,Fama Bliss Discount Bonds - 3-Year (Nominal),1960-04-29,8.8168012021943E+01,D,4.1937024462853E+00
2000049,DISCBOND,5003,Fama Bliss Discount Bonds - 3-Year (Nominal),1960-05-31,8.8318145042737E+01,D,4.1408203356151E+00
2000049,DISCBOND,5003,Fama Bliss Discount Bonds - 3-Year (Nominal),1960-06-30,8.9371814799246E+01,D,3.7523477686295E+00
2000049,DISCBOND,5003,Fama Bliss Discount Bonds - 3-Year (Nominal),1960-07-29,9.1082500388866E+01,D,3.1078067147263E+00
2000049,DISCBOND,5003,Fama Bliss Discount Bonds - 3-Year (Nominal),1960-08-31,9.0650550807419E+01,D,3.2749297610293E+00
2000049,DISCBOND,5003,Fama Bliss Discount Bonds - 3-Year (Nominal),1960-09-30,9.0476668978262E+01,D,3.3359390948809E+00
2000049,DISCBOND,5003,Fama Bliss Discount Bonds - 3-Year (Nominal),1960-10-31,9.0272987000279E+01,D,3.4110640217363E+00
2000049,DISCBOND,5003,Fama Bliss Discount Bonds - 3-Year (Nominal),1960-11-30,9.0005507451999E+01,D,3.5131857040275E+00
2000049,DISCBOND,5003,Fama Bliss Discount Bonds - 3-Year (Nominal),1960-12-30,9.1084650952804E+01,D,3.1098561286897E+00
2000049,DISCBOND,5003,Fama Bliss Discount Bonds - 3-Year (Nominal),1961-01-31,9.0396885795325E+01,D,3.3653457119652E+00
2000049,DISCBOND,5003,Fama Bliss Discount Bonds - 3-Year (Nominal),1961-02-28,9.0545248750480E+01,D,3.3106825666829E+00
2000049,DISCBOND,5003,Fama Bliss Discount Bonds - 3-Year (Nominal),1961-03-30,9.0974184105779E+01,D,3.1473983465108E+00
2000049,DISCBOND,5003,Fama Bliss Discount Bonds - 3-Year (Nominal),1961-04-28,9.0791622563168E+01,D,3.2113074477596E+00
2000049,DISCBOND,5003,Fama Bliss Discount Bonds - 3-Year (Nominal),1961-05-31,9.0264667522891E+01,D,3.4203833297665E+00
2000049,DISCBOND,5003,Fama Bliss Discount Bonds - 3-Year (Nominal),1961-06-30,8.9988926651270E+01,D,3.5129106859727E+00
2000049,DISCBOND,5003,Fama Bliss Discount Bonds - 3-Year (Nominal),1961-07-31,8.9678506933100E+01,D,3.6279887883201E+00
2000049,DISCBOND,5003,Fama Bliss Discount Bonds - 3-Year (Nominal),1961-08-31,8.9677998804288E+01,D,3.6281774870643E+00
2000049,DISCBOND,5003,Fama Bliss Discount Bonds - 3-Year (Nominal),1961-09-29,8.9698789214066E+01,D,3.6171571488414E+00
2000049,DISCBOND,5003,Fama Bliss Discount Bonds - 3-Year (Nominal),1961-10-31,9.0024555851489E+01,D,3.5029237736728E+00
2000049,DISCBOND,5003,Fama Bliss Discount Bonds - 3-Year (Nominal),1961-11-30,8.9704297747486E+01,D,3.6184125141290E+00
2000049,DISCBOND,5003,Fama Bliss Discount Bonds - 3-Year (Nominal),1961-12-29,8.9452649915548E+01,D,3.7052071203132E+00
2000049,DISCBOND,5003,Fama Bliss Discount Bonds - 3-Year (Nominal),1962-01-31,8.9230524122917E+01,D,3.8017052685674E+00
2000049,DISCBOND,5003,Fama Bliss Discount Bonds - 3-Year (Nominal),1962-02-28,9.0117112862868E+01,D,3.4718407445148E+00
2000049,DISCBOND,5003,Fama Bliss Discount Bonds - 3-Year (Nominal),1962-03-30,9.0497956034669E+01,D,3.3220297154137E+00
2000049,DISCBOND,5003,Fama Bliss Discount Bonds - 3-Year (Nominal),1962-04-30,9.0389067085953E+01,D,3.3651557753999E+00
2000049,DISCBOND,5003,Fama Bliss Discount Bonds - 3-Year (Nominal),1962-05-31,9.0533542105857E+01,D,3.3210583133564E+00
2000049,DISCBOND,5003,Fama Bliss Discount Bonds - 3-Year (Nominal),1962-06-29,9.0067521875410E+01,D,3.4806610806074E+00
2000049,DISCBOND,5003,Fama Bliss Discount Bonds - 3-Year (Nominal),1962-07-31,8.9910336454165E+01,D,3.5452425682126E+00
2000049,DISCBOND,5003,Fama Bliss Discount Bonds - 3-Year (Nominal),1962-08-31,9.0442837458192E+01,D,3.3453505256663E+00
2000049,DISCBOND,5003,Fama Bliss Discount Bonds - 3-Year (Nominal),1962-09-28,9.0494549999883E+01,D,3.3202553241576E+00
2000049,DISCBOND,5003,Fama Bliss Discount Bonds - 3-Year (Nominal),1962-10-31,9.0547247258467E+01,D,3.3129721598323E+00
2000049,DISCBOND,5003,Fama Bliss Discount Bonds - 3-Year (Nominal),1962-11-30,9.0370737661978E+01,D,3.3719097477510E+00
2000049,DISCBOND,5003,Fama Bliss Discount Bonds - 3-Year (Nominal),1962-12-31,9.0348963909618E+01,D,3.3799346565259E+00
2000049,DISCBOND,5003,Fama Bliss Discount Bonds - 3-Year (Nominal),1963-01-31,9.0301040122599E+01,D,3.3976042064584E+00
2000049,DISCBOND,5003,Fama Bliss Discount Bonds - 3-Year (Nominal),1963-02-28,9.0293816309175E+01,D,3.4002684472133E+00
2000049,DISCBOND,5003,Fama Bliss Discount Bonds - 3-Year (Nominal),1963-03-29,9.0210192259106E+01,D,3.4248757252556E+00
2000049,DISCBOND,5003,Fama Bliss Discount Bonds - 3-Year (Nominal),1963-04-30,8.9974472011066E+01,D,3.5214734454139E+00
2000049,DISCBOND,5003,Fama Bliss Discount Bonds - 3-Year (Nominal),1963-05-31,8.9888946152176E+01,D,3.5499318377077E+00
2000049,DISCBOND,5003,Fama Bliss Discount Bonds - 3-Year (Nominal),1963-06-28,8.9911431050906E+01,D,3.5351512848128E+00
2000049,DISCBOND,5003,Fama Bliss Discount Bonds - 3-Year (Nominal),1963-07-31,8.9602481549060E+01,D,3.6629173363889E+00
2000049,DISCBOND,5003,Fama Bliss Discount Bonds - 3-Year (Nominal),1963-08-30,8.9549310484668E+01,D,3.6726505277705E+00
2000049,DISCBOND,5003,Fama Bliss Discount Bonds - 3-Year (Nominal),1963-09-30,8.9525930121652E+01,D,3.6846978164897E+00
2000049,DISCBOND,5003,Fama Bliss Discount Bonds - 3-Year (Nominal),1963-10-31,8.9356603723366E+01,D,3.7477455074852E+00
2000049,DISCBOND,5003,Fama Bliss Discount Bonds - 3-Year (Nominal),1963-11-29,8.9245094827496E+01,D,3.7858760382862E+00
2000049,DISCBOND,5003,Fama Bliss Discount Bonds - 3-Year (Nominal),1963-12-31,8.8891539111375E+01,D,3.9251074869064E+00
2000049,DISCBOND,5003,Fama Bliss Discount Bonds - 3-Year (Nominal),1964-01-31,8.8845898935872E+01,D,3.9386295582801E+00
2000049,DISCBOND,5003,Fama Bliss Discount Bonds - 3-Year (Nominal),1964-02-28,8.8616157247942E+01,D,4.0248572706763E+00
2000049,DISCBOND,5003,Fama Bliss Discount Bonds - 3-Year (Nominal),1964-03-31,8.8359940626531E+01,D,4.1250494358037E+00
2000049,DISCBOND,5003,Fama Bliss Discount Bonds - 3-Year (Nominal),1964-04-30,8.8585815925743E+01,D,4.0473401730140E+00
2000049,DISCBOND,5003,Fama Bliss Discount Bonds - 3-Year (Nominal),1964-05-28,8.8758505986284E+01,D,3.9641699047925E+00
2000049,DISCBOND,5003,Fama Bliss Discount Bonds - 3-Year (Nominal),1964-06-30,8.8975781092994E+01,D,3.8935326439912E+00
2000049,DISCBOND,5003,Fama Bliss Discount Bonds - 3-Year (Nominal),1964-07-31,8.9043318768306E+01,D,3.8682403464727E+00
2000049,DISCBOND,5003,Fama Bliss Discount Bonds - 3-Year (Nominal),1964-08-31,8.8952611504750E+01,D,3.9022138850707E+00
2000049,DISCBOND,5003,Fama Bliss Discount Bonds - 3-Year (Nominal),1964-09-30,8.8864030208219E+01,D,3.9390216220343E+00
2000049,DISCBOND,5003,Fama Bliss Discount Bonds - 3-Year (Nominal),1964-10-30,8.8753106061586E+01,D,3.9734301366756E+00
2000049,DISCBOND,5003,Fama Bliss Discount Bonds - 3-Year (Nominal),1964-11-30,8.8441804980327E+01,D,4.0941808257661E+00
2000049,DISCBOND,5003,Fama Bliss Discount Bonds - 3-Year (Nominal),1964-12-31,8.8777313740834E+01,D,3.9752288689410E+00
2000049,DISCBOND,5003,Fama Bliss Discount Bonds - 3-Year (Nominal),1965-01-29,8.8831412322566E+01,D,3.9404646646997E+00
2000049,DISCBOND,5003,Fama Bliss Discount Bonds - 3-Year (Nominal),1965-02-26,8.8671896570545E+01,D,3.9966231119949E+00
2000049,DISCBOND,5003,Fama Bliss Discount Bonds - 3-Year (Nominal),1965-03-31,8.8637396469513E+01,D,4.0242194400250E+00
2000049,DISCBOND,5003,Fama Bliss Discount Bonds - 3-Year (Nominal),1965-04-30,8.8577553483598E+01,D,4.0393681484211E+00
2000049,DISCBOND,5003,Fama Bliss Discount Bonds - 3-Year (Nominal),1965-05-28,8.8557907463888E+01,D,4.0357087007994E+00
2000049,DISCBOND,5003,Fama Bliss Discount Bonds - 3-Year (Nominal),1965-06-30,8.8689911112021E+01,D,4.0044583759228E+00
2000049,DISCBOND,5003,Fama Bliss Discount Bonds - 3-Year (Nominal),1965-07-30,8.8543613904242E+01,D,4.0484370118823E+00
2000049,DISCBOND,5003,Fama Bliss Discount Bonds - 3-Year (Nominal),1965-08-31,8.8306491806482E+01,D,4.1452188298180E+00
2000049,DISCBOND,5003,Fama Bliss Discount Bonds - 3-Year (Nominal),1965-09-30,8.7982725887099E+01,D,4.2637625762694E+00
2000049,DISCBOND,5003,Fama Bliss Discount Bonds - 3-Year (Nominal),1965-10-29,8.7913860429234E+01,D,4.2820253836481E+00
2000049,DISCBOND,5003,Fama Bliss Discount Bonds - 3-Year (Nominal),1965-11-30,8.7639235551421E+01,D,4.3980465943354E+00
2000049,DISCBOND,5003,Fama Bliss Discount Bonds - 3-Year (Nominal),1965-12-31,8.6344145622686E+01,D,4.8898406544948E+00
2000049,DISCBOND,5003,Fama Bliss Discount Bonds - 3-Year (Nominal),1966-01-31,8.6314783833531E+01,D,4.9011674171337E+00
2000049,DISCBOND,5003,Fama Bliss Discount Bonds - 3-Year (Nominal),1966-02-28,8.6202180122231E+01,D,4.9446417857372E+00
2000049,DISCBOND,5003,Fama Bliss Discount Bonds - 3-Year (Nominal),1966-03-31,8.6767497335453E+01,D,4.7399270692680E+00
2000049,DISCBOND,5003,Fama Bliss Discount Bonds - 3-Year (Nominal),1966-04-29,8.6415468013531E+01,D,4.8579103652290E+00
2000049,DISCBOND,5003,Fama Bliss Discount Bonds - 3-Year (Nominal),1966-05-31,8.6121998150732E+01,D,4.9847291280689E+00
2000049,DISCBOND,5003,Fama Bliss Discount Bonds - 3-Year (Nominal),1966-06-30,8.5748238146090E+01,D,5.1204788563094E+00
2000049,DISCBOND,5003,Fama Bliss Discount Bonds - 3-Year (Nominal),1966-07-29,8.5494660786725E+01,D,5.2096023795980E+00
2000049,DISCBOND,5003,Fama Bliss Discount Bonds - 3-Year (Nominal),1966-08-31,8.4129211961665E+01,D,5.7658097314003E+00
2000049,DISCBOND,5003,Fama Bliss Discount Bonds - 3-Year (Nominal),1966-09-30,8.5064350863859E+01,D,5.3871520096249E+00
2000049,DISCBOND,5003,Fama Bliss Discount Bonds - 3-Year (Nominal),1966-10-31,8.5456536433603E+01,D,5.2339631738742E+00
2000049,DISCBOND,5003,Fama Bliss Discount Bonds - 3-Year (Nominal),1966-11-30,8.5225064540383E+01,D,5.3340247338765E+00
2000049,DISCBOND,5003,Fama Bliss Discount Bonds - 3-Year (Nominal),1966-12-30,8.6368440419666E+01,D,4.8760223359405E+00
2000049,DISCBOND,5003,Fama Bliss Discount Bonds - 3-Year (Nominal),1967-01-31,8.7200232827295E+01,D,4.5654396373587E+00
2000049,DISCBOND,5003,Fama Bliss Discount Bonds - 3-Year (Nominal),1967-02-28,8.6773466840794E+01,D,4.7289765612541E+00
2000049,DISCBOND,5003,Fama Bliss Discount Bonds - 3-Year (Nominal),1967-03-31,8.8058898968136E+01,D,4.2349422757887E+00
2000049,DISCBOND,5003,Fama Bliss Discount Bonds - 3-Year (Nominal),1967-04-28,8.7332889818714E+01,D,4.5024328479676E+00
2000049,DISCBOND,5003,Fama Bliss Discount Bonds - 3-Year (Nominal),1967-05-31,8.7339957987932E+01,D,4.5161948321406E+00
2000049,DISCBOND,5003,Fama Bliss Discount Bonds - 3-Year (Nominal),1967-06-30,8.5928570050925E+01,D,5.0505150509172E+00
2000049,DISCBOND,5003,Fama Bliss Discount Bonds - 3-Year (Nominal),1967-07-31,8.6183295629969E+01,D,4.9519383257126E+00
2000049,DISCBOND,5003,Fama Bliss Discount Bonds - 3-Year (Nominal),1967-08-31,8.5513840285551E+01,D,5.2116390056087E+00
2000049,DISCBOND,5003,Fama Bliss Discount Bonds - 3-Year (Nominal),1967-09-29,8.5327010918389E+01,D,5.2796608918341E+00
2000049,DISCBOND,5003,Fama Bliss Discount Bonds - 3-Year (Nominal),1967-10-31,8.4712169881217E+01,D,5.5303639136390E+00
2000049,DISCBOND,5003,Fama Bliss Discount Bonds - 3-Year (Nominal),1967-11-30,8.4540346657768E+01,D,5.5929355343659E+00
2000049,DISCBOND,5003,Fama Bliss Discount Bonds - 3-Year (Nominal),1967-12-29,8.4220610921514E+01,D,5.7087099738322E+00
2000049,DISCBOND,5003,Fama Bliss Discount Bonds - 3-Year (Nominal),1968-01-31,8.5048435796393E+01,D,5.4032428847923E+00
2000049,DISCBOND,5003,Fama Bliss Discount Bonds - 3-Year (Nominal),1968-02-29,8.4617864052166E+01,D,5.5776803360740E+00
2000049,DISCBOND,5003,Fama Bliss Discount Bonds - 3-Year (Nominal),1968-03-29,8.4294389625464E+01,D,5.6847793468569E+00
2000049,DISCBOND,5003,Fama Bliss Discount Bonds - 3-Year (Nominal),1968-04-30,8.3892321152455E+01,D,5.8545368582167E+00
2000049,DISCBOND,5003,Fama Bliss Discount Bonds - 3-Year (Nominal),1968-05-31,8.4101395577873E+01,D,5.7874233636999E+00
2000049,DISCBOND,5003,Fama Bliss Discount Bonds - 3-Year (Nominal),1968-06-28,8.4631426296854E+01,D,5.5520099631818E+00
2000049,DISCBOND,5003,Fama Bliss Discount Bonds - 3-Year (Nominal),1968-07-31,8.5820471133177E+01,D,5.1017461493662E+00
2000049,DISCBOND,5003,Fama Bliss Discount Bonds - 3-Year (Nominal),1968-08-30,8.5756689350591E+01,D,5.1171967372398E+00
2000049,DISCBOND,5003,Fama Bliss Discount Bonds - 3-Year (Nominal),1968-09-30,8.5566437100119E+01,D,5.1959024775047E+00
2000049,DISCBOND,5003,Fama Bliss Discount Bonds - 3-Year (Nominal),1968-10-31,8.5381936139798E+01,D,5.2774935651087E+00
2000049,DISCBOND,5003,Fama Bliss Discount Bonds - 3-Year (Nominal),1968-11-29,8.5096277535837E+01,D,5.3746549771569E+00
2000049,DISCBOND,5003,Fama Bliss Discount Bonds - 3-Year (Nominal),1968-12-31,8.3387767423643E+01,D,6.0556188790862E+00
2000049,DISCBOND,5003,Fama Bliss Discount Bonds - 3-Year (Nominal),1969-01-31,8.3554753776563E+01,D,5.9889346844754E+00
2000049,DISCBOND,5003,Fama Bliss Discount Bonds - 3-Year (Nominal),1969-02-28,8.2619736574604E+01,D,6.3582467204580E+00
2000049,DISCBOND,5003,Fama Bliss Discount Bonds - 3-Year (Nominal),1969-03-28,8.3113070887923E+01,D,6.1487608860026E+00
2000049,DISCBOND,5003,Fama Bliss Discount Bonds - 3-Year (Nominal),1969-04-30,8.3273246774494E+01,D,6.1070054519236E+00
2000049,DISCBOND,5003,Fama Bliss Discount Bonds - 3-Year (Nominal),1969-05-29,8.2221138508315E+01,D,6.5074299649725E+00
2000049,DISCBOND,5003,Fama Bliss Discount Bonds - 3-Year (Nominal),1969-06-30,8.0988376990157E+01,D,7.0224049814415E+00
2000049,DISCBOND,5003,Fama Bliss Discount Bonds - 3-Year (Nominal),1969-07-31,8.0768509044819E+01,D,7.1129389860881E+00
2000049,DISCBOND,5003,Fama Bliss Discount Bonds - 3-Year (Nominal),1969-08-29,8.0560265108960E+01,D,7.1858010508230E+00
2000049,DISCBOND,5003,Fama Bliss Discount Bonds - 3-Year (Nominal),1969-09-30,7.9209711869912E+01,D,7.7690425670488E+00
2000049,DISCBOND,5003,Fama Bliss Discount Bonds - 3-Year (Nominal),1969-10-31,8.0570818298023E+01,D,7.1945518542893E+00
2000049,DISCBOND,5003,Fama Bliss Discount Bonds - 3-Year (Nominal),1969-11-28,7.9769419915656E+01,D,7.5137464778563E+00
2000049,DISCBOND,5003,Fama Bliss Discount Bonds - 3-Year (Nominal),1969-12-31,7.8311490742186E+01,D,8.1566433668206E+00
2000049,DISCBOND,5003,Fama Bliss Discount Bonds - 3-Year (Nominal),1970-01-30,7.8488717442079E+01,D,8.0591233949238E+00
2000049,DISCBOND,5003,Fama Bliss Discount Bonds - 3-Year (Nominal),1970-02-27,8.0966594963336E+01,D,7.0249531553783E+00
2000049,DISCBOND,5003,Fama Bliss Discount Bonds - 3-Year (Nominal),1970-03-31,8.1405072434684E+01,D,6.8577535376663E+00
2000049,DISCBOND,5003,Fama Bliss Discount Bonds - 3-Year (Nominal),1970-04-30,7.9284640807402E+01,D,7.7304658856524E+00
2000049,DISCBOND,5003,Fama Bliss Discount Bonds - 3-Year (Nominal),1970-05-29,7.9562134613961E+01,D,7.6002407755542E+00
2000049,DISCBOND,5003,Fama Bliss Discount Bonds - 3-Year (Nominal),1970-06-30,7.9695099138565E+01,D,7.5654033402377E+00
2000049,DISCBOND,5003,Fama Bliss Discount Bonds - 3-Year (Nominal),1970-07-31,8.0284170917470E+01,D,7.3132451598219E+00
2000049,DISCBOND,5003,Fama Bliss Discount Bonds - 3-Year (Nominal),1970-08-31,8.0589084479344E+01,D,7.1870026167102E+00
2000049,DISCBOND,5003,Fama Bliss Discount Bonds - 3-Year (Nominal),1970-09-30,8.1502187381629E+01,D,6.8242428178845E+00
2000049,DISCBOND,5003,Fama Bliss Discount Bonds - 3-Year (Nominal),1970-10-30,8.1762419579202E+01,D,6.6995123039535E+00
2000049,DISCBOND,5003,Fama Bliss Discount Bonds - 3-Year (Nominal),1970-11-30,8.4440265325612E+01,D,5.6323838598823E+00
2000049,DISCBOND,5003,Fama Bliss Discount Bonds - 3-Year (Nominal),1970-12-31,8.4105322515776E+01,D,5.7647467271778E+00
2000049,DISCBOND,5003,Fama Bliss Discount Bonds - 3-Year (Nominal),1971-01-29,8.5430953125231E+01,D,5.2343825935980E+00
2000049,DISCBOND,5003,Fama Bliss Discount Bonds - 3-Year (Nominal),1971-02-26,8.6463546918384E+01,D,4.8349961953776E+00
2000049,DISCBOND,5003,Fama Bliss Discount Bonds - 3-Year (Nominal),1971-03-31,8.7357340798937E+01,D,4.5095552715139E+00
2000049,DISCBOND,5003,Fama Bliss Discount Bonds - 3-Year (Nominal),1971-04-30,8.4257956701736E+01,D,5.7043634219608E+00
2000049,DISCBOND,5003,Fama Bliss Discount Bonds - 3-Year (Nominal),1971-05-28,8.3863772587815E+01,D,5.8445322613207E+00
2000049,DISCBOND,5003,Fama Bliss Discount Bonds - 3-Year (Nominal),1971-06-30,8.1875713726756E+01,D,6.6716850929268E+00
2000049,DISCBOND,5003,Fama Bliss Discount Bonds - 3-Year (Nominal),1971-07-30,8.1693940899808E+01,D,6.7273908299830E+00
2000049,DISCBOND,5003,Fama Bliss Discount Bonds - 3-Year (Nominal),1971-08-31,8.4263673105323E+01,D,5.7073114324993E+00
2000049,DISCBOND,5003,Fama Bliss Discount Bonds - 3-Year (Nominal),1971-09-30,8.4403093899419E+01,D,5.6470473574315E+00
2000049,DISCBOND,5003,Fama Bliss Discount Bonds - 3-Year (Nominal),1971-10-29,8.5506317869775E+01,D,5.2050701509416E+00
2000049,DISCBOND,5003,Fama Bliss Discount Bonds - 3-Year (Nominal),1971-11-30,8.5348161217219E+01,D,5.2810428576413E+00
2000049,DISCBOND,5003,Fama Bliss Discount Bonds - 3-Year (Nominal),1971-12-31,8.5862063222794E+01,D,5.0763007612952E+00
2000049,DISCBOND,5003,Fama Bliss Discount Bonds - 3-Year (Nominal),1972-01-31,8.5214534837112E+01,D,5.3284064255023E+00
2000049,DISCBOND,5003,Fama Bliss Discount Bonds - 3-Year (Nominal),1972-02-29,8.5447059200282E+01,D,5.2424399050052E+00
2000049,DISCBOND,5003,Fama Bliss Discount Bonds - 3-Year (Nominal),1972-03-30,8.4077694591845E+01,D,5.7756882668616E+00
2000049,DISCBOND,5003,Fama Bliss Discount Bonds - 3-Year (Nominal),1972-04-28,8.4702610299673E+01,D,5.5240359740913E+00
2000049,DISCBOND,5003,Fama Bliss Discount Bonds - 3-Year (Nominal),1972-05-31,8.5114264460299E+01,D,5.3774288307748E+00
2000049,DISCBOND,5003,Fama Bliss Discount Bonds - 3-Year (Nominal),1972-06-30,8.4286801692600E+01,D,5.6981633961264E+00
2000049,DISCBOND,5003,Fama Bliss Discount Bonds - 3-Year (Nominal),1972-07-31,8.4375625006888E+01,D,5.6630544798986E+00
2000049,DISCBOND,5003,Fama Bliss Discount Bonds - 3-Year (Nominal),1972-08-31,8.3835194529166E+01,D,5.8879971789409E+00
2000049,DISCBOND,5003,Fama Bliss Discount Bonds - 3-Year (Nominal),1972-09-29,8.3692890609899E+01,D,5.9284578252447E+00
2000049,DISCBOND,5003,Fama Bliss Discount Bonds - 3-Year (Nominal),1972-10-31,8.3695203155931E+01,D,5.9329508468134E+00
2000049,DISCBOND,5003,Fama Bliss Discount Bonds - 3-Year (Nominal),1972-11-30,8.4041767705364E+01,D,5.8058134684164E+00
2000049,DISCBOND,5003,Fama Bliss Discount Bonds - 3-Year (Nominal),1972-12-29,8.3526218660035E+01,D,5.9893807233396E+00
2000049,DISCBOND,5003,Fama Bliss Discount Bonds - 3-Year (Nominal),1973-01-31,8.2850918325141E+01,D,6.2766437798564E+00
2000049,DISCBOND,5003,Fama Bliss Discount Bonds - 3-Year (Nominal),1973-02-28,8.2099828317047E+01,D,6.5804846711031E+00
2000049,DISCBOND,5003,Fama Bliss Discount Bonds - 3-Year (Nominal),1973-03-30,8.1770831988907E+01,D,6.6960891173385E+00
2000049,DISCBOND,5003,Fama Bliss Discount Bonds - 3-Year (Nominal),1973-04-30,8.1946373141863E+01,D,6.6307827174795E+00
2000049,DISCBOND,5003,Fama Bliss Discount Bonds - 3-Year (Nominal),1973-05-31,8.2026080352206E+01,D,6.6165162120080E+00
2000049,DISCBOND,5003,Fama Bliss Discount Bonds - 3-Year (Nominal),1973-06-29,8.1321914380922E+01,D,6.8792569987287E+00
2000049,DISCBOND,5003,Fama Bliss Discount Bonds - 3-Year (Nominal),1973-07-31,7.9153960367171E+01,D,7.7925123885125E+00
2000049,DISCBOND,5003,Fama Bliss Discount Bonds - 3-Year (Nominal),1973-08-31,8.0448981230835E+01,D,7.2449497682923E+00
2000049,DISCBOND,5003,Fama Bliss Discount Bonds - 3-Year (Nominal),1973-09-28,8.1984023312515E+01,D,6.6034348652768E+00
2000049,DISCBOND,5003,Fama Bliss Discount Bonds - 3-Year (Nominal),1973-10-31,8.1954215788587E+01,D,6.6397113577721E+00
2000049,DISCBOND,5003,Fama Bliss Discount Bonds - 3-Year (Nominal),1973-11-30,8.2008762242822E+01,D,6.6054374985029E+00
2000049,DISCBOND,5003,Fama Bliss Discount Bonds - 3-Year (Nominal),1973-12-31,8.1946756506727E+01,D,6.6306269187607E+00
2000049,DISCBOND,5003,Fama Bliss Discount Bonds - 3-Year (Nominal),1974-01-31,8.1755315237208E+01,D,6.7085191082036E+00
2000049,DISCBOND,5003,Fama Bliss Discount Bonds - 3-Year (Nominal),1974-02-28,8.1804337631554E+01,D,6.6885558843990E+00
2000049,DISCBOND,5003,Fama Bliss Discount Bonds - 3-Year (Nominal),1974-03-29,7.9625575024314E+01,D,7.5737449784569E+00
2000049,DISCBOND,5003,Fama Bliss Discount Bonds - 3-Year (Nominal),1974-04-30,7.8528091988258E+01,D,8.0571257565617E+00
2000049,DISCBOND,5003,Fama Bliss Discount Bonds - 3-Year (Nominal),1974-05-31,7.8794748543416E+01,D,7.9368798361390E+00
2000049,DISCBOND,5003,Fama Bliss Discount Bonds - 3-Year (Nominal),1974-06-28,7.8282862650294E+01,D,8.1390835781962E+00
2000049,DISCBOND,5003,Fama Bliss Discount Bonds - 3-Year (Nominal),1974-07-31,7.7927499701863E+01,D,8.3206411820458E+00
2000049,DISCBOND,5003,Fama Bliss Discount Bonds - 3-Year (Nominal),1974-08-30,7.7653395096236E+01,D,8.4151270222184E+00
2000049,DISCBOND,5003,Fama Bliss Discount Bonds - 3-Year (Nominal),1974-09-30,7.9090183942778E+01,D,7.8122463690851E+00
2000049,DISCBOND,5003,Fama Bliss Discount Bonds - 3-Year (Nominal),1974-10-31,7.9306367136358E+01,D,7.7213411536514E+00
2000049,DISCBOND,5003,Fama Bliss Discount Bonds - 3-Year (Nominal),1974-11-29,8.0274900283021E+01,D,7.3104205517529E+00
2000049,DISCBOND,5003,Fama Bliss Discount Bonds - 3-Year (Nominal),1974-12-31,8.0707198776165E+01,D,7.1447472304309E+00
2000049,DISCBOND,5003,Fama Bliss Discount Bonds - 3-Year (Nominal),1975-01-31,8.1430967733359E+01,D,6.8409044207822E+00
2000049,DISCBOND,5003,Fama Bliss Discount Bonds - 3-Year (Nominal),1975-02-28,8.2271745491782E+01,D,6.4988135541120E+00
2000049,DISCBOND,5003,Fama Bliss Discount Bonds - 3-Year (Nominal),1975-03-31,8.1111241312109E+01,D,6.9719206972579E+00
2000049,DISCBOND,5003,Fama Bliss Discount Bonds - 3-Year (Nominal),1975-04-30,7.9369356066443E+01,D,7.7089677147283E+00
2000049,DISCBOND,5003,Fama Bliss Discount Bonds - 3-Year (Nominal),1975-05-30,8.0802086931687E+01,D,7.0926251597692E+00
2000049,DISCBOND,5003,Fama Bliss Discount Bonds - 3-Year (Nominal),1975-06-30,8.0225916008884E+01,D,7.3374188269619E+00
2000049,DISCBOND,5003,Fama Bliss Discount Bonds - 3-Year (Nominal),1975-07-31,7.9198724523804E+01,D,7.7665739463873E+00
2000049,DISCBOND,5003,Fama Bliss Discount Bonds - 3-Year (Nominal),1975-08-29,7.9135164263809E+01,D,7.7791158171470E+00
2000049,DISCBOND,5003,Fama Bliss Discount Bonds - 3-Year (Nominal),1975-09-30,7.8625637929700E+01,D,8.0157454864582E+00
2000049,DISCBOND,5003,Fama Bliss Discount Bonds - 3-Year (Nominal),1975-10-31,8.0779222417973E+01,D,7.1085218814007E+00
2000049,DISCBOND,5003,Fama Bliss Discount Bonds - 3-Year (Nominal),1975-11-28,8.0239098906333E+01,D,7.3185914280582E+00
2000049,DISCBOND,5003,Fama Bliss Discount Bonds - 3-Year (Nominal),1975-12-31,8.1201006710855E+01,D,6.9477627471740E+00
2000049,DISCBOND,5003,Fama Bliss Discount Bonds - 3-Year (Nominal),1976-01-30,8.1340774898373E+01,D,6.8715411822610E+00
2000049,DISCBOND,5003,Fama Bliss Discount Bonds - 3-Year (Nominal),1976-02-27,8.0926268467653E+01,D,7.0415291279593E+00
2000049,DISCBOND,5003,Fama Bliss Discount Bonds - 3-Year (Nominal),1976-03-31,8.1240417926197E+01,D,6.9315734286663E+00
2000049,DISCBOND,5003,Fama Bliss Discount Bonds - 3-Year (Nominal),1976-04-30,8.1368482835479E+01,D,6.8727394284852E+00
2000049,DISCBOND,5003,Fama Bliss Discount Bonds - 3-Year (Nominal),1976-05-28,8.0056193156417E+01,D,7.3944539536201E+00
2000049,DISCBOND,5003,Fama Bliss Discount Bonds - 3-Year (Nominal),1976-06-30,8.0821428796881E+01,D,7.1040890634229E+00
2000049,DISCBOND,5003,Fama Bliss Discount Bonds - 3-Year (Nominal),1976-07-30,8.1278071147213E+01,D,6.9034934996931E+00
2000049,DISCBOND,5003,Fama Bliss Discount Bonds - 3-Year (Nominal),1976-08-31,8.1882660221538E+01,D,6.6627647469466E+00
2000049,DISCBOND,5003,Fama Bliss Discount Bonds - 3-Year (Nominal),1976-09-30,8.2148425049555E+01,D,6.5667445416837E+00
2000049,DISCBOND,5003,Fama Bliss Discount Bonds - 3-Year (Nominal),1976-10-29,8.2923333476880E+01,D,6.2304101734821E+00
2000049,DISCBOND,5003,Fama Bliss Discount Bonds - 3-Year (Nominal),1976-11-30,8.4525327630753E+01,D,5.6039655423921E+00
2000049,DISCBOND,5003,Fama Bliss Discount Bonds - 3-Year (Nominal),1976-12-31,8.4327407852562E+01,D,5.6821085365086E+00
2000049,DISCBOND,5003,Fama Bliss Discount Bonds - 3-Year (Nominal),1977-01-31,8.2331004227657E+01,D,6.4807477651837E+00
2000049,DISCBOND,5003,Fama Bliss Discount Bonds - 3-Year (Nominal),1977-02-28,8.2484439431398E+01,D,6.4128279090988E+00
2000049,DISCBOND,5003,Fama Bliss Discount Bonds - 3-Year (Nominal),1977-03-31,8.2638083860190E+01,D,6.3508519937893E+00
2000049,DISCBOND,5003,Fama Bliss Discount Bonds - 3-Year (Nominal),1977-04-29,8.2728943953379E+01,D,6.3084995355050E+00
2000049,DISCBOND,5003,Fama Bliss Discount Bonds - 3-Year (Nominal),1977-05-31,8.2698573674941E+01,D,6.3322612248800E+00
2000049,DISCBOND,5003,Fama Bliss Discount Bonds - 3-Year (Nominal),1977-06-30,8.3083053637759E+01,D,6.1720114522517E+00
2000049,DISCBOND,5003,Fama Bliss Discount Bonds - 3-Year (Nominal),1977-07-29,8.2209591316240E+01,D,6.5120988579969E+00
2000049,DISCBOND,5003,Fama Bliss Discount Bonds - 3-Year (Nominal),1977-08-31,8.2010005450009E+01,D,6.6170069502770E+00
2000049,DISCBOND,5003,Fama Bliss Discount Bonds - 3-Year (Nominal),1977-09-30,8.1557210807380E+01,D,6.7893146183007E+00
2000049,DISCBOND,5003,Fama Bliss Discount Bonds - 3-Year (Nominal),1977-10-31,8.0745500212524E+01,D,7.1224274674183E+00
2000049,DISCBOND,5003,Fama Bliss Discount Bonds - 3-Year (Nominal),1977-11-30,8.0954680192624E+01,D,7.0491270036256E+00
2000049,DISCBOND,5003,Fama Bliss Discount Bonds - 3-Year (Nominal),1977-12-30,8.0627818627493E+01,D,7.1644625939685E+00
2000049,DISCBOND,5003,Fama Bliss Discount Bonds - 3-Year (Nominal),1978-01-31,8.0079928919145E+01,D,7.4048315075009E+00
2000049,DISCBOND,5003,Fama Bliss Discount Bonds - 3-Year (Nominal),1978-02-28,7.9711904218542E+01,D,7.5583751753575E+00
2000049,DISCBOND,5003,Fama Bliss Discount Bonds - 3-Year (Nominal),1978-03-31,7.9496737424915E+01,D,7.6414952369629E+00
2000049,DISCBOND,5003,Fama Bliss Discount Bonds - 3-Year (Nominal),1978-04-28,7.9175712188526E+01,D,7.7620872382913E+00
2000049,DISCBOND,5003,Fama Bliss Discount Bonds - 3-Year (Nominal),1978-05-31,7.8738708521334E+01,D,7.9751263194668E+00
2000049,DISCBOND,5003,Fama Bliss Discount Bonds - 3-Year (Nominal),1978-06-30,7.7929085123120E+01,D,8.3047806596620E+00
2000049,DISCBOND,5003,Fama Bliss Discount Bonds - 3-Year (Nominal),1978-07-31,7.8056615931059E+01,D,8.2503250352460E+00
2000049,DISCBOND,5003,Fama Bliss Discount Bonds - 3-Year (Nominal),1978-08-31,7.8268163784743E+01,D,8.1601900510880E+00
2000049,DISCBOND,5003,Fama Bliss Discount Bonds - 3-Year (Nominal),1978-09-29,7.8051057680630E+01,D,8.2451732244941E+00
2000049,DISCBOND,5003,Fama Bliss Discount Bonds - 3-Year (Nominal),1978-10-31,7.6196099211770E+01,D,9.0619974718155E+00
2000049,DISCBOND,5003,Fama Bliss Discount Bonds - 3-Year (Nominal),1978-11-30,7.6596959750348E+01,D,8.8789850302008E+00
2000049,DISCBOND,5003,Fama Bliss Discount Bonds - 3-Year (Nominal),1978-12-29,7.5453984208481E+01,D,9.3625888828413E+00
2000049,DISCBOND,5003,Fama Bliss Discount Bonds - 3-Year (Nominal),1979-01-31,7.6532220624909E+01,D,8.9234272025875E+00
2000049,DISCBOND,5003,Fama Bliss Discount Bonds - 3-Year (Nominal),1979-02-28,7.6283270054147E+01,D,9.0321327359419E+00
2000049,DISCBOND,5003,Fama Bliss Discount Bonds - 3-Year (Nominal),1979-03-30,7.6208052077288E+01,D,9.0402567073285E+00
2000049,DISCBOND,5003,Fama Bliss Discount Bonds - 3-Year (Nominal),1979-04-30,7.5920657733867E+01,D,9.1743342581514E+00
2000049,DISCBOND,5003,Fama Bliss Discount Bonds - 3-Year (Nominal),1979-05-31,7.6810850296371E+01,D,8.8102343408110E+00
2000049,DISCBOND,5003,Fama Bliss Discount Bonds - 3-Year (Nominal),1979-06-29,7.7394703759626E+01,D,8.5261549089118E+00
2000049,DISCBOND,5003,Fama Bliss Discount Bonds - 3-Year (Nominal),1979-07-31,7.6814857013564E+01,D,8.7924040569070E+00
2000049,DISCBOND,5003,Fama Bliss Discount Bonds - 3-Year (Nominal),1979-08-31,7.5818167162374E+01,D,9.2193225587118E+00
2000049,DISCBOND,5003,Fama Bliss Discount Bonds - 3-Year (Nominal),1979-09-28,7.5151348612469E+01,D,9.4961871299301E+00
2000049,DISCBOND,5003,Fama Bliss Discount Bonds - 3-Year (Nominal),1979-10-31,7.1440059765221E+01,D,1.1220627133079E+01
2000049,DISCBOND,5003,Fama Bliss Discount Bonds - 3-Year (Nominal),1979-11-30,7.3725843549839E+01,D,1.0151289477813E+01
2000049,DISCBOND,5003,Fama Bliss Discount Bonds - 3-Year (Nominal),1979-12-31,7.3234460819395E+01,D,1.0373996437164E+01
2000049,DISCBOND,5003,Fama Bliss Discount Bonds - 3-Year (Nominal),1980-01-31,7.2350658239229E+01,D,1.0778345031660E+01
2000049,DISCBOND,5003,Fama Bliss Discount Bonds - 3-Year (Nominal),1980-02-29,6.7203013962015E+01,D,1.3248403356151E+01
2000049,DISCBOND,5003,Fama Bliss Discount Bonds - 3-Year (Nominal),1980-03-31,6.7673061286733E+01,D,1.3016066998077E+01
2000049,DISCBOND,5003,Fama Bliss Discount Bonds - 3-Year (Nominal),1980-04-30,7.3700773432892E+01,D,1.0181193908914E+01
2000049,DISCBOND,5003,Fama Bliss Discount Bonds - 3-Year (Nominal),1980-05-30,7.6156972896643E+01,D,9.0708345979818E+00
2000049,DISCBOND,5003,Fama Bliss Discount Bonds - 3-Year (Nominal),1980-06-30,7.6255566966583E+01,D,9.0359923948876E+00
2000049,DISCBOND,5003,Fama Bliss Discount Bonds - 3-Year (Nominal),1980-07-31,7.4715144599531E+01,D,9.7340249535557E+00
2000049,DISCBOND,5003,Fama Bliss Discount Bonds - 3-Year (Nominal),1980-08-29,7.1351842151759E+01,D,1.1231054087660E+01
2000049,DISCBOND,5003,Fama Bliss Discount Bonds - 3-Year (Nominal),1980-09-30,7.0661735657048E+01,D,1.1575533040205E+01
2000049,DISCBOND,5003,Fama Bliss Discount Bonds - 3-Year (Nominal),1980-10-31,6.9076818558569E+01,D,1.2331699974864E+01
2000049,DISCBOND,5003,Fama Bliss Discount Bonds - 3-Year (Nominal),1980-11-28,6.8016179518589E+01,D,1.2824062849241E+01
2000049,DISCBOND,5003,Fama Bliss Discount Bonds - 3-Year (Nominal),1980-12-31,6.9843542832554E+01,D,1.1974686911021E+01
2000049,DISCBOND,5003,Fama Bliss Discount Bonds - 3-Year (Nominal),1981-01-30,6.9224643407164E+01,D,1.2249256233124E+01
2000049,DISCBOND,5003,Fama Bliss Discount Bonds - 3-Year (Nominal),1981-02-27,6.7234469370317E+01,D,1.3208678949285E+01
2000049,DISCBOND,5003,Fama Bliss Discount Bonds - 3-Year (Nominal),1981-03-31,6.8453089079872E+01,D,1.2634050585675E+01
2000049,DISCBOND,5003,Fama Bliss Discount Bonds - 3-Year (Nominal),1981-04-30,6.6138496863454E+01,D,1.3768067156814E+01
2000049,DISCBOND,5003,Fama Bliss Discount Bonds - 3-Year (Nominal),1981-05-29,6.6640548349499E+01,D,1.3491601937425E+01
2000049,DISCBOND,5003,Fama Bliss Discount Bonds - 3-Year (Nominal),1981-06-30,6.6589261042145E+01,D,1.3554229305836E+01
2000049,DISCBOND,5003,Fama Bliss Discount Bonds - 3-Year (Nominal),1981-07-31,6.4895738266643E+01,D,1.4399791109125E+01
2000049,DISCBOND,5003,Fama Bliss Discount Bonds - 3-Year (Nominal),1981-08-31,6.2678640305968E+01,D,1.5557441633551E+01
2000049,DISCBOND,5003,Fama Bliss Discount Bonds - 3-Year (Nominal),1981-09-30,6.2785330894082E+01,D,1.5529138724991E+01
2000049,DISCBOND,5003,Fama Bliss Discount Bonds - 3-Year (Nominal),1981-10-30,6.5569708403414E+01,D,1.4042896126357E+01
2000049,DISCBOND,5003,Fama Bliss Discount Bonds - 3-Year (Nominal),1981-11-30,6.8653655601584E+01,D,1.2525088915373E+01
2000049,DISCBOND,5003,Fama Bliss Discount Bonds - 3-Year (Nominal),1981-12-31,6.6722686932399E+01,D,1.3475199660476E+01
2000049,DISCBOND,5003,Fama Bliss Discount Bonds - 3-Year (Nominal),1982-01-29,6.6200778125417E+01,D,1.3711699240450E+01
2000049,DISCBOND,5003,Fama Bliss Discount Bonds - 3-Year (Nominal),1982-02-26,6.6489950387506E+01,D,1.3566809625436E+01
2000049,DISCBOND,5003,Fama Bliss Discount Bonds - 3-Year (Nominal),1982-03-31,6.5974523071195E+01,D,1.3876056068029E+01
2000049,DISCBOND,5003,Fama Bliss Discount Bonds - 3-Year (Nominal),1982-04-30,6.6872120783771E+01,D,1.3400696977086E+01
2000049,DISCBOND,5003,Fama Bliss Discount Bonds - 3-Year (Nominal),1982-05-28,6.7264069561135E+01,D,1.3170023329639E+01
2000049,DISCBOND,5003,Fama Bliss Discount Bonds - 3-Year (Nominal),1982-06-30,6.5326741591361E+01,D,1.4205262766035E+01
2000049,DISCBOND,5003,Fama Bliss Discount Bonds - 3-Year (Nominal),1982-07-30,6.7659749242867E+01,D,1.2998882003023E+01
2000049,DISCBOND,5003,Fama Bliss Discount Bonds - 3-Year (Nominal),1982-08-31,6.9455964537123E+01,D,1.2149241629124E+01
2000049,DISCBOND,5003,Fama Bliss Discount Bonds - 3-Year (Nominal),1982-09-30,7.1515610611514E+01,D,1.1164951812476E+01
2000049,DISCBOND,5003,Fama Bliss Discount Bonds - 3-Year (Nominal),1982-10-29,7.2842050376772E+01,D,1.0533699893360E+01
2000049,DISCBOND,5003,Fama Bliss Discount Bonds - 3-Year (Nominal),1982-11-30,7.3698847639067E+01,D,1.0172767728125E+01
2000049,DISCBOND,5003,Fama Bliss Discount Bonds - 3-Year (Nominal),1982-12-31,7.4430806504860E+01,D,9.8343613775358E+00
2000049,DISCBOND,5003,Fama Bliss Discount Bonds - 3-Year (Nominal),1983-01-31,7.4016889436622E+01,D,1.0020079088866E+01
2000049,DISCBOND,5003,Fama Bliss Discount Bonds - 3-Year (Nominal),1983-02-28,7.5122922346060E+01,D,9.5261157195675E+00
2000049,DISCBOND,5003,Fama Bliss Discount Bonds - 3-Year (Nominal),1983-03-31,7.4046034831132E+01,D,1.0006968085016E+01
2000049,DISCBOND,5003,Fama Bliss Discount Bonds - 3-Year (Nominal),1983-04-29,7.5033287273038E+01,D,9.5571553332031E+00
2000049,DISCBOND,5003,Fama Bliss Discount Bonds - 3-Year (Nominal),1983-05-31,7.3993792235765E+01,D,1.0039633132826E+01
2000049,DISCBOND,5003,Fama Bliss Discount Bonds - 3-Year (Nominal),1983-06-30,7.3687747504285E+01,D,1.0168502403932E+01
2000049,DISCBOND,5003,Fama Bliss Discount Bonds - 3-Year (Nominal),1983-07-29,7.1937626334751E+01,D,1.0949027369026E+01
2000049,DISCBOND,5003,Fama Bliss Discount Bonds - 3-Year (Nominal),1983-08-31,7.1628472620378E+01,D,1.1132750748524E+01
2000049,DISCBOND,5003,Fama Bliss Discount Bonds - 3-Year (Nominal),1983-09-30,7.2614643645147E+01,D,1.0657054009090E+01
2000049,DISCBOND,5003,Fama Bliss Discount Bonds - 3-Year (Nominal),1983-10-31,7.2383380900933E+01,D,1.0763286234925E+01
2000049,DISCBOND,5003,Fama Bliss Discount Bonds - 3-Year (Nominal),1983-11-30,7.2632598718940E+01,D,1.0668287199111E+01
2000049,DISCBOND,5003,Fama Bliss Discount Bonds - 3-Year (Nominal),1983-12-30,7.2404196414658E+01,D,1.0743907284125E+01
2000049,DISCBOND,5003,Fama Bliss Discount Bonds - 3-Year (Nominal),1984-01-31,7.2771918324957E+01,D,1.0594668398938E+01
2000049,DISCBOND,5003,Fama Bliss Discount Bonds - 3-Year (Nominal),1984-02-29,7.1916829838653E+01,D,1.0998706573018E+01
2000049,DISCBOND,5003,Fama Bliss Discount Bonds - 3-Year (Nominal),1984-03-30,7.0687139226419E+01,D,1.1553000979369E+01
2000049,DISCBOND,5003,Fama Bliss Discount Bonds - 3-Year (Nominal),1984-04-30,7.0247776114573E+01,D,1.1771384851061E+01
2000049,DISCBOND,5003,Fama Bliss Discount Bonds - 3-Year (Nominal),1984-05-31,6.7864004076819E+01,D,1.2945792816121E+01
2000049,DISCBOND,5003,Fama Bliss Discount Bonds - 3-Year (Nominal),1984-06-29,6.7461819543657E+01,D,1.3108308957359E+01
2000049,DISCBOND,5003,Fama Bliss Discount Bonds - 3-Year (Nominal),1984-07-31,6.9114917185467E+01,D,1.2313320376502E+01
2000049,DISCBOND,5003,Fama Bliss Discount Bonds - 3-Year (Nominal),1984-08-31,6.9247616324168E+01,D,1.2249382459218E+01
2000049,DISCBOND,5003,Fama Bliss Discount Bonds - 3-Year (Nominal),1984-09-28,6.9909431718845E+01,D,1.1910565980563E+01
2000049,DISCBOND,5003,Fama Bliss Discount Bonds - 3-Year (Nominal),1984-10-31,7.1713634478667E+01,D,1.1093106798745E+01
2000049,DISCBOND,5003,Fama Bliss Discount Bonds - 3-Year (Nominal),1984-11-30,7.2764800242227E+01,D,1.0597929011571E+01
2000049,DISCBOND,5003,Fama Bliss Discount Bonds - 3-Year (Nominal),1984-12-31,7.3228517741261E+01,D,1.0386175451557E+01
2000049,DISCBOND,5003,Fama Bliss Discount Bonds - 3-Year (Nominal),1985-01-31,7.3875342722434E+01,D,1.0111504269428E+01
2000049,DISCBOND,5003,Fama Bliss Discount Bonds - 3-Year (Nominal),1985-02-28,7.2340428791440E+01,D,1.0783053967085E+01
2000049,DISCBOND,5003,Fama Bliss Discount Bonds - 3-Year (Nominal),1985-03-29,7.2627113712953E+01,D,1.0631933568777E+01
2000049,DISCBOND,5003,Fama Bliss Discount Bonds - 3-Year (Nominal),1985-04-30,7.3619551259818E+01,D,1.0208652084668E+01
2000049,DISCBOND,5003,Fama Bliss Discount Bonds - 3-Year (Nominal),1985-05-31,7.5830750961237E+01,D,9.2137956183778E+00
2000049,DISCBOND,5003,Fama Bliss Discount Bonds - 3-Year (Nominal),1985-06-28,7.5726939092024E+01,D,9.2425519570228E+00
2000049,DISCBOND,5003,Fama Bliss Discount Bonds - 3-Year (Nominal),1985-07-31,7.5281668518410E+01,D,9.4731017534778E+00
2000049,DISCBOND,5003,Fama Bliss Discount Bonds - 3-Year (Nominal),1985-08-30,7.5827874575331E+01,D,9.2066582406026E+00
2000049,DISCBOND,5003,Fama Bliss Discount Bonds - 3-Year (Nominal),1985-09-30,7.5934618804953E+01,D,9.1682107376502E+00
2000049,DISCBOND,5003,Fama Bliss Discount Bonds - 3-Year (Nominal),1985-10-31,7.6570172133757E+01,D,8.8906338203656E+00
2000049,DISCBOND,5003,Fama Bliss Discount Bonds - 3-Year (Nominal),1985-11-29,7.7273376657997E+01,D,8.5783552628478E+00
2000049,DISCBOND,5003,Fama Bliss Discount Bonds - 3-Year (Nominal),1985-12-31,7.8287353062349E+01,D,8.1594707443815E+00
2000049,DISCBOND,5003,Fama Bliss Discount Bonds - 3-Year (Nominal),1986-01-31,7.8138286344874E+01,D,8.2154985005490E+00
2000049,DISCBOND,5003,Fama Bliss Discount Bonds - 3-Year (Nominal),1986-02-28,7.9301625441440E+01,D,7.7233323810672E+00
2000049,DISCBOND,5003,Fama Bliss Discount Bonds - 3-Year (Nominal),1986-03-31,8.0838113859501E+01,D,7.0842515010059E+00
2000049,DISCBOND,5003,Fama Bliss Discount Bonds - 3-Year (Nominal),1986-04-30,8.0743458627175E+01,D,7.1362913753019E+00
2000049,DISCBOND,5003,Fama Bliss Discount Bonds - 3-Year (Nominal),1986-05-30,7.9490175554581E+01,D,7.6372756115038E+00
2000049,DISCBOND,5003,Fama Bliss Discount Bonds - 3-Year (Nominal),1986-06-30,8.0755403507158E+01,D,7.1183431727522E+00
2000049,DISCBOND,5003,Fama Bliss Discount Bonds - 3-Year (Nominal),1986-07-31,8.0933174009560E+01,D,7.0451125279637E+00
2000049,DISCBOND,5003,Fama Bliss Discount Bonds - 3-Year (Nominal),1986-08-29,8.2672457003865E+01,D,6.3254594829732E+00
2000049,DISCBOND,5003,Fama Bliss Discount Bonds - 3-Year (Nominal),1986-09-30,8.1737137846237E+01,D,6.7220576604474E+00
2000049,DISCBOND,5003,Fama Bliss Discount Bonds - 3-Year (Nominal),1986-10-31,8.2217780659021E+01,D,6.5206652387977E+00
2000049,DISCBOND,5003,Fama Bliss Discount Bonds - 3-Year (Nominal),1986-11-28,8.2602578719928E+01,D,6.3535691379067E+00
2000049,DISCBOND,5003,Fama Bliss Discount Bonds - 3-Year (Nominal),1986-12-31,8.2286277020097E+01,D,6.5048013872281E+00
2000049,DISCBOND,5003,Fama Bliss Discount Bonds - 3-Year (Nominal),1987-01-30,8.2382748777561E+01,D,6.4480271115842E+00
2000049,DISCBOND,5003,Fama Bliss Discount Bonds - 3-Year (Nominal),1987-02-27,8.2375910254916E+01,D,6.4507891535464E+00
2000049,DISCBOND,5003,Fama Bliss Discount Bonds - 3-Year (Nominal),1987-03-31,8.1793144585052E+01,D,6.6992252969890E+00
2000049,DISCBOND,5003,Fama Bliss Discount Bonds - 3-Year (Nominal),1987-04-30,7.9662126915446E+01,D,7.5722819367534E+00
2000049,DISCBOND,5003,Fama Bliss Discount Bonds - 3-Year (Nominal),1987-05-29,7.8967341529906E+01,D,7.8496878647947E+00
2000049,DISCBOND,5003,Fama Bliss Discount Bonds - 3-Year (Nominal),1987-06-30,7.9533021724664E+01,D,7.6332629929295E+00
2000049,DISCBOND,5003,Fama Bliss Discount Bonds - 3-Year (Nominal),1987-07-31,7.9034903912813E+01,D,7.8355315615096E+00
2000049,DISCBOND,5003,Fama Bliss Discount Bonds - 3-Year (Nominal),1987-08-31,7.8305701901813E+01,D,8.1442214988925E+00
2000049,DISCBOND,5003,Fama Bliss Discount Bonds - 3-Year (Nominal),1987-09-30,7.6891349687049E+01,D,8.7672330466499E+00
2000049,DISCBOND,5003,Fama Bliss Discount Bonds - 3-Year (Nominal),1987-10-30,7.8572887093606E+01,D,8.0234617171074E+00
2000049,DISCBOND,5003,Fama Bliss Discount Bonds - 3-Year (Nominal),1987-11-30,7.8727890147912E+01,D,7.9651498044386E+00
2000049,DISCBOND,5003,Fama Bliss Discount Bonds - 3-Year (Nominal),1987-12-31,7.8911953666403E+01,D,7.8873794202121E+00
2000049,DISCBOND,5003,Fama Bliss Discount Bonds - 3-Year (Nominal),1988-01-29,8.0110684063410E+01,D,7.3718350337330E+00
2000049,DISCBOND,5003,Fama Bliss Discount Bonds - 3-Year (Nominal),1988-02-29,8.0481532493542E+01,D,7.2380814790512E+00
2000049,DISCBOND,5003,Fama Bliss Discount Bonds - 3-Year (Nominal),1988-03-31,7.9777308121493E+01,D,7.5517255910071E+00
2000049,DISCBOND,5003,Fama Bliss Discount Bonds - 3-Year (Nominal),1988-04-29,7.8922720189749E+01,D,7.8828359739741E+00
2000049,DISCBOND,5003,Fama Bliss Discount Bonds - 3-Year (Nominal),1988-05-31,7.8023210975867E+01,D,8.2721278115940E+00
2000049,DISCBOND,5003,Fama Bliss Discount Bonds - 3-Year (Nominal),1988-06-30,7.8613014434067E+01,D,8.0357746743294E+00
2000049,DISCBOND,5003,Fama Bliss Discount Bonds - 3-Year (Nominal),1988-07-29,7.7732240530173E+01,D,8.3813608409517E+00
2000049,DISCBOND,5003,Fama Bliss Discount Bonds - 3-Year (Nominal),1988-08-31,7.7241938801495E+01,D,8.6154552468154E+00
2000049,DISCBOND,5003,Fama Bliss Discount Bonds - 3-Year (Nominal),1988-09-30,7.7799177177237E+01,D,8.3679779489764E+00
2000049,DISCBOND,5003,Fama Bliss Discount Bonds - 3-Year (Nominal),1988-10-31,7.8426284783074E+01,D,8.1003685657525E+00
2000049,DISCBOND,5003,Fama Bliss Discount Bonds - 3-Year (Nominal),1988-11-30,7.7176105692303E+01,D,8.6439032550830E+00
2000049,DISCBOND,5003,Fama Bliss Discount Bonds - 3-Year (Nominal),1988-12-30,7.6350766079572E+01,D,8.9861978105052E+00
2000049,DISCBOND,5003,Fama Bliss Discount Bonds - 3-Year (Nominal),1989-01-31,7.6649713253841E+01,D,8.8641443194326E+00
2000049,DISCBOND,5003,Fama Bliss Discount Bonds - 3-Year (Nominal),1989-02-28,7.5766259428297E+01,D,9.2505708994766E+00
2000049,DISCBOND,5003,Fama Bliss Discount Bonds - 3-Year (Nominal),1989-03-31,7.5280318432487E+01,D,9.4564130811499E+00
2000049,DISCBOND,5003,Fama Bliss Discount Bonds - 3-Year (Nominal),1989-04-28,7.6244910693611E+01,D,9.0159492995105E+00
2000049,DISCBOND,5003,Fama Bliss Discount Bonds - 3-Year (Nominal),1989-05-31,7.7253427149456E+01,D,8.6104933509513E+00
2000049,DISCBOND,5003,Fama Bliss Discount Bonds - 3-Year (Nominal),1989-06-30,7.8856493776746E+01,D,7.9107931817478E+00
2000049,DISCBOND,5003,Fama Bliss Discount Bonds - 3-Year (Nominal),1989-07-31,7.9950378594421E+01,D,7.4519952046462E+00
2000049,DISCBOND,5003,Fama Bliss Discount Bonds - 3-Year (Nominal),1989-08-31,7.8220758584623E+01,D,8.1803669640820E+00
2000049,DISCBOND,5003,Fama Bliss Discount Bonds - 3-Year (Nominal),1989-09-29,7.7940719801371E+01,D,8.2922426859404E+00
2000049,DISCBOND,5003,Fama Bliss Discount Bonds - 3-Year (Nominal),1989-10-31,7.9201404669622E+01,D,7.7725386182212E+00
2000049,DISCBOND,5003,Fama Bliss Discount Bonds - 3-Year (Nominal),1989-11-30,7.9518615147961E+01,D,7.6323314414389E+00
2000049,DISCBOND,5003,Fama Bliss Discount Bonds - 3-Year (Nominal),1989-12-29,7.9110551921871E+01,D,7.7894563161833E+00
2000049,DISCBOND,5003,Fama Bliss Discount Bonds - 3-Year (Nominal),1990-01-31,7.8284988517210E+01,D,8.1679362768424E+00
2000049,DISCBOND,5003,Fama Bliss Discount Bonds - 3-Year (Nominal),1990-02-28,7.8034483510452E+01,D,8.2748686545097E+00
2000049,DISCBOND,5003,Fama Bliss Discount Bonds - 3-Year (Nominal),1990-03-30,7.7357633799237E+01,D,8.5420953796967E+00
2000049,DISCBOND,5003,Fama Bliss Discount Bonds - 3-Year (Nominal),1990-04-30,7.6697789185383E+01,D,8.8351751120826E+00
2000049,DISCBOND,5003,Fama Bliss Discount Bonds - 3-Year (Nominal),1990-05-31,7.7848306085651E+01,D,8.3622083831426E+00
2000049,DISCBOND,5003,Fama Bliss Discount Bonds - 3-Year (Nominal),1990-06-29,7.8301564670412E+01,D,8.1385550403778E+00
2000049,DISCBOND,5003,Fama Bliss Discount Bonds - 3-Year (Nominal),1990-07-31,7.8989513889676E+01,D,7.8618361644658E+00
2000049,DISCBOND,5003,Fama Bliss Discount Bonds - 3-Year (Nominal),1990-08-31,7.8378496551553E+01,D,8.1132767747659E+00
2000049,DISCBOND,5003,Fama Bliss Discount Bonds - 3-Year (Nominal),1990-09-28,7.8510366157563E+01,D,8.0426159469453E+00
2000049,DISCBOND,5003,Fama Bliss Discount Bonds - 3-Year (Nominal),1990-10-31,7.9138254037657E+01,D,7.8062557580363E+00
2000049,DISCBOND,5003,Fama Bliss Discount Bonds - 3-Year (Nominal),1990-11-30,7.9715643481572E+01,D,7.5499167343857E+00
2000049,DISCBOND,5003,Fama Bliss Discount Bonds - 3-Year (Nominal),1990-12-31,8.0299322687823E+01,D,7.3069606009037E+00
2000049,DISCBOND,5003,Fama Bliss Discount Bonds - 3-Year (Nominal),1991-01-31,8.0649319296936E+01,D,7.1621202633567E+00
2000049,DISCBOND,5003,Fama Bliss Discount Bonds - 3-Year (Nominal),1991-02-28,8.0658489023260E+01,D,7.1583339782988E+00
2000049,DISCBOND,5003,Fama Bliss Discount Bonds - 3-Year (Nominal),1991-03-28,8.0442256878639E+01,D,7.2279489413346E+00
2000049,DISCBOND,5003,Fama Bliss Discount Bonds - 3-Year (Nominal),1991-04-30,8.0907291761833E+01,D,7.0622079757707E+00
2000049,DISCBOND,5003,Fama Bliss Discount Bonds - 3-Year (Nominal),1991-05-31,8.0934454482812E+01,D,7.0445856344766E+00
2000049,DISCBOND,5003,Fama Bliss Discount Bonds - 3-Year (Nominal),1991-06-28,8.0295853075926E+01,D,7.2950870531186E+00
2000049,DISCBOND,5003,Fama Bliss Discount Bonds - 3-Year (Nominal),1991-07-31,8.0809176875375E+01,D,7.1091471484685E+00
2000049,DISCBOND,5003,Fama Bliss Discount Bonds - 3-Year (Nominal),1991-08-30,8.1880374480331E+01,D,6.6515460932058E+00
2000049,DISCBOND,5003,Fama Bliss Discount Bonds - 3-Year (Nominal),1991-09-30,8.2722432609430E+01,D,6.3168770154719E+00
2000049,DISCBOND,5003,Fama Bliss Discount Bonds - 3-Year (Nominal),1991-10-31,8.3333344071051E+01,D,6.0718361216842E+00
2000049,DISCBOND,5003,Fama Bliss Discount Bonds - 3-Year (Nominal),1991-11-29,8.4023549438551E+01,D,5.7918571139053E+00
2000049,DISCBOND,5003,Fama Bliss Discount Bonds - 3-Year (Nominal),1991-12-31,8.5616066337791E+01,D,5.1765744739433E+00
2000049,DISCBOND,5003,Fama Bliss Discount Bonds - 3-Year (Nominal),1992-01-31,8.4147428736942E+01,D,5.7480782307838E+00
2000049,DISCBOND,5003,Fama Bliss Discount Bonds - 3-Year (Nominal),1992-02-28,8.3968476960260E+01,D,5.8189771634931E+00
2000049,DISCBOND,5003,Fama Bliss Discount Bonds - 3-Year (Nominal),1992-03-31,8.2916818946138E+01,D,6.2444089221929E+00
2000049,DISCBOND,5003,Fama Bliss Discount Bonds - 3-Year (Nominal),1992-04-30,8.3376196603970E+01,D,6.0713335599201E+00
2000049,DISCBOND,5003,Fama Bliss Discount Bonds - 3-Year (Nominal),1992-05-29,8.4000716613805E+01,D,5.8008999335711E+00
2000049,DISCBOND,5003,Fama Bliss Discount Bonds - 3-Year (Nominal),1992-06-30,8.4908716614660E+01,D,5.4531144540443E+00
2000049,DISCBOND,5003,Fama Bliss Discount Bonds - 3-Year (Nominal),1992-07-31,8.6066690137255E+01,D,5.0015909337684E+00
2000049,DISCBOND,5003,Fama Bliss Discount Bonds - 3-Year (Nominal),1992-08-31,8.6739755891340E+01,D,4.7419288693847E+00
2000049,DISCBOND,5003,Fama Bliss Discount Bonds - 3-Year (Nominal),1992-09-30,8.7634984256215E+01,D,4.4036849266933E+00
2000049,DISCBOND,5003,Fama Bliss Discount Bonds - 3-Year (Nominal),1992-10-30,8.5881081494142E+01,D,5.0689250492344E+00
2000049,DISCBOND,5003,Fama Bliss Discount Bonds - 3-Year (Nominal),1992-11-30,8.4971082051916E+01,D,5.4286401130078E+00
2000049,DISCBOND,5003,Fama Bliss Discount Bonds - 3-Year (Nominal),1992-12-31,8.5552947991976E+01,D,5.2106748139010E+00
2000049,DISCBOND,5003,Fama Bliss Discount Bonds - 3-Year (Nominal),1993-01-29,8.6620610997953E+01,D,4.7790177344185E+00
2000049,DISCBOND,5003,Fama Bliss Discount Bonds - 3-Year (Nominal),1993-02-26,8.7555700937756E+01,D,4.4177303665140E+00
2000049,DISCBOND,5003,Fama Bliss Discount Bonds - 3-Year (Nominal),1993-03-31,8.7406140407120E+01,D,4.4909227693558E+00
2000049,DISCBOND,5003,Fama Bliss Discount Bonds - 3-Year (Nominal),1993-04-30,8.7769794596511E+01,D,4.3444582887525E+00
2000049,DISCBOND,5003,Fama Bliss Discount Bonds - 3-Year (Nominal),1993-05-28,8.6905934143240E+01,D,4.6611022692048E+00
2000049,DISCBOND,5003,Fama Bliss Discount Bonds - 3-Year (Nominal),1993-06-30,8.7653285115652E+01,D,4.3967182740905E+00
2000049,DISCBOND,5003,Fama Bliss Discount Bonds - 3-Year (Nominal),1993-07-30,8.7274381619645E+01,D,4.5288354223000E+00
2000049,DISCBOND,5003,Fama Bliss Discount Bonds - 3-Year (Nominal),1993-08-31,8.8096666194236E+01,D,4.2245166231354E+00
2000049,DISCBOND,5003,Fama Bliss Discount Bonds - 3-Year (Nominal),1993-09-30,8.8151952254372E+01,D,4.1997691123636E+00
2000049,DISCBOND,5003,Fama Bliss Discount Bonds - 3-Year (Nominal),1993-10-29,8.7874927739819E+01,D,4.2967499921688E+00
2000049,DISCBOND,5003,Fama Bliss Discount Bonds - 3-Year (Nominal),1993-11-30,8.7286567509990E+01,D,4.5324534966128E+00
2000049,DISCBOND,5003,Fama Bliss Discount Bonds - 3-Year (Nominal),1993-12-31,8.7454387536897E+01,D,4.4643502765333E+00
2000049,DISCBOND,5003,Fama Bliss Discount Bonds - 3-Year (Nominal),1994-01-31,8.7532560329105E+01,D,4.4345951144186E+00
2000049,DISCBOND,5003,Fama Bliss Discount Bonds - 3-Year (Nominal),1994-02-28,8.6005017089039E+01,D,5.0209000130941E+00
2000049,DISCBOND,5003,Fama Bliss Discount Bonds - 3-Year (Nominal),1994-03-31,8.4366262106274E+01,D,5.6615832465049E+00
2000049,DISCBOND,5003,Fama Bliss Discount Bonds - 3-Year (Nominal),1994-04-29,8.3223702835123E+01,D,6.1101062663653E+00
2000049,DISCBOND,5003,Fama Bliss Discount Bonds - 3-Year (Nominal),1994-05-31,8.2736301048509E+01,D,6.3170579108229E+00
2000049,DISCBOND,5003,Fama Bliss Discount Bonds - 3-Year (Nominal),1994-06-30,8.2546674082274E+01,D,6.3877102725604E+00
2000049,DISCBOND,5003,Fama Bliss Discount Bonds - 3-Year (Nominal),1994-07-29,8.2945454652102E+01,D,6.2158690829751E+00
2000049,DISCBOND,5003,Fama Bliss Discount Bonds - 3-Year (Nominal),1994-08-31,8.2638770102240E+01,D,6.3621847593223E+00
2000049,DISCBOND,5003,Fama Bliss Discount Bonds - 3-Year (Nominal),1994-09-30,8.1552450337659E+01,D,6.7912585564619E+00
2000049,DISCBOND,5003,Fama Bliss Discount Bonds - 3-Year (Nominal),1994-10-31,8.1001622319291E+01,D,7.0169588655903E+00
2000049,DISCBOND,5003,Fama Bliss Discount Bonds - 3-Year (Nominal),1994-11-30,7.9837072500669E+01,D,7.5129348888863E+00
2000049,DISCBOND,5003,Fama Bliss Discount Bonds - 3-Year (Nominal),1994-12-30,7.9409930410033E+01,D,7.6708811489235E+00
2000049,DISCBOND,5003,Fama Bliss Discount Bonds - 3-Year (Nominal),1995-01-31,8.0307915066264E+01,D,7.3100669244322E+00
2000049,DISCBOND,5003,Fama Bliss Discount Bonds - 3-Year (Nominal),1995-02-28,8.1529708906169E+01,D,6.8067570598185E+00
2000049,DISCBOND,5003,Fama Bliss Discount Bonds - 3-Year (Nominal),1995-03-31,8.1480009043522E+01,D,6.8208539740591E+00
2000049,DISCBOND,5003,Fama Bliss Discount Bonds - 3-Year (Nominal),1995-04-28,8.1947450721791E+01,D,6.6182673498818E+00
2000049,DISCBOND,5003,Fama Bliss Discount Bonds - 3-Year (Nominal),1995-05-31,8.3855397863762E+01,D,5.8745754955918E+00
2000049,DISCBOND,5003,Fama Bliss Discount Bonds - 3-Year (Nominal),1995-06-30,8.4012322954742E+01,D,5.8015918465188E+00
2000049,DISCBOND,5003,Fama Bliss Discount Bonds - 3-Year (Nominal),1995-07-31,8.3601527784894E+01,D,5.9648326102537E+00
2000049,DISCBOND,5003,Fama Bliss Discount Bonds - 3-Year (Nominal),1995-08-31,8.3851039768849E+01,D,5.8655867858934E+00
2000049,DISCBOND,5003,Fama Bliss Discount Bonds - 3-Year (Nominal),1995-09-29,8.3932314841222E+01,D,5.8280048132533E+00
2000049,DISCBOND,5003,Fama Bliss Discount Bonds - 3-Year (Nominal),1995-10-31,8.4420875047041E+01,D,5.6451828444987E+00
2000049,DISCBOND,5003,Fama Bliss Discount Bonds - 3-Year (Nominal),1995-11-30,8.5137268198124E+01,D,5.3586169065085E+00
2000049,DISCBOND,5003,Fama Bliss Discount Bonds - 3-Year (Nominal),1995-12-29,8.5565419142750E+01,D,5.1821013087209E+00
2000049,DISCBOND,5003,Fama Bliss Discount Bonds - 3-Year (Nominal),1996-01-31,8.6043932371231E+01,D,5.0149856523602E+00
2000049,DISCBOND,5003,Fama Bliss Discount Bonds - 3-Year (Nominal),1996-02-29,8.4834758730631E+01,D,5.4921926544016E+00
2000049,DISCBOND,5003,Fama Bliss Discount Bonds - 3-Year (Nominal),1996-03-29,8.3873184366115E+01,D,5.8514536567793E+00
2000049,DISCBOND,5003,Fama Bliss Discount Bonds - 3-Year (Nominal),1996-04-30,8.3210505934915E+01,D,6.1265526118034E+00
2000049,DISCBOND,5003,Fama Bliss Discount Bonds - 3-Year (Nominal),1996-05-31,8.2664178088584E+01,D,6.3635620783603E+00
2000049,DISCBOND,5003,Fama Bliss Discount Bonds - 3-Year (Nominal),1996-06-28,8.2905411143289E+01,D,6.2376021949749E+00
2000049,DISCBOND,5003,Fama Bliss Discount Bonds - 3-Year (Nominal),1996-07-31,8.2746355480389E+01,D,6.3187774980386E+00
2000049,DISCBOND,5003,Fama Bliss Discount Bonds - 3-Year (Nominal),1996-08-30,8.2365149105896E+01,D,6.4610259910197E+00
2000049,DISCBOND,5003,Fama Bliss Discount Bonds - 3-Year (Nominal),1996-09-30,8.3006818790568E+01,D,6.2082477671111E+00
2000049,DISCBOND,5003,Fama Bliss Discount Bonds - 3-Year (Nominal),1996-10-31,8.3982452665621E+01,D,5.8293908545355E+00
2000049,DISCBOND,5003,Fama Bliss Discount Bonds - 3-Year (Nominal),1996-11-29,8.4419700700744E+01,D,5.6404954578894E+00
2000049,DISCBOND,5003,Fama Bliss Discount Bonds - 3-Year (Nominal),1996-12-31,8.3593870954136E+01,D,5.9733329290451E+00
2000049,DISCBOND,5003,Fama Bliss Discount Bonds - 3-Year (Nominal),1997-01-31,8.3527803027202E+01,D,5.9996881510702E+00
2000049,DISCBOND,5003,Fama Bliss Discount Bonds - 3-Year (Nominal),1997-02-28,8.3122081993453E+01,D,6.1563710417717E+00
2000049,DISCBOND,5003,Fama Bliss Discount Bonds - 3-Year (Nominal),1997-03-31,8.2211622987917E+01,D,6.5231595424954E+00
2000049,DISCBOND,5003,Fama Bliss Discount Bonds - 3-Year (Nominal),1997-04-30,8.2676769900187E+01,D,6.3468466038384E+00
2000049,DISCBOND,5003,Fama Bliss Discount Bonds - 3-Year (Nominal),1997-05-30,8.2861349276659E+01,D,6.2552903152594E+00
2000049,DISCBOND,5003,Fama Bliss Discount Bonds - 3-Year (Nominal),1997-06-30,8.3208786977250E+01,D,6.1216507338694E+00
2000049,DISCBOND,5003,Fama Bliss Discount Bonds - 3-Year (Nominal),1997-07-31,8.4212781818932E+01,D,5.7222235631938E+00
2000049,DISCBOND,5003,Fama Bliss Discount Bonds - 3-Year (Nominal),1997-08-29,8.3443490806171E+01,D,6.0168667281221E+00
2000049,DISCBOND,5003,Fama Bliss Discount Bonds - 3-Year (Nominal),1997-09-30,8.4015792096826E+01,D,5.8055136284207E+00
2000049,DISCBOND,5003,Fama Bliss Discount Bonds - 3-Year (Nominal),1997-10-31,8.4457190040844E+01,D,5.6257094851155E+00
2000049,DISCBOND,5003,Fama Bliss Discount Bonds - 3-Year (Nominal),1997-11-28,8.4090449799213E+01,D,5.7601249017523E+00
2000049,DISCBOND,5003,Fama Bliss Discount Bonds - 3-Year (Nominal),1997-12-31,8.4485113529406E+01,D,5.6249646784419E+00
2000049,DISCBOND,5003,Fama Bliss Discount Bonds - 3-Year (Nominal),1998-01-30,8.5319754712305E+01,D,5.2824905096349E+00
2000049,DISCBOND,5003,Fama Bliss Discount Bonds - 3-Year (Nominal),1998-02-27,8.4804212676117E+01,D,5.4841488278717E+00
2000049,DISCBOND,5003,Fama Bliss Discount Bonds - 3-Year (Nominal),1998-03-31,8.4613182621006E+01,D,5.5693371183697E+00
2000049,DISCBOND,5003,Fama Bliss Discount Bonds - 3-Year (Nominal),1998-04-30,8.4642395777504E+01,D,5.5527596376790E+00
2000049,DISCBOND,5003,Fama Bliss Discount Bonds - 3-Year (Nominal),1998-05-29,8.4718232464259E+01,D,5.5128744698763E+00
2000049,DISCBOND,5003,Fama Bliss Discount Bonds - 3-Year (Nominal),1998-06-30,8.4845983552843E+01,D,5.4777512059692E+00
2000049,DISCBOND,5003,Fama Bliss Discount Bonds - 3-Year (Nominal),1998-07-31,8.4886407306872E+01,D,5.4568903557225E+00
2000049,DISCBOND,5003,Fama Bliss Discount Bonds - 3-Year (Nominal),1998-08-31,8.6321588027507E+01,D,4.8985422515038E+00
2000049,DISCBOND,5003,Fama Bliss Discount Bonds - 3-Year (Nominal),1998-09-30,8.7782764610813E+01,D,4.3474703694275E+00
2000049,DISCBOND,5003,Fama Bliss Discount Bonds - 3-Year (Nominal),1998-10-30,8.7855557161570E+01,D,4.3080020223591E+00
2000049,DISCBOND,5003,Fama Bliss Discount Bonds - 3-Year (Nominal),1998-11-30,8.7294518945366E+01,D,4.5252844783628E+00
2000049,DISCBOND,5003,Fama Bliss Discount Bonds - 3-Year (Nominal),1998-12-31,8.7103444122736E+01,D,4.5982595540829E+00
2000049,DISCBOND,5003,Fama Bliss Discount Bonds - 3-Year (Nominal),1999-01-29,8.7143661979556E+01,D,4.5745383903213E+00
2000049,DISCBOND,5003,Fama Bliss Discount Bonds - 3-Year (Nominal),1999-02-26,8.5477434464181E+01,D,5.2163010384276E+00
2000049,DISCBOND,5003,Fama Bliss Discount Bonds - 3-Year (Nominal),1999-03-31,8.5916712866136E+01,D,5.0689855891339E+00
2000049,DISCBOND,5003,Fama Bliss Discount Bonds - 3-Year (Nominal),1999-04-30,8.5710451911412E+01,D,5.1351575175130E+00
2000049,DISCBOND,5003,Fama Bliss Discount Bonds - 3-Year (Nominal),1999-05-28,8.4702922091295E+01,D,5.5138610845170E+00
2000049,DISCBOND,5003,Fama Bliss Discount Bonds - 3-Year (Nominal),1999-06-30,8.4637899286702E+01,D,5.5646829351031E+00
2000049,DISCBOND,5003,Fama Bliss Discount Bonds - 3-Year (Nominal),1999-07-30,8.4327782688159E+01,D,5.6716010948016E+00
2000049,DISCBOND,5003,Fama Bliss Discount Bonds - 3-Year (Nominal),1999-08-31,8.4073440086193E+01,D,5.7826495846839E+00
2000049,DISCBOND,5003,Fama Bliss Discount Bonds - 3-Year (Nominal),1999-09-30,8.4397402055562E+01,D,5.6492932634715E+00
2000049,DISCBOND,5003,Fama Bliss Discount Bonds - 3-Year (Nominal),1999-10-29,8.3956127926599E+01,D,5.8132668748119E+00
2000049,DISCBOND,5003,Fama Bliss Discount Bonds - 3-Year (Nominal),1999-11-30,8.3565245510089E+01,D,5.9847493749581E+00
2000049,DISCBOND,5003,Fama Bliss Discount Bonds - 3-Year (Nominal),1999-12-31,8.2970177345155E+01,D,6.2172874257271E+00
2000049,DISCBOND,5003,Fama Bliss Discount Bonds - 3-Year (Nominal),2000-01-31,8.2129858627520E+01,D,6.5562977646588E+00
2000049,DISCBOND,5003,Fama Bliss Discount Bonds - 3-Year (Nominal),2000-02-29,8.2280836615446E+01,D,6.5010653053244E+00
2000049,DISCBOND,5003,Fama Bliss Discount Bonds - 3-Year (Nominal),2000-03-31,8.2691854717212E+01,D,6.3349695468381E+00
2000049,DISCBOND,5003,Fama Bliss Discount Bonds - 3-Year (Nominal),2000-04-28,8.2290286531533E+01,D,6.4853915298515E+00
2000049,DISCBOND,5003,Fama Bliss Discount Bonds - 3-Year (Nominal),2000-05-31,8.2219413093049E+01,D,6.5319230617856E+00
2000049,DISCBOND,5003,Fama Bliss Discount Bonds - 3-Year (Nominal),2000-06-30,8.3031115147217E+01,D,6.1984924230680E+00
2000049,DISCBOND,5003,Fama Bliss Discount Bonds - 3-Year (Nominal),2000-07-31,8.2968466542471E+01,D,6.2236525706418E+00
2000049,DISCBOND,5003,Fama Bliss Discount Bonds - 3-Year (Nominal),2000-08-31,8.3506171414223E+01,D,6.0193158142079E+00
2000049,DISCBOND,5003,Fama Bliss Discount Bonds - 3-Year (Nominal),2000-09-29,8.3848227442365E+01,D,5.8667037697472E+00
2000049,DISCBOND,5003,Fama Bliss Discount Bonds - 3-Year (Nominal),2000-10-31,8.3976677337885E+01,D,5.8210360546921E+00
2000049,DISCBOND,5003,Fama Bliss Discount Bonds - 3-Year (Nominal),2000-11-30,8.4727684289949E+01,D,5.5343680250603E+00
2000049,DISCBOND,5003,Fama Bliss Discount Bonds - 3-Year (Nominal),2000-12-29,8.5826129761385E+01,D,5.0856006557671E+00
2000049,DISCBOND,5003,Fama Bliss Discount Bonds - 3-Year (Nominal),2001-01-31,8.6841778472429E+01,D,4.7070438614048E+00
2000049,DISCBOND,5003,Fama Bliss Discount Bonds - 3-Year (Nominal),2001-02-28,8.7220348102061E+01,D,4.5619170375213E+00
2000049,DISCBOND,5003,Fama Bliss Discount Bonds - 3-Year (Nominal),2001-03-30,8.7609372104645E+01,D,4.4013678344225E+00
2000049,DISCBOND,5003,Fama Bliss Discount Bonds - 3-Year (Nominal),2001-04-30,8.6999310841346E+01,D,4.6380974402067E+00
2000049,DISCBOND,5003,Fama Bliss Discount Bonds - 3-Year (Nominal),2001-05-31,8.7081741780637E+01,D,4.6192018537707E+00
2000049,DISCBOND,5003,Fama Bliss Discount Bonds - 3-Year (Nominal),2001-06-29,8.6928499556108E+01,D,4.6609617941747E+00
2000049,DISCBOND,5003,Fama Bliss Discount Bonds - 3-Year (Nominal),2001-07-31,8.8108420063328E+01,D,4.2200695818272E+00
2000049,DISCBOND,5003,Fama Bliss Discount Bonds - 3-Year (Nominal),2001-08-31,8.8537205391272E+01,D,4.0545414672940E+00
2000049,DISCBOND,5003,Fama Bliss Discount Bonds - 3-Year (Nominal),2001-09-28,9.0218802407671E+01,D,3.4217030557580E+00
2000049,DISCBOND,5003,Fama Bliss Discount Bonds - 3-Year (Nominal),2001-10-31,9.1510557302136E+01,D,2.9598976530553E+00
2000049,DISCBOND,5003,Fama Bliss Discount Bonds - 3-Year (Nominal),2001-11-30,8.9990146347755E+01,D,3.5124593062088E+00
2000049,DISCBOND,5003,Fama Bliss Discount Bonds - 3-Year (Nominal),2001-12-31,8.9188303468847E+01,D,3.8105296197658E+00
2000049,DISCBOND,5003,Fama Bliss Discount Bonds - 3-Year (Nominal),2002-01-31,8.9196159583740E+01,D,3.8075962749015E+00
2000049,DISCBOND,5003,Fama Bliss Discount Bonds - 3-Year (Nominal),2002-02-28,8.9697726841232E+01,D,3.6208520671142E+00
2000049,DISCBOND,5003,Fama Bliss Discount Bonds - 3-Year (Nominal),2002-03-28,8.7791888710090E+01,D,4.3242396165767E+00
2000049,DISCBOND,5003,Fama Bliss Discount Bonds - 3-Year (Nominal),2002-04-30,8.9072947893436E+01,D,3.8571505391081E+00
2000049,DISCBOND,5003,Fama Bliss Discount Bonds - 3-Year (Nominal),2002-05-31,8.9398785136085E+01,D,3.7320283389806E+00
2000049,DISCBOND,5003,Fama Bliss Discount Bonds - 3-Year (Nominal),2002-06-28,9.0117995401220E+01,D,3.4588674387312E+00
2000049,DISCBOND,5003,Fama Bliss Discount Bonds - 3-Year (Nominal),2002-07-31,9.1807241533019E+01,D,2.8519046222018E+00
2000049,DISCBOND,5003,Fama Bliss Discount Bonds - 3-Year (Nominal),2002-08-30,9.2630714946414E+01,D,2.5469947620260E+00
2000049,DISCBOND,5003,Fama Bliss Discount Bonds - 3-Year (Nominal),2002-09-30,9.4076006592957E+01,D,2.0337144645300E+00
2000049,DISCBOND,5003,Fama Bliss Discount Bonds - 3-Year (Nominal),2002-10-31,9.3816464014249E+01,D,2.1257195510474E+00
2000049,DISCBOND,5003,Fama Bliss Discount Bonds - 3-Year (Nominal),2002-11-29,9.2461947380015E+01,D,2.6076706495102E+00
2000049,DISCBOND,5003,Fama Bliss Discount Bonds - 3-Year (Nominal),2002-12-31,9.4084281517453E+01,D,2.0326398454648E+00
2000049,DISCBOND,5003,Fama Bliss Discount Bonds - 3-Year (Nominal),2003-01-31,9.3606600661667E+01,D,2.2003001860060E+00
2000049,DISCBOND,5003,Fama Bliss Discount Bonds - 3-Year (Nominal),2003-02-28,9.4366417125296E+01,D,1.9310674437753E+00
2000049,DISCBOND,5003,Fama Bliss Discount Bonds - 3-Year (Nominal),2003-03-31,9.4250069353608E+01,D,1.9721531539317E+00
2000049,DISCBOND,5003,Fama Bliss Discount Bonds - 3-Year (Nominal),2003-04-30,9.4228613068470E+01,D,1.9833546196147E+00
2000049,DISCBOND,5003,Fama Bliss Discount Bonds - 3-Year (Nominal),2003-05-30,9.5245625738513E+01,D,1.6207429686624E+00
2000049,DISCBOND,5003,Fama Bliss Discount Bonds - 3-Year (Nominal),2003-06-30,9.5024178069432E+01,D,1.6997418190890E+00
2000049,DISCBOND,5003,Fama Bliss Discount Bonds - 3-Year (Nominal),2003-07-31,9.3225044413533E+01,D,2.3363259141010E+00
2000049,DISCBOND,5003,Fama Bliss Discount Bonds - 3-Year (Nominal),2003-08-29,9.2627071395460E+01,D,2.5459826671971E+00
2000049,DISCBOND,5003,Fama Bliss Discount Bonds - 3-Year (Nominal),2003-09-30,9.4231129269324E+01,D,1.9806533810543E+00
2000049,DISCBOND,5003,Fama Bliss Discount Bonds - 3-Year (Nominal),2003-10-31,9.3033433235535E+01,D,2.4048459005853E+00
2000049,DISCBOND,5003,Fama Bliss Discount Bonds - 3-Year (Nominal),2003-11-28,9.2542651273516E+01,D,2.5762934076822E+00
2000049,DISCBOND,5003,Fama Bliss Discount Bonds - 3-Year (Nominal),2003-12-31,9.3133150470484E+01,D,2.3735005295962E+00
2000049,DISCBOND,5003,Fama Bliss Discount Bonds - 3-Year (Nominal),2004-01-30,9.3168326370481E+01,D,2.3544452318698E+00
2000049,DISCBOND,5003,Fama Bliss Discount Bonds - 3-Year (Nominal),2004-02-27,9.3762328590269E+01,D,2.1429866899310E+00
2000049,DISCBOND,5003,Fama Bliss Discount Bonds - 3-Year (Nominal),2004-03-31,9.4170739522633E+01,D,2.0038523709563E+00
2000049,DISCBOND,5003,Fama Bliss Discount Bonds - 3-Year (Nominal),2004-04-30,9.1684464653718E+01,D,2.8939079521611E+00
2000049,DISCBOND,5003,Fama Bliss Discount Bonds - 3-Year (Nominal),2004-05-28,9.1044271516600E+01,D,3.1189315475112E+00
2000049,DISCBOND,5003,Fama Bliss Discount Bonds - 3-Year (Nominal),2004-06-30,9.0963370491065E+01,D,3.1599951349147E+00
2000049,DISCBOND,5003,Fama Bliss Discount Bonds - 3-Year (Nominal),2004-07-30,9.1076551924316E+01,D,3.1128174761367E+00
2000049,DISCBOND,5003,Fama Bliss Discount Bonds - 3-Year (Nominal),2004-08-31,9.2132526561413E+01,D,2.7314047270804E+00
2000049,DISCBOND,5003,Fama Bliss Discount Bonds - 3-Year (Nominal),2004-09-30,9.1762781927518E+01,D,2.8706898278764E+00
2000049,DISCBOND,5003,Fama Bliss Discount Bonds - 3-Year (Nominal),2004-10-29,9.1951604018206E+01,D,2.7918271182281E+00
2000049,DISCBOND,5003,Fama Bliss Discount Bonds - 3-Year (Nominal),2004-11-30,9.0716949499021E+01,D,3.2475324976409E+00
2000049,DISCBOND,5003,Fama Bliss Discount Bonds - 3-Year (Nominal),2004-12-31,9.0755735046971E+01,D,3.2332840540275E+00
2000049,DISCBOND,5003,Fama Bliss Discount Bonds - 3-Year (Nominal),2005-01-31,9.0279694731384E+01,D,3.4085872815244E+00
2000049,DISCBOND,5003,Fama Bliss Discount Bonds - 3-Year (Nominal),2005-02-28,8.9365252447846E+01,D,3.7445223114533E+00
2000049,DISCBOND,5003,Fama Bliss Discount Bonds - 3-Year (Nominal),2005-03-31,8.8905725015215E+01,D,3.9162119484893E+00
2000049,DISCBOND,5003,Fama Bliss Discount Bonds - 3-Year (Nominal),2005-04-29,8.9447483902537E+01,D,3.7105063071024E+00
2000049,DISCBOND,5003,Fama Bliss Discount Bonds - 3-Year (Nominal),2005-05-31,8.9776993413463E+01,D,3.5947148262180E+00
2000049,DISCBOND,5003,Fama Bliss Discount Bonds - 3-Year (Nominal),2005-06-30,8.9710801636563E+01,D,3.6159980182997E+00
2000049,DISCBOND,5003,Fama Bliss Discount Bonds - 3-Year (Nominal),2005-07-29,8.8608452537816E+01,D,4.0204161948992E+00
2000049,DISCBOND,5003,Fama Bliss Discount Bonds - 3-Year (Nominal),2005-08-31,8.9260526438445E+01,D,3.7904891174126E+00
2000049,DISCBOND,5003,Fama Bliss Discount Bonds - 3-Year (Nominal),2005-09-30,8.8326741866066E+01,D,4.1338007350229E+00
2000049,DISCBOND,5003,Fama Bliss Discount Bonds - 3-Year (Nominal),2005-10-31,8.7683426495269E+01,D,4.3772454929074E+00
2000049,DISCBOND,5003,Fama Bliss Discount Bonds - 3-Year (Nominal),2005-11-30,8.7790124465108E+01,D,4.3446732096006E+00
2000049,DISCBOND,5003,Fama Bliss Discount Bonds - 3-Year (Nominal),2005-12-30,8.7832608026800E+01,D,4.3166944291576E+00
2000049,DISCBOND,5003,Fama Bliss Discount Bonds - 3-Year (Nominal),2006-01-31,8.7545382715577E+01,D,4.4337623813142E+00
2000049,DISCBOND,5003,Fama Bliss Discount Bonds - 3-Year (Nominal),2006-02-28,8.7116363592604E+01,D,4.5975150852829E+00
2000049,DISCBOND,5003,Fama Bliss Discount Bonds - 3-Year (Nominal),2006-03-31,8.6708551921360E+01,D,4.7495849716060E+00
2000049,DISCBOND,5003,Fama Bliss Discount Bonds - 3-Year (Nominal),2006-04-28,8.6554862070163E+01,D,4.7999071875250E+00
2000049,DISCBOND,5003,Fama Bliss Discount Bonds - 3-Year (Nominal),2006-05-31,8.6211479423298E+01,D,4.9500819346970E+00
2000049,DISCBOND,5003,Fama Bliss Discount Bonds - 3-Year (Nominal),2006-06-30,8.5930232456289E+01,D,5.0498707667283E+00
2000049,DISCBOND,5003,Fama Bliss Discount Bonds - 3-Year (Nominal),2006-07-31,8.6457829246816E+01,D,4.8460217420207E+00
2000049,DISCBOND,5003,Fama Bliss Discount Bonds - 3-Year (Nominal),2006-08-31,8.7010057647380E+01,D,4.6339838682016E+00
2000049,DISCBOND,5003,Fama Bliss Discount Bonds - 3-Year (Nominal),2006-09-29,8.7241499120777E+01,D,4.5413739370977E+00
2000049,DISCBOND,5003,Fama Bliss Discount Bonds - 3-Year (Nominal),2006-10-31,8.7279134529027E+01,D,4.5352921531956E+00
2000049,DISCBOND,5003,Fama Bliss Discount Bonds - 3-Year (Nominal),2006-11-30,8.7548972346665E+01,D,4.4283515304329E+00
2000049,DISCBOND,5003,Fama Bliss Discount Bonds - 3-Year (Nominal),2006-12-29,8.6954498931976E+01,D,4.6467759068413E+00
2000049,DISCBOND,5003,Fama Bliss Discount Bonds - 3-Year (Nominal),2007-01-31,8.6705839720667E+01,D,4.7593111811125E+00
2000049,DISCBOND,5003,Fama Bliss Discount Bonds - 3-Year (Nominal),2007-02-28,8.7401857502654E+01,D,4.4925576370400E+00
2000049,DISCBOND,5003,Fama Bliss Discount Bonds - 3-Year (Nominal),2007-03-30,8.7423043355111E+01,D,4.4722077081778E+00
2000049,DISCBOND,5003,Fama Bliss Discount Bonds - 3-Year (Nominal),2007-04-30,8.7493785243643E+01,D,4.4493508773525E+00
2000049,DISCBOND,5003,Fama Bliss Discount Bonds - 3-Year (Nominal),2007-05-31,8.6638742628921E+01,D,4.7895178759378E+00
2000049,DISCBOND,5003,Fama Bliss Discount Bonds - 3-Year (Nominal),2007-06-29,8.6566476823855E+01,D,4.7998181614536E+00
2000049,DISCBOND,5003,Fama Bliss Discount Bonds - 3-Year (Nominal),2007-07-31,8.7534555088055E+01,D,4.4378853086257E+00
2000049,DISCBOND,5003,Fama Bliss Discount Bonds - 3-Year (Nominal),2007-08-31,8.8338988599203E+01,D,4.1291835182438E+00
2000049,DISCBOND,5003,Fama Bliss Discount Bonds - 3-Year (Nominal),2007-09-28,8.8632932816811E+01,D,4.0112334663362E+00
2000049,DISCBOND,5003,Fama Bliss Discount Bonds - 3-Year (Nominal),2007-10-31,8.8895657298206E+01,D,3.9271494144478E+00
2000049,DISCBOND,5003,Fama Bliss Discount Bonds - 3-Year (Nominal),2007-11-30,9.1291863910602E+01,D,3.0341797210107E+00
2000049,DISCBOND,5003,Fama Bliss Discount Bonds - 3-Year (Nominal),2007-12-31,9.1323978546717E+01,D,3.0224664853142E+00
2000049,DISCBOND,5003,Fama Bliss Discount Bonds - 3-Year (Nominal),2008-01-31,9.3627887998626E+01,D,2.1927275372875E+00
2000049,DISCBOND,5003,Fama Bliss Discount Bonds - 3-Year (Nominal),2008-02-29,9.4630277289851E+01,D,1.8397568954670E+00
2000049,DISCBOND,5003,Fama Bliss Discount Bonds - 3-Year (Nominal),2008-03-31,9.4890648180384E+01,D,1.7481676909304E+00
2000049,DISCBOND,5003,Fama Bliss Discount Bonds - 3-Year (Nominal),2008-04-30,9.2884456972192E+01,D,2.4627110672928E+00
2000049,DISCBOND,5003,Fama Bliss Discount Bonds - 3-Year (Nominal),2008-05-30,9.1562067812618E+01,D,2.9357559607662E+00
2000049,DISCBOND,5003,Fama Bliss Discount Bonds - 3-Year (Nominal),2008-06-30,9.1642214426302E+01,D,2.9092722296120E+00
2000049,DISCBOND,5003,Fama Bliss Discount Bonds - 3-Year (Nominal),2008-07-31,9.1942211135525E+01,D,2.8054556762364E+00
2000049,DISCBOND,5003,Fama Bliss Discount Bonds - 3-Year (Nominal),2008-08-29,9.2418269856778E+01,D,2.6233917809953E+00
2000049,DISCBOND,5003,Fama Bliss Discount Bonds - 3-Year (Nominal),2008-09-30,9.3371270773810E+01,D,2.2862161180684E+00
2000049,DISCBOND,5003,Fama Bliss Discount Bonds - 3-Year (Nominal),2008-10-31,9.4696698607194E+01,D,1.8163683206719E+00
2000049,DISCBOND,5003,Fama Bliss Discount Bonds - 3-Year (Nominal),2008-11-28,9.6272285499532E+01,D,1.2640146923211E+00
2000049,DISCBOND,5003,Fama Bliss Discount Bonds - 3-Year (Nominal),2008-12-31,9.7051624516294E+01,D,9.9848306895583E-01
2000049,DISCBOND,5003,Fama Bliss Discount Bonds - 3-Year (Nominal),2009-01-30,9.6096792997670E+01,D,1.3259305609566E+00
2000049,DISCBOND,5003,Fama Bliss Discount Bonds - 3-Year (Nominal),2009-02-27,9.5909939561457E+01,D,1.3894809446344E+00
2000049,DISCBOND,5003,Fama Bliss Discount Bonds - 3-Year (Nominal),2009-03-31,9.6571977301439E+01,D,1.1627192646882E+00
2000049,DISCBOND,5003,Fama Bliss Discount Bonds - 3-Year (Nominal),2009-04-30,9.5934663780718E+01,D,1.3821648663839E+00
2000049,DISCBOND,5003,Fama Bliss Discount Bonds - 3-Year (Nominal),2009-05-29,9.5885558501530E+01,D,1.3966669916414E+00
2000049,DISCBOND,5003,Fama Bliss Discount Bonds - 3-Year (Nominal),2009-06-30,9.5272872754934E+01,D,1.6141689447309E+00
2000049,DISCBOND,5003,Fama Bliss Discount Bonds - 3-Year (Nominal),2009-07-31,9.5363639840152E+01,D,1.5809833748125E+00
2000049,DISCBOND,5003,Fama Bliss Discount Bonds - 3-Year (Nominal),2009-08-31,9.5724803424030E+01,D,1.4550959434320E+00
2000049,DISCBOND,5003,Fama Bliss Discount Bonds - 3-Year (Nominal),2009-09-30,9.5836682598194E+01,D,1.4187845102253E+00
2000049,DISCBOND,5003,Fama Bliss Discount Bonds - 3-Year (Nominal),2009-10-30,9.6018304046452E+01,D,1.3519089406470E+00
2000049,DISCBOND,5003,Fama Bliss Discount Bonds - 3-Year (Nominal),2009-11-30,9.6799689499014E+01,D,1.0832241103302E+00
2000049,DISCBOND,5003,Fama Bliss Discount Bonds - 3-Year (Nominal),2009-12-31,9.5152169548939E+01,D,1.6549151007835E+00
2000049,DISCBOND,5003,Fama Bliss Discount Bonds - 3-Year (Nominal),2010-01-29,9.6079773283425E+01,D,1.3294033861419E+00
2000049,DISCBOND,5003,Fama Bliss Discount Bonds - 3-Year (Nominal),2010-02-26,9.6005407389096E+01,D,1.3551429084984E+00
2000049,DISCBOND,5003,Fama Bliss Discount Bonds - 3-Year (Nominal),2010-03-31,9.5406463172965E+01,D,1.5703302496164E+00
2000049,DISCBOND,5003,Fama Bliss Discount Bonds - 3-Year (Nominal),2010-04-30,9.5647441084505E+01,D,1.4820213947475E+00
2000049,DISCBOND,5003,Fama Bliss Discount Bonds - 3-Year (Nominal),2010-05-28,9.6383407940902E+01,D,1.2234015279300E+00
2000049,DISCBOND,5003,Fama Bliss Discount Bonds - 3-Year (Nominal),2010-06-30,9.7207597078718E+01,D,9.4490683563973E-01
2000049,DISCBOND,5003,Fama Bliss Discount Bonds - 3-Year (Nominal),2010-07-30,9.7622171222041E+01,D,8.0072263071057E-01
2000049,DISCBOND,5003,Fama Bliss Discount Bonds - 3-Year (Nominal),2010-08-31,9.7974358549371E+01,D,6.8214632061588E-01
2000049,DISCBOND,5003,Fama Bliss Discount Bonds - 3-Year (Nominal),2010-09-30,9.8075269022304E+01,D,6.4724063456334E-01
2000049,DISCBOND,5003,Fama Bliss Discount Bonds - 3-Year (Nominal),2010-10-29,9.8473524912631E+01,D,5.1134759596446E-01
2000049,DISCBOND,5003,Fama Bliss Discount Bonds - 3-Year (Nominal),2010-11-30,9.7874538609791E+01,D,7.1612488015697E-01
2000049,DISCBOND,5003,Fama Bliss Discount Bonds - 3-Year (Nominal),2010-12-31,9.7017411552005E+01,D,1.0084032265831E+00
2000049,DISCBOND,5003,Fama Bliss Discount Bonds - 3-Year (Nominal),2011-01-31,9.7128458491294E+01,D,9.7030622400240E-01
2000049,DISCBOND,5003,Fama Bliss Discount Bonds - 3-Year (Nominal),2011-02-28,9.6563692400416E+01,D,1.1645155789572E+00
2000049,DISCBOND,5003,Fama Bliss Discount Bonds - 3-Year (Nominal),2011-03-31,9.6144281731874E+01,D,1.3094771198731E+00
2000049,DISCBOND,5003,Fama Bliss Discount Bonds - 3-Year (Nominal),2011-04-29,9.6955128468281E+01,D,1.0288510709950E+00
2000049,DISCBOND,5003,Fama Bliss Discount Bonds - 3-Year (Nominal),2011-05-31,9.7640434817781E+01,D,7.9594959699256E-01
2000049,DISCBOND,5003,Fama Bliss Discount Bonds - 3-Year (Nominal),2011-06-30,9.7566479355411E+01,D,8.2045745000043E-01
2000049,DISCBOND,5003,Fama Bliss Discount Bonds - 3-Year (Nominal),2011-07-29,9.8341466257850E+01,D,5.5595729325206E-01
2000049,DISCBOND,5003,Fama Bliss Discount Bonds - 3-Year (Nominal),2011-08-31,9.8985766466786E+01,D,3.4011456857018E-01
2000049,DISCBOND,5003,Fama Bliss Discount Bonds - 3-Year (Nominal),2011-09-30,9.8733321010848E+01,D,4.2453556776839E-01
2000049,DISCBOND,5003,Fama Bliss Discount Bonds - 3-Year (Nominal),2011-10-31,9.8785272269431E+01,D,4.0701692636321E-01
2000049,DISCBOND,5003,Fama Bliss Discount Bonds - 3-Year (Nominal),2011-11-30,9.8759375293400E+01,D,4.1650859114272E-01
2000049,DISCBOND,5003,Fama Bliss Discount Bonds - 3-Year (Nominal),2011-12-30,9.8828893285605E+01,D,3.9195682344489E-01
2000049,DISCBOND,5003,Fama Bliss Discount Bonds - 3-Year (Nominal),2012-01-31,9.9089131352331E+01,D,3.0501414926590E-01
2000049,DISCBOND,5003,Fama Bliss Discount Bonds - 3-Year (Nominal),2012-02-29,9.8651046859201E+01,D,4.5312518585650E-01
2000049,DISCBOND,5003,Fama Bliss Discount Bonds - 3-Year (Nominal),2012-03-30,9.8388053274987E+01,D,5.4119907979266E-01
2000049,DISCBOND,5003,Fama Bliss Discount Bonds - 3-Year (Nominal),2012-04-30,9.8794006679599E+01,D,4.0444148578315E-01
2000049,DISCBOND,5003,Fama Bliss Discount Bonds - 3-Year (Nominal),2012-05-31,9.8880955369458E+01,D,3.7580408321418E-01
2000049,DISCBOND,5003,Fama Bliss Discount Bonds - 3-Year (Nominal),2012-06-29,9.8711671049000E+01,D,4.3183893834944E-01
2000049,DISCBOND,5003,Fama Bliss Discount Bonds - 3-Year (Nominal),2012-07-31,9.9134829681717E+01,D,2.8964489006402E-01
2000049,DISCBOND,5003,Fama Bliss Discount Bonds - 3-Year (Nominal),2012-08-31,9.9110105992628E+01,D,2.9795907973693E-01
2000049,DISCBOND,5003,Fama Bliss Discount Bonds - 3-Year (Nominal),2012-09-28,9.9029837405590E+01,D,3.2437397934484E-01
2000049,DISCBOND,5003,Fama Bliss Discount Bonds - 3-Year (Nominal),2012-10-31,9.8865309030326E+01,D,3.8074026094535E-01
2000049,DISCBOND,5003,Fama Bliss Discount Bonds - 3-Year (Nominal),2012-11-30,9.8961753080781E+01,D,3.4789144425120E-01
2000049,DISCBOND,5003,Fama Bliss Discount Bonds - 3-Year (Nominal),2012-12-31,9.8898908274803E+01,D,3.6906621425821E-01
2000049,DISCBOND,5003,Fama Bliss Discount Bonds - 3-Year (Nominal),2013-01-31,9.8741583128819E+01,D,4.2290643390240E-01
2000049,DISCBOND,5003,Fama Bliss Discount Bonds - 3-Year (Nominal),2013-02-28,9.8936043118957E+01,D,3.5622715023029E-01
2000049,DISCBOND,5003,Fama Bliss Discount Bonds - 3-Year (Nominal),2013-03-28,9.8908370919664E+01,D,3.6454536332502E-01
2000049,DISCBOND,5003,Fama Bliss Discount Bonds - 3-Year (Nominal),2013-04-30,9.9035711579325E+01,D,3.2298927212351E-01
2000049,DISCBOND,5003,Fama Bliss Discount Bonds - 3-Year (Nominal),2013-05-31,9.8457768982364E+01,D,5.1760968612775E-01
2000049,DISCBOND,5003,Fama Bliss Discount Bonds - 3-Year (Nominal),2013-06-28,9.7936788333247E+01,D,6.9303235783101E-01
2000049,DISCBOND,5003,Fama Bliss Discount Bonds - 3-Year (Nominal),2013-07-31,9.8156755213482E+01,D,6.2071491273226E-01
2000049,DISCBOND,5003,Fama Bliss Discount Bonds - 3-Year (Nominal),2013-08-30,9.7563777539128E+01,D,8.2063090251177E-01
2000049,DISCBOND,5003,Fama Bliss Discount Bonds - 3-Year (Nominal),2013-09-30,9.8072577831384E+01,D,6.4815448113574E-01
2000049,DISCBOND,5003,Fama Bliss Discount Bonds - 3-Year (Nominal),2013-10-31,9.8182117542180E+01,D,6.1097837471855E-01
2000049,DISCBOND,5003,Fama Bliss Discount Bonds - 3-Year (Nominal),2013-11-29,9.8264814020112E+01,D,5.8240849755935E-01
2000049,DISCBOND,5003,Fama Bliss Discount Bonds - 3-Year (Nominal),2013-12-31,9.7616712536197E+01,D,8.0404909816463E-01
2000049,DISCBOND,5003,Fama Bliss Discount Bonds - 3-Year (Nominal),2014-01-31,9.7871014317425E+01,D,7.1667069120878E-01
2000049,DISCBOND,5003,Fama Bliss Discount Bonds - 3-Year (Nominal),2014-02-28,9.7882926037721E+01,D,7.1261769405876E-01
2000049,DISCBOND,5003,Fama Bliss Discount Bonds - 3-Year (Nominal),2014-03-31,9.7330874579807E+01,D,9.0097502405870E-01
2000049,DISCBOND,5003,Fama Bliss Discount Bonds - 3-Year (Nominal),2014-04-30,9.7415540237721E+01,D,8.7361236405708E-01
2000049,DISCBOND,5003,Fama Bliss Discount Bonds - 3-Year (Nominal),2014-05-30,9.7598538056681E+01,D,8.0877849684257E-01
2000049,DISCBOND,5003,Fama Bliss Discount Bonds - 3-Year (Nominal),2014-06-30,9.7347576195740E+01,D,8.9526085696863E-01
2000049,DISCBOND,5003,Fama Bliss Discount Bonds - 3-Year (Nominal),2014-07-31,9.6928860757652E+01,D,1.0388137138139E+00
2000049,DISCBOND,5003,Fama Bliss Discount Bonds - 3-Year (Nominal),2014-08-29,9.7103393896048E+01,D,9.7711824768431E-01
2000049,DISCBOND,5003,Fama Bliss Discount Bonds - 3-Year (Nominal),2014-09-30,9.6764715287462E+01,D,1.0962590209772E+00
2000049,DISCBOND,5003,Fama Bliss Discount Bonds - 3-Year (Nominal),2014-10-31,9.7129885020938E+01,D,9.6981710622995E-01
2000049,DISCBOND,5003,Fama Bliss Discount Bonds - 3-Year (Nominal),2014-11-28,9.7335797493462E+01,D,8.9765253844149E-01
2000049,DISCBOND,5003,Fama Bliss Discount Bonds - 3-Year (Nominal),2014-12-31,9.6729800203088E+01,D,1.1093016606495E+00
2000049,DISCBOND,5003,Fama Bliss Discount Bonds - 3-Year (Nominal),2015-01-30,9.7706210470548E+01,D,7.7209185819448E-01
2000049,DISCBOND,5003,Fama Bliss Discount Bonds - 3-Year (Nominal),2015-02-27,9.6936839593765E+01,D,1.0351279447483E+00
2000049,DISCBOND,5003,Fama Bliss Discount Bonds - 3-Year (Nominal),2015-03-31,9.7334162940058E+01,D,9.0149488298748E-01
2000049,DISCBOND,5003,Fama Bliss Discount Bonds - 3-Year (Nominal),2015-04-30,9.7269700348353E+01,D,9.2191309856023E-01
2000049,DISCBOND,5003,Fama Bliss Discount Bonds - 3-Year (Nominal),2015-05-29,9.7170963762522E+01,D,9.5399450576562E-01
2000049,DISCBOND,5003,Fama Bliss Discount Bonds - 3-Year (Nominal),2015-06-30,9.6963071460568E+01,D,1.0279995827685E+00
2000049,DISCBOND,5003,Fama Bliss Discount Bonds - 3-Year (Nominal),2015-07-31,9.7060549192435E+01,D,9.9359876911708E-01
2000049,DISCBOND,5003,Fama Bliss Discount Bonds - 3-Year (Nominal),2015-08-31,9.6767277753041E+01,D,1.0943768999085E+00
2000049,DISCBOND,5003,Fama Bliss Discount Bonds - 3-Year (Nominal),2015-09-30,9.7300090507766E+01,D,9.1317613487669E-01
2000049,DISCBOND,5003,Fama Bliss Discount Bonds - 3-Year (Nominal),2015-10-30,9.6941006844557E+01,D,1.0336976100240E+00
2000049,DISCBOND,5003,Fama Bliss Discount Bonds - 3-Year (Nominal),2015-11-30,9.6387922120579E+01,D,1.2251905350831E+00
2000049,DISCBOND,5003,Fama Bliss Discount Bonds - 3-Year (Nominal),2015-12-31,9.6094772199650E+01,D,1.3266308880170E+00
2000049,DISCBOND,5003,Fama Bliss Discount Bonds - 3-Year (Nominal),2016-01-29,9.7063071966145E+01,D,9.9092487518350E-01
2000049,DISCBOND,5003,Fama Bliss Discount Bonds - 3-Year (Nominal),2016-02-29,9.7313254091807E+01,D,9.0783293527870E-01
2000049,DISCBOND,5003,Fama Bliss Discount Bonds - 3-Year (Nominal),2016-03-31,9.7437915215210E+01,D,8.6674235778639E-01
2000049,DISCBOND,5003,Fama Bliss Discount Bonds - 3-Year (Nominal),2016-04-29,9.7217760246184E+01,D,9.3970095139209E-01
2000049,DISCBOND,5003,Fama Bliss Discount Bonds - 3-Year (Nominal),2016-05-31,9.6955405154440E+01,D,1.0306351598399E+00
2000049,DISCBOND,5003,Fama Bliss Discount Bonds - 3-Year (Nominal),2016-06-30,9.7932402816060E+01,D,6.9769808899568E-01
2000049,DISCBOND,5003,Fama Bliss Discount Bonds - 3-Year (Nominal),2016-07-29,9.7744289742973E+01,D,7.5912699040774E-01
2000049,DISCBOND,5003,Fama Bliss Discount Bonds - 3-Year (Nominal),2016-08-31,9.7222006720102E+01,D,9.3996149395734E-01
2000049,DISCBOND,5003,Fama Bliss Discount Bonds - 3-Year (Nominal),2016-09-30,9.7345901694490E+01,D,8.9665181758607E-01
2000049,DISCBOND,5003,Fama Bliss Discount Bonds - 3-Year (Nominal),2016-10-31,9.7042892389886E+01,D,1.0005705509947E+00
2000049,DISCBOND,5003,Fama Bliss Discount Bonds - 3-Year (Nominal),2016-11-30,9.5886031195102E+01,D,1.4016091137108E+00
2000049,DISCBOND,5003,Fama Bliss Discount Bonds - 3-Year (Nominal),2016-12-30,9.5735166199579E+01,D,1.4514909005914E+00
2000049,DISCBOND,5003,Fama Bliss Discount Bonds - 3-Year (Nominal),2017-01-31,9.5646290155669E+01,D,1.4837759266098E+00
2000049,DISCBOND,5003,Fama Bliss Discount Bonds - 3-Year (Nominal),2017-02-28,9.5503584649274E+01,D,1.5335468327487E+00
2000049,DISCBOND,5003,Fama Bliss Discount Bonds - 3-Year (Nominal),2017-03-31,9.5565003311701E+01,D,1.5107372957292E+00
2000049,DISCBOND,5003,Fama Bliss Discount Bonds - 3-Year (Nominal),2017-04-28,9.5725725502063E+01,D,1.4521252193108E+00
2000049,DISCBOND,5003,Fama Bliss Discount Bonds - 3-Year (Nominal),2017-05-31,9.5758654732034E+01,D,1.4459595594514E+00
2000049,DISCBOND,5003,Fama Bliss Discount Bonds - 3-Year (Nominal),2017-06-30,9.5436970163057E+01,D,1.5553847766219E+00
2000049,DISCBOND,5003,Fama Bliss Discount Bonds - 3-Year (Nominal),2017-07-31,9.5559447940417E+01,D,1.5126733127082E+00
2000049,DISCBOND,5003,Fama Bliss Discount Bonds - 3-Year (Nominal),2017-08-31,9.5789238202147E+01,D,1.4326864491549E+00
2000049,DISCBOND,5003,Fama Bliss Discount Bonds - 3-Year (Nominal),2017-09-29,9.5201488297072E+01,D,1.6361652633557E+00
2000049,DISCBOND,5003,Fama Bliss Discount Bonds - 3-Year (Nominal),2017-10-31,9.4912616457792E+01,D,1.7404515334649E+00
2000049,DISCBOND,5003,Fama Bliss Discount Bonds - 3-Year (Nominal),2017-11-30,9.4452268130473E+01,D,1.9007834764740E+00
2000049,DISCBOND,5003,Fama Bliss Discount Bonds - 3-Year (Nominal),2017-12-29,9.4239450693618E+01,D,1.9723062381794E+00
2000049,DISCBOND,5003,Fama Bliss Discount Bonds - 3-Year (Nominal),2018-01-31,9.3355793724070E+01,D,2.2938365171095E+00
2000049,DISCBOND,5003,Fama Bliss Discount Bonds - 3-Year (Nominal),2018-02-28,9.3032195885841E+01,D,2.4096858787225E+00
2000049,DISCBOND,5003,Fama Bliss Discount Bonds - 3-Year (Nominal),2018-03-29,9.3097235426374E+01,D,2.3776756978543E+00
2000049,DISCBOND,5003,Fama Bliss Discount Bonds - 3-Year (Nominal),2018-04-30,9.2398742619220E+01,D,2.6328228839341E+00
2000049,DISCBOND,5003,Fama Bliss Discount Bonds - 3-Year (Nominal),2018-05-31,9.2644788039400E+01,D,2.5512427922248E+00
2000049,DISCBOND,5003,Fama Bliss Discount Bonds - 3-Year (Nominal),2018-06-29,9.2446684592485E+01,D,2.6131634383695E+00
2000049,DISCBOND,5003,Fama Bliss Discount Bonds - 3-Year (Nominal),2018-07-31,9.2074896827514E+01,D,2.7522615548299E+00
2000049,DISCBOND,5003,Fama Bliss Discount Bonds - 3-Year (Nominal),2018-08-31,9.2281178268768E+01,D,2.6752231274713E+00
2000049,DISCBOND,5003,Fama Bliss Discount Bonds - 3-Year (Nominal),2018-09-28,9.1745391870090E+01,D,2.8639178027575E+00
2000049,DISCBOND,5003,Fama Bliss Discount Bonds - 3-Year (Nominal),2018-10-31,9.1646452775593E+01,D,2.9103883233711E+00
2000049,DISCBOND,5003,Fama Bliss Discount Bonds - 3-Year (Nominal),2018-11-30,9.2011967515670E+01,D,2.7725193214990E+00
2000049,DISCBOND,5003,Fama Bliss Discount Bonds - 3-Year (Nominal),2018-12-31,9.2932725183494E+01,D,2.4409156098623E+00
2000049,DISCBOND,5003,Fama Bliss Discount Bonds - 3-Year (Nominal),2019-01-31,9.3004244972585E+01,D,2.4152959818177E+00
2000049,DISCBOND,5003,Fama Bliss Discount Bonds - 3-Year (Nominal),2019-02-28,9.2817854427928E+01,D,2.4821055991482E+00
2000049,DISCBOND,5003,Fama Bliss Discount Bonds - 3-Year (Nominal),2019-03-29,9.3618191681461E+01,D,2.1921762169770E+00
2000049,DISCBOND,5003,Fama Bliss Discount Bonds - 3-Year (Nominal),2019-04-30,9.3533674714670E+01,D,2.2282886383549E+00
2000049,DISCBOND,5003,Fama Bliss Discount Bonds - 3-Year (Nominal),2019-05-31,9.4526776730300E+01,D,1.8745228490221E+00
2000049,DISCBOND,5003,Fama Bliss Discount Bonds - 3-Year (Nominal),2019-06-28,9.4987758401260E+01,D,1.7093887857326E+00
2000049,DISCBOND,5003,Fama Bliss Discount Bonds - 3-Year (Nominal),2019-07-31,9.4697792553982E+01,D,1.8176430746407E+00
2000049,DISCBOND,5003,Fama Bliss Discount Bonds - 3-Year (Nominal),2019-08-30,9.5813841587507E+01,D,1.4228354506872E+00
2000049,DISCBOND,5003,Fama Bliss Discount Bonds - 3-Year (Nominal),2019-09-30,9.5438182463657E+01,D,1.5549617445966E+00
2000049,DISCBOND,5003,Fama Bliss Discount Bonds - 3-Year (Nominal),2019-10-31,9.5571159662259E+01,D,1.5085919721703E+00
2000049,DISCBOND,5003,Fama Bliss Discount Bonds - 3-Year (Nominal),2019-11-29,9.5278734006846E+01,D,1.6091791255453E+00
2000049,DISCBOND,5003,Fama Bliss Discount Bonds - 3-Year (Nominal),2019-12-31,9.5296406583348E+01,D,1.6059361280122E+00
2000049,DISCBOND,5003,Fama Bliss Discount Bonds - 3-Year (Nominal),2020-01-31,9.6201489937667E+01,D,1.2896669581944E+00
2000049,DISCBOND,5003,Fama Bliss Discount Bonds - 3-Year (Nominal),2020-02-28,9.7314486632553E+01,D,9.0658282803198E-01
2000049,DISCBOND,5003,Fama Bliss Discount Bonds - 3-Year (Nominal),2020-03-31,9.9096604790342E+01,D,3.0250019833531E-01
2000049,DISCBOND,5003,Fama Bliss Discount Bonds - 3-Year (Nominal),2020-04-30,9.9237653306201E+01,D,2.5555590702128E-01
2000049,DISCBOND,5003,Fama Bliss Discount Bonds - 3-Year (Nominal),2020-05-29,9.9365466146275E+01,D,2.1179834528790E-01
2000049,DISCBOND,5003,Fama Bliss Discount Bonds - 3-Year (Nominal),2020-06-30,9.9474487616412E+01,D,1.7563269077943E-01
2000049,DISCBOND,5003,Fama Bliss Discount Bonds - 3-Year (Nominal),2020-07-31,9.9633967931550E+01,D,1.2223453864941E-01
2000049,DISCBOND,5003,Fama Bliss Discount Bonds - 3-Year (Nominal),2020-08-31,9.9538822844893E+01,D,1.5408129052698E-01
2000049,DISCBOND,5003,Fama Bliss Discount Bonds - 3-Year (Nominal),2020-09-30,9.9509753629812E+01,D,1.6396707506569E-01
2000049,DISCBOND,5003,Fama Bliss Discount Bonds - 3-Year (Nominal),2020-10-30,9.9400513496564E+01,D,2.0024734641158E-01
2000049,DISCBOND,5003,Fama Bliss Discount Bonds - 3-Year (Nominal),2020-11-30,9.9446386939653E+01,D,1.8505039781047E-01
2000049,DISCBOND,5003,Fama Bliss Discount Bonds - 3-Year (Nominal),2020-12-31,9.9529857560328E+01,D,1.5737113203465E-01
2000049,DISCBOND,5003,Fama Bliss Discount Bonds - 3-Year (Nominal),2021-01-29,9.9464867559355E+01,D,1.7853038423850E-01
2000049,DISCBOND,5003,Fama Bliss Discount Bonds - 3-Year (Nominal),2021-02-26,9.9107607241491E+01,D,2.9798308311865E-01
2000049,DISCBOND,5003,Fama Bliss Discount Bonds - 3-Year (Nominal),2021-03-31,9.8921456481429E+01,D,3.6212874514277E-01
2000049,DISCBOND,5003,Fama Bliss Discount Bonds - 3-Year (Nominal),2021-04-30,9.8978802616169E+01,D,3.4183695957077E-01
2000049,DISCBOND,5003,Fama Bliss Discount Bonds - 3-Year (Nominal),2021-05-28,9.9058041659266E+01,D,3.1432606309210E-01
2000049,DISCBOND,5003,Fama Bliss Discount Bonds - 3-Year (Nominal),2021-06-30,9.8626984131103E+01,D,4.6126419735767E-01
2000049,DISCBOND,5003,Fama Bliss Discount Bonds - 3-Year (Nominal),2021-07-30,9.8970079989754E+01,D,3.4445764782192E-01
2000049,DISCBOND,5003,Fama Bliss Discount Bonds - 3-Year (Nominal),2021-08-31,9.8764817239066E+01,D,4.1429152809341E-01
2000049,DISCBOND,5003,Fama Bliss Discount Bonds - 3-Year (Nominal),2021-09-30,9.8507372640276E+01,D,5.0083568515593E-01
2000049,DISCBOND,5003,Fama Bliss Discount Bonds - 3-Year (Nominal),2021-10-29,9.7732091403892E+01,D,7.6258445744783E-01
2000049,DISCBOND,5003,Fama Bliss Discount Bonds - 3-Year (Nominal),2021-11-30,9.7479620452469E+01,D,8.5089505311003E-01
2000049,DISCBOND,5003,Fama Bliss Discount Bonds - 3-Year (Nominal),2021-12-31,9.7125081841046E+01,D,9.7146401311126E-01
2000049,DISCBOND,5003,Fama Bliss Discount Bonds - 3-Year (Nominal),2022-01-31,9.5925367366757E+01,D,1.3853921955848E+00
2000049,DISCBOND,5003,Fama Bliss Discount Bonds - 3-Year (Nominal),2022-02-28,9.5217424231120E+01,D,1.6320840218154E+00
2000049,DISCBOND,5003,Fama Bliss Discount Bonds - 3-Year (Nominal),2022-03-31,9.2722054398075E+01,D,2.5164962715931E+00
2000049,DISCBOND,5003,Fama Bliss Discount Bonds - 3-Year (Nominal),2022-04-29,9.1697267000669E+01,D,2.8839861323670E+00
2000049,DISCBOND,5003,Fama Bliss Discount Bonds - 3-Year (Nominal),2022-05-31,9.2153079853302E+01,D,2.7239694230847E+00
2000049,DISCBOND,5003,Fama Bliss Discount Bonds - 3-Year (Nominal),2022-06-30,9.1396300764341E+01,D,2.9961033335170E+00
2000049,DISCBOND,5003,Fama Bliss Discount Bonds - 3-Year (Nominal),2022-07-29,9.1940163317573E+01,D,2.7934207491172E+00
2000049,DISCBOND,5003,Fama Bliss Discount Bonds - 3-Year (Nominal),2022-08-31,9.0059961738837E+01,D,3.4930063540799E+00
2000049,DISCBOND,5003,Fama Bliss Discount Bonds - 3-Year (Nominal),2022-09-30,8.8065513734329E+01,D,4.2324407368699E+00
2000049,DISCBOND,5003,Fama Bliss Discount Bonds - 3-Year (Nominal),2022-10-31,8.7656424520080E+01,D,4.3875026552125E+00
2000049,DISCBOND,5003,Fama Bliss Discount Bonds - 3-Year (Nominal),2022-11-30,8.8760757230773E+01,D,3.9778177780328E+00
2000049,DISCBOND,5003,Fama Bliss Discount Bonds - 3-Year (Nominal),2022-12-30,8.8334676162006E+01,D,4.1270435734296E+00
2000049,DISCBOND,5003,Fama Bliss Discount Bonds - 3-Year (Nominal),2023-01-31,8.9172792875483E+01,D,3.8198069649935E+00
2000049,DISCBOND,5003,Fama Bliss Discount Bonds - 3-Year (Nominal),2023-02-28,8.7519041195786E+01,D,4.4437935535294E+00
2000049,DISCBOND,5003,Fama Bliss Discount Bonds - 3-Year (Nominal),2023-03-31,8.9425475932023E+01,D,3.7220869420879E+00
2000049,DISCBOND,5003,Fama Bliss Discount Bonds - 3-Year (Nominal),2023-04-28,8.9591225901958E+01,D,3.6537495694622E+00
2000049,DISCBOND,5003,Fama Bliss Discount Bonds - 3-Year (Nominal),2023-05-31,8.8735994873146E+01,D,3.9871268653675E+00
2000049,DISCBOND,5003,Fama Bliss Discount Bonds - 3-Year (Nominal),2023-06-30,8.7588772598760E+01,D,4.4132152766598E+00
2000049,DISCBOND,5003,Fama Bliss Discount Bonds - 3-Year (Nominal),2023-07-31,8.7521449199685E+01,D,4.4388227589884E+00
2000049,DISCBOND,5003,Fama Bliss Discount Bonds - 3-Year (Nominal),2023-08-31,8.7433460802747E+01,D,4.4723201999478E+00
2000049,DISCBOND,5003,Fama Bliss Discount Bonds - 3-Year (Nominal),2023-09-29,8.6825311365440E+01,D,4.7004813396554E+00
2000049,DISCBOND,5003,Fama Bliss Discount Bonds - 3-Year (Nominal),2023-10-31,8.6473943871358E+01,D,4.8442349560000E+00
2000049,DISCBOND,5003,Fama Bliss Discount Bonds - 3-Year (Nominal),2023-11-30,8.7695667599198E+01,D,4.3725965406414E+00
2000049,DISCBOND,5003,Fama Bliss Discount Bonds - 3-Year (Nominal),2023-12-29,8.8852294644644E+01,D,3.9290622751024E+00
2000049,DISCBOND,5003,Fama Bliss Discount Bonds - 3-Year (Nominal),2024-01-31,8.8914297467016E+01,D,3.9201542280381E+00
2000049,DISCBOND,5003,Fama Bliss Discount Bonds - 3-Year (Nominal),2024-02-29,8.7804584313991E+01,D,4.3431485055620E+00
2000049,DISCBOND,5003,Fama Bliss Discount Bonds - 3-Year (Nominal),2024-03-28,8.7755768272234E+01,D,4.3418574877664E+00
2000049,DISCBOND,5003,Fama Bliss Discount Bonds - 3-Year (Nominal),2024-04-30,8.6556185897190E+01,D,4.8125479757861E+00
2000049,DISCBOND,5003,Fama Bliss Discount Bonds - 3-Year (Nominal),2024-05-31,8.7085609587676E+01,D,4.6092845677989E+00
2000049,DISCBOND,5003,Fama Bliss Discount Bonds - 3-Year (Nominal),2024-06-28,8.7401546661564E+01,D,4.4803901962380E+00
2000049,DISCBOND,5003,Fama Bliss Discount Bonds - 3-Year (Nominal),2024-07-31,8.8676492807049E+01,D,4.0095065209044E+00
2000049,DISCBOND,5003,Fama Bliss Discount Bonds - 3-Year (Nominal),2024-08-30,8.9401024928614E+01,D,3.7311939797747E+00
2000049,DISCBOND,5003,Fama Bliss Discount Bonds - 3-Year (Nominal),2024-09-30,8.9977547950740E+01,D,3.5203339047124E+00
2000049,DISCBOND,5003,Fama Bliss Discount Bonds - 3-Year (Nominal),2024-10-31,8.8488965855858E+01,D,4.0838698614004E+00
2000049,DISCBOND,5003,Fama Bliss Discount Bonds - 3-Year (Nominal),2024-11-29,8.8543997378678E+01,D,4.0519867859731E+00
2000049,DISCBOND,5003,Fama Bliss Discount Bonds - 3-Year (Nominal),2024-12-31,8.8068724873728E+01,D,4.2350905205417E+00
2000050,DISCBOND,5004,Fama Bliss Discount Bonds - 4-Year (Nominal),1952-06-30,9.2634134427208E+01,D,1.9128122484103E+00
2000050,DISCBOND,5004,Fama Bliss Discount Bonds - 4-Year (Nominal),1952-07-31,9.2308865391649E+01,D,1.9993805900283E+00
2000050,DISCBOND,5004,Fama Bliss Discount Bonds - 4-Year (Nominal),1952-08-29,9.2145776193581E+01,D,2.0407651301476E+00
2000050,DISCBOND,5004,Fama Bliss Discount Bonds - 4-Year (Nominal),1952-09-30,9.2096104329221E+01,D,2.0598495110477E+00
2000050,DISCBOND,5004,Fama Bliss Discount Bonds - 4-Year (Nominal),1952-10-31,9.1929019276823E+01,D,2.1023959582886E+00
2000050,DISCBOND,5004,Fama Bliss Discount Bonds - 4-Year (Nominal),1952-11-28,9.1877553901410E+01,D,2.1134929931564E+00
2000050,DISCBOND,5004,Fama Bliss Discount Bonds - 4-Year (Nominal),1952-12-31,9.1904601621119E+01,D,2.1090326505609E+00
2000050,DISCBOND,5004,Fama Bliss Discount Bonds - 4-Year (Nominal),1953-01-30,9.1812073701051E+01,D,2.1327378277337E+00
2000050,DISCBOND,5004,Fama Bliss Discount Bonds - 4-Year (Nominal),1953-02-27,9.1616922633274E+01,D,2.1858603386869E+00
2000050,DISCBOND,5004,Fama Bliss Discount Bonds - 4-Year (Nominal),1953-03-31,9.1001626365577E+01,D,2.3589360202160E+00
2000050,DISCBOND,5004,Fama Bliss Discount Bonds - 4-Year (Nominal),1953-04-30,9.0762683470834E+01,D,2.4213905641414E+00
2000050,DISCBOND,5004,Fama Bliss Discount Bonds - 4-Year (Nominal),1953-05-29,9.0015749438412E+01,D,2.6242461499075E+00
2000050,DISCBOND,5004,Fama Bliss Discount Bonds - 4-Year (Nominal),1953-06-30,9.0714226634614E+01,D,2.4397417956320E+00
2000050,DISCBOND,5004,Fama Bliss Discount Bonds - 4-Year (Nominal),1953-07-31,9.0765642025478E+01,D,2.4205762202413E+00
2000050,DISCBOND,5004,Fama Bliss Discount Bonds - 4-Year (Nominal),1953-08-31,9.0615910146719E+01,D,2.4635094918282E+00
2000050,DISCBOND,5004,Fama Bliss Discount Bonds - 4-Year (Nominal),1953-09-30,9.1473055350634E+01,D,2.2266183221542E+00
2000050,DISCBOND,5004,Fama Bliss Discount Bonds - 4-Year (Nominal),1953-10-30,9.2144231881528E+01,D,2.0425794197066E+00
2000050,DISCBOND,5004,Fama Bliss Discount Bonds - 4-Year (Nominal),1953-11-30,9.2156229799069E+01,D,2.0421224793904E+00
2000050,DISCBOND,5004,Fama Bliss Discount Bonds - 4-Year (Nominal),1953-12-31,9.2489970375362E+01,D,1.9504135374541E+00
2000050,DISCBOND,5004,Fama Bliss Discount Bonds - 4-Year (Nominal),1954-01-29,9.3436443339847E+01,D,1.6937380006366E+00
2000050,DISCBOND,5004,Fama Bliss Discount Bonds - 4-Year (Nominal),1954-02-26,9.3682496924698E+01,D,1.6281248740824E+00
2000050,DISCBOND,5004,Fama Bliss Discount Bonds - 4-Year (Nominal),1954-03-31,9.3808056077518E+01,D,1.5968924735096E+00
2000050,DISCBOND,5004,Fama Bliss Discount Bonds - 4-Year (Nominal),1954-04-30,9.4005157099740E+01,D,1.5444557499829E+00
2000050,DISCBOND,5004,Fama Bliss Discount Bonds - 4-Year (Nominal),1954-05-28,9.2950176765834E+01,D,1.8251640328237E+00
2000050,DISCBOND,5004,Fama Bliss Discount Bonds - 4-Year (Nominal),1954-06-30,9.3616793567654E+01,D,1.6478813548757E+00
2000050,DISCBOND,5004,Fama Bliss Discount Bonds - 4-Year (Nominal),1954-07-30,9.3782569662182E+01,D,1.6025839775792E+00
2000050,DISCBOND,5004,Fama Bliss Discount Bonds - 4-Year (Nominal),1954-08-31,9.3782949468282E+01,D,1.6057779793103E+00
2000050,DISCBOND,5004,Fama Bliss Discount Bonds - 4-Year (Nominal),1954-09-30,9.3680833527257E+01,D,1.6307972808351E+00
2000050,DISCBOND,5004,Fama Bliss Discount Bonds - 4-Year (Nominal),1954-10-29,9.3116525248970E+01,D,1.7793068310525E+00
2000050,DISCBOND,5004,Fama Bliss Discount Bonds - 4-Year (Nominal),1954-11-30,9.2771089063148E+01,D,1.8771642023004E+00
2000050,DISCBOND,5004,Fama Bliss Discount Bonds - 4-Year (Nominal),1954-12-31,9.2347430829879E+01,D,1.9889452450534E+00
2000050,DISCBOND,5004,Fama Bliss Discount Bonds - 4-Year (Nominal),1955-01-31,9.1906008979527E+01,D,2.1100943174340E+00
2000050,DISCBOND,5004,Fama Bliss Discount Bonds - 4-Year (Nominal),1955-02-28,9.1093470852243E+01,D,2.3321013602172E+00
2000050,DISCBOND,5004,Fama Bliss Discount Bonds - 4-Year (Nominal),1955-03-31,9.1268161514427E+01,D,2.2826411745672E+00
2000050,DISCBOND,5004,Fama Bliss Discount Bonds - 4-Year (Nominal),1955-04-29,9.1289722773533E+01,D,2.2751825726252E+00
2000050,DISCBOND,5004,Fama Bliss Discount Bonds - 4-Year (Nominal),1955-05-31,9.1162839730663E+01,D,2.3146562781480E+00
2000050,DISCBOND,5004,Fama Bliss Discount Bonds - 4-Year (Nominal),1955-06-30,9.0671975377440E+01,D,2.4463709116842E+00
2000050,DISCBOND,5004,Fama Bliss Discount Bonds - 4-Year (Nominal),1955-07-29,9.0386330659263E+01,D,2.5217468231496E+00
2000050,DISCBOND,5004,Fama Bliss Discount Bonds - 4-Year (Nominal),1955-08-31,8.9979350574875E+01,D,2.6379427504854E+00
2000050,DISCBOND,5004,Fama Bliss Discount Bonds - 4-Year (Nominal),1955-09-30,9.0197855152411E+01,D,2.5773482012482E+00
2000050,DISCBOND,5004,Fama Bliss Discount Bonds - 4-Year (Nominal),1955-10-31,9.0470353092822E+01,D,2.5036994771537E+00
2000050,DISCBOND,5004,Fama Bliss Discount Bonds - 4-Year (Nominal),1955-11-30,9.0156182289112E+01,D,2.5888933659837E+00
2000050,DISCBOND,5004,Fama Bliss Discount Bonds - 4-Year (Nominal),1955-12-30,8.9997716002220E+01,D,2.6310431821105E+00
2000050,DISCBOND,5004,Fama Bliss Discount Bonds - 4-Year (Nominal),1956-01-31,9.0202919196495E+01,D,2.5794767961935E+00
2000050,DISCBOND,5004,Fama Bliss Discount Bonds - 4-Year (Nominal),1956-02-29,9.0063767161875E+01,D,2.6145153581635E+00
2000050,DISCBOND,5004,Fama Bliss Discount Bonds - 4-Year (Nominal),1956-03-29,8.9660495751914E+01,D,2.7229029513385E+00
2000050,DISCBOND,5004,Fama Bliss Discount Bonds - 4-Year (Nominal),1956-04-30,8.8968912142853E+01,D,2.9220794760429E+00
2000050,DISCBOND,5004,Fama Bliss Discount Bonds - 4-Year (Nominal),1956-05-31,8.9141028089306E+01,D,2.8717952096941E+00
2000050,DISCBOND,5004,Fama Bliss Discount Bonds - 4-Year (Nominal),1956-06-29,8.9296426613322E+01,D,2.8263461618818E+00
2000050,DISCBOND,5004,Fama Bliss Discount Bonds - 4-Year (Nominal),1956-07-31,8.8466231660361E+01,D,3.0658317940824E+00
2000050,DISCBOND,5004,Fama Bliss Discount Bonds - 4-Year (Nominal),1956-08-31,8.7336683253605E+01,D,3.3826735208747E+00
2000050,DISCBOND,5004,Fama Bliss Discount Bonds - 4-Year (Nominal),1956-09-28,8.7114339771728E+01,D,3.4416451336117E+00
2000050,DISCBOND,5004,Fama Bliss Discount Bonds - 4-Year (Nominal),1956-10-31,8.7437015399117E+01,D,3.3539897183484E+00
2000050,DISCBOND,5004,Fama Bliss Discount Bonds - 4-Year (Nominal),1956-11-30,8.6986894975632E+01,D,3.4829322872189E+00
2000050,DISCBOND,5004,Fama Bliss Discount Bonds - 4-Year (Nominal),1956-12-31,8.6839555055031E+01,D,3.5276991181019E+00
2000050,DISCBOND,5004,Fama Bliss Discount Bonds - 4-Year (Nominal),1957-01-31,8.7867838393415E+01,D,3.2311953463785E+00
2000050,DISCBOND,5004,Fama Bliss Discount Bonds - 4-Year (Nominal),1957-02-28,8.7376563000285E+01,D,3.3712684176763E+00
2000050,DISCBOND,5004,Fama Bliss Discount Bonds - 4-Year (Nominal),1957-03-29,8.7309477771933E+01,D,3.3881378123217E+00
2000050,DISCBOND,5004,Fama Bliss Discount Bonds - 4-Year (Nominal),1957-04-30,8.6911461951323E+01,D,3.5094104956671E+00
2000050,DISCBOND,5004,Fama Bliss Discount Bonds - 4-Year (Nominal),1957-05-31,8.6446136532765E+01,D,3.6387244314725E+00
2000050,DISCBOND,5004,Fama Bliss Discount Bonds - 4-Year (Nominal),1957-06-27,8.5706019605713E+01,D,3.8456421438224E+00
2000050,DISCBOND,5004,Fama Bliss Discount Bonds - 4-Year (Nominal),1957-07-31,8.5469557900863E+01,D,3.9225614374169E+00
2000050,DISCBOND,5004,Fama Bliss Discount Bonds - 4-Year (Nominal),1957-08-30,8.5730252315816E+01,D,3.8438449738601E+00
2000050,DISCBOND,5004,Fama Bliss Discount Bonds - 4-Year (Nominal),1957-09-30,8.5471582345994E+01,D,3.9246558878724E+00
2000050,DISCBOND,5004,Fama Bliss Discount Bonds - 4-Year (Nominal),1957-10-31,8.4911459127694E+01,D,4.0862295479797E+00
2000050,DISCBOND,5004,Fama Bliss Discount Bonds - 4-Year (Nominal),1957-11-29,8.7620737583113E+01,D,3.2992925721039E+00
2000050,DISCBOND,5004,Fama Bliss Discount Bonds - 4-Year (Nominal),1957-12-31,8.9295632391735E+01,D,2.8323803521329E+00
2000050,DISCBOND,5004,Fama Bliss Discount Bonds - 4-Year (Nominal),1958-01-31,8.9587882878354E+01,D,2.7468714154050E+00
2000050,DISCBOND,5004,Fama Bliss Discount Bonds - 4-Year (Nominal),1958-02-28,9.0490530292170E+01,D,2.4964146436721E+00
2000050,DISCBOND,5004,Fama Bliss Discount Bonds - 4-Year (Nominal),1958-03-31,9.0901829888852E+01,D,2.3847513554208E+00
2000050,DISCBOND,5004,Fama Bliss Discount Bonds - 4-Year (Nominal),1958-04-30,9.1581006015649E+01,D,2.1971524936041E+00
2000050,DISCBOND,5004,Fama Bliss Discount Bonds - 4-Year (Nominal),1958-05-29,9.2182032853276E+01,D,2.0309504653886E+00
2000050,DISCBOND,5004,Fama Bliss Discount Bonds - 4-Year (Nominal),1958-06-30,9.0521121871389E+01,D,2.4896742917385E+00
2000050,DISCBOND,5004,Fama Bliss Discount Bonds - 4-Year (Nominal),1958-07-31,8.9507178855672E+01,D,2.7693870532700E+00
2000050,DISCBOND,5004,Fama Bliss Discount Bonds - 4-Year (Nominal),1958-08-29,8.6404612274898E+01,D,3.6457369882023E+00
2000050,DISCBOND,5004,Fama Bliss Discount Bonds - 4-Year (Nominal),1958-09-30,8.6339251560824E+01,D,3.6746636956489E+00
2000050,DISCBOND,5004,Fama Bliss Discount Bonds - 4-Year (Nominal),1958-10-31,8.6547268309789E+01,D,3.6095144826938E+00
2000050,DISCBOND,5004,Fama Bliss Discount Bonds - 4-Year (Nominal),1958-11-28,8.6511469256073E+01,D,3.6149018353443E+00
2000050,DISCBOND,5004,Fama Bliss Discount Bonds - 4-Year (Nominal),1958-12-31,8.6134178765352E+01,D,3.7290431303331E+00
2000050,DISCBOND,5004,Fama Bliss Discount Bonds - 4-Year (Nominal),1959-01-30,8.5365899982045E+01,D,3.9501753763641E+00
2000050,DISCBOND,5004,Fama Bliss Discount Bonds - 4-Year (Nominal),1959-02-27,8.5953920625528E+01,D,3.7787945801365E+00
2000050,DISCBOND,5004,Fama Bliss Discount Bonds - 4-Year (Nominal),1959-03-31,8.5744248740314E+01,D,3.8476648953475E+00
2000050,DISCBOND,5004,Fama Bliss Discount Bonds - 4-Year (Nominal),1959-04-30,8.4950307753753E+01,D,4.0748020096086E+00
2000050,DISCBOND,5004,Fama Bliss Discount Bonds - 4-Year (Nominal),1959-05-29,8.4575029877182E+01,D,4.1796895583564E+00
2000050,DISCBOND,5004,Fama Bliss Discount Bonds - 4-Year (Nominal),1959-06-30,8.3823237204441E+01,D,4.4145219596696E+00
2000050,DISCBOND,5004,Fama Bliss Discount Bonds - 4-Year (Nominal),1959-07-31,8.3811980230340E+01,D,4.4118339591463E+00
2000050,DISCBOND,5004,Fama Bliss Discount Bonds - 4-Year (Nominal),1959-08-31,8.2977748838401E+01,D,4.6649425104344E+00
2000050,DISCBOND,5004,Fama Bliss Discount Bonds - 4-Year (Nominal),1959-09-30,8.2672345724270E+01,D,4.7538698464955E+00
2000050,DISCBOND,5004,Fama Bliss Discount Bonds - 4-Year (Nominal),1959-10-30,8.3405810910247E+01,D,4.5300994939131E+00
2000050,DISCBOND,5004,Fama Bliss Discount Bonds - 4-Year (Nominal),1959-11-30,8.2348050863722E+01,D,4.8553849643312E+00
2000050,DISCBOND,5004,Fama Bliss Discount Bonds - 4-Year (Nominal),1959-12-31,8.2255508295793E+01,D,4.8801532501170E+00
2000050,DISCBOND,5004,Fama Bliss Discount Bonds - 4-Year (Nominal),1960-01-29,8.2951631202543E+01,D,4.6632306468736E+00
2000050,DISCBOND,5004,Fama Bliss Discount Bonds - 4-Year (Nominal),1960-02-29,8.3126629016495E+01,D,4.6201272503295E+00
2000050,DISCBOND,5004,Fama Bliss Discount Bonds - 4-Year (Nominal),1960-03-31,8.5244878713825E+01,D,3.9883219968851E+00
2000050,DISCBOND,5004,Fama Bliss Discount Bonds - 4-Year (Nominal),1960-04-29,8.3932926983405E+01,D,4.3728147153481E+00
2000050,DISCBOND,5004,Fama Bliss Discount Bonds - 4-Year (Nominal),1960-05-31,8.4235671360760E+01,D,4.2946757161418E+00
2000050,DISCBOND,5004,Fama Bliss Discount Bonds - 4-Year (Nominal),1960-06-30,8.5375500360072E+01,D,3.9500697465504E+00
2000050,DISCBOND,5004,Fama Bliss Discount Bonds - 4-Year (Nominal),1960-07-29,8.6934494561799E+01,D,3.4932043663281E+00
2000050,DISCBOND,5004,Fama Bliss Discount Bonds - 4-Year (Nominal),1960-08-31,8.6848077828843E+01,D,3.5228328210444E+00
2000050,DISCBOND,5004,Fama Bliss Discount Bonds - 4-Year (Nominal),1960-09-30,8.6576959912936E+01,D,3.6009451213694E+00
2000050,DISCBOND,5004,Fama Bliss Discount Bonds - 4-Year (Nominal),1960-10-31,8.6462295552878E+01,D,3.6365439159959E+00
2000050,DISCBOND,5004,Fama Bliss Discount Bonds - 4-Year (Nominal),1960-11-30,8.5745371385098E+01,D,3.8420705170318E+00
2000050,DISCBOND,5004,Fama Bliss Discount Bonds - 4-Year (Nominal),1960-12-30,8.7453264630427E+01,D,3.3470563465350E+00
2000050,DISCBOND,5004,Fama Bliss Discount Bonds - 4-Year (Nominal),1961-01-31,8.6615041856618E+01,D,3.5948797349123E+00
2000050,DISCBOND,5004,Fama Bliss Discount Bonds - 4-Year (Nominal),1961-02-28,8.7072469290654E+01,D,3.4631080161207E+00
2000050,DISCBOND,5004,Fama Bliss Discount Bonds - 4-Year (Nominal),1961-03-30,8.7703675789000E+01,D,3.2756721440784E+00
2000050,DISCBOND,5004,Fama Bliss Discount Bonds - 4-Year (Nominal),1961-04-28,8.8249334656724E+01,D,3.1186924729150E+00
2000050,DISCBOND,5004,Fama Bliss Discount Bonds - 4-Year (Nominal),1961-05-31,8.7831207439995E+01,D,3.2482824665334E+00
2000050,DISCBOND,5004,Fama Bliss Discount Bonds - 4-Year (Nominal),1961-06-30,8.6484609996298E+01,D,3.6276080938182E+00
2000050,DISCBOND,5004,Fama Bliss Discount Bonds - 4-Year (Nominal),1961-07-31,8.6483765604912E+01,D,3.6303367633147E+00
2000050,DISCBOND,5004,Fama Bliss Discount Bonds - 4-Year (Nominal),1961-08-31,8.5879402266016E+01,D,3.8030495851514E+00
2000050,DISCBOND,5004,Fama Bliss Discount Bonds - 4-Year (Nominal),1961-09-29,8.6436755203537E+01,D,3.6389449840168E+00
2000050,DISCBOND,5004,Fama Bliss Discount Bonds - 4-Year (Nominal),1961-10-31,8.6913670972971E+01,D,3.5087746452029E+00
2000050,DISCBOND,5004,Fama Bliss Discount Bonds - 4-Year (Nominal),1961-11-30,8.6836298084569E+01,D,3.5262216352947E+00
2000050,DISCBOND,5004,Fama Bliss Discount Bonds - 4-Year (Nominal),1961-12-29,8.6124441746242E+01,D,3.7267657355990E+00
2000050,DISCBOND,5004,Fama Bliss Discount Bonds - 4-Year (Nominal),1962-01-31,8.5630973556533E+01,D,3.8754238795155E+00
2000050,DISCBOND,5004,Fama Bliss Discount Bonds - 4-Year (Nominal),1962-02-28,8.6612054117626E+01,D,3.5908202917192E+00
2000050,DISCBOND,5004,Fama Bliss Discount Bonds - 4-Year (Nominal),1962-03-30,8.6880737120450E+01,D,3.5110365081717E+00
2000050,DISCBOND,5004,Fama Bliss Discount Bonds - 4-Year (Nominal),1962-04-30,8.6671669918840E+01,D,3.5760778868553E+00
2000050,DISCBOND,5004,Fama Bliss Discount Bonds - 4-Year (Nominal),1962-05-31,8.6856361080275E+01,D,3.5204501582579E+00
2000050,DISCBOND,5004,Fama Bliss Discount Bonds - 4-Year (Nominal),1962-06-29,8.6536169949186E+01,D,3.6102472099308E+00
2000050,DISCBOND,5004,Fama Bliss Discount Bonds - 4-Year (Nominal),1962-07-31,8.6441620270327E+01,D,3.6450195315164E+00
2000050,DISCBOND,5004,Fama Bliss Discount Bonds - 4-Year (Nominal),1962-08-31,8.7041463968909E+01,D,3.4672648275629E+00
2000050,DISCBOND,5004,Fama Bliss Discount Bonds - 4-Year (Nominal),1962-09-28,8.7036791403565E+01,D,3.4638641550249E+00
2000050,DISCBOND,5004,Fama Bliss Discount Bonds - 4-Year (Nominal),1962-10-31,8.7264554567027E+01,D,3.4033146468514E+00
2000050,DISCBOND,5004,Fama Bliss Discount Bonds - 4-Year (Nominal),1962-11-30,8.7178765083255E+01,D,3.4278873198231E+00
2000050,DISCBOND,5004,Fama Bliss Discount Bonds - 4-Year (Nominal),1962-12-31,8.7251940408246E+01,D,3.4092596379200E+00
2000050,DISCBOND,5004,Fama Bliss Discount Bonds - 4-Year (Nominal),1963-01-31,8.7048186609973E+01,D,3.4653353504804E+00
2000050,DISCBOND,5004,Fama Bliss Discount Bonds - 4-Year (Nominal),1963-02-28,8.6952208909541E+01,D,3.4928962128802E+00
2000050,DISCBOND,5004,Fama Bliss Discount Bonds - 4-Year (Nominal),1963-03-29,8.6518438370064E+01,D,3.6128921182456E+00
2000050,DISCBOND,5004,Fama Bliss Discount Bonds - 4-Year (Nominal),1963-04-30,8.6461008173488E+01,D,3.6394090925885E+00
2000050,DISCBOND,5004,Fama Bliss Discount Bonds - 4-Year (Nominal),1963-05-31,8.6284109498660E+01,D,3.6855940989193E+00
2000050,DISCBOND,5004,Fama Bliss Discount Bonds - 4-Year (Nominal),1963-06-28,8.6170274506547E+01,D,3.7134923228382E+00
2000050,DISCBOND,5004,Fama Bliss Discount Bonds - 4-Year (Nominal),1963-07-31,8.5876933626407E+01,D,3.8037677391456E+00
2000050,DISCBOND,5004,Fama Bliss Discount Bonds - 4-Year (Nominal),1963-08-30,8.5741343483220E+01,D,3.8406152859333E+00
2000050,DISCBOND,5004,Fama Bliss Discount Bonds - 4-Year (Nominal),1963-09-30,8.5709454698412E+01,D,3.8551760816876E+00
2000050,DISCBOND,5004,Fama Bliss Discount Bonds - 4-Year (Nominal),1963-10-31,8.5447087933414E+01,D,3.9291303084948E+00
2000050,DISCBOND,5004,Fama Bliss Discount Bonds - 4-Year (Nominal),1963-11-29,8.5536669791697E+01,D,3.9002825468146E+00
2000050,DISCBOND,5004,Fama Bliss Discount Bonds - 4-Year (Nominal),1963-12-31,8.5197542640029E+01,D,4.0076850702595E+00
2000050,DISCBOND,5004,Fama Bliss Discount Bonds - 4-Year (Nominal),1964-01-31,8.5400161505153E+01,D,3.9428543547593E+00
2000050,DISCBOND,5004,Fama Bliss Discount Bonds - 4-Year (Nominal),1964-02-28,8.5160394724807E+01,D,4.0103491544272E+00
2000050,DISCBOND,5004,Fama Bliss Discount Bonds - 4-Year (Nominal),1964-03-31,8.4731483581382E+01,D,4.1449128588836E+00
2000050,DISCBOND,5004,Fama Bliss Discount Bonds - 4-Year (Nominal),1964-04-30,8.4925170543848E+01,D,4.0821956621312E+00
2000050,DISCBOND,5004,Fama Bliss Discount Bonds - 4-Year (Nominal),1964-05-28,8.5104905213631E+01,D,4.0211211105019E+00
2000050,DISCBOND,5004,Fama Bliss Discount Bonds - 4-Year (Nominal),1964-06-30,8.5317521410880E+01,D,3.9724796673846E+00
2000050,DISCBOND,5004,Fama Bliss Discount Bonds - 4-Year (Nominal),1964-07-31,8.5305830800628E+01,D,3.9704650288565E+00
2000050,DISCBOND,5004,Fama Bliss Discount Bonds - 4-Year (Nominal),1964-08-31,8.5245007116824E+01,D,3.9910159771051E+00
2000050,DISCBOND,5004,Fama Bliss Discount Bonds - 4-Year (Nominal),1964-09-30,8.5221292949979E+01,D,3.9952352808298E+00
2000050,DISCBOND,5004,Fama Bliss Discount Bonds - 4-Year (Nominal),1964-10-30,8.5200511414592E+01,D,3.9985912305129E+00
2000050,DISCBOND,5004,Fama Bliss Discount Bonds - 4-Year (Nominal),1964-11-30,8.4938375159601E+01,D,4.0811047639587E+00
2000050,DISCBOND,5004,Fama Bliss Discount Bonds - 4-Year (Nominal),1964-12-31,8.5206916638216E+01,D,3.9994500971758E+00
2000050,DISCBOND,5004,Fama Bliss Discount Bonds - 4-Year (Nominal),1965-01-29,8.5274322518162E+01,D,3.9742537943267E+00
2000050,DISCBOND,5004,Fama Bliss Discount Bonds - 4-Year (Nominal),1965-02-26,8.5178673529120E+01,D,4.0022535554058E+00
2000050,DISCBOND,5004,Fama Bliss Discount Bonds - 4-Year (Nominal),1965-03-31,8.5221349596416E+01,D,4.0034391956604E+00
2000050,DISCBOND,5004,Fama Bliss Discount Bonds - 4-Year (Nominal),1965-04-30,8.5141199442501E+01,D,4.0187259838125E+00
2000050,DISCBOND,5004,Fama Bliss Discount Bonds - 4-Year (Nominal),1965-05-28,8.5137899060715E+01,D,4.0169449017966E+00
2000050,DISCBOND,5004,Fama Bliss Discount Bonds - 4-Year (Nominal),1965-06-30,8.5145723302062E+01,D,4.0173985879156E+00
2000050,DISCBOND,5004,Fama Bliss Discount Bonds - 4-Year (Nominal),1965-07-30,8.4812807794985E+01,D,4.1124569909586E+00
2000050,DISCBOND,5004,Fama Bliss Discount Bonds - 4-Year (Nominal),1965-08-31,8.4663480907126E+01,D,4.1649988427801E+00
2000050,DISCBOND,5004,Fama Bliss Discount Bonds - 4-Year (Nominal),1965-09-30,8.4296697889896E+01,D,4.2677642873381E+00
2000050,DISCBOND,5004,Fama Bliss Discount Bonds - 4-Year (Nominal),1965-10-29,8.4024132345678E+01,D,4.3427300569340E+00
2000050,DISCBOND,5004,Fama Bliss Discount Bonds - 4-Year (Nominal),1965-11-30,8.3765176984323E+01,D,4.4318560994727E+00
2000050,DISCBOND,5004,Fama Bliss Discount Bonds - 4-Year (Nominal),1965-12-31,8.2264101649290E+01,D,4.8775433874168E+00
2000050,DISCBOND,5004,Fama Bliss Discount Bonds - 4-Year (Nominal),1966-01-31,8.2185047672448E+01,D,4.9049200566785E+00
2000050,DISCBOND,5004,Fama Bliss Discount Bonds - 4-Year (Nominal),1966-02-28,8.1892669753796E+01,D,4.9940175382575E+00
2000050,DISCBOND,5004,Fama Bliss Discount Bonds - 4-Year (Nominal),1966-03-31,8.2587837262242E+01,D,4.7794206557950E+00
2000050,DISCBOND,5004,Fama Bliss Discount Bonds - 4-Year (Nominal),1966-04-29,8.2375920629113E+01,D,4.8402949017316E+00
2000050,DISCBOND,5004,Fama Bliss Discount Bonds - 4-Year (Nominal),1966-05-31,8.1892304957683E+01,D,4.9975521453085E+00
2000050,DISCBOND,5004,Fama Bliss Discount Bonds - 4-Year (Nominal),1966-06-30,8.1493668550450E+01,D,5.1126197026006E+00
2000050,DISCBOND,5004,Fama Bliss Discount Bonds - 4-Year (Nominal),1966-07-29,8.1104644389868E+01,D,5.2250126617360E+00
2000050,DISCBOND,5004,Fama Bliss Discount Bonds - 4-Year (Nominal),1966-08-31,7.9283230547305E+01,D,5.7996164964085E+00
2000050,DISCBOND,5004,Fama Bliss Discount Bonds - 4-Year (Nominal),1966-09-30,8.0827486794609E+01,D,5.3176852501793E+00
2000050,DISCBOND,5004,Fama Bliss Discount Bonds - 4-Year (Nominal),1966-10-31,8.1188528992228E+01,D,5.2099054342106E+00
2000050,DISCBOND,5004,Fama Bliss Discount Bonds - 4-Year (Nominal),1966-11-30,8.0859501161521E+01,D,5.3077919199192E+00
2000050,DISCBOND,5004,Fama Bliss Discount Bonds - 4-Year (Nominal),1966-12-30,8.2732179269076E+01,D,4.7325558400465E+00
2000050,DISCBOND,5004,Fama Bliss Discount Bonds - 4-Year (Nominal),1967-01-31,8.3115713899226E+01,D,4.6265792758438E+00
2000050,DISCBOND,5004,Fama Bliss Discount Bonds - 4-Year (Nominal),1967-02-28,8.2813379432672E+01,D,4.7177453370448E+00
2000050,DISCBOND,5004,Fama Bliss Discount Bonds - 4-Year (Nominal),1967-03-31,8.4085427682939E+01,D,4.3304567243236E+00
2000050,DISCBOND,5004,Fama Bliss Discount Bonds - 4-Year (Nominal),1967-04-28,8.3122807514497E+01,D,4.6118002873053E+00
2000050,DISCBOND,5004,Fama Bliss Discount Bonds - 4-Year (Nominal),1967-05-31,8.3232834325867E+01,D,4.5945006495694E+00
2000050,DISCBOND,5004,Fama Bliss Discount Bonds - 4-Year (Nominal),1967-06-30,8.1292076285169E+01,D,5.1744968622471E+00
2000050,DISCBOND,5004,Fama Bliss Discount Bonds - 4-Year (Nominal),1967-07-31,8.1951756386826E+01,D,4.9759862151960E+00
2000050,DISCBOND,5004,Fama Bliss Discount Bonds - 4-Year (Nominal),1967-08-31,8.1270949476062E+01,D,5.1809904511462E+00
2000050,DISCBOND,5004,Fama Bliss Discount Bonds - 4-Year (Nominal),1967-09-29,8.0904908418784E+01,D,5.2901455178782E+00
2000050,DISCBOND,5004,Fama Bliss Discount Bonds - 4-Year (Nominal),1967-10-31,8.0186075220387E+01,D,5.5242918477031E+00
2000050,DISCBOND,5004,Fama Bliss Discount Bonds - 4-Year (Nominal),1967-11-30,8.0059410694512E+01,D,5.5562243236453E+00
2000050,DISCBOND,5004,Fama Bliss Discount Bonds - 4-Year (Nominal),1967-12-29,7.9609069059095E+01,D,5.6893637084687E+00
2000050,DISCBOND,5004,Fama Bliss Discount Bonds - 4-Year (Nominal),1968-01-31,8.0446482629605E+01,D,5.4357278891011E+00
2000050,DISCBOND,5004,Fama Bliss Discount Bonds - 4-Year (Nominal),1968-02-29,8.0221814413534E+01,D,5.5055968659288E+00
2000050,DISCBOND,5004,Fama Bliss Discount Bonds - 4-Year (Nominal),1968-03-29,7.9539485659659E+01,D,5.7150864474534E+00
2000050,DISCBOND,5004,Fama Bliss Discount Bonds - 4-Year (Nominal),1968-04-30,7.9095026024096E+01,D,5.8670236995767E+00
2000050,DISCBOND,5004,Fama Bliss Discount Bonds - 4-Year (Nominal),1968-05-31,7.9251319550180E+01,D,5.8096739748475E+00
2000050,DISCBOND,5004,Fama Bliss Discount Bonds - 4-Year (Nominal),1968-06-28,8.0090550664036E+01,D,5.5389263606011E+00
2000050,DISCBOND,5004,Fama Bliss Discount Bonds - 4-Year (Nominal),1968-07-31,8.1465081576444E+01,D,5.1213849294460E+00
2000050,DISCBOND,5004,Fama Bliss Discount Bonds - 4-Year (Nominal),1968-08-30,8.1488562993475E+01,D,5.1106867478009E+00
2000050,DISCBOND,5004,Fama Bliss Discount Bonds - 4-Year (Nominal),1968-09-30,8.1436313960416E+01,D,5.1337223752643E+00
2000050,DISCBOND,5004,Fama Bliss Discount Bonds - 4-Year (Nominal),1968-10-31,8.1153510526028E+01,D,5.2171175808140E+00
2000050,DISCBOND,5004,Fama Bliss Discount Bonds - 4-Year (Nominal),1968-11-29,8.0658709159373E+01,D,5.3662340136099E+00
2000050,DISCBOND,5004,Fama Bliss Discount Bonds - 4-Year (Nominal),1968-12-31,7.7868351396035E+01,D,6.2580513607916E+00
2000050,DISCBOND,5004,Fama Bliss Discount Bonds - 4-Year (Nominal),1969-01-31,7.9218850389539E+01,D,5.8199115286756E+00
2000050,DISCBOND,5004,Fama Bliss Discount Bonds - 4-Year (Nominal),1969-02-28,7.8119474551889E+01,D,6.1690449203498E+00
2000050,DISCBOND,5004,Fama Bliss Discount Bonds - 4-Year (Nominal),1969-03-28,7.8262001770563E+01,D,6.1151344467393E+00
2000050,DISCBOND,5004,Fama Bliss Discount Bonds - 4-Year (Nominal),1969-04-30,7.8809727239201E+01,D,5.9492691580344E+00
2000050,DISCBOND,5004,Fama Bliss Discount Bonds - 4-Year (Nominal),1969-05-29,7.7461859968188E+01,D,6.3715203554386E+00
2000050,DISCBOND,5004,Fama Bliss Discount Bonds - 4-Year (Nominal),1969-06-30,7.6197921597283E+01,D,6.7958999823423E+00
2000050,DISCBOND,5004,Fama Bliss Discount Bonds - 4-Year (Nominal),1969-07-31,7.6040974993869E+01,D,6.8427594913168E+00
2000050,DISCBOND,5004,Fama Bliss Discount Bonds - 4-Year (Nominal),1969-08-29,7.5488955874762E+01,D,7.0151807678678E+00
2000050,DISCBOND,5004,Fama Bliss Discount Bonds - 4-Year (Nominal),1969-09-30,7.3127432286206E+01,D,7.8295285748344E+00
2000050,DISCBOND,5004,Fama Bliss Discount Bonds - 4-Year (Nominal),1969-10-31,7.4879562883990E+01,D,7.2272797563967E+00
2000050,DISCBOND,5004,Fama Bliss Discount Bonds - 4-Year (Nominal),1969-11-28,7.4133085965114E+01,D,7.4673623499552E+00
2000050,DISCBOND,5004,Fama Bliss Discount Bonds - 4-Year (Nominal),1969-12-31,7.2049014255077E+01,D,8.1899792361288E+00
2000050,DISCBOND,5004,Fama Bliss Discount Bonds - 4-Year (Nominal),1970-01-30,7.2344305301356E+01,D,8.0822645884288E+00
2000050,DISCBOND,5004,Fama Bliss Discount Bonds - 4-Year (Nominal),1970-02-27,7.5074149626600E+01,D,7.1575426467383E+00
2000050,DISCBOND,5004,Fama Bliss Discount Bonds - 4-Year (Nominal),1970-03-31,7.5201754346513E+01,D,7.1297744363422E+00
2000050,DISCBOND,5004,Fama Bliss Discount Bonds - 4-Year (Nominal),1970-04-30,7.3153800825562E+01,D,7.8098035093006E+00
2000050,DISCBOND,5004,Fama Bliss Discount Bonds - 4-Year (Nominal),1970-05-29,7.3532084383235E+01,D,7.6704476446363E+00
2000050,DISCBOND,5004,Fama Bliss Discount Bonds - 4-Year (Nominal),1970-06-30,7.3732793984617E+01,D,7.6232848245661E+00
2000050,DISCBOND,5004,Fama Bliss Discount Bonds - 4-Year (Nominal),1970-07-31,7.4126789569529E+01,D,7.4797067414458E+00
2000050,DISCBOND,5004,Fama Bliss Discount Bonds - 4-Year (Nominal),1970-08-31,7.4500914723006E+01,D,7.3589695629202E+00
2000050,DISCBOND,5004,Fama Bliss Discount Bonds - 4-Year (Nominal),1970-09-30,7.5645075220472E+01,D,6.9731701986618E+00
2000050,DISCBOND,5004,Fama Bliss Discount Bonds - 4-Year (Nominal),1970-10-30,7.6014090707191E+01,D,6.8469071658335E+00
2000050,DISCBOND,5004,Fama Bliss Discount Bonds - 4-Year (Nominal),1970-11-30,7.9230020814894E+01,D,5.8203727074043E+00
2000050,DISCBOND,5004,Fama Bliss Discount Bonds - 4-Year (Nominal),1970-12-31,7.9254253707849E+01,D,5.8087490391009E+00
2000050,DISCBOND,5004,Fama Bliss Discount Bonds - 4-Year (Nominal),1971-01-29,7.9895314584452E+01,D,5.5998179365764E+00
2000050,DISCBOND,5004,Fama Bliss Discount Bonds - 4-Year (Nominal),1971-02-26,8.1343313985133E+01,D,5.1517029204930E+00
2000050,DISCBOND,5004,Fama Bliss Discount Bonds - 4-Year (Nominal),1971-03-31,8.2472553452581E+01,D,4.8143184659324E+00
2000050,DISCBOND,5004,Fama Bliss Discount Bonds - 4-Year (Nominal),1971-04-30,7.9297053495691E+01,D,5.7952611354870E+00
2000050,DISCBOND,5004,Fama Bliss Discount Bonds - 4-Year (Nominal),1971-05-28,7.9138782007917E+01,D,5.8371843121616E+00
2000050,DISCBOND,5004,Fama Bliss Discount Bonds - 4-Year (Nominal),1971-06-30,7.6755011075324E+01,D,6.6092610274112E+00
2000050,DISCBOND,5004,Fama Bliss Discount Bonds - 4-Year (Nominal),1971-07-30,7.6086282220556E+01,D,6.8232080912036E+00
2000050,DISCBOND,5004,Fama Bliss Discount Bonds - 4-Year (Nominal),1971-08-31,7.9314807897175E+01,D,5.7976048197667E+00
2000050,DISCBOND,5004,Fama Bliss Discount Bonds - 4-Year (Nominal),1971-09-30,7.9388706593710E+01,D,5.7664020944826E+00
2000050,DISCBOND,5004,Fama Bliss Discount Bonds - 4-Year (Nominal),1971-10-29,8.0449539013151E+01,D,5.4273489928753E+00
2000050,DISCBOND,5004,Fama Bliss Discount Bonds - 4-Year (Nominal),1971-11-30,8.0282598589399E+01,D,5.4941957732977E+00
2000050,DISCBOND,5004,Fama Bliss Discount Bonds - 4-Year (Nominal),1971-12-31,8.1207788471606E+01,D,5.2004138472491E+00
2000050,DISCBOND,5004,Fama Bliss Discount Bonds - 4-Year (Nominal),1972-01-31,8.0328640602391E+01,D,5.4760989652421E+00
2000050,DISCBOND,5004,Fama Bliss Discount Bonds - 4-Year (Nominal),1972-02-29,8.0464649646265E+01,D,5.4375304417689E+00
2000050,DISCBOND,5004,Fama Bliss Discount Bonds - 4-Year (Nominal),1972-03-30,7.9043748486398E+01,D,5.8711750235611E+00
2000050,DISCBOND,5004,Fama Bliss Discount Bonds - 4-Year (Nominal),1972-04-28,7.9766536615446E+01,D,5.6400635953115E+00
2000050,DISCBOND,5004,Fama Bliss Discount Bonds - 4-Year (Nominal),1972-05-31,8.0094880811814E+01,D,5.5565678302476E+00
2000050,DISCBOND,5004,Fama Bliss Discount Bonds - 4-Year (Nominal),1972-06-30,7.9120993620928E+01,D,5.8507912496238E+00
2000050,DISCBOND,5004,Fama Bliss Discount Bonds - 4-Year (Nominal),1972-07-31,7.9111780463050E+01,D,5.8577097759698E+00
2000050,DISCBOND,5004,Fama Bliss Discount Bonds - 4-Year (Nominal),1972-08-31,7.8295299566753E+01,D,6.1128786316588E+00
2000050,DISCBOND,5004,Fama Bliss Discount Bonds - 4-Year (Nominal),1972-09-29,7.8619841034071E+01,D,6.0054256054975E+00
2000050,DISCBOND,5004,Fama Bliss Discount Bonds - 4-Year (Nominal),1972-10-31,7.8415614454884E+01,D,6.0828445129210E+00
2000050,DISCBOND,5004,Fama Bliss Discount Bonds - 4-Year (Nominal),1972-11-30,7.8617768615462E+01,D,6.0101947713085E+00
2000050,DISCBOND,5004,Fama Bliss Discount Bonds - 4-Year (Nominal),1972-12-29,7.8436519006052E+01,D,6.0595629437906E+00
2000050,DISCBOND,5004,Fama Bliss Discount Bonds - 4-Year (Nominal),1973-01-31,7.7490413266059E+01,D,6.3710353479173E+00
2000050,DISCBOND,5004,Fama Bliss Discount Bonds - 4-Year (Nominal),1973-02-28,7.6754737511036E+01,D,6.6093500696552E+00
2000050,DISCBOND,5004,Fama Bliss Discount Bonds - 4-Year (Nominal),1973-03-30,7.6671940339716E+01,D,6.6317749222707E+00
2000050,DISCBOND,5004,Fama Bliss Discount Bonds - 4-Year (Nominal),1973-04-30,7.6951295585198E+01,D,6.5499372282554E+00
2000050,DISCBOND,5004,Fama Bliss Discount Bonds - 4-Year (Nominal),1973-05-31,7.6961370498733E+01,D,6.5421834965358E+00
2000050,DISCBOND,5004,Fama Bliss Discount Bonds - 4-Year (Nominal),1973-06-29,7.6431436323595E+01,D,6.7102105560014E+00
2000050,DISCBOND,5004,Fama Bliss Discount Bonds - 4-Year (Nominal),1973-07-31,7.3122728825364E+01,D,7.8311376960863E+00
2000050,DISCBOND,5004,Fama Bliss Discount Bonds - 4-Year (Nominal),1973-08-31,7.5180502664676E+01,D,7.1270751458311E+00
2000050,DISCBOND,5004,Fama Bliss Discount Bonds - 4-Year (Nominal),1973-09-28,7.6804423896109E+01,D,6.5841695174330E+00
2000050,DISCBOND,5004,Fama Bliss Discount Bonds - 4-Year (Nominal),1973-10-31,7.6563863579239E+01,D,6.6715549773456E+00
2000050,DISCBOND,5004,Fama Bliss Discount Bonds - 4-Year (Nominal),1973-11-30,7.6793292172039E+01,D,6.5968040690536E+00
2000050,DISCBOND,5004,Fama Bliss Discount Bonds - 4-Year (Nominal),1973-12-31,7.6622165367675E+01,D,6.6570946496578E+00
2000050,DISCBOND,5004,Fama Bliss Discount Bonds - 4-Year (Nominal),1974-01-31,7.6330143913752E+01,D,6.7479346485046E+00
2000050,DISCBOND,5004,Fama Bliss Discount Bonds - 4-Year (Nominal),1974-02-28,7.6190372661756E+01,D,6.7937237754948E+00
2000050,DISCBOND,5004,Fama Bliss Discount Bonds - 4-Year (Nominal),1974-03-29,7.4042879474751E+01,D,7.4977389112685E+00
2000050,DISCBOND,5004,Fama Bliss Discount Bonds - 4-Year (Nominal),1974-04-30,7.2610410402362E+01,D,8.0070316993574E+00
2000050,DISCBOND,5004,Fama Bliss Discount Bonds - 4-Year (Nominal),1974-05-31,7.2889311145144E+01,D,7.9002935496949E+00
2000050,DISCBOND,5004,Fama Bliss Discount Bonds - 4-Year (Nominal),1974-06-28,7.1950200555876E+01,D,8.2130230756255E+00
2000050,DISCBOND,5004,Fama Bliss Discount Bonds - 4-Year (Nominal),1974-07-31,7.1633980184221E+01,D,8.3343077838517E+00
2000050,DISCBOND,5004,Fama Bliss Discount Bonds - 4-Year (Nominal),1974-08-30,7.1660796485958E+01,D,8.3192627579927E+00
2000050,DISCBOND,5004,Fama Bliss Discount Bonds - 4-Year (Nominal),1974-09-30,7.2994545989239E+01,D,7.8696365026749E+00
2000050,DISCBOND,5004,Fama Bliss Discount Bonds - 4-Year (Nominal),1974-10-31,7.3287329454616E+01,D,7.7642434697726E+00
2000050,DISCBOND,5004,Fama Bliss Discount Bonds - 4-Year (Nominal),1974-11-29,7.4584030036345E+01,D,7.3210655708901E+00
2000050,DISCBOND,5004,Fama Bliss Discount Bonds - 4-Year (Nominal),1974-12-31,7.5168067704764E+01,D,7.1409833785610E+00
2000050,DISCBOND,5004,Fama Bliss Discount Bonds - 4-Year (Nominal),1975-01-31,7.5486367603968E+01,D,7.0256407653345E+00
2000050,DISCBOND,5004,Fama Bliss Discount Bonds - 4-Year (Nominal),1975-02-28,7.6758395784561E+01,D,6.6081593670821E+00
2000050,DISCBOND,5004,Fama Bliss Discount Bonds - 4-Year (Nominal),1975-03-31,7.4964322085306E+01,D,7.2039472791202E+00
2000050,DISCBOND,5004,Fama Bliss Discount Bonds - 4-Year (Nominal),1975-04-30,7.3033690139248E+01,D,7.8508564420640E+00
2000050,DISCBOND,5004,Fama Bliss Discount Bonds - 4-Year (Nominal),1975-05-30,7.4700605706025E+01,D,7.2820742109097E+00
2000050,DISCBOND,5004,Fama Bliss Discount Bonds - 4-Year (Nominal),1975-06-30,7.4703365616068E+01,D,7.2911259940741E+00
2000050,DISCBOND,5004,Fama Bliss Discount Bonds - 4-Year (Nominal),1975-07-31,7.3388175387791E+01,D,7.7298897696920E+00
2000050,DISCBOND,5004,Fama Bliss Discount Bonds - 4-Year (Nominal),1975-08-29,7.2962484962801E+01,D,7.8644597090922E+00
2000050,DISCBOND,5004,Fama Bliss Discount Bonds - 4-Year (Nominal),1975-09-30,7.1904475016335E+01,D,8.2514442000882E+00
2000050,DISCBOND,5004,Fama Bliss Discount Bonds - 4-Year (Nominal),1975-10-31,7.4701226277751E+01,D,7.2868511194530E+00
2000050,DISCBOND,5004,Fama Bliss Discount Bonds - 4-Year (Nominal),1975-11-28,7.4481169461070E+01,D,7.3504925525039E+00
2000050,DISCBOND,5004,Fama Bliss Discount Bonds - 4-Year (Nominal),1975-12-31,7.5205812259455E+01,D,7.1186660455324E+00
2000050,DISCBOND,5004,Fama Bliss Discount Bonds - 4-Year (Nominal),1976-01-30,7.5058648668908E+01,D,7.1626980001412E+00
2000050,DISCBOND,5004,Fama Bliss Discount Bonds - 4-Year (Nominal),1976-02-27,7.4962762645580E+01,D,7.1896940186465E+00
2000050,DISCBOND,5004,Fama Bliss Discount Bonds - 4-Year (Nominal),1976-03-31,7.5081503259110E+01,D,7.1599948649932E+00
2000050,DISCBOND,5004,Fama Bliss Discount Bonds - 4-Year (Nominal),1976-04-30,7.5535264816118E+01,D,7.0094630344160E+00
2000050,DISCBOND,5004,Fama Bliss Discount Bonds - 4-Year (Nominal),1976-05-28,7.3952864657116E+01,D,7.5280878401450E+00
2000050,DISCBOND,5004,Fama Bliss Discount Bonds - 4-Year (Nominal),1976-06-30,7.4498405604485E+01,D,7.3547742024220E+00
2000050,DISCBOND,5004,Fama Bliss Discount Bonds - 4-Year (Nominal),1976-07-30,7.5072658673198E+01,D,7.1580384660685E+00
2000050,DISCBOND,5004,Fama Bliss Discount Bonds - 4-Year (Nominal),1976-08-31,7.5644960216978E+01,D,6.9827672758152E+00
2000050,DISCBOND,5004,Fama Bliss Discount Bonds - 4-Year (Nominal),1976-09-30,7.6393683645394E+01,D,6.7271467180366E+00
2000050,DISCBOND,5004,Fama Bliss Discount Bonds - 4-Year (Nominal),1976-10-29,7.7150553748189E+01,D,6.4719871531818E+00
2000050,DISCBOND,5004,Fama Bliss Discount Bonds - 4-Year (Nominal),1976-11-30,7.9126007102089E+01,D,5.8572265462330E+00
2000050,DISCBOND,5004,Fama Bliss Discount Bonds - 4-Year (Nominal),1976-12-31,7.9373617607369E+01,D,5.7711509097179E+00
2000050,DISCBOND,5004,Fama Bliss Discount Bonds - 4-Year (Nominal),1977-01-31,7.6452553682118E+01,D,6.7124962718272E+00
2000050,DISCBOND,5004,Fama Bliss Discount Bonds - 4-Year (Nominal),1977-02-28,7.6311534197462E+01,D,6.7586522521592E+00
2000050,DISCBOND,5004,Fama Bliss Discount Bonds - 4-Year (Nominal),1977-03-31,7.6563942177570E+01,D,6.6715293306206E+00
2000050,DISCBOND,5004,Fama Bliss Discount Bonds - 4-Year (Nominal),1977-04-29,7.6434101011026E+01,D,6.7093401694440E+00
2000050,DISCBOND,5004,Fama Bliss Discount Bonds - 4-Year (Nominal),1977-05-31,7.6648726992957E+01,D,6.6529869103146E+00
2000050,DISCBOND,5004,Fama Bliss Discount Bonds - 4-Year (Nominal),1977-06-30,7.7204850362594E+01,D,6.4632708082024E+00
2000050,DISCBOND,5004,Fama Bliss Discount Bonds - 4-Year (Nominal),1977-07-29,7.6198629599273E+01,D,6.7817326422634E+00
2000050,DISCBOND,5004,Fama Bliss Discount Bonds - 4-Year (Nominal),1977-08-31,7.6286032614677E+01,D,6.7623764690778E+00
2000050,DISCBOND,5004,Fama Bliss Discount Bonds - 4-Year (Nominal),1977-09-30,7.5908588903637E+01,D,6.8862921971565E+00
2000050,DISCBOND,5004,Fama Bliss Discount Bonds - 4-Year (Nominal),1977-10-31,7.4933850443310E+01,D,7.2141113931655E+00
2000050,DISCBOND,5004,Fama Bliss Discount Bonds - 4-Year (Nominal),1977-11-30,7.5193936791951E+01,D,7.1226113112516E+00
2000050,DISCBOND,5004,Fama Bliss Discount Bonds - 4-Year (Nominal),1977-12-30,7.4579426834541E+01,D,7.3226064659542E+00
2000050,DISCBOND,5004,Fama Bliss Discount Bonds - 4-Year (Nominal),1978-01-31,7.3988681849958E+01,D,7.5366137704007E+00
2000050,DISCBOND,5004,Fama Bliss Discount Bonds - 4-Year (Nominal),1978-02-28,7.3623175336356E+01,D,7.6605055111382E+00
2000050,DISCBOND,5004,Fama Bliss Discount Bonds - 4-Year (Nominal),1978-03-31,7.3322872053714E+01,D,7.7521303041650E+00
2000050,DISCBOND,5004,Fama Bliss Discount Bonds - 4-Year (Nominal),1978-04-28,7.3073863850199E+01,D,7.8264039378097E+00
2000050,DISCBOND,5004,Fama Bliss Discount Bonds - 4-Year (Nominal),1978-05-31,7.2594766719551E+01,D,8.0179172043935E+00
2000050,DISCBOND,5004,Fama Bliss Discount Bonds - 4-Year (Nominal),1978-06-30,7.1718093027932E+01,D,8.3049900065540E+00
2000050,DISCBOND,5004,Fama Bliss Discount Bonds - 4-Year (Nominal),1978-07-31,7.2006982015884E+01,D,8.2101774807682E+00
2000050,DISCBOND,5004,Fama Bliss Discount Bonds - 4-Year (Nominal),1978-08-31,7.2097772788351E+01,D,8.1730780051566E+00
2000050,DISCBOND,5004,Fama Bliss Discount Bonds - 4-Year (Nominal),1978-09-29,7.1804494927540E+01,D,8.2692499950896E+00
2000050,DISCBOND,5004,Fama Bliss Discount Bonds - 4-Year (Nominal),1978-10-31,6.9789062715014E+01,D,8.9984858960004E+00
2000050,DISCBOND,5004,Fama Bliss Discount Bonds - 4-Year (Nominal),1978-11-30,7.0621715218520E+01,D,8.6898609313614E+00
2000050,DISCBOND,5004,Fama Bliss Discount Bonds - 4-Year (Nominal),1978-12-29,6.9458528003317E+01,D,9.0923254340134E+00
2000050,DISCBOND,5004,Fama Bliss Discount Bonds - 4-Year (Nominal),1979-01-31,7.0572940587648E+01,D,8.7071212338911E+00
2000050,DISCBOND,5004,Fama Bliss Discount Bonds - 4-Year (Nominal),1979-02-28,6.9676292584046E+01,D,9.0265691516472E+00
2000050,DISCBOND,5004,Fama Bliss Discount Bonds - 4-Year (Nominal),1979-03-30,6.9888549479113E+01,D,8.9444564219499E+00
2000050,DISCBOND,5004,Fama Bliss Discount Bonds - 4-Year (Nominal),1979-04-30,6.9509136635165E+01,D,9.0927994920322E+00
2000050,DISCBOND,5004,Fama Bliss Discount Bonds - 4-Year (Nominal),1979-05-31,7.0289560520074E+01,D,8.8076399988878E+00
2000050,DISCBOND,5004,Fama Bliss Discount Bonds - 4-Year (Nominal),1979-06-29,7.1167002195957E+01,D,8.4918904801495E+00
2000050,DISCBOND,5004,Fama Bliss Discount Bonds - 4-Year (Nominal),1979-07-31,7.0597846963899E+01,D,8.7102298225091E+00
2000050,DISCBOND,5004,Fama Bliss Discount Bonds - 4-Year (Nominal),1979-08-31,6.9630097644888E+01,D,9.0431381414485E+00
2000050,DISCBOND,5004,Fama Bliss Discount Bonds - 4-Year (Nominal),1979-09-28,6.9120552258783E+01,D,9.2140188984230E+00
2000050,DISCBOND,5004,Fama Bliss Discount Bonds - 4-Year (Nominal),1979-10-31,6.4858377280799E+01,D,1.0816694155224E+01
2000050,DISCBOND,5004,Fama Bliss Discount Bonds - 4-Year (Nominal),1979-11-30,6.7125033904119E+01,D,9.9585075311581E+00
2000050,DISCBOND,5004,Fama Bliss Discount Bonds - 4-Year (Nominal),1979-12-31,6.6725187127387E+01,D,1.0114692156113E+01
2000050,DISCBOND,5004,Fama Bliss Discount Bonds - 4-Year (Nominal),1980-01-31,6.5183947215284E+01,D,1.0691601120183E+01
2000050,DISCBOND,5004,Fama Bliss Discount Bonds - 4-Year (Nominal),1980-02-29,6.0214600950155E+01,D,1.2672703411987E+01
2000050,DISCBOND,5004,Fama Bliss Discount Bonds - 4-Year (Nominal),1980-03-31,6.1190111852704E+01,D,1.2279614513952E+01
2000050,DISCBOND,5004,Fama Bliss Discount Bonds - 4-Year (Nominal),1980-04-30,6.6971715747427E+01,D,1.0015635420817E+01
2000050,DISCBOND,5004,Fama Bliss Discount Bonds - 4-Year (Nominal),1980-05-30,6.8972508620435E+01,D,9.2738507857096E+00
2000050,DISCBOND,5004,Fama Bliss Discount Bonds - 4-Year (Nominal),1980-06-30,6.9323402122636E+01,D,9.1596910957586E+00
2000050,DISCBOND,5004,Fama Bliss Discount Bonds - 4-Year (Nominal),1980-07-31,6.7739561441049E+01,D,9.7308305866265E+00
2000050,DISCBOND,5004,Fama Bliss Discount Bonds - 4-Year (Nominal),1980-08-29,6.3917451380712E+01,D,1.1166499099323E+01
2000050,DISCBOND,5004,Fama Bliss Discount Bonds - 4-Year (Nominal),1980-09-30,6.2893850166416E+01,D,1.1600991458781E+01
2000050,DISCBOND,5004,Fama Bliss Discount Bonds - 4-Year (Nominal),1980-10-31,6.1626500279716E+01,D,1.2093672151422E+01
2000050,DISCBOND,5004,Fama Bliss Discount Bonds - 4-Year (Nominal),1980-11-28,6.0548194804490E+01,D,1.2517542296308E+01
2000050,DISCBOND,5004,Fama Bliss Discount Bonds - 4-Year (Nominal),1980-12-31,6.1915971692554E+01,D,1.1976597508286E+01
2000050,DISCBOND,5004,Fama Bliss Discount Bonds - 4-Year (Nominal),1981-01-30,6.1375399833484E+01,D,1.2187332191674E+01
2000050,DISCBOND,5004,Fama Bliss Discount Bonds - 4-Year (Nominal),1981-02-27,5.9282217423618E+01,D,1.3053638335215E+01
2000050,DISCBOND,5004,Fama Bliss Discount Bonds - 4-Year (Nominal),1981-03-31,6.0114877107950E+01,D,1.2731541797179E+01
2000050,DISCBOND,5004,Fama Bliss Discount Bonds - 4-Year (Nominal),1981-04-30,5.7357381292436E+01,D,1.3887204645644E+01
2000050,DISCBOND,5004,Fama Bliss Discount Bonds - 4-Year (Nominal),1981-05-29,5.8524679975318E+01,D,1.3365577536689E+01
2000050,DISCBOND,5004,Fama Bliss Discount Bonds - 4-Year (Nominal),1981-06-30,5.7582454495975E+01,D,1.3808265292630E+01
2000050,DISCBOND,5004,Fama Bliss Discount Bonds - 4-Year (Nominal),1981-07-31,5.6380383971042E+01,D,1.4316416806324E+01
2000050,DISCBOND,5004,Fama Bliss Discount Bonds - 4-Year (Nominal),1981-08-31,5.5097002030411E+01,D,1.4901872023022E+01
2000050,DISCBOND,5004,Fama Bliss Discount Bonds - 4-Year (Nominal),1981-09-30,5.3079335192121E+01,D,1.5823724720926E+01
2000050,DISCBOND,5004,Fama Bliss Discount Bonds - 4-Year (Nominal),1981-10-30,5.6416465065635E+01,D,1.4290652212503E+01
2000050,DISCBOND,5004,Fama Bliss Discount Bonds - 4-Year (Nominal),1981-11-30,6.1248044706481E+01,D,1.2255956505807E+01
2000050,DISCBOND,5004,Fama Bliss Discount Bonds - 4-Year (Nominal),1981-12-31,5.8122548887125E+01,D,1.3556127603690E+01
2000050,DISCBOND,5004,Fama Bliss Discount Bonds - 4-Year (Nominal),1982-01-29,5.7561184066374E+01,D,1.3779728851601E+01
2000050,DISCBOND,5004,Fama Bliss Discount Bonds - 4-Year (Nominal),1982-02-26,5.8036259008647E+01,D,1.3574662277308E+01
2000050,DISCBOND,5004,Fama Bliss Discount Bonds - 4-Year (Nominal),1982-03-31,5.7302426948030E+01,D,1.3911152329010E+01
2000050,DISCBOND,5004,Fama Bliss Discount Bonds - 4-Year (Nominal),1982-04-30,5.8761647021961E+01,D,1.3282922543678E+01
2000050,DISCBOND,5004,Fama Bliss Discount Bonds - 4-Year (Nominal),1982-05-28,5.9161477185824E+01,D,1.3095580782044E+01
2000050,DISCBOND,5004,Fama Bliss Discount Bonds - 4-Year (Nominal),1982-06-30,5.7494041814241E+01,D,1.3827750854556E+01
2000050,DISCBOND,5004,Fama Bliss Discount Bonds - 4-Year (Nominal),1982-07-30,5.9926305009197E+01,D,1.2783853621579E+01
2000050,DISCBOND,5004,Fama Bliss Discount Bonds - 4-Year (Nominal),1982-08-31,6.0801723200728E+01,D,1.2447327601394E+01
2000050,DISCBOND,5004,Fama Bliss Discount Bonds - 4-Year (Nominal),1982-09-30,6.4041398958223E+01,D,1.1133385970422E+01
2000050,DISCBOND,5004,Fama Bliss Discount Bonds - 4-Year (Nominal),1982-10-29,6.6253918334227E+01,D,1.0270785126869E+01
2000050,DISCBOND,5004,Fama Bliss Discount Bonds - 4-Year (Nominal),1982-11-30,6.5446300857653E+01,D,1.0605770127409E+01
2000050,DISCBOND,5004,Fama Bliss Discount Bonds - 4-Year (Nominal),1982-12-31,6.6605813535187E+01,D,1.0152504507482E+01
2000050,DISCBOND,5004,Fama Bliss Discount Bonds - 4-Year (Nominal),1983-01-31,6.7031176314562E+01,D,1.0000308917406E+01
2000050,DISCBOND,5004,Fama Bliss Discount Bonds - 4-Year (Nominal),1983-02-28,6.7236698773240E+01,D,9.9237743706809E+00
2000050,DISCBOND,5004,Fama Bliss Discount Bonds - 4-Year (Nominal),1983-03-31,6.7130475301046E+01,D,9.9564824103076E+00
2000050,DISCBOND,5004,Fama Bliss Discount Bonds - 4-Year (Nominal),1983-04-29,6.7746357509650E+01,D,9.7216699559363E+00
2000050,DISCBOND,5004,Fama Bliss Discount Bonds - 4-Year (Nominal),1983-05-31,6.6156958951990E+01,D,1.0335582241925E+01
2000050,DISCBOND,5004,Fama Bliss Discount Bonds - 4-Year (Nominal),1983-06-30,6.5913432532439E+01,D,1.0413565985702E+01
2000050,DISCBOND,5004,Fama Bliss Discount Bonds - 4-Year (Nominal),1983-07-29,6.3349968057984E+01,D,1.1388992573854E+01
2000050,DISCBOND,5004,Fama Bliss Discount Bonds - 4-Year (Nominal),1983-08-31,6.3102584673872E+01,D,1.1502333342568E+01
2000050,DISCBOND,5004,Fama Bliss Discount Bonds - 4-Year (Nominal),1983-09-30,6.4978786356651E+01,D,1.0770356614349E+01
2000050,DISCBOND,5004,Fama Bliss Discount Bonds - 4-Year (Nominal),1983-10-31,6.4255869811034E+01,D,1.1057427686479E+01
2000050,DISCBOND,5004,Fama Bliss Discount Bonds - 4-Year (Nominal),1983-11-30,6.4168372204729E+01,D,1.1083902073347E+01
2000050,DISCBOND,5004,Fama Bliss Discount Bonds - 4-Year (Nominal),1983-12-30,6.3936327960275E+01,D,1.1166764930354E+01
2000050,DISCBOND,5004,Fama Bliss Discount Bonds - 4-Year (Nominal),1984-01-31,6.4586400802427E+01,D,1.0936649209899E+01
2000050,DISCBOND,5004,Fama Bliss Discount Bonds - 4-Year (Nominal),1984-02-29,6.3554459871979E+01,D,1.1324069340695E+01
2000050,DISCBOND,5004,Fama Bliss Discount Bonds - 4-Year (Nominal),1984-03-30,6.2152309088808E+01,D,1.1873290633316E+01
2000050,DISCBOND,5004,Fama Bliss Discount Bonds - 4-Year (Nominal),1984-04-30,6.1763561927788E+01,D,1.2046415205835E+01
2000050,DISCBOND,5004,Fama Bliss Discount Bonds - 4-Year (Nominal),1984-05-31,5.9151916820495E+01,D,1.3117545426048E+01
2000050,DISCBOND,5004,Fama Bliss Discount Bonds - 4-Year (Nominal),1984-06-29,5.8910254475939E+01,D,1.3210778349234E+01
2000050,DISCBOND,5004,Fama Bliss Discount Bonds - 4-Year (Nominal),1984-07-31,6.0912623943829E+01,D,1.2401738567025E+01
2000050,DISCBOND,5004,Fama Bliss Discount Bonds - 4-Year (Nominal),1984-08-31,6.0895226057451E+01,D,1.2391897783886E+01
2000050,DISCBOND,5004,Fama Bliss Discount Bonds - 4-Year (Nominal),1984-09-28,6.1567056374446E+01,D,1.2101215957487E+01
2000050,DISCBOND,5004,Fama Bliss Discount Bonds - 4-Year (Nominal),1984-10-31,6.3830923254549E+01,D,1.1215628879584E+01
2000050,DISCBOND,5004,Fama Bliss Discount Bonds - 4-Year (Nominal),1984-11-30,6.4428135532035E+01,D,1.0982971693318E+01
2000050,DISCBOND,5004,Fama Bliss Discount Bonds - 4-Year (Nominal),1984-12-31,6.5308812274023E+01,D,1.0651080205328E+01
2000050,DISCBOND,5004,Fama Bliss Discount Bonds - 4-Year (Nominal),1985-01-31,6.5559936379180E+01,D,1.0547910705278E+01
2000050,DISCBOND,5004,Fama Bliss Discount Bonds - 4-Year (Nominal),1985-02-28,6.3713662564683E+01,D,1.1261565939243E+01
2000050,DISCBOND,5004,Fama Bliss Discount Bonds - 4-Year (Nominal),1985-03-29,6.4044589721829E+01,D,1.1116922805208E+01
2000050,DISCBOND,5004,Fama Bliss Discount Bonds - 4-Year (Nominal),1985-04-30,6.5148826903067E+01,D,1.0719740066053E+01
2000050,DISCBOND,5004,Fama Bliss Discount Bonds - 4-Year (Nominal),1985-05-31,6.7785742579885E+01,D,9.7138044184393E+00
2000050,DISCBOND,5004,Fama Bliss Discount Bonds - 4-Year (Nominal),1985-06-28,6.7949579576238E+01,D,9.6402970103428E+00
2000050,DISCBOND,5004,Fama Bliss Discount Bonds - 4-Year (Nominal),1985-07-31,6.6997831234373E+01,D,1.0005895292042E+01
2000050,DISCBOND,5004,Fama Bliss Discount Bonds - 4-Year (Nominal),1985-08-30,6.7726529496440E+01,D,9.7289780193210E+00
2000050,DISCBOND,5004,Fama Bliss Discount Bonds - 4-Year (Nominal),1985-09-30,6.7962388367874E+01,D,9.6553936518036E+00
2000050,DISCBOND,5004,Fama Bliss Discount Bonds - 4-Year (Nominal),1985-10-31,6.8910819794000E+01,D,9.3025532008792E+00
2000050,DISCBOND,5004,Fama Bliss Discount Bonds - 4-Year (Nominal),1985-11-29,6.9770233543783E+01,D,8.9867574167288E+00
2000050,DISCBOND,5004,Fama Bliss Discount Bonds - 4-Year (Nominal),1985-12-31,7.1377860717801E+01,D,8.4353390389968E+00
2000050,DISCBOND,5004,Fama Bliss Discount Bonds - 4-Year (Nominal),1986-01-31,7.1267352171940E+01,D,8.4625003889123E+00
2000050,DISCBOND,5004,Fama Bliss Discount Bonds - 4-Year (Nominal),1986-02-28,7.2938725282064E+01,D,7.8833625400615E+00
2000050,DISCBOND,5004,Fama Bliss Discount Bonds - 4-Year (Nominal),1986-03-31,7.4722167136309E+01,D,7.2848347264460E+00
2000050,DISCBOND,5004,Fama Bliss Discount Bonds - 4-Year (Nominal),1986-04-30,7.4757847101012E+01,D,7.2679221674914E+00
2000050,DISCBOND,5004,Fama Bliss Discount Bonds - 4-Year (Nominal),1986-05-30,7.2471588061529E+01,D,8.0383782894555E+00
2000050,DISCBOND,5004,Fama Bliss Discount Bonds - 4-Year (Nominal),1986-06-30,7.4237603626699E+01,D,7.4474844191580E+00
2000050,DISCBOND,5004,Fama Bliss Discount Bonds - 4-Year (Nominal),1986-07-31,7.5050345853175E+01,D,7.1703644438624E+00
2000050,DISCBOND,5004,Fama Bliss Discount Bonds - 4-Year (Nominal),1986-08-29,7.6926754923378E+01,D,6.5444637776516E+00
2000050,DISCBOND,5004,Fama Bliss Discount Bonds - 4-Year (Nominal),1986-09-30,7.5215689141356E+01,D,7.1251392204347E+00
2000050,DISCBOND,5004,Fama Bliss Discount Bonds - 4-Year (Nominal),1986-10-31,7.6224835237301E+01,D,6.7824260221287E+00
2000050,DISCBOND,5004,Fama Bliss Discount Bonds - 4-Year (Nominal),1986-11-28,7.6679232739866E+01,D,6.6248691177627E+00
2000050,DISCBOND,5004,Fama Bliss Discount Bonds - 4-Year (Nominal),1986-12-31,7.6667751449236E+01,D,6.6376792067170E+00
2000050,DISCBOND,5004,Fama Bliss Discount Bonds - 4-Year (Nominal),1987-01-30,7.6588529297079E+01,D,6.6589498832711E+00
2000050,DISCBOND,5004,Fama Bliss Discount Bonds - 4-Year (Nominal),1987-02-27,7.6628991959845E+01,D,6.6457636265656E+00
2000050,DISCBOND,5004,Fama Bliss Discount Bonds - 4-Year (Nominal),1987-03-31,7.6050877373584E+01,D,6.8535792228526E+00
2000050,DISCBOND,5004,Fama Bliss Discount Bonds - 4-Year (Nominal),1987-04-30,7.3305309825042E+01,D,7.7581149001125E+00
2000050,DISCBOND,5004,Fama Bliss Discount Bonds - 4-Year (Nominal),1987-05-29,7.2535400015616E+01,D,8.0109258931550E+00
2000050,DISCBOND,5004,Fama Bliss Discount Bonds - 4-Year (Nominal),1987-06-30,7.3139159886693E+01,D,7.8255168456139E+00
2000050,DISCBOND,5004,Fama Bliss Discount Bonds - 4-Year (Nominal),1987-07-31,7.2644853984121E+01,D,7.9842223214256E+00
2000050,DISCBOND,5004,Fama Bliss Discount Bonds - 4-Year (Nominal),1987-08-31,7.1788729628292E+01,D,8.2860672805032E+00
2000050,DISCBOND,5004,Fama Bliss Discount Bonds - 4-Year (Nominal),1987-09-30,6.9715896176604E+01,D,9.0123730594247E+00
2000050,DISCBOND,5004,Fama Bliss Discount Bonds - 4-Year (Nominal),1987-10-30,7.1655453793377E+01,D,8.3211241602564E+00
2000050,DISCBOND,5004,Fama Bliss Discount Bonds - 4-Year (Nominal),1987-11-30,7.1836514909101E+01,D,8.2694318753811E+00
2000050,DISCBOND,5004,Fama Bliss Discount Bonds - 4-Year (Nominal),1987-12-31,7.2262500771457E+01,D,8.1160625589912E+00
2000050,DISCBOND,5004,Fama Bliss Discount Bonds - 4-Year (Nominal),1988-01-29,7.3803606499563E+01,D,7.5784924489819E+00
2000050,DISCBOND,5004,Fama Bliss Discount Bonds - 4-Year (Nominal),1988-02-29,7.4338205181102E+01,D,7.4136291197708E+00
2000050,DISCBOND,5004,Fama Bliss Discount Bonds - 4-Year (Nominal),1988-03-31,7.3231046670184E+01,D,7.7834370571195E+00
2000050,DISCBOND,5004,Fama Bliss Discount Bonds - 4-Year (Nominal),1988-04-29,7.2226253558163E+01,D,8.1230371624474E+00
2000050,DISCBOND,5004,Fama Bliss Discount Bonds - 4-Year (Nominal),1988-05-31,7.1137202150893E+01,D,8.5198296714969E+00
2000050,DISCBOND,5004,Fama Bliss Discount Bonds - 4-Year (Nominal),1988-06-30,7.2071993790100E+01,D,8.1820123868080E+00
2000050,DISCBOND,5004,Fama Bliss Discount Bonds - 4-Year (Nominal),1988-07-29,7.1105215878174E+01,D,8.5077556338838E+00
2000050,DISCBOND,5004,Fama Bliss Discount Bonds - 4-Year (Nominal),1988-08-31,7.0463726976860E+01,D,8.7458129033370E+00
2000050,DISCBOND,5004,Fama Bliss Discount Bonds - 4-Year (Nominal),1988-09-30,7.1420516468146E+01,D,8.4088660033614E+00
2000050,DISCBOND,5004,Fama Bliss Discount Bonds - 4-Year (Nominal),1988-10-31,7.2093927038243E+01,D,8.1800093737518E+00
2000050,DISCBOND,5004,Fama Bliss Discount Bonds - 4-Year (Nominal),1988-11-30,7.0508196807272E+01,D,8.7300511141255E+00
2000050,DISCBOND,5004,Fama Bliss Discount Bonds - 4-Year (Nominal),1988-12-30,6.9758272754016E+01,D,8.9910376989154E+00
2000050,DISCBOND,5004,Fama Bliss Discount Bonds - 4-Year (Nominal),1989-01-31,7.0114477540427E+01,D,8.8821062572923E+00
2000050,DISCBOND,5004,Fama Bliss Discount Bonds - 4-Year (Nominal),1989-02-28,6.9045776012464E+01,D,9.2663593290232E+00
2000050,DISCBOND,5004,Fama Bliss Discount Bonds - 4-Year (Nominal),1989-03-31,6.8804448326033E+01,D,9.3411468461790E+00
2000050,DISCBOND,5004,Fama Bliss Discount Bonds - 4-Year (Nominal),1989-04-28,6.9821800498850E+01,D,8.9621820021681E+00
2000050,DISCBOND,5004,Fama Bliss Discount Bonds - 4-Year (Nominal),1989-05-31,7.0948941098176E+01,D,8.5920125510488E+00
2000050,DISCBOND,5004,Fama Bliss Discount Bonds - 4-Year (Nominal),1989-06-30,7.3016574825945E+01,D,7.8567118230787E+00
2000050,DISCBOND,5004,Fama Bliss Discount Bonds - 4-Year (Nominal),1989-07-31,7.4268641375590E+01,D,7.4370344379660E+00
2000050,DISCBOND,5004,Fama Bliss Discount Bonds - 4-Year (Nominal),1989-08-31,7.2117188635093E+01,D,8.1663510478135E+00
2000050,DISCBOND,5004,Fama Bliss Discount Bonds - 4-Year (Nominal),1989-09-29,7.1838538551451E+01,D,8.2574161273006E+00
2000050,DISCBOND,5004,Fama Bliss Discount Bonds - 4-Year (Nominal),1989-10-31,7.3288626066162E+01,D,7.7744443382528E+00
2000050,DISCBOND,5004,Fama Bliss Discount Bonds - 4-Year (Nominal),1989-11-30,7.3527832662431E+01,D,7.6823926550189E+00
2000050,DISCBOND,5004,Fama Bliss Discount Bonds - 4-Year (Nominal),1989-12-29,7.3181323375144E+01,D,7.7897422671795E+00
2000050,DISCBOND,5004,Fama Bliss Discount Bonds - 4-Year (Nominal),1990-01-31,7.1977943199381E+01,D,8.2146351820825E+00
2000050,DISCBOND,5004,Fama Bliss Discount Bonds - 4-Year (Nominal),1990-02-28,7.1572702665972E+01,D,8.3556879247691E+00
2000050,DISCBOND,5004,Fama Bliss Discount Bonds - 4-Year (Nominal),1990-03-30,7.1038020741935E+01,D,8.5371789804546E+00
2000050,DISCBOND,5004,Fama Bliss Discount Bonds - 4-Year (Nominal),1990-04-30,7.0046929716793E+01,D,8.9001186011811E+00
2000050,DISCBOND,5004,Fama Bliss Discount Bonds - 4-Year (Nominal),1990-05-31,7.1286517354520E+01,D,8.4557829054308E+00
2000050,DISCBOND,5004,Fama Bliss Discount Bonds - 4-Year (Nominal),1990-06-29,7.1946347775433E+01,D,8.2199776435432E+00
2000050,DISCBOND,5004,Fama Bliss Discount Bonds - 4-Year (Nominal),1990-07-31,7.2772711696655E+01,D,7.9511749364144E+00
2000050,DISCBOND,5004,Fama Bliss Discount Bonds - 4-Year (Nominal),1990-08-31,7.1663709782978E+01,D,8.3239415137952E+00
2000050,DISCBOND,5004,Fama Bliss Discount Bonds - 4-Year (Nominal),1990-09-28,7.1828250190626E+01,D,8.2553452473396E+00
2000050,DISCBOND,5004,Fama Bliss Discount Bonds - 4-Year (Nominal),1990-10-31,7.2532094571281E+01,D,8.0230309131313E+00
2000050,DISCBOND,5004,Fama Bliss Discount Bonds - 4-Year (Nominal),1990-11-30,7.3311196891291E+01,D,7.7561086332060E+00
2000050,DISCBOND,5004,Fama Bliss Discount Bonds - 4-Year (Nominal),1990-12-31,7.4171995130584E+01,D,7.4695882793322E+00
2000050,DISCBOND,5004,Fama Bliss Discount Bonds - 4-Year (Nominal),1991-01-31,7.4259038081749E+01,D,7.4351748501210E+00
2000050,DISCBOND,5004,Fama Bliss Discount Bonds - 4-Year (Nominal),1991-02-28,7.4221887868590E+01,D,7.4476763841056E+00
2000050,DISCBOND,5004,Fama Bliss Discount Bonds - 4-Year (Nominal),1991-03-28,7.3917117566427E+01,D,7.5350001735039E+00
2000050,DISCBOND,5004,Fama Bliss Discount Bonds - 4-Year (Nominal),1991-04-30,7.4344705911664E+01,D,7.4165232132036E+00
2000050,DISCBOND,5004,Fama Bliss Discount Bonds - 4-Year (Nominal),1991-05-31,7.4218763140113E+01,D,7.4487281814962E+00
2000050,DISCBOND,5004,Fama Bliss Discount Bonds - 4-Year (Nominal),1991-06-28,7.3512866091752E+01,D,7.6769690800589E+00
2000050,DISCBOND,5004,Fama Bliss Discount Bonds - 4-Year (Nominal),1991-07-31,7.4025921157822E+01,D,7.5137254875078E+00
2000050,DISCBOND,5004,Fama Bliss Discount Bonds - 4-Year (Nominal),1991-08-30,7.5270699336451E+01,D,7.0922657364436E+00
2000050,DISCBOND,5004,Fama Bliss Discount Bonds - 4-Year (Nominal),1991-09-30,7.6415608926557E+01,D,6.7245801340420E+00
2000050,DISCBOND,5004,Fama Bliss Discount Bonds - 4-Year (Nominal),1991-10-31,7.7034190040370E+01,D,6.5185562873523E+00
2000050,DISCBOND,5004,Fama Bliss Discount Bonds - 4-Year (Nominal),1991-11-29,7.7527939581931E+01,D,6.3545901966717E+00
2000050,DISCBOND,5004,Fama Bliss Discount Bonds - 4-Year (Nominal),1991-12-31,7.9342905697991E+01,D,5.7887439014393E+00
2000050,DISCBOND,5004,Fama Bliss Discount Bonds - 4-Year (Nominal),1992-01-31,7.7877910661374E+01,D,6.2464176106395E+00
2000050,DISCBOND,5004,Fama Bliss Discount Bonds - 4-Year (Nominal),1992-02-28,7.7489374861352E+01,D,6.3670120237129E+00
2000050,DISCBOND,5004,Fama Bliss Discount Bonds - 4-Year (Nominal),1992-03-31,7.6366779663672E+01,D,6.7451804783122E+00
2000050,DISCBOND,5004,Fama Bliss Discount Bonds - 4-Year (Nominal),1992-04-30,7.6761647457194E+01,D,6.6071010534608E+00
2000050,DISCBOND,5004,Fama Bliss Discount Bonds - 4-Year (Nominal),1992-05-29,7.7670834845626E+01,D,6.3043048389350E+00
2000050,DISCBOND,5004,Fama Bliss Discount Bonds - 4-Year (Nominal),1992-06-30,7.8691126971540E+01,D,5.9951010947287E+00
2000050,DISCBOND,5004,Fama Bliss Discount Bonds - 4-Year (Nominal),1992-07-31,8.0044753010399E+01,D,5.5607987367986E+00
2000050,DISCBOND,5004,Fama Bliss Discount Bonds - 4-Year (Nominal),1992-08-31,8.0766843723470E+01,D,5.3400913658670E+00
2000050,DISCBOND,5004,Fama Bliss Discount Bonds - 4-Year (Nominal),1992-09-30,8.1939240130504E+01,D,4.9763963067799E+00
2000050,DISCBOND,5004,Fama Bliss Discount Bonds - 4-Year (Nominal),1992-10-30,7.9726332589705E+01,D,5.6565078353949E+00
2000050,DISCBOND,5004,Fama Bliss Discount Bonds - 4-Year (Nominal),1992-11-30,7.8767553629324E+01,D,5.9667257473018E+00
2000050,DISCBOND,5004,Fama Bliss Discount Bonds - 4-Year (Nominal),1992-12-31,7.9660933437024E+01,D,5.6808813771981E+00
2000050,DISCBOND,5004,Fama Bliss Discount Bonds - 4-Year (Nominal),1993-01-29,8.1084994333187E+01,D,5.2310579809517E+00
2000050,DISCBOND,5004,Fama Bliss Discount Bonds - 4-Year (Nominal),1993-02-26,8.2029760179365E+01,D,4.9420470095626E+00
2000050,DISCBOND,5004,Fama Bliss Discount Bonds - 4-Year (Nominal),1993-03-31,8.1996863291969E+01,D,4.9588334505724E+00
2000050,DISCBOND,5004,Fama Bliss Discount Bonds - 4-Year (Nominal),1993-04-30,8.2396785460437E+01,D,4.8372809340658E+00
2000050,DISCBOND,5004,Fama Bliss Discount Bonds - 4-Year (Nominal),1993-05-28,8.1610114279238E+01,D,5.0700067451248E+00
2000050,DISCBOND,5004,Fama Bliss Discount Bonds - 4-Year (Nominal),1993-06-30,8.2696287902183E+01,D,4.7466357687360E+00
2000050,DISCBOND,5004,Fama Bliss Discount Bonds - 4-Year (Nominal),1993-07-30,8.2407179917420E+01,D,4.8308228969256E+00
2000050,DISCBOND,5004,Fama Bliss Discount Bonds - 4-Year (Nominal),1993-08-31,8.3562286031185E+01,D,4.4925245998124E+00
2000050,DISCBOND,5004,Fama Bliss Discount Bonds - 4-Year (Nominal),1993-09-30,8.3364856312946E+01,D,4.5454705808469E+00
2000050,DISCBOND,5004,Fama Bliss Discount Bonds - 4-Year (Nominal),1993-10-29,8.3179689060866E+01,D,4.5947335235255E+00
2000050,DISCBOND,5004,Fama Bliss Discount Bonds - 4-Year (Nominal),1993-11-30,8.2193520652389E+01,D,4.9057031079230E+00
2000050,DISCBOND,5004,Fama Bliss Discount Bonds - 4-Year (Nominal),1993-12-31,8.2051531058368E+01,D,4.9421827689781E+00
2000050,DISCBOND,5004,Fama Bliss Discount Bonds - 4-Year (Nominal),1994-01-31,8.2719379692654E+01,D,4.7429068533999E+00
2000050,DISCBOND,5004,Fama Bliss Discount Bonds - 4-Year (Nominal),1994-02-28,8.0744636422468E+01,D,5.3469662026037E+00
2000050,DISCBOND,5004,Fama Bliss Discount Bonds - 4-Year (Nominal),1994-03-31,7.8713018531174E+01,D,5.9799448958066E+00
2000050,DISCBOND,5004,Fama Bliss Discount Bonds - 4-Year (Nominal),1994-04-29,7.7324128434917E+01,D,6.4203085484863E+00
2000050,DISCBOND,5004,Fama Bliss Discount Bonds - 4-Year (Nominal),1994-05-31,7.6950331440396E+01,D,6.5547403539195E+00
2000050,DISCBOND,5004,Fama Bliss Discount Bonds - 4-Year (Nominal),1994-06-30,7.6372675509916E+01,D,6.7340179156336E+00
2000050,DISCBOND,5004,Fama Bliss Discount Bonds - 4-Year (Nominal),1994-07-29,7.7095346996961E+01,D,6.4898461521996E+00
2000050,DISCBOND,5004,Fama Bliss Discount Bonds - 4-Year (Nominal),1994-08-31,7.6848528380193E+01,D,6.5788407292364E+00
2000050,DISCBOND,5004,Fama Bliss Discount Bonds - 4-Year (Nominal),1994-09-30,7.5444230683041E+01,D,7.0395902501635E+00
2000050,DISCBOND,5004,Fama Bliss Discount Bonds - 4-Year (Nominal),1994-10-31,7.4849787197661E+01,D,7.2421729544279E+00
2000050,DISCBOND,5004,Fama Bliss Discount Bonds - 4-Year (Nominal),1994-11-30,7.3731655466882E+01,D,7.6132346562375E+00
2000050,DISCBOND,5004,Fama Bliss Discount Bonds - 4-Year (Nominal),1994-12-30,7.3474263515585E+01,D,7.6953334028864E+00
2000050,DISCBOND,5004,Fama Bliss Discount Bonds - 4-Year (Nominal),1995-01-31,7.4433961686886E+01,D,7.3865064883414E+00
2000050,DISCBOND,5004,Fama Bliss Discount Bonds - 4-Year (Nominal),1995-02-28,7.5893380958564E+01,D,6.9007447186224E+00
2000050,DISCBOND,5004,Fama Bliss Discount Bonds - 4-Year (Nominal),1995-03-31,7.5813566065397E+01,D,6.9175855218627E+00
2000050,DISCBOND,5004,Fama Bliss Discount Bonds - 4-Year (Nominal),1995-04-28,7.6357344983662E+01,D,6.7298205543896E+00
2000050,DISCBOND,5004,Fama Bliss Discount Bonds - 4-Year (Nominal),1995-05-31,7.8830689564980E+01,D,5.9548524137228E+00
2000050,DISCBOND,5004,Fama Bliss Discount Bonds - 4-Year (Nominal),1995-06-30,7.8964086829377E+01,D,5.9003846234227E+00
2000050,DISCBOND,5004,Fama Bliss Discount Bonds - 4-Year (Nominal),1995-07-31,7.8417255783851E+01,D,6.0781545891552E+00
2000050,DISCBOND,5004,Fama Bliss Discount Bonds - 4-Year (Nominal),1995-08-31,7.8732535792641E+01,D,5.9737510393802E+00
2000050,DISCBOND,5004,Fama Bliss Discount Bonds - 4-Year (Nominal),1995-09-29,7.8891574190154E+01,D,5.9192852779231E+00
2000050,DISCBOND,5004,Fama Bliss Discount Bonds - 4-Year (Nominal),1995-10-31,7.9524117337619E+01,D,5.7316722930766E+00
2000050,DISCBOND,5004,Fama Bliss Discount Bonds - 4-Year (Nominal),1995-11-30,8.0386695394403E+01,D,5.4543018916500E+00
2000050,DISCBOND,5004,Fama Bliss Discount Bonds - 4-Year (Nominal),1995-12-29,8.0894727810812E+01,D,5.2896691610217E+00
2000050,DISCBOND,5004,Fama Bliss Discount Bonds - 4-Year (Nominal),1996-01-31,8.1412644604624E+01,D,5.1374709483546E+00
2000050,DISCBOND,5004,Fama Bliss Discount Bonds - 4-Year (Nominal),1996-02-29,7.9837781235665E+01,D,5.6254806707743E+00
2000050,DISCBOND,5004,Fama Bliss Discount Bonds - 4-Year (Nominal),1996-03-29,7.8593021178485E+01,D,6.0098330318400E+00
2000050,DISCBOND,5004,Fama Bliss Discount Bonds - 4-Year (Nominal),1996-04-30,7.7802429706748E+01,D,6.2792393059569E+00
2000050,DISCBOND,5004,Fama Bliss Discount Bonds - 4-Year (Nominal),1996-05-31,7.7073335567164E+01,D,6.5058642612131E+00
2000050,DISCBOND,5004,Fama Bliss Discount Bonds - 4-Year (Nominal),1996-06-28,7.7580265442181E+01,D,6.3334137128335E+00
2000050,DISCBOND,5004,Fama Bliss Discount Bonds - 4-Year (Nominal),1996-07-31,7.7309222575018E+01,D,6.4295195809601E+00
2000050,DISCBOND,5004,Fama Bliss Discount Bonds - 4-Year (Nominal),1996-08-30,7.6820541542576E+01,D,6.5834344553604E+00
2000050,DISCBOND,5004,Fama Bliss Discount Bonds - 4-Year (Nominal),1996-09-30,7.7611632469322E+01,D,6.3363216769515E+00
2000050,DISCBOND,5004,Fama Bliss Discount Bonds - 4-Year (Nominal),1996-10-31,7.8763740872593E+01,D,5.9638512109488E+00
2000050,DISCBOND,5004,Fama Bliss Discount Bonds - 4-Year (Nominal),1996-11-29,7.9569305350630E+01,D,5.7057284169497E+00
2000050,DISCBOND,5004,Fama Bliss Discount Bonds - 4-Year (Nominal),1996-12-31,7.8435181572437E+01,D,6.0766027435141E+00
2000050,DISCBOND,5004,Fama Bliss Discount Bonds - 4-Year (Nominal),1997-01-31,7.8395277787264E+01,D,6.0809973894521E+00
2000050,DISCBOND,5004,Fama Bliss Discount Bonds - 4-Year (Nominal),1997-02-28,7.7871378325005E+01,D,6.2485132431210E+00
2000050,DISCBOND,5004,Fama Bliss Discount Bonds - 4-Year (Nominal),1997-03-31,7.6691538710032E+01,D,6.6344700097051E+00
2000050,DISCBOND,5004,Fama Bliss Discount Bonds - 4-Year (Nominal),1997-04-30,7.7268363570445E+01,D,6.4427268773735E+00
2000050,DISCBOND,5004,Fama Bliss Discount Bonds - 4-Year (Nominal),1997-05-30,7.7446513938065E+01,D,6.3808249277334E+00
2000050,DISCBOND,5004,Fama Bliss Discount Bonds - 4-Year (Nominal),1997-06-30,7.7806201667746E+01,D,6.2737261256906E+00
2000050,DISCBOND,5004,Fama Bliss Discount Bonds - 4-Year (Nominal),1997-07-31,7.9321765553009E+01,D,5.7874767049440E+00
2000050,DISCBOND,5004,Fama Bliss Discount Bonds - 4-Year (Nominal),1997-08-29,7.8268494215827E+01,D,6.1130648398051E+00
2000050,DISCBOND,5004,Fama Bliss Discount Bonds - 4-Year (Nominal),1997-09-30,7.8946757596796E+01,D,5.9139638500007E+00
2000050,DISCBOND,5004,Fama Bliss Discount Bonds - 4-Year (Nominal),1997-10-31,7.9715058852007E+01,D,5.6639125819990E+00
2000050,DISCBOND,5004,Fama Bliss Discount Bonds - 4-Year (Nominal),1997-11-28,7.9231406445845E+01,D,5.8080012583053E+00
2000050,DISCBOND,5004,Fama Bliss Discount Bonds - 4-Year (Nominal),1997-12-31,7.9766833877624E+01,D,5.6476914331136E+00
2000050,DISCBOND,5004,Fama Bliss Discount Bonds - 4-Year (Nominal),1998-01-30,8.0682586100747E+01,D,5.3588446226350E+00
2000050,DISCBOND,5004,Fama Bliss Discount Bonds - 4-Year (Nominal),1998-02-27,8.0068104132582E+01,D,5.5497129645716E+00
2000050,DISCBOND,5004,Fama Bliss Discount Bonds - 4-Year (Nominal),1998-03-31,7.9969317194478E+01,D,5.5958445346863E+00
2000050,DISCBOND,5004,Fama Bliss Discount Bonds - 4-Year (Nominal),1998-04-30,7.9937222416847E+01,D,5.5943828362552E+00
2000050,DISCBOND,5004,Fama Bliss Discount Bonds - 4-Year (Nominal),1998-05-29,8.0024163065640E+01,D,5.5596151117036E+00
2000050,DISCBOND,5004,Fama Bliss Discount Bonds - 4-Year (Nominal),1998-06-30,8.0328389505537E+01,D,5.4799307764060E+00
2000050,DISCBOND,5004,Fama Bliss Discount Bonds - 4-Year (Nominal),1998-07-31,8.0272699817862E+01,D,5.4897550229030E+00
2000050,DISCBOND,5004,Fama Bliss Discount Bonds - 4-Year (Nominal),1998-08-31,8.2198989633312E+01,D,4.9006793891764E+00
2000050,DISCBOND,5004,Fama Bliss Discount Bonds - 4-Year (Nominal),1998-09-30,8.4169710664504E+01,D,4.3054276812937E+00
2000050,DISCBOND,5004,Fama Bliss Discount Bonds - 4-Year (Nominal),1998-10-30,8.3992648823662E+01,D,4.3550568056815E+00
2000050,DISCBOND,5004,Fama Bliss Discount Bonds - 4-Year (Nominal),1998-11-30,8.3065285157650E+01,D,4.6385829802415E+00
2000050,DISCBOND,5004,Fama Bliss Discount Bonds - 4-Year (Nominal),1998-12-31,8.2999295683010E+01,D,4.6552631681130E+00
2000050,DISCBOND,5004,Fama Bliss Discount Bonds - 4-Year (Nominal),1999-01-29,8.3176694480452E+01,D,4.5956317276483E+00
2000050,DISCBOND,5004,Fama Bliss Discount Bonds - 4-Year (Nominal),1999-02-26,8.0920745270252E+01,D,5.2816464088324E+00
2000050,DISCBOND,5004,Fama Bliss Discount Bonds - 4-Year (Nominal),1999-03-31,8.1377008747766E+01,D,5.1484088261872E+00
2000050,DISCBOND,5004,Fama Bliss Discount Bonds - 4-Year (Nominal),1999-04-30,8.1183070281287E+01,D,5.2080193468992E+00
2000050,DISCBOND,5004,Fama Bliss Discount Bonds - 4-Year (Nominal),1999-05-28,7.9876368211838E+01,D,5.6057349806190E+00
2000050,DISCBOND,5004,Fama Bliss Discount Bonds - 4-Year (Nominal),1999-06-30,7.9810940692476E+01,D,5.6338810426571E+00
2000050,DISCBOND,5004,Fama Bliss Discount Bonds - 4-Year (Nominal),1999-07-30,7.9206823555881E+01,D,5.8197211676347E+00
2000050,DISCBOND,5004,Fama Bliss Discount Bonds - 4-Year (Nominal),1999-08-31,7.8915385772163E+01,D,5.9239071233851E+00
2000050,DISCBOND,5004,Fama Bliss Discount Bonds - 4-Year (Nominal),1999-09-30,7.9271258419614E+01,D,5.8033893109113E+00
2000050,DISCBOND,5004,Fama Bliss Discount Bonds - 4-Year (Nominal),1999-10-29,7.8654450739361E+01,D,5.9903403185061E+00
2000050,DISCBOND,5004,Fama Bliss Discount Bonds - 4-Year (Nominal),1999-11-30,7.8402929736938E+01,D,6.0868916786508E+00
2000050,DISCBOND,5004,Fama Bliss Discount Bonds - 4-Year (Nominal),1999-12-31,7.7722665648270E+01,D,6.2962692282691E+00
2000050,DISCBOND,5004,Fama Bliss Discount Bonds - 4-Year (Nominal),2000-01-31,7.6961889876644E+01,D,6.5464955830739E+00
2000050,DISCBOND,5004,Fama Bliss Discount Bonds - 4-Year (Nominal),2000-02-29,7.7168314065625E+01,D,6.4839727362493E+00
2000050,DISCBOND,5004,Fama Bliss Discount Bonds - 4-Year (Nominal),2000-03-31,7.7839408280399E+01,D,6.2587720582517E+00
2000050,DISCBOND,5004,Fama Bliss Discount Bonds - 4-Year (Nominal),2000-04-28,7.7125550205758E+01,D,6.4800740410021E+00
2000050,DISCBOND,5004,Fama Bliss Discount Bonds - 4-Year (Nominal),2000-05-31,7.7073746613715E+01,D,6.5191171484617E+00
2000050,DISCBOND,5004,Fama Bliss Discount Bonds - 4-Year (Nominal),2000-06-30,7.8005637605564E+01,D,6.2054769364224E+00
2000050,DISCBOND,5004,Fama Bliss Discount Bonds - 4-Year (Nominal),2000-07-31,7.8121240523748E+01,D,6.1727050096356E+00
2000050,DISCBOND,5004,Fama Bliss Discount Bonds - 4-Year (Nominal),2000-08-31,7.8791355487567E+01,D,5.9550937301238E+00
2000050,DISCBOND,5004,Fama Bliss Discount Bonds - 4-Year (Nominal),2000-09-29,7.9218512351678E+01,D,5.8160371591271E+00
2000050,DISCBOND,5004,Fama Bliss Discount Bonds - 4-Year (Nominal),2000-10-31,7.9412480341637E+01,D,5.7668163498719E+00
2000050,DISCBOND,5004,Fama Bliss Discount Bonds - 4-Year (Nominal),2000-11-30,8.0302680443134E+01,D,5.4804260380898E+00
2000050,DISCBOND,5004,Fama Bliss Discount Bonds - 4-Year (Nominal),2000-12-29,8.1692216615461E+01,D,5.0449201510192E+00
2000050,DISCBOND,5004,Fama Bliss Discount Bonds - 4-Year (Nominal),2001-01-31,8.2486748321147E+01,D,4.8100188741811E+00
2000050,DISCBOND,5004,Fama Bliss Discount Bonds - 4-Year (Nominal),2001-02-28,8.3018250447293E+01,D,4.6495584123794E+00
2000050,DISCBOND,5004,Fama Bliss Discount Bonds - 4-Year (Nominal),2001-03-30,8.3381970850153E+01,D,4.5372365417027E+00
2000050,DISCBOND,5004,Fama Bliss Discount Bonds - 4-Year (Nominal),2001-04-30,8.2447178923807E+01,D,4.8253088291883E+00
2000050,DISCBOND,5004,Fama Bliss Discount Bonds - 4-Year (Nominal),2001-05-31,8.2313595537271E+01,D,4.8625170458424E+00
2000050,DISCBOND,5004,Fama Bliss Discount Bonds - 4-Year (Nominal),2001-06-29,8.2121983069180E+01,D,4.9173750263391E+00
2000050,DISCBOND,5004,Fama Bliss Discount Bonds - 4-Year (Nominal),2001-07-31,8.3555833087263E+01,D,4.4944565767733E+00
2000050,DISCBOND,5004,Fama Bliss Discount Bonds - 4-Year (Nominal),2001-08-31,8.4118015188029E+01,D,4.3207764226766E+00
2000050,DISCBOND,5004,Fama Bliss Discount Bonds - 4-Year (Nominal),2001-09-28,8.6002851528093E+01,D,3.7620131695549E+00
2000050,DISCBOND,5004,Fama Bliss Discount Bonds - 4-Year (Nominal),2001-10-31,8.7416480325404E+01,D,3.3598577791196E+00
2000050,DISCBOND,5004,Fama Bliss Discount Bonds - 4-Year (Nominal),2001-11-30,8.5510693029577E+01,D,3.9105404657696E+00
2000050,DISCBOND,5004,Fama Bliss Discount Bonds - 4-Year (Nominal),2001-12-31,8.4442818342388E+01,D,4.2273896675267E+00
2000050,DISCBOND,5004,Fama Bliss Discount Bonds - 4-Year (Nominal),2002-01-31,8.4384489739420E+01,D,4.2417590847387E+00
2000050,DISCBOND,5004,Fama Bliss Discount Bonds - 4-Year (Nominal),2002-02-28,8.4946955636736E+01,D,4.0757878473517E+00
2000050,DISCBOND,5004,Fama Bliss Discount Bonds - 4-Year (Nominal),2002-03-28,8.2737238665033E+01,D,4.7245660720124E+00
2000050,DISCBOND,5004,Fama Bliss Discount Bonds - 4-Year (Nominal),2002-04-30,8.4227658826603E+01,D,4.2941121239684E+00
2000050,DISCBOND,5004,Fama Bliss Discount Bonds - 4-Year (Nominal),2002-05-31,8.4799654701453E+01,D,4.1191466376291E+00
2000050,DISCBOND,5004,Fama Bliss Discount Bonds - 4-Year (Nominal),2002-06-28,8.5662192219667E+01,D,3.8610319326576E+00
2000050,DISCBOND,5004,Fama Bliss Discount Bonds - 4-Year (Nominal),2002-07-31,8.7660284931530E+01,D,3.2902774742746E+00
2000050,DISCBOND,5004,Fama Bliss Discount Bonds - 4-Year (Nominal),2002-08-30,8.8723012255326E+01,D,2.9871802593062E+00
2000050,DISCBOND,5004,Fama Bliss Discount Bonds - 4-Year (Nominal),2002-09-30,9.0867650902741E+01,D,2.3941530950211E+00
2000050,DISCBOND,5004,Fama Bliss Discount Bonds - 4-Year (Nominal),2002-10-31,9.0369784909925E+01,D,2.5297726407129E+00
2000050,DISCBOND,5004,Fama Bliss Discount Bonds - 4-Year (Nominal),2002-11-29,8.8574069530041E+01,D,3.0291265246320E+00
2000050,DISCBOND,5004,Fama Bliss Discount Bonds - 4-Year (Nominal),2002-12-31,9.0628088588692E+01,D,2.4618361284718E+00
2000050,DISCBOND,5004,Fama Bliss Discount Bonds - 4-Year (Nominal),2003-01-31,8.9841516477992E+01,D,2.6762419164632E+00
2000050,DISCBOND,5004,Fama Bliss Discount Bonds - 4-Year (Nominal),2003-02-28,9.0948003774857E+01,D,2.3704322164559E+00
2000050,DISCBOND,5004,Fama Bliss Discount Bonds - 4-Year (Nominal),2003-03-31,9.0682561082578E+01,D,2.4451279416669E+00
2000050,DISCBOND,5004,Fama Bliss Discount Bonds - 4-Year (Nominal),2003-04-30,9.0576982104648E+01,D,2.4725581696947E+00
2000050,DISCBOND,5004,Fama Bliss Discount Bonds - 4-Year (Nominal),2003-05-30,9.2307952333340E+01,D,1.9982599316710E+00
2000050,DISCBOND,5004,Fama Bliss Discount Bonds - 4-Year (Nominal),2003-06-30,9.1890321678849E+01,D,2.1143618946645E+00
2000050,DISCBOND,5004,Fama Bliss Discount Bonds - 4-Year (Nominal),2003-07-31,8.9083280689235E+01,D,2.8879848860204E+00
2000050,DISCBOND,5004,Fama Bliss Discount Bonds - 4-Year (Nominal),2003-08-29,8.8351318618621E+01,D,3.0898775038890E+00
2000050,DISCBOND,5004,Fama Bliss Discount Bonds - 4-Year (Nominal),2003-09-30,9.0683111573394E+01,D,2.4466520962566E+00
2000050,DISCBOND,5004,Fama Bliss Discount Bonds - 4-Year (Nominal),2003-10-31,8.9164637836522E+01,D,2.8651791586076E+00
2000050,DISCBOND,5004,Fama Bliss Discount Bonds - 4-Year (Nominal),2003-11-28,8.8660465119976E+01,D,3.0027327728115E+00
2000050,DISCBOND,5004,Fama Bliss Discount Bonds - 4-Year (Nominal),2003-12-31,8.9248800168146E+01,D,2.8416089794984E+00
2000050,DISCBOND,5004,Fama Bliss Discount Bonds - 4-Year (Nominal),2004-01-30,8.9427164796260E+01,D,2.7898206653970E+00
2000050,DISCBOND,5004,Fama Bliss Discount Bonds - 4-Year (Nominal),2004-02-27,9.0153509492719E+01,D,2.5860938052468E+00
2000050,DISCBOND,5004,Fama Bliss Discount Bonds - 4-Year (Nominal),2004-03-31,9.0696152432590E+01,D,2.4397102850794E+00
2000050,DISCBOND,5004,Fama Bliss Discount Bonds - 4-Year (Nominal),2004-04-30,8.7554217836850E+01,D,3.3205245455431E+00
2000050,DISCBOND,5004,Fama Bliss Discount Bonds - 4-Year (Nominal),2004-05-28,8.6796039910127E+01,D,3.5329701936765E+00
2000050,DISCBOND,5004,Fama Bliss Discount Bonds - 4-Year (Nominal),2004-06-30,8.6914560559244E+01,D,3.5037155842177E+00
2000050,DISCBOND,5004,Fama Bliss Discount Bonds - 4-Year (Nominal),2004-07-30,8.7149206148973E+01,D,3.4340089650269E+00
2000050,DISCBOND,5004,Fama Bliss Discount Bonds - 4-Year (Nominal),2004-08-31,8.8496676570169E+01,D,3.0572238380479E+00
2000050,DISCBOND,5004,Fama Bliss Discount Bonds - 4-Year (Nominal),2004-09-30,8.8133863322477E+01,D,3.1556724818889E+00
2000050,DISCBOND,5004,Fama Bliss Discount Bonds - 4-Year (Nominal),2004-10-29,8.8427244274331E+01,D,3.0684467467868E+00
2000050,DISCBOND,5004,Fama Bliss Discount Bonds - 4-Year (Nominal),2004-11-30,8.6975792522490E+01,D,3.4909000332678E+00
2000050,DISCBOND,5004,Fama Bliss Discount Bonds - 4-Year (Nominal),2004-12-31,8.7092511652611E+01,D,3.4526172707325E+00
2000050,DISCBOND,5004,Fama Bliss Discount Bonds - 4-Year (Nominal),2005-01-31,8.6761719621153E+01,D,3.5501169947100E+00
2000050,DISCBOND,5004,Fama Bliss Discount Bonds - 4-Year (Nominal),2005-02-28,8.5619850321283E+01,D,3.8813258361878E+00
2000050,DISCBOND,5004,Fama Bliss Discount Bonds - 4-Year (Nominal),2005-03-31,8.5061760642464E+01,D,4.0420465049887E+00
2000050,DISCBOND,5004,Fama Bliss Discount Bonds - 4-Year (Nominal),2005-04-29,8.5918211603716E+01,D,3.7891686217028E+00
2000050,DISCBOND,5004,Fama Bliss Discount Bonds - 4-Year (Nominal),2005-05-31,8.6420553275201E+01,D,3.6511172899910E+00
2000050,DISCBOND,5004,Fama Bliss Discount Bonds - 4-Year (Nominal),2005-06-30,8.6385600464787E+01,D,3.6562254524620E+00
2000050,DISCBOND,5004,Fama Bliss Discount Bonds - 4-Year (Nominal),2005-07-29,8.4878962779333E+01,D,4.0901932932220E+00
2000050,DISCBOND,5004,Fama Bliss Discount Bonds - 4-Year (Nominal),2005-08-31,8.5879985934035E+01,D,3.8028797928218E+00
2000050,DISCBOND,5004,Fama Bliss Discount Bonds - 4-Year (Nominal),2005-09-30,8.4669852460893E+01,D,4.1574170693530E+00
2000050,DISCBOND,5004,Fama Bliss Discount Bonds - 4-Year (Nominal),2005-10-31,8.3850069473075E+01,D,4.4034967294816E+00
2000050,DISCBOND,5004,Fama Bliss Discount Bonds - 4-Year (Nominal),2005-11-30,8.3979396684594E+01,D,4.3619798110050E+00
2000050,DISCBOND,5004,Fama Bliss Discount Bonds - 4-Year (Nominal),2005-12-30,8.4137578946105E+01,D,4.3120152010269E+00
2000050,DISCBOND,5004,Fama Bliss Discount Bonds - 4-Year (Nominal),2006-01-31,8.3701968741923E+01,D,4.4507408698064E+00
2000050,DISCBOND,5004,Fama Bliss Discount Bonds - 4-Year (Nominal),2006-02-28,8.3243989929290E+01,D,4.5879990247998E+00
2000050,DISCBOND,5004,Fama Bliss Discount Bonds - 4-Year (Nominal),2006-03-31,8.2637740077359E+01,D,4.7643295718516E+00
2000050,DISCBOND,5004,Fama Bliss Discount Bonds - 4-Year (Nominal),2006-04-28,8.2380033319419E+01,D,4.8357408708322E+00
2000050,DISCBOND,5004,Fama Bliss Discount Bonds - 4-Year (Nominal),2006-05-31,8.2037735678938E+01,D,4.9565611400588E+00
2000050,DISCBOND,5004,Fama Bliss Discount Bonds - 4-Year (Nominal),2006-06-30,8.1805903497690E+01,D,5.0170831321624E+00
2000050,DISCBOND,5004,Fama Bliss Discount Bonds - 4-Year (Nominal),2006-07-31,8.2483122381328E+01,D,4.8144122693063E+00
2000050,DISCBOND,5004,Fama Bliss Discount Bonds - 4-Year (Nominal),2006-08-31,8.3101137481168E+01,D,4.6246274544194E+00
2000050,DISCBOND,5004,Fama Bliss Discount Bonds - 4-Year (Nominal),2006-09-29,8.3441844053757E+01,D,4.5193160486095E+00
2000050,DISCBOND,5004,Fama Bliss Discount Bonds - 4-Year (Nominal),2006-10-31,8.3525538193593E+01,D,4.5035287011846E+00
2000050,DISCBOND,5004,Fama Bliss Discount Bonds - 4-Year (Nominal),2006-11-30,8.3895869853205E+01,D,4.3868404324898E+00
2000050,DISCBOND,5004,Fama Bliss Discount Bonds - 4-Year (Nominal),2006-12-29,8.3083461575370E+01,D,4.6236124945507E+00
2000050,DISCBOND,5004,Fama Bliss Discount Bonds - 4-Year (Nominal),2007-01-31,8.2774801949224E+01,D,4.7229276047194E+00
2000050,DISCBOND,5004,Fama Bliss Discount Bonds - 4-Year (Nominal),2007-02-28,8.3646737320888E+01,D,4.4611386076543E+00
2000050,DISCBOND,5004,Fama Bliss Discount Bonds - 4-Year (Nominal),2007-03-30,8.3591584621372E+01,D,4.4745538217220E+00
2000050,DISCBOND,5004,Fama Bliss Discount Bonds - 4-Year (Nominal),2007-04-30,8.3710342516330E+01,D,4.4451912405758E+00
2000050,DISCBOND,5004,Fama Bliss Discount Bonds - 4-Year (Nominal),2007-05-31,8.2565616743856E+01,D,4.7861432853756E+00
2000050,DISCBOND,5004,Fama Bliss Discount Bonds - 4-Year (Nominal),2007-06-29,8.2371572354868E+01,D,4.8416127748561E+00
2000050,DISCBOND,5004,Fama Bliss Discount Bonds - 4-Year (Nominal),2007-07-31,8.3580657194546E+01,D,4.4870251884534E+00
2000050,DISCBOND,5004,Fama Bliss Discount Bonds - 4-Year (Nominal),2007-08-31,8.4537295107058E+01,D,4.1965604079366E+00
2000050,DISCBOND,5004,Fama Bliss Discount Bonds - 4-Year (Nominal),2007-09-28,8.4763773065261E+01,D,4.1240743567417E+00
2000050,DISCBOND,5004,Fama Bliss Discount Bonds - 4-Year (Nominal),2007-10-31,8.5031715161702E+01,D,4.0508725098073E+00
2000050,DISCBOND,5004,Fama Bliss Discount Bonds - 4-Year (Nominal),2007-11-30,8.7750233865295E+01,D,3.2646554712155E+00
2000050,DISCBOND,5004,Fama Bliss Discount Bonds - 4-Year (Nominal),2007-12-31,8.7681601008750E+01,D,3.2864525818752E+00
2000050,DISCBOND,5004,Fama Bliss Discount Bonds - 4-Year (Nominal),2008-01-31,9.0335234993832E+01,D,2.5393258532309E+00
2000050,DISCBOND,5004,Fama Bliss Discount Bonds - 4-Year (Nominal),2008-02-29,9.1527707506248E+01,D,2.2116963212139E+00
2000050,DISCBOND,5004,Fama Bliss Discount Bonds - 4-Year (Nominal),2008-03-31,9.1512226458094E+01,D,2.2174400035118E+00
2000050,DISCBOND,5004,Fama Bliss Discount Bonds - 4-Year (Nominal),2008-04-30,8.9256626043405E+01,D,2.8394184245427E+00
2000050,DISCBOND,5004,Fama Bliss Discount Bonds - 4-Year (Nominal),2008-05-30,8.7739399149733E+01,D,3.2655051733461E+00
2000050,DISCBOND,5004,Fama Bliss Discount Bonds - 4-Year (Nominal),2008-06-30,8.8026570851438E+01,D,3.1882868897857E+00
2000050,DISCBOND,5004,Fama Bliss Discount Bonds - 4-Year (Nominal),2008-07-31,8.8508888827481E+01,D,3.0495913149521E+00
2000050,DISCBOND,5004,Fama Bliss Discount Bonds - 4-Year (Nominal),2008-08-29,8.9080856616333E+01,D,2.8847156936214E+00
2000050,DISCBOND,5004,Fama Bliss Discount Bonds - 4-Year (Nominal),2008-09-30,8.9879699045615E+01,D,2.6692805911718E+00
2000050,DISCBOND,5004,Fama Bliss Discount Bonds - 4-Year (Nominal),2008-10-31,9.1799002563862E+01,D,2.1377546762159E+00
2000050,DISCBOND,5004,Fama Bliss Discount Bonds - 4-Year (Nominal),2008-11-28,9.5188058048065E+01,D,1.2303641756707E+00
2000050,DISCBOND,5004,Fama Bliss Discount Bonds - 4-Year (Nominal),2008-12-31,9.5966213888943E+01,D,1.0286453496807E+00
2000050,DISCBOND,5004,Fama Bliss Discount Bonds - 4-Year (Nominal),2009-01-30,9.4225365132560E+01,D,1.4849850713495E+00
2000050,DISCBOND,5004,Fama Bliss Discount Bonds - 4-Year (Nominal),2009-02-27,9.3536717855030E+01,D,1.6681179729037E+00
2000050,DISCBOND,5004,Fama Bliss Discount Bonds - 4-Year (Nominal),2009-03-31,9.4802655339250E+01,D,1.3361495210122E+00
2000050,DISCBOND,5004,Fama Bliss Discount Bonds - 4-Year (Nominal),2009-04-30,9.3384009516088E+01,D,1.7100802441695E+00
2000050,DISCBOND,5004,Fama Bliss Discount Bonds - 4-Year (Nominal),2009-05-29,9.2812502840204E+01,D,1.8608969034696E+00
2000050,DISCBOND,5004,Fama Bliss Discount Bonds - 4-Year (Nominal),2009-06-30,9.1682029709972E+01,D,2.1725830392913E+00
2000050,DISCBOND,5004,Fama Bliss Discount Bonds - 4-Year (Nominal),2009-07-31,9.2021707466983E+01,D,2.0772194449577E+00
2000050,DISCBOND,5004,Fama Bliss Discount Bonds - 4-Year (Nominal),2009-08-31,9.2440076342843E+01,D,1.9652393679632E+00
2000050,DISCBOND,5004,Fama Bliss Discount Bonds - 4-Year (Nominal),2009-09-30,9.2754133799703E+01,D,1.8791608515972E+00
2000050,DISCBOND,5004,Fama Bliss Discount Bonds - 4-Year (Nominal),2009-10-30,9.2666647860409E+01,D,1.9014343985559E+00
2000050,DISCBOND,5004,Fama Bliss Discount Bonds - 4-Year (Nominal),2009-11-30,9.3933149726522E+01,D,1.5646707460939E+00
2000050,DISCBOND,5004,Fama Bliss Discount Bonds - 4-Year (Nominal),2009-12-31,9.1596023419073E+01,D,2.1930561489395E+00
2000050,DISCBOND,5004,Fama Bliss Discount Bonds - 4-Year (Nominal),2010-01-29,9.2897234954982E+01,D,1.8381306307399E+00
2000050,DISCBOND,5004,Fama Bliss Discount Bonds - 4-Year (Nominal),2010-02-26,9.2837117443264E+01,D,1.8542811805320E+00
2000050,DISCBOND,5004,Fama Bliss Discount Bonds - 4-Year (Nominal),2010-03-31,9.1815831538542E+01,D,2.1331751289307E+00
2000050,DISCBOND,5004,Fama Bliss Discount Bonds - 4-Year (Nominal),2010-04-30,9.2229580524210E+01,D,2.0208478258053E+00
2000050,DISCBOND,5004,Fama Bliss Discount Bonds - 4-Year (Nominal),2010-05-28,9.3162552013868E+01,D,1.7669779144055E+00
2000050,DISCBOND,5004,Fama Bliss Discount Bonds - 4-Year (Nominal),2010-06-30,9.4380665730309E+01,D,1.4448590529646E+00
2000050,DISCBOND,5004,Fama Bliss Discount Bonds - 4-Year (Nominal),2010-07-30,9.5224635325346E+01,D,1.2216141404976E+00
2000050,DISCBOND,5004,Fama Bliss Discount Bonds - 4-Year (Nominal),2010-08-31,9.5999692816533E+01,D,1.0213294530511E+00
2000050,DISCBOND,5004,Fama Bliss Discount Bonds - 4-Year (Nominal),2010-09-30,9.6225085092456E+01,D,9.6134412962302E-01
2000050,DISCBOND,5004,Fama Bliss Discount Bonds - 4-Year (Nominal),2010-10-29,9.6680036534202E+01,D,8.4235045156535E-01
2000050,DISCBOND,5004,Fama Bliss Discount Bonds - 4-Year (Nominal),2010-11-30,9.5764630404494E+01,D,1.0826608963126E+00
2000050,DISCBOND,5004,Fama Bliss Discount Bonds - 4-Year (Nominal),2010-12-31,9.4001518853737E+01,D,1.5454226719880E+00
2000050,DISCBOND,5004,Fama Bliss Discount Bonds - 4-Year (Nominal),2011-01-31,9.4391537622510E+01,D,1.4429690171057E+00
2000050,DISCBOND,5004,Fama Bliss Discount Bonds - 4-Year (Nominal),2011-02-28,9.3533819639387E+01,D,1.6711776930167E+00
2000050,DISCBOND,5004,Fama Bliss Discount Bonds - 4-Year (Nominal),2011-03-31,9.2978921795686E+01,D,1.8186885110610E+00
2000050,DISCBOND,5004,Fama Bliss Discount Bonds - 4-Year (Nominal),2011-04-29,9.4154351568373E+01,D,1.5038078042882E+00
2000050,DISCBOND,5004,Fama Bliss Discount Bonds - 4-Year (Nominal),2011-05-31,9.5202655696850E+01,D,1.2299011776069E+00
2000050,DISCBOND,5004,Fama Bliss Discount Bonds - 4-Year (Nominal),2011-06-30,9.4959027402319E+01,D,1.2922318869091E+00
2000050,DISCBOND,5004,Fama Bliss Discount Bonds - 4-Year (Nominal),2011-07-29,9.6350358058556E+01,D,9.2757090728975E-01
2000050,DISCBOND,5004,Fama Bliss Discount Bonds - 4-Year (Nominal),2011-08-31,9.7549250753582E+01,D,6.1989541780997E-01
2000050,DISCBOND,5004,Fama Bliss Discount Bonds - 4-Year (Nominal),2011-09-30,9.7375928778811E+01,D,6.6432359079343E-01
2000050,DISCBOND,5004,Fama Bliss Discount Bonds - 4-Year (Nominal),2011-10-31,9.7364900650514E+01,D,6.6761008042496E-01
2000050,DISCBOND,5004,Fama Bliss Discount Bonds - 4-Year (Nominal),2011-11-30,9.7338211580079E+01,D,6.7400223661978E-01
2000050,DISCBOND,5004,Fama Bliss Discount Bonds - 4-Year (Nominal),2011-12-30,9.7692872741427E+01,D,5.8274122717278E-01
2000050,DISCBOND,5004,Fama Bliss Discount Bonds - 4-Year (Nominal),2012-01-31,9.8067732821560E+01,D,4.8812923096294E-01
2000050,DISCBOND,5004,Fama Bliss Discount Bonds - 4-Year (Nominal),2012-02-29,9.7468535666089E+01,D,6.4057554369336E-01
2000050,DISCBOND,5004,Fama Bliss Discount Bonds - 4-Year (Nominal),2012-03-30,9.6900374491802E+01,D,7.8609322157910E-01
2000050,DISCBOND,5004,Fama Bliss Discount Bonds - 4-Year (Nominal),2012-04-30,9.7573052442938E+01,D,6.1422081778272E-01
2000050,DISCBOND,5004,Fama Bliss Discount Bonds - 4-Year (Nominal),2012-05-31,9.7885776637766E+01,D,5.3385764627311E-01
2000050,DISCBOND,5004,Fama Bliss Discount Bonds - 4-Year (Nominal),2012-06-29,9.7662786722667E+01,D,5.9043101251653E-01
2000050,DISCBOND,5004,Fama Bliss Discount Bonds - 4-Year (Nominal),2012-07-31,9.8279706158227E+01,D,4.3411306502159E-01
2000050,DISCBOND,5004,Fama Bliss Discount Bonds - 4-Year (Nominal),2012-08-31,9.8301579838382E+01,D,4.2795907109407E-01
2000050,DISCBOND,5004,Fama Bliss Discount Bonds - 4-Year (Nominal),2012-09-28,9.8146292819149E+01,D,4.6681670229715E-01
2000050,DISCBOND,5004,Fama Bliss Discount Bonds - 4-Year (Nominal),2012-10-31,9.7812866009177E+01,D,5.5247318903161E-01
2000050,DISCBOND,5004,Fama Bliss Discount Bonds - 4-Year (Nominal),2012-11-30,9.8142683697751E+01,D,4.6837445851886E-01
2000050,DISCBOND,5004,Fama Bliss Discount Bonds - 4-Year (Nominal),2012-12-31,9.7855874148133E+01,D,5.4186154437036E-01
2000050,DISCBOND,5004,Fama Bliss Discount Bonds - 4-Year (Nominal),2013-01-31,9.7423711555300E+01,D,6.5206738926389E-01
2000050,DISCBOND,5004,Fama Bliss Discount Bonds - 4-Year (Nominal),2013-02-28,9.7794740608140E+01,D,5.5710312026227E-01
2000050,DISCBOND,5004,Fama Bliss Discount Bonds - 4-Year (Nominal),2013-03-28,9.7770505020471E+01,D,5.6214087834752E-01
2000050,DISCBOND,5004,Fama Bliss Discount Bonds - 4-Year (Nominal),2013-04-30,9.8098640512821E+01,D,4.8024590295594E-01
2000050,DISCBOND,5004,Fama Bliss Discount Bonds - 4-Year (Nominal),2013-05-31,9.6975404882901E+01,D,7.6729441182156E-01
2000050,DISCBOND,5004,Fama Bliss Discount Bonds - 4-Year (Nominal),2013-06-28,9.5787249270217E+01,D,1.0738087277431E+00
2000050,DISCBOND,5004,Fama Bliss Discount Bonds - 4-Year (Nominal),2013-07-31,9.5969545978886E+01,D,1.0277779216073E+00
2000050,DISCBOND,5004,Fama Bliss Discount Bonds - 4-Year (Nominal),2013-08-30,9.4955452463198E+01,D,1.2922878914529E+00
2000050,DISCBOND,5004,Fama Bliss Discount Bonds - 4-Year (Nominal),2013-09-30,9.5865985945504E+01,D,1.0554737385515E+00
2000050,DISCBOND,5004,Fama Bliss Discount Bonds - 4-Year (Nominal),2013-10-31,9.6074391873091E+01,D,1.0004992308430E+00
2000050,DISCBOND,5004,Fama Bliss Discount Bonds - 4-Year (Nominal),2013-11-29,9.6044698984892E+01,D,1.0075320334918E+00
2000050,DISCBOND,5004,Fama Bliss Discount Bonds - 4-Year (Nominal),2013-12-31,9.4851610047727E+01,D,1.3223186439243E+00
2000050,DISCBOND,5004,Fama Bliss Discount Bonds - 4-Year (Nominal),2014-01-31,9.5538113723020E+01,D,1.1403420081707E+00
2000050,DISCBOND,5004,Fama Bliss Discount Bonds - 4-Year (Nominal),2014-02-28,9.5512571822584E+01,D,1.1470220204967E+00
2000050,DISCBOND,5004,Fama Bliss Discount Bonds - 4-Year (Nominal),2014-03-31,9.4677459392761E+01,D,1.3682931418436E+00
2000050,DISCBOND,5004,Fama Bliss Discount Bonds - 4-Year (Nominal),2014-04-30,9.4801738775733E+01,D,1.3336474574455E+00
2000050,DISCBOND,5004,Fama Bliss Discount Bonds - 4-Year (Nominal),2014-05-30,9.5242506988530E+01,D,1.2169290239914E+00
2000050,DISCBOND,5004,Fama Bliss Discount Bonds - 4-Year (Nominal),2014-06-30,9.4868850385579E+01,D,1.3168692610848E+00
2000050,DISCBOND,5004,Fama Bliss Discount Bonds - 4-Year (Nominal),2014-07-31,9.4157508585196E+01,D,1.5039994663996E+00
2000050,DISCBOND,5004,Fama Bliss Discount Bonds - 4-Year (Nominal),2014-08-29,9.4556872612266E+01,D,1.3963484424561E+00
2000050,DISCBOND,5004,Fama Bliss Discount Bonds - 4-Year (Nominal),2014-09-30,9.4096135533351E+01,D,1.5223729984388E+00
2000050,DISCBOND,5004,Fama Bliss Discount Bonds - 4-Year (Nominal),2014-10-31,9.4642298351045E+01,D,1.3756998063340E+00
2000050,DISCBOND,5004,Fama Bliss Discount Bonds - 4-Year (Nominal),2014-11-28,9.5080982407439E+01,D,1.2584444362938E+00
2000050,DISCBOND,5004,Fama Bliss Discount Bonds - 4-Year (Nominal),2014-12-31,9.4269402418342E+01,D,1.4743282105627E+00
2000050,DISCBOND,5004,Fama Bliss Discount Bonds - 4-Year (Nominal),2015-01-30,9.5996099655243E+01,D,1.0201681107778E+00
2000050,DISCBOND,5004,Fama Bliss Discount Bonds - 4-Year (Nominal),2015-02-27,9.4780336904578E+01,D,1.3383719890259E+00
2000050,DISCBOND,5004,Fama Bliss Discount Bonds - 4-Year (Nominal),2015-03-31,9.5361140581130E+01,D,1.1882895079334E+00
2000050,DISCBOND,5004,Fama Bliss Discount Bonds - 4-Year (Nominal),2015-04-30,9.5211389540085E+01,D,1.2259256855869E+00
2000050,DISCBOND,5004,Fama Bliss Discount Bonds - 4-Year (Nominal),2015-05-29,9.5024415201745E+01,D,1.2732917821790E+00
2000050,DISCBOND,5004,Fama Bliss Discount Bonds - 4-Year (Nominal),2015-06-30,9.4598496911410E+01,D,1.3891665302498E+00
2000050,DISCBOND,5004,Fama Bliss Discount Bonds - 4-Year (Nominal),2015-07-31,9.4843086095784E+01,D,1.3227536666532E+00
2000050,DISCBOND,5004,Fama Bliss Discount Bonds - 4-Year (Nominal),2015-08-31,9.4580526571100E+01,D,1.3929645330026E+00
2000050,DISCBOND,5004,Fama Bliss Discount Bonds - 4-Year (Nominal),2015-09-30,9.5338505668670E+01,D,1.1925934331843E+00
2000050,DISCBOND,5004,Fama Bliss Discount Bonds - 4-Year (Nominal),2015-10-30,9.4727679654499E+01,D,1.3522461295495E+00
2000050,DISCBOND,5004,Fama Bliss Discount Bonds - 4-Year (Nominal),2015-11-30,9.4199488473394E+01,D,1.4938858659818E+00
2000050,DISCBOND,5004,Fama Bliss Discount Bonds - 4-Year (Nominal),2015-12-31,9.3779913043205E+01,D,1.6043886291623E+00
2000050,DISCBOND,5004,Fama Bliss Discount Bonds - 4-Year (Nominal),2016-01-29,9.5280655079949E+01,D,1.2061063434644E+00
2000050,DISCBOND,5004,Fama Bliss Discount Bonds - 4-Year (Nominal),2016-02-29,9.5564754576330E+01,D,1.1341527472062E+00
2000050,DISCBOND,5004,Fama Bliss Discount Bonds - 4-Year (Nominal),2016-03-31,9.5798865961936E+01,D,1.0722490730362E+00
2000050,DISCBOND,5004,Fama Bliss Discount Bonds - 4-Year (Nominal),2016-04-29,9.5451061224459E+01,D,1.1623207271304E+00
2000050,DISCBOND,5004,Fama Bliss Discount Bonds - 4-Year (Nominal),2016-05-31,9.5085867115715E+01,D,1.2606094534435E+00
2000050,DISCBOND,5004,Fama Bliss Discount Bonds - 4-Year (Nominal),2016-06-30,9.6497494633727E+01,D,8.9071844711929E-01
2000050,DISCBOND,5004,Fama Bliss Discount Bonds - 4-Year (Nominal),2016-07-29,9.6332733567562E+01,D,9.3213496905836E-01
2000050,DISCBOND,5004,Fama Bliss Discount Bonds - 4-Year (Nominal),2016-08-31,9.5582827108834E+01,D,1.1286523464312E+00
2000050,DISCBOND,5004,Fama Bliss Discount Bonds - 4-Year (Nominal),2016-09-30,9.5813457595467E+01,D,1.0684440864390E+00
2000050,DISCBOND,5004,Fama Bliss Discount Bonds - 4-Year (Nominal),2016-10-31,9.5291196857575E+01,D,1.2058188136905E+00
2000050,DISCBOND,5004,Fama Bliss Discount Bonds - 4-Year (Nominal),2016-11-30,9.3340282820344E+01,D,1.7217811234954E+00
2000050,DISCBOND,5004,Fama Bliss Discount Bonds - 4-Year (Nominal),2016-12-30,9.3196251604661E+01,D,1.7591572990013E+00
2000050,DISCBOND,5004,Fama Bliss Discount Bonds - 4-Year (Nominal),2017-01-31,9.3221481879039E+01,D,1.7560027984143E+00
2000050,DISCBOND,5004,Fama Bliss Discount Bonds - 4-Year (Nominal),2017-02-28,9.3078075473406E+01,D,1.7945173108553E+00
2000050,DISCBOND,5004,Fama Bliss Discount Bonds - 4-Year (Nominal),2017-03-31,9.3126101323177E+01,D,1.7791735049336E+00
2000050,DISCBOND,5004,Fama Bliss Discount Bonds - 4-Year (Nominal),2017-04-28,9.3450873633195E+01,D,1.6898852236907E+00
2000050,DISCBOND,5004,Fama Bliss Discount Bonds - 4-Year (Nominal),2017-05-31,9.3674635710180E+01,D,1.6358090876599E+00
2000050,DISCBOND,5004,Fama Bliss Discount Bonds - 4-Year (Nominal),2017-06-30,9.3228211026677E+01,D,1.7517955965704E+00
2000050,DISCBOND,5004,Fama Bliss Discount Bonds - 4-Year (Nominal),2017-07-31,9.3393556290587E+01,D,1.7086958399513E+00
2000050,DISCBOND,5004,Fama Bliss Discount Bonds - 4-Year (Nominal),2017-08-31,9.3800713198413E+01,D,1.5988480999382E+00
2000050,DISCBOND,5004,Fama Bliss Discount Bonds - 4-Year (Nominal),2017-09-29,9.2985239380766E+01,D,1.8157482230494E+00
2000050,DISCBOND,5004,Fama Bliss Discount Bonds - 4-Year (Nominal),2017-10-31,9.2713867566782E+01,D,1.8925996106194E+00
2000050,DISCBOND,5004,Fama Bliss Discount Bonds - 4-Year (Nominal),2017-11-30,9.2171920691329E+01,D,2.0364714432041E+00
2000050,DISCBOND,5004,Fama Bliss Discount Bonds - 4-Year (Nominal),2017-12-29,9.1886856765937E+01,D,2.1109669903665E+00
2000050,DISCBOND,5004,Fama Bliss Discount Bonds - 4-Year (Nominal),2018-01-31,9.0751979038322E+01,D,2.4243371872496E+00
2000050,DISCBOND,5004,Fama Bliss Discount Bonds - 4-Year (Nominal),2018-02-28,9.0269384618541E+01,D,2.5575439109164E+00
2000050,DISCBOND,5004,Fama Bliss Discount Bonds - 4-Year (Nominal),2018-03-29,9.0534116214201E+01,D,2.4809878751164E+00
2000050,DISCBOND,5004,Fama Bliss Discount Bonds - 4-Year (Nominal),2018-04-30,8.9659811726548E+01,D,2.7286886780762E+00
2000050,DISCBOND,5004,Fama Bliss Discount Bonds - 4-Year (Nominal),2018-05-31,8.9966033188306E+01,D,2.6416406146264E+00
2000050,DISCBOND,5004,Fama Bliss Discount Bonds - 4-Year (Nominal),2018-06-29,8.9780628186761E+01,D,2.6913371370555E+00
2000050,DISCBOND,5004,Fama Bliss Discount Bonds - 4-Year (Nominal),2018-07-31,8.9417621845759E+01,D,2.7982270120260E+00
2000050,DISCBOND,5004,Fama Bliss Discount Bonds - 4-Year (Nominal),2018-08-31,8.9693915101229E+01,D,2.7173202663997E+00
2000050,DISCBOND,5004,Fama Bliss Discount Bonds - 4-Year (Nominal),2018-09-28,8.8981644459469E+01,D,2.9125173711746E+00
2000050,DISCBOND,5004,Fama Bliss Discount Bonds - 4-Year (Nominal),2018-10-31,8.8891688402031E+01,D,2.9417736937078E+00
2000050,DISCBOND,5004,Fama Bliss Discount Bonds - 4-Year (Nominal),2018-11-30,8.9401571949549E+01,D,2.7988810372983E+00
2000050,DISCBOND,5004,Fama Bliss Discount Bonds - 4-Year (Nominal),2018-12-31,9.0580050723262E+01,D,2.4734046969291E+00
2000050,DISCBOND,5004,Fama Bliss Discount Bonds - 4-Year (Nominal),2019-01-31,9.0761256226906E+01,D,2.4217834233607E+00
2000050,DISCBOND,5004,Fama Bliss Discount Bonds - 4-Year (Nominal),2019-02-28,9.0494929250156E+01,D,2.4952001960655E+00
2000050,DISCBOND,5004,Fama Bliss Discount Bonds - 4-Year (Nominal),2019-03-29,9.1517028301035E+01,D,2.2115838891489E+00
2000050,DISCBOND,5004,Fama Bliss Discount Bonds - 4-Year (Nominal),2019-04-30,9.1407531175116E+01,D,2.2475973916382E+00
2000050,DISCBOND,5004,Fama Bliss Discount Bonds - 4-Year (Nominal),2019-05-31,9.2710246062569E+01,D,1.8909846043459E+00
2000050,DISCBOND,5004,Fama Bliss Discount Bonds - 4-Year (Nominal),2019-06-28,9.3290614739410E+01,D,1.7327065353831E+00
2000050,DISCBOND,5004,Fama Bliss Discount Bonds - 4-Year (Nominal),2019-07-31,9.2955013845309E+01,D,1.8251132626445E+00
2000050,DISCBOND,5004,Fama Bliss Discount Bonds - 4-Year (Nominal),2019-08-30,9.4526433379097E+01,D,1.4053416860479E+00
2000050,DISCBOND,5004,Fama Bliss Discount Bonds - 4-Year (Nominal),2019-09-30,9.3983531877076E+01,D,1.5512652965800E+00
2000050,DISCBOND,5004,Fama Bliss Discount Bonds - 4-Year (Nominal),2019-10-31,9.4111171237986E+01,D,1.5162972190180E+00
2000050,DISCBOND,5004,Fama Bliss Discount Bonds - 4-Year (Nominal),2019-11-29,9.3720267855757E+01,D,1.6191748146906E+00
2000050,DISCBOND,5004,Fama Bliss Discount Bonds - 4-Year (Nominal),2019-12-31,9.3570972592969E+01,D,1.6623880208206E+00
2000050,DISCBOND,5004,Fama Bliss Discount Bonds - 4-Year (Nominal),2020-01-31,9.4948826905274E+01,D,1.2949156925533E+00
2000050,DISCBOND,5004,Fama Bliss Discount Bonds - 4-Year (Nominal),2020-02-28,9.6341275109444E+01,D,9.3055899829288E-01
2000050,DISCBOND,5004,Fama Bliss Discount Bonds - 4-Year (Nominal),2020-03-31,9.8627266558975E+01,D,3.4603465728547E-01
2000050,DISCBOND,5004,Fama Bliss Discount Bonds - 4-Year (Nominal),2020-04-30,9.8724749378961E+01,D,3.2064332342540E-01
2000050,DISCBOND,5004,Fama Bliss Discount Bonds - 4-Year (Nominal),2020-05-29,9.8972616204958E+01,D,2.5764504563808E-01
2000050,DISCBOND,5004,Fama Bliss Discount Bonds - 4-Year (Nominal),2020-06-30,9.9161205849747E+01,D,2.1072730100988E-01
2000050,DISCBOND,5004,Fama Bliss Discount Bonds - 4-Year (Nominal),2020-07-31,9.9301864088005E+01,D,1.7502619367731E-01
2000050,DISCBOND,5004,Fama Bliss Discount Bonds - 4-Year (Nominal),2020-08-31,9.9146899730720E+01,D,2.1418999964976E-01
2000050,DISCBOND,5004,Fama Bliss Discount Bonds - 4-Year (Nominal),2020-09-30,9.9159706063775E+01,D,2.1081668696047E-01
2000050,DISCBOND,5004,Fama Bliss Discount Bonds - 4-Year (Nominal),2020-10-30,9.8811838755123E+01,D,2.9841029353136E-01
2000050,DISCBOND,5004,Fama Bliss Discount Bonds - 4-Year (Nominal),2020-11-30,9.8880900563386E+01,D,2.8135211701916E-01
2000050,DISCBOND,5004,Fama Bliss Discount Bonds - 4-Year (Nominal),2020-12-31,9.8945475549151E+01,D,2.6484959220026E-01
2000050,DISCBOND,5004,Fama Bliss Discount Bonds - 4-Year (Nominal),2021-01-29,9.8823323986480E+01,D,2.9530661523304E-01
2000050,DISCBOND,5004,Fama Bliss Discount Bonds - 4-Year (Nominal),2021-02-26,9.7940155300416E+01,D,5.1927185544599E-01
2000050,DISCBOND,5004,Fama Bliss Discount Bonds - 4-Year (Nominal),2021-03-31,9.7363105193562E+01,D,6.6761384237512E-01
2000050,DISCBOND,5004,Fama Bliss Discount Bonds - 4-Year (Nominal),2021-04-30,9.7601909703351E+01,D,6.0641281565064E-01
2000050,DISCBOND,5004,Fama Bliss Discount Bonds - 4-Year (Nominal),2021-05-28,9.7748479684789E+01,D,5.6814608641499E-01
2000050,DISCBOND,5004,Fama Bliss Discount Bonds - 4-Year (Nominal),2021-06-30,9.7269769518691E+01,D,6.9157479950455E-01
2000050,DISCBOND,5004,Fama Bliss Discount Bonds - 4-Year (Nominal),2021-07-30,9.7816490190759E+01,D,5.5117026889077E-01
2000050,DISCBOND,5004,Fama Bliss Discount Bonds - 4-Year (Nominal),2021-08-31,9.7523758861058E+01,D,6.2728360524817E-01
2000050,DISCBOND,5004,Fama Bliss Discount Bonds - 4-Year (Nominal),2021-09-30,9.6928189964110E+01,D,7.7946092270436E-01
2000050,DISCBOND,5004,Fama Bliss Discount Bonds - 4-Year (Nominal),2021-10-29,9.5949034476986E+01,D,1.0317057181696E+00
2000050,DISCBOND,5004,Fama Bliss Discount Bonds - 4-Year (Nominal),2021-11-30,9.5832236663729E+01,D,1.0650059617567E+00
2000050,DISCBOND,5004,Fama Bliss Discount Bonds - 4-Year (Nominal),2021-12-31,9.5487194257499E+01,D,1.1536608233420E+00
2000050,DISCBOND,5004,Fama Bliss Discount Bonds - 4-Year (Nominal),2022-01-31,9.4025123540483E+01,D,1.5402041930385E+00
2000050,DISCBOND,5004,Fama Bliss Discount Bonds - 4-Year (Nominal),2022-02-28,9.3371650504027E+01,D,1.7145603655332E+00
2000050,DISCBOND,5004,Fama Bliss Discount Bonds - 4-Year (Nominal),2022-03-31,9.0387543099394E+01,D,2.5248638396967E+00
2000050,DISCBOND,5004,Fama Bliss Discount Bonds - 4-Year (Nominal),2022-04-29,8.8879253857194E+01,D,2.9432540445176E+00
2000050,DISCBOND,5004,Fama Bliss Discount Bonds - 4-Year (Nominal),2022-05-31,8.9402575979097E+01,D,2.8024368776119E+00
2000050,DISCBOND,5004,Fama Bliss Discount Bonds - 4-Year (Nominal),2022-06-30,8.8580249626709E+01,D,3.0294568330986E+00
2000050,DISCBOND,5004,Fama Bliss Discount Bonds - 4-Year (Nominal),2022-07-29,8.9722732625461E+01,D,2.7055910613139E+00
2000050,DISCBOND,5004,Fama Bliss Discount Bonds - 4-Year (Nominal),2022-08-31,8.7126285070892E+01,D,3.4429310877673E+00
2000050,DISCBOND,5004,Fama Bliss Discount Bonds - 4-Year (Nominal),2022-09-30,8.4669552748219E+01,D,4.1575055034473E+00
2000050,DISCBOND,5004,Fama Bliss Discount Bonds - 4-Year (Nominal),2022-10-31,8.4192583208839E+01,D,4.3015838506319E+00
2000050,DISCBOND,5004,Fama Bliss Discount Bonds - 4-Year (Nominal),2022-11-30,8.5735586190537E+01,D,3.8449217074293E+00
2000050,DISCBOND,5004,Fama Bliss Discount Bonds - 4-Year (Nominal),2022-12-30,8.5104591034331E+01,D,4.0267140439975E+00
2000050,DISCBOND,5004,Fama Bliss Discount Bonds - 4-Year (Nominal),2023-01-31,8.6309113279775E+01,D,3.6833979051420E+00
2000050,DISCBOND,5004,Fama Bliss Discount Bonds - 4-Year (Nominal),2023-02-28,8.4343004472183E+01,D,4.2598758205090E+00
2000050,DISCBOND,5004,Fama Bliss Discount Bonds - 4-Year (Nominal),2023-03-31,8.6420340364717E+01,D,3.6461806233177E+00
2000050,DISCBOND,5004,Fama Bliss Discount Bonds - 4-Year (Nominal),2023-04-28,8.6764686762349E+01,D,3.5419840001476E+00
2000050,DISCBOND,5004,Fama Bliss Discount Bonds - 4-Year (Nominal),2023-05-31,8.5685840401900E+01,D,3.8594215698464E+00
2000050,DISCBOND,5004,Fama Bliss Discount Bonds - 4-Year (Nominal),2023-06-30,8.4340401126404E+01,D,4.2548153794493E+00
2000050,DISCBOND,5004,Fama Bliss Discount Bonds - 4-Year (Nominal),2023-07-31,8.4349723457886E+01,D,4.2549663877268E+00
2000050,DISCBOND,5004,Fama Bliss Discount Bonds - 4-Year (Nominal),2023-08-31,8.4104382481515E+01,D,4.3248256384650E+00
2000050,DISCBOND,5004,Fama Bliss Discount Bonds - 4-Year (Nominal),2023-09-29,8.3080264019316E+01,D,4.6277358763449E+00
2000050,DISCBOND,5004,Fama Bliss Discount Bonds - 4-Year (Nominal),2023-10-31,8.2436255971974E+01,D,4.8319309494661E+00
2000050,DISCBOND,5004,Fama Bliss Discount Bonds - 4-Year (Nominal),2023-11-30,8.4219066022889E+01,D,4.2907825309517E+00
2000050,DISCBOND,5004,Fama Bliss Discount Bonds - 4-Year (Nominal),2023-12-29,8.5667228617246E+01,D,3.8595651472022E+00
2000050,DISCBOND,5004,Fama Bliss Discount Bonds - 4-Year (Nominal),2024-01-31,8.5763220947984E+01,D,3.8368703851462E+00
2000050,DISCBOND,5004,Fama Bliss Discount Bonds - 4-Year (Nominal),2024-02-29,8.4284960851145E+01,D,4.2712430185233E+00
2000050,DISCBOND,5004,Fama Bliss Discount Bonds - 4-Year (Nominal),2024-03-28,8.4333675259258E+01,D,4.2480847972741E+00
2000050,DISCBOND,5004,Fama Bliss Discount Bonds - 4-Year (Nominal),2024-04-30,8.2764648309773E+01,D,4.7324708800066E+00
2000050,DISCBOND,5004,Fama Bliss Discount Bonds - 4-Year (Nominal),2024-05-31,8.3475355950874E+01,D,4.5123778323455E+00
2000050,DISCBOND,5004,Fama Bliss Discount Bonds - 4-Year (Nominal),2024-06-28,8.3863675181816E+01,D,4.3904191014664E+00
2000050,DISCBOND,5004,Fama Bliss Discount Bonds - 4-Year (Nominal),2024-07-31,8.5502712475902E+01,D,3.9128721810659E+00
2000050,DISCBOND,5004,Fama Bliss Discount Bonds - 4-Year (Nominal),2024-08-30,8.6226586033215E+01,D,3.6997227275577E+00
2000050,DISCBOND,5004,Fama Bliss Discount Bonds - 4-Year (Nominal),2024-09-30,8.6813966119947E+01,D,3.5350669316355E+00
2000050,DISCBOND,5004,Fama Bliss Discount Bonds - 4-Year (Nominal),2024-10-31,8.4814956819770E+01,D,4.1146388759342E+00
2000050,DISCBOND,5004,Fama Bliss Discount Bonds - 4-Year (Nominal),2024-11-29,8.5041785162317E+01,D,4.0451452203465E+00
2000050,DISCBOND,5004,Fama Bliss Discount Bonds - 4-Year (Nominal),2024-12-31,8.4176765952092E+01,D,4.3092327957747E+00
2000051,DISCBOND,5005,Fama Bliss Discount Bonds - 5-Year (Nominal),1952-06-30,9.0418295260805E+01,D,2.0166812595350E+00
2000051,DISCBOND,5005,Fama Bliss Discount Bonds - 5-Year (Nominal),1952-07-31,8.9851576250458E+01,D,2.1390484454062E+00
2000051,DISCBOND,5005,Fama Bliss Discount Bonds - 5-Year (Nominal),1952-08-29,8.9571687280724E+01,D,2.2002069186137E+00
2000051,DISCBOND,5005,Fama Bliss Discount Bonds - 5-Year (Nominal),1952-09-30,8.9167640989926E+01,D,2.2917837820973E+00
2000051,DISCBOND,5005,Fama Bliss Discount Bonds - 5-Year (Nominal),1952-10-31,8.9724841042124E+01,D,2.1672628003376E+00
2000051,DISCBOND,5005,Fama Bliss Discount Bonds - 5-Year (Nominal),1952-11-28,8.9642589464246E+01,D,2.1843991220561E+00
2000051,DISCBOND,5005,Fama Bliss Discount Bonds - 5-Year (Nominal),1952-12-31,8.9539636140610E+01,D,2.2085656926372E+00
2000051,DISCBOND,5005,Fama Bliss Discount Bonds - 5-Year (Nominal),1953-01-30,8.9271360326790E+01,D,2.2673045156084E+00
2000051,DISCBOND,5005,Fama Bliss Discount Bonds - 5-Year (Nominal),1953-02-27,8.8922716263825E+01,D,2.3454805927808E+00
2000051,DISCBOND,5005,Fama Bliss Discount Bonds - 5-Year (Nominal),1953-03-31,8.8317288633932E+01,D,2.4833252593899E+00
2000051,DISCBOND,5005,Fama Bliss Discount Bonds - 5-Year (Nominal),1953-04-30,8.7407649732100E+01,D,2.6902734233391E+00
2000051,DISCBOND,5005,Fama Bliss Discount Bonds - 5-Year (Nominal),1953-05-29,8.5910322512029E+01,D,3.0356604322421E+00
2000051,DISCBOND,5005,Fama Bliss Discount Bonds - 5-Year (Nominal),1953-06-30,8.6966032272577E+01,D,2.7915218535537E+00
2000051,DISCBOND,5005,Fama Bliss Discount Bonds - 5-Year (Nominal),1953-07-31,8.7296250436960E+01,D,2.7157653097272E+00
2000051,DISCBOND,5005,Fama Bliss Discount Bonds - 5-Year (Nominal),1953-08-31,8.6987840078835E+01,D,2.7895654078594E+00
2000051,DISCBOND,5005,Fama Bliss Discount Bonds - 5-Year (Nominal),1953-09-30,8.8575641727173E+01,D,2.4249369943100E+00
2000051,DISCBOND,5005,Fama Bliss Discount Bonds - 5-Year (Nominal),1953-10-30,8.9350670592263E+01,D,2.2495634901791E+00
2000051,DISCBOND,5005,Fama Bliss Discount Bonds - 5-Year (Nominal),1953-11-30,8.8599256460526E+01,D,2.4222616356476E+00
2000051,DISCBOND,5005,Fama Bliss Discount Bonds - 5-Year (Nominal),1953-12-31,8.9523314908639E+01,D,2.2122096163306E+00
2000051,DISCBOND,5005,Fama Bliss Discount Bonds - 5-Year (Nominal),1954-01-29,8.9917561856508E+01,D,2.1232114714613E+00
2000051,DISCBOND,5005,Fama Bliss Discount Bonds - 5-Year (Nominal),1954-02-26,9.1022559633434E+01,D,1.8791966337814E+00
2000051,DISCBOND,5005,Fama Bliss Discount Bonds - 5-Year (Nominal),1954-03-31,9.1308736178816E+01,D,1.8174783919258E+00
2000051,DISCBOND,5005,Fama Bliss Discount Bonds - 5-Year (Nominal),1954-04-30,9.2403439541034E+01,D,1.5792542756228E+00
2000051,DISCBOND,5005,Fama Bliss Discount Bonds - 5-Year (Nominal),1954-05-28,9.1503146773070E+01,D,1.7739923510021E+00
2000051,DISCBOND,5005,Fama Bliss Discount Bonds - 5-Year (Nominal),1954-06-30,9.1540336337942E+01,D,1.7668413419083E+00
2000051,DISCBOND,5005,Fama Bliss Discount Bonds - 5-Year (Nominal),1954-07-30,9.1619683030030E+01,D,1.7485648932271E+00
2000051,DISCBOND,5005,Fama Bliss Discount Bonds - 5-Year (Nominal),1954-08-31,9.1316584749236E+01,D,1.8157602792564E+00
2000051,DISCBOND,5005,Fama Bliss Discount Bonds - 5-Year (Nominal),1954-09-30,9.1020981730279E+01,D,1.8805722405949E+00
2000051,DISCBOND,5005,Fama Bliss Discount Bonds - 5-Year (Nominal),1954-10-29,9.1175700275859E+01,D,1.8456127706575E+00
2000051,DISCBOND,5005,Fama Bliss Discount Bonds - 5-Year (Nominal),1954-11-30,9.0745705501567E+01,D,1.9411170369391E+00
2000051,DISCBOND,5005,Fama Bliss Discount Bonds - 5-Year (Nominal),1954-12-31,9.0359202506133E+01,D,2.0264359622487E+00
2000051,DISCBOND,5005,Fama Bliss Discount Bonds - 5-Year (Nominal),1955-01-31,8.9882187253955E+01,D,2.1345776693338E+00
2000051,DISCBOND,5005,Fama Bliss Discount Bonds - 5-Year (Nominal),1955-02-28,8.8933405120653E+01,D,2.3430792909469E+00
2000051,DISCBOND,5005,Fama Bliss Discount Bonds - 5-Year (Nominal),1955-03-31,8.8952261184876E+01,D,2.3388438912159E+00
2000051,DISCBOND,5005,Fama Bliss Discount Bonds - 5-Year (Nominal),1955-04-29,8.8947417345826E+01,D,2.3399318159488E+00
2000051,DISCBOND,5005,Fama Bliss Discount Bonds - 5-Year (Nominal),1955-05-31,8.8723197592453E+01,D,2.3903564557768E+00
2000051,DISCBOND,5005,Fama Bliss Discount Bonds - 5-Year (Nominal),1955-06-30,8.8181018198424E+01,D,2.5128153953006E+00
2000051,DISCBOND,5005,Fama Bliss Discount Bonds - 5-Year (Nominal),1955-07-29,8.7474308007254E+01,D,2.6735712073846E+00
2000051,DISCBOND,5005,Fama Bliss Discount Bonds - 5-Year (Nominal),1955-08-31,8.7087274042858E+01,D,2.7621613559634E+00
2000051,DISCBOND,5005,Fama Bliss Discount Bonds - 5-Year (Nominal),1955-09-30,8.7548389916761E+01,D,2.6566589285958E+00
2000051,DISCBOND,5005,Fama Bliss Discount Bonds - 5-Year (Nominal),1955-10-31,8.8078309899719E+01,D,2.5360983334035E+00
2000051,DISCBOND,5005,Fama Bliss Discount Bonds - 5-Year (Nominal),1955-11-30,8.7258847835838E+01,D,2.7228404866912E+00
2000051,DISCBOND,5005,Fama Bliss Discount Bonds - 5-Year (Nominal),1955-12-30,8.6921582895320E+01,D,2.8002076528139E+00
2000051,DISCBOND,5005,Fama Bliss Discount Bonds - 5-Year (Nominal),1956-01-31,8.7662831053926E+01,D,2.6305610852728E+00
2000051,DISCBOND,5005,Fama Bliss Discount Bonds - 5-Year (Nominal),1956-02-29,8.7405423907606E+01,D,2.6907824483024E+00
2000051,DISCBOND,5005,Fama Bliss Discount Bonds - 5-Year (Nominal),1956-03-29,8.6188225687554E+01,D,2.9694779652982E+00
2000051,DISCBOND,5005,Fama Bliss Discount Bonds - 5-Year (Nominal),1956-04-30,8.5887338366573E+01,D,3.0443434327720E+00
2000051,DISCBOND,5005,Fama Bliss Discount Bonds - 5-Year (Nominal),1956-05-31,8.6444054538256E+01,D,2.9118593596782E+00
2000051,DISCBOND,5005,Fama Bliss Discount Bonds - 5-Year (Nominal),1956-06-29,8.6736325509275E+01,D,2.8428327556698E+00
2000051,DISCBOND,5005,Fama Bliss Discount Bonds - 5-Year (Nominal),1956-07-31,8.5511141369731E+01,D,3.1287557149366E+00
2000051,DISCBOND,5005,Fama Bliss Discount Bonds - 5-Year (Nominal),1956-08-31,8.4198863115242E+01,D,3.4378914537076E+00
2000051,DISCBOND,5005,Fama Bliss Discount Bonds - 5-Year (Nominal),1956-09-28,8.3926549704354E+01,D,3.5007271169904E+00
2000051,DISCBOND,5005,Fama Bliss Discount Bonds - 5-Year (Nominal),1956-10-31,8.4094783533607E+01,D,3.4626155226064E+00
2000051,DISCBOND,5005,Fama Bliss Discount Bonds - 5-Year (Nominal),1956-11-30,8.3434180687708E+01,D,3.6202585842347E+00
2000051,DISCBOND,5005,Fama Bliss Discount Bonds - 5-Year (Nominal),1956-12-31,8.3267796043062E+01,D,3.6641739781533E+00
2000051,DISCBOND,5005,Fama Bliss Discount Bonds - 5-Year (Nominal),1957-01-31,8.4740212853981E+01,D,3.3097848916038E+00
2000051,DISCBOND,5005,Fama Bliss Discount Bonds - 5-Year (Nominal),1957-02-28,8.4433485677938E+01,D,3.3822688597658E+00
2000051,DISCBOND,5005,Fama Bliss Discount Bonds - 5-Year (Nominal),1957-03-29,8.4361619555260E+01,D,3.3974294103128E+00
2000051,DISCBOND,5005,Fama Bliss Discount Bonds - 5-Year (Nominal),1957-04-30,8.3779598486236E+01,D,3.5376746934068E+00
2000051,DISCBOND,5005,Fama Bliss Discount Bonds - 5-Year (Nominal),1957-05-31,8.3072134927123E+01,D,3.7071857485933E+00
2000051,DISCBOND,5005,Fama Bliss Discount Bonds - 5-Year (Nominal),1957-06-27,8.2067584944456E+01,D,3.9460548185901E+00
2000051,DISCBOND,5005,Fama Bliss Discount Bonds - 5-Year (Nominal),1957-07-31,8.1689159813664E+01,D,4.0427621726144E+00
2000051,DISCBOND,5005,Fama Bliss Discount Bonds - 5-Year (Nominal),1957-08-30,8.2916021121885E+01,D,3.7427360231387E+00
2000051,DISCBOND,5005,Fama Bliss Discount Bonds - 5-Year (Nominal),1957-09-30,8.1540270847647E+01,D,4.0837009139949E+00
2000051,DISCBOND,5005,Fama Bliss Discount Bonds - 5-Year (Nominal),1957-10-31,8.2480013012246E+01,D,3.8501739620479E+00
2000051,DISCBOND,5005,Fama Bliss Discount Bonds - 5-Year (Nominal),1957-11-29,8.4143966203595E+01,D,3.4490396181789E+00
2000051,DISCBOND,5005,Fama Bliss Discount Bonds - 5-Year (Nominal),1957-12-31,8.6819098665376E+01,D,2.8253229432564E+00
2000051,DISCBOND,5005,Fama Bliss Discount Bonds - 5-Year (Nominal),1958-01-31,8.6789820611893E+01,D,2.8320649975142E+00
2000051,DISCBOND,5005,Fama Bliss Discount Bonds - 5-Year (Nominal),1958-02-28,8.7757175765371E+01,D,2.6105005423492E+00
2000051,DISCBOND,5005,Fama Bliss Discount Bonds - 5-Year (Nominal),1958-03-31,8.8090443087636E+01,D,2.5375131138036E+00
2000051,DISCBOND,5005,Fama Bliss Discount Bonds - 5-Year (Nominal),1958-04-30,8.8511923582650E+01,D,2.4393215729628E+00
2000051,DISCBOND,5005,Fama Bliss Discount Bonds - 5-Year (Nominal),1958-05-29,8.8812081229197E+01,D,2.3690556011122E+00
2000051,DISCBOND,5005,Fama Bliss Discount Bonds - 5-Year (Nominal),1958-06-30,8.7986188136467E+01,D,2.5612100957783E+00
2000051,DISCBOND,5005,Fama Bliss Discount Bonds - 5-Year (Nominal),1958-07-31,8.6835468546350E+01,D,2.8215543316099E+00
2000051,DISCBOND,5005,Fama Bliss Discount Bonds - 5-Year (Nominal),1958-08-29,8.3405872299245E+01,D,3.6250566623379E+00
2000051,DISCBOND,5005,Fama Bliss Discount Bonds - 5-Year (Nominal),1958-09-30,8.3068404081753E+01,D,3.7080834950661E+00
2000051,DISCBOND,5005,Fama Bliss Discount Bonds - 5-Year (Nominal),1958-10-31,8.3361824422081E+01,D,3.6376011200425E+00
2000051,DISCBOND,5005,Fama Bliss Discount Bonds - 5-Year (Nominal),1958-11-28,8.4308325431076E+01,D,3.4100542522643E+00
2000051,DISCBOND,5005,Fama Bliss Discount Bonds - 5-Year (Nominal),1958-12-31,8.2839451959398E+01,D,3.7632531250519E+00
2000051,DISCBOND,5005,Fama Bliss Discount Bonds - 5-Year (Nominal),1959-01-30,8.2149830231706E+01,D,3.9282032490520E+00
2000051,DISCBOND,5005,Fama Bliss Discount Bonds - 5-Year (Nominal),1959-02-27,8.2863040034182E+01,D,3.7555055709446E+00
2000051,DISCBOND,5005,Fama Bliss Discount Bonds - 5-Year (Nominal),1959-03-31,8.2213413852700E+01,D,3.9127462605762E+00
2000051,DISCBOND,5005,Fama Bliss Discount Bonds - 5-Year (Nominal),1959-04-30,8.1507870902095E+01,D,4.0849352236400E+00
2000051,DISCBOND,5005,Fama Bliss Discount Bonds - 5-Year (Nominal),1959-05-29,8.0924542977715E+01,D,4.2307423222769E+00
2000051,DISCBOND,5005,Fama Bliss Discount Bonds - 5-Year (Nominal),1959-06-30,8.0101791787383E+01,D,4.4325815957697E+00
2000051,DISCBOND,5005,Fama Bliss Discount Bonds - 5-Year (Nominal),1959-07-31,7.9607460629096E+01,D,4.5562542281113E+00
2000051,DISCBOND,5005,Fama Bliss Discount Bonds - 5-Year (Nominal),1959-08-31,7.9047354141034E+01,D,4.6973140920221E+00
2000051,DISCBOND,5005,Fama Bliss Discount Bonds - 5-Year (Nominal),1959-09-30,7.9086531618078E+01,D,4.6874149890904E+00
2000051,DISCBOND,5005,Fama Bliss Discount Bonds - 5-Year (Nominal),1959-10-30,8.0867373832339E+01,D,4.2425452676307E+00
2000051,DISCBOND,5005,Fama Bliss Discount Bonds - 5-Year (Nominal),1959-11-30,7.9482169843485E+01,D,4.5877216859030E+00
2000051,DISCBOND,5005,Fama Bliss Discount Bonds - 5-Year (Nominal),1959-12-31,7.8600583115258E+01,D,4.8105494818554E+00
2000051,DISCBOND,5005,Fama Bliss Discount Bonds - 5-Year (Nominal),1960-01-29,7.9214532168701E+01,D,4.6551068154452E+00
2000051,DISCBOND,5005,Fama Bliss Discount Bonds - 5-Year (Nominal),1960-02-29,7.9514508155629E+01,D,4.5871271855649E+00
2000051,DISCBOND,5005,Fama Bliss Discount Bonds - 5-Year (Nominal),1960-03-31,8.1687015281239E+01,D,4.0432869389487E+00
2000051,DISCBOND,5005,Fama Bliss Discount Bonds - 5-Year (Nominal),1960-04-29,8.0966769153823E+01,D,4.2180049514313E+00
2000051,DISCBOND,5005,Fama Bliss Discount Bonds - 5-Year (Nominal),1960-05-31,8.0275983003486E+01,D,4.3988147202408E+00
2000051,DISCBOND,5005,Fama Bliss Discount Bonds - 5-Year (Nominal),1960-06-30,8.1951808547467E+01,D,3.9785960618652E+00
2000051,DISCBOND,5005,Fama Bliss Discount Bonds - 5-Year (Nominal),1960-07-29,8.4256964250595E+01,D,3.4222287532277E+00
2000051,DISCBOND,5005,Fama Bliss Discount Bonds - 5-Year (Nominal),1960-08-31,8.3891536505958E+01,D,3.5109851310231E+00
2000051,DISCBOND,5005,Fama Bliss Discount Bonds - 5-Year (Nominal),1960-09-30,8.3969245034375E+01,D,3.4924778956684E+00
2000051,DISCBOND,5005,Fama Bliss Discount Bonds - 5-Year (Nominal),1960-10-31,8.3715093597860E+01,D,3.5569668630944E+00
2000051,DISCBOND,5005,Fama Bliss Discount Bonds - 5-Year (Nominal),1960-11-30,8.3187969070346E+01,D,3.6793328315211E+00
2000051,DISCBOND,5005,Fama Bliss Discount Bonds - 5-Year (Nominal),1960-12-30,8.4209280560376E+01,D,3.4335381979799E+00
2000051,DISCBOND,5005,Fama Bliss Discount Bonds - 5-Year (Nominal),1961-01-31,8.3386938024326E+01,D,3.6315801222450E+00
2000051,DISCBOND,5005,Fama Bliss Discount Bonds - 5-Year (Nominal),1961-02-28,8.3987057813348E+01,D,3.4882379777651E+00
2000051,DISCBOND,5005,Fama Bliss Discount Bonds - 5-Year (Nominal),1961-03-30,8.4172556400531E+01,D,3.4422526672342E+00
2000051,DISCBOND,5005,Fama Bliss Discount Bonds - 5-Year (Nominal),1961-04-28,8.4578152967873E+01,D,3.3462167233445E+00
2000051,DISCBOND,5005,Fama Bliss Discount Bonds - 5-Year (Nominal),1961-05-31,8.3778695091344E+01,D,3.5378902363332E+00
2000051,DISCBOND,5005,Fama Bliss Discount Bonds - 5-Year (Nominal),1961-06-30,8.3402921690451E+01,D,3.6277489751211E+00
2000051,DISCBOND,5005,Fama Bliss Discount Bonds - 5-Year (Nominal),1961-07-31,8.3378129708839E+01,D,3.6376760798139E+00
2000051,DISCBOND,5005,Fama Bliss Discount Bonds - 5-Year (Nominal),1961-08-31,8.3260783816162E+01,D,3.6618439960173E+00
2000051,DISCBOND,5005,Fama Bliss Discount Bonds - 5-Year (Nominal),1961-09-29,8.3569105970772E+01,D,3.5859957123828E+00
2000051,DISCBOND,5005,Fama Bliss Discount Bonds - 5-Year (Nominal),1961-10-31,8.3177954280847E+01,D,3.6817394072037E+00
2000051,DISCBOND,5005,Fama Bliss Discount Bonds - 5-Year (Nominal),1961-11-30,8.2768160381582E+01,D,3.7804630917756E+00
2000051,DISCBOND,5005,Fama Bliss Discount Bonds - 5-Year (Nominal),1961-12-29,8.2476425977996E+01,D,3.8489355410233E+00
2000051,DISCBOND,5005,Fama Bliss Discount Bonds - 5-Year (Nominal),1962-01-31,8.2050695775986E+01,D,3.9544908001519E+00
2000051,DISCBOND,5005,Fama Bliss Discount Bonds - 5-Year (Nominal),1962-02-28,8.3080428336235E+01,D,3.7051902652029E+00
2000051,DISCBOND,5005,Fama Bliss Discount Bonds - 5-Year (Nominal),1962-03-30,8.3592956915875E+01,D,3.5802946973919E+00
2000051,DISCBOND,5005,Fama Bliss Discount Bonds - 5-Year (Nominal),1962-04-30,8.3512626025880E+01,D,3.6054226262750E+00
2000051,DISCBOND,5005,Fama Bliss Discount Bonds - 5-Year (Nominal),1962-05-31,8.3612815135682E+01,D,3.5775073378274E+00
2000051,DISCBOND,5005,Fama Bliss Discount Bonds - 5-Year (Nominal),1962-06-29,8.3293028119509E+01,D,3.6521043912119E+00
2000051,DISCBOND,5005,Fama Bliss Discount Bonds - 5-Year (Nominal),1962-07-31,8.3007503214805E+01,D,3.7227436626114E+00
2000051,DISCBOND,5005,Fama Bliss Discount Bonds - 5-Year (Nominal),1962-08-31,8.3778526912556E+01,D,3.5379303627277E+00
2000051,DISCBOND,5005,Fama Bliss Discount Bonds - 5-Year (Nominal),1962-09-28,8.3242315330585E+01,D,3.6642717243932E+00
2000051,DISCBOND,5005,Fama Bliss Discount Bonds - 5-Year (Nominal),1962-10-31,8.3454152420625E+01,D,3.6154743564635E+00
2000051,DISCBOND,5005,Fama Bliss Discount Bonds - 5-Year (Nominal),1962-11-30,8.3791983136300E+01,D,3.5347200474758E+00
2000051,DISCBOND,5005,Fama Bliss Discount Bonds - 5-Year (Nominal),1962-12-31,8.3990008371523E+01,D,3.4913598581870E+00
2000051,DISCBOND,5005,Fama Bliss Discount Bonds - 5-Year (Nominal),1963-01-31,8.3509048129941E+01,D,3.6023299878889E+00
2000051,DISCBOND,5005,Fama Bliss Discount Bonds - 5-Year (Nominal),1963-02-28,8.3298719282527E+01,D,3.6507393937259E+00
2000051,DISCBOND,5005,Fama Bliss Discount Bonds - 5-Year (Nominal),1963-03-29,8.3212208013016E+01,D,3.6714987696775E+00
2000051,DISCBOND,5005,Fama Bliss Discount Bonds - 5-Year (Nominal),1963-04-30,8.3177635135453E+01,D,3.6798009666183E+00
2000051,DISCBOND,5005,Fama Bliss Discount Bonds - 5-Year (Nominal),1963-05-31,8.2941900778939E+01,D,3.7365014516367E+00
2000051,DISCBOND,5005,Fama Bliss Discount Bonds - 5-Year (Nominal),1963-06-28,8.2800085469342E+01,D,3.7706895538333E+00
2000051,DISCBOND,5005,Fama Bliss Discount Bonds - 5-Year (Nominal),1963-07-31,8.2515980762638E+01,D,3.8393565584265E+00
2000051,DISCBOND,5005,Fama Bliss Discount Bonds - 5-Year (Nominal),1963-08-30,8.2356044535169E+01,D,3.8781166076901E+00
2000051,DISCBOND,5005,Fama Bliss Discount Bonds - 5-Year (Nominal),1963-09-30,8.2187494641391E+01,D,3.9190456996798E+00
2000051,DISCBOND,5005,Fama Bliss Discount Bonds - 5-Year (Nominal),1963-10-31,8.1945002720811E+01,D,3.9780776756926E+00
2000051,DISCBOND,5005,Fama Bliss Discount Bonds - 5-Year (Nominal),1963-11-29,8.2076841731477E+01,D,3.9459612913302E+00
2000051,DISCBOND,5005,Fama Bliss Discount Bonds - 5-Year (Nominal),1963-12-31,8.1837649869712E+01,D,4.0042673473609E+00
2000051,DISCBOND,5005,Fama Bliss Discount Bonds - 5-Year (Nominal),1964-01-31,8.1921006959836E+01,D,3.9839286738489E+00
2000051,DISCBOND,5005,Fama Bliss Discount Bonds - 5-Year (Nominal),1964-02-28,8.1760823847454E+01,D,4.0230308296338E+00
2000051,DISCBOND,5005,Fama Bliss Discount Bonds - 5-Year (Nominal),1964-03-31,8.1594084541387E+01,D,4.0727317499416E+00
2000051,DISCBOND,5005,Fama Bliss Discount Bonds - 5-Year (Nominal),1964-04-30,8.1549777709443E+01,D,4.0768976071565E+00
2000051,DISCBOND,5005,Fama Bliss Discount Bonds - 5-Year (Nominal),1964-05-28,8.1940117493053E+01,D,3.9792687246177E+00
2000051,DISCBOND,5005,Fama Bliss Discount Bonds - 5-Year (Nominal),1964-06-30,8.1957051824802E+01,D,3.9773172034309E+00
2000051,DISCBOND,5005,Fama Bliss Discount Bonds - 5-Year (Nominal),1964-07-31,8.1839684748130E+01,D,4.0059631508219E+00
2000051,DISCBOND,5005,Fama Bliss Discount Bonds - 5-Year (Nominal),1964-08-31,8.1791921305914E+01,D,4.0220379641095E+00
2000051,DISCBOND,5005,Fama Bliss Discount Bonds - 5-Year (Nominal),1964-09-30,8.1901262842228E+01,D,3.9909285799384E+00
2000051,DISCBOND,5005,Fama Bliss Discount Bonds - 5-Year (Nominal),1964-10-30,8.1832801403372E+01,D,4.0054509840389E+00
2000051,DISCBOND,5005,Fama Bliss Discount Bonds - 5-Year (Nominal),1964-11-30,8.1598450097845E+01,D,4.0694281164987E+00
2000051,DISCBOND,5005,Fama Bliss Discount Bonds - 5-Year (Nominal),1964-12-31,8.1554982032116E+01,D,4.0756219920504E+00
2000051,DISCBOND,5005,Fama Bliss Discount Bonds - 5-Year (Nominal),1965-01-29,8.1535217270341E+01,D,4.0782335761751E+00
2000051,DISCBOND,5005,Fama Bliss Discount Bonds - 5-Year (Nominal),1965-02-26,8.1360356496500E+01,D,4.1211247160619E+00
2000051,DISCBOND,5005,Fama Bliss Discount Bonds - 5-Year (Nominal),1965-03-31,8.1451104433637E+01,D,4.1010985183284E+00
2000051,DISCBOND,5005,Fama Bliss Discount Bonds - 5-Year (Nominal),1965-04-30,8.1387630045077E+01,D,4.1166819428729E+00
2000051,DISCBOND,5005,Fama Bliss Discount Bonds - 5-Year (Nominal),1965-05-28,8.1363282654597E+01,D,4.1204062083269E+00
2000051,DISCBOND,5005,Fama Bliss Discount Bonds - 5-Year (Nominal),1965-06-30,8.1481953649511E+01,D,4.0935291960088E+00
2000051,DISCBOND,5005,Fama Bliss Discount Bonds - 5-Year (Nominal),1965-07-30,8.1360672091686E+01,D,4.1210472215409E+00
2000051,DISCBOND,5005,Fama Bliss Discount Bonds - 5-Year (Nominal),1965-08-31,8.1237093110166E+01,D,4.1536885011148E+00
2000051,DISCBOND,5005,Fama Bliss Discount Bonds - 5-Year (Nominal),1965-09-30,8.0854725665963E+01,D,4.2479952321988E+00
2000051,DISCBOND,5005,Fama Bliss Discount Bonds - 5-Year (Nominal),1965-10-29,8.0553255435389E+01,D,4.3202986327050E+00
2000051,DISCBOND,5005,Fama Bliss Discount Bonds - 5-Year (Nominal),1965-11-30,8.0262004592451E+01,D,4.3950685063835E+00
2000051,DISCBOND,5005,Fama Bliss Discount Bonds - 5-Year (Nominal),1965-12-31,7.8769726465653E+01,D,4.7702149270387E+00
2000051,DISCBOND,5005,Fama Bliss Discount Bonds - 5-Year (Nominal),1966-01-31,7.8569951696490E+01,D,4.8262615166113E+00
2000051,DISCBOND,5005,Fama Bliss Discount Bonds - 5-Year (Nominal),1966-02-28,7.8078863173103E+01,D,4.9517292674598E+00
2000051,DISCBOND,5005,Fama Bliss Discount Bonds - 5-Year (Nominal),1966-03-31,7.8941368568912E+01,D,4.7267054538537E+00
2000051,DISCBOND,5005,Fama Bliss Discount Bonds - 5-Year (Nominal),1966-04-29,7.8654080687294E+01,D,4.7969564960396E+00
2000051,DISCBOND,5005,Fama Bliss Discount Bonds - 5-Year (Nominal),1966-05-31,7.8355084960481E+01,D,4.8837385148241E+00
2000051,DISCBOND,5005,Fama Bliss Discount Bonds - 5-Year (Nominal),1966-06-30,7.7840675459019E+01,D,5.0073774826781E+00
2000051,DISCBOND,5005,Fama Bliss Discount Bonds - 5-Year (Nominal),1966-07-29,7.7161380927381E+01,D,5.1797455477301E+00
2000051,DISCBOND,5005,Fama Bliss Discount Bonds - 5-Year (Nominal),1966-08-31,7.5719650629611E+01,D,5.5596029359810E+00
2000051,DISCBOND,5005,Fama Bliss Discount Bonds - 5-Year (Nominal),1966-09-30,7.7297233502690E+01,D,5.1474197330249E+00
2000051,DISCBOND,5005,Fama Bliss Discount Bonds - 5-Year (Nominal),1966-10-31,7.7439704743748E+01,D,5.1162144330647E+00
2000051,DISCBOND,5005,Fama Bliss Discount Bonds - 5-Year (Nominal),1966-11-30,7.7112176530014E+01,D,5.1953327999013E+00
2000051,DISCBOND,5005,Fama Bliss Discount Bonds - 5-Year (Nominal),1966-12-30,7.9100177977413E+01,D,4.6839680697507E+00
2000051,DISCBOND,5005,Fama Bliss Discount Bonds - 5-Year (Nominal),1967-01-31,7.9637055716985E+01,D,4.5513195273444E+00
2000051,DISCBOND,5005,Fama Bliss Discount Bonds - 5-Year (Nominal),1967-02-28,7.9096235097603E+01,D,4.6849639364629E+00
2000051,DISCBOND,5005,Fama Bliss Discount Bonds - 5-Year (Nominal),1967-03-31,8.0383330443655E+01,D,4.3648754287395E+00
2000051,DISCBOND,5005,Fama Bliss Discount Bonds - 5-Year (Nominal),1967-04-28,7.9311054186490E+01,D,4.6307785364907E+00
2000051,DISCBOND,5005,Fama Bliss Discount Bonds - 5-Year (Nominal),1967-05-31,7.9118449234946E+01,D,4.6793538833152E+00
2000051,DISCBOND,5005,Fama Bliss Discount Bonds - 5-Year (Nominal),1967-06-30,7.6878675453061E+01,D,5.2530761659189E+00
2000051,DISCBOND,5005,Fama Bliss Discount Bonds - 5-Year (Nominal),1967-07-31,7.7779526982108E+01,D,5.0203369950680E+00
2000051,DISCBOND,5005,Fama Bliss Discount Bonds - 5-Year (Nominal),1967-08-31,7.7135364104744E+01,D,5.1864827844207E+00
2000051,DISCBOND,5005,Fama Bliss Discount Bonds - 5-Year (Nominal),1967-09-29,7.7026886396704E+01,D,5.2145983510120E+00
2000051,DISCBOND,5005,Fama Bliss Discount Bonds - 5-Year (Nominal),1967-10-31,7.5696872650182E+01,D,5.5625707628345E+00
2000051,DISCBOND,5005,Fama Bliss Discount Bonds - 5-Year (Nominal),1967-11-30,7.5540986707713E+01,D,5.6037549875001E+00
2000051,DISCBOND,5005,Fama Bliss Discount Bonds - 5-Year (Nominal),1967-12-29,7.5595977298981E+01,D,5.5892170759009E+00
2000051,DISCBOND,5005,Fama Bliss Discount Bonds - 5-Year (Nominal),1968-01-31,7.6347526082037E+01,D,5.3915825159363E+00
2000051,DISCBOND,5005,Fama Bliss Discount Bonds - 5-Year (Nominal),1968-02-29,7.6385366487222E+01,D,5.3846302700760E+00
2000051,DISCBOND,5005,Fama Bliss Discount Bonds - 5-Year (Nominal),1968-03-29,7.5783400880273E+01,D,5.5397470604161E+00
2000051,DISCBOND,5005,Fama Bliss Discount Bonds - 5-Year (Nominal),1968-04-30,7.5248988215229E+01,D,5.6842397270175E+00
2000051,DISCBOND,5005,Fama Bliss Discount Bonds - 5-Year (Nominal),1968-05-31,7.5427353272800E+01,D,5.6369151231444E+00
2000051,DISCBOND,5005,Fama Bliss Discount Bonds - 5-Year (Nominal),1968-06-28,7.6414669477937E+01,D,5.3740206058914E+00
2000051,DISCBOND,5005,Fama Bliss Discount Bonds - 5-Year (Nominal),1968-07-31,7.7523566909377E+01,D,5.0889754905017E+00
2000051,DISCBOND,5005,Fama Bliss Discount Bonds - 5-Year (Nominal),1968-08-30,7.7207463020725E+01,D,5.1678178432746E+00
2000051,DISCBOND,5005,Fama Bliss Discount Bonds - 5-Year (Nominal),1968-09-30,7.7172149830897E+01,D,5.1854722172286E+00
2000051,DISCBOND,5005,Fama Bliss Discount Bonds - 5-Year (Nominal),1968-10-31,7.6656520388788E+01,D,5.3137985034680E+00
2000051,DISCBOND,5005,Fama Bliss Discount Bonds - 5-Year (Nominal),1968-11-29,7.5980900078356E+01,D,5.4877498236355E+00
2000051,DISCBOND,5005,Fama Bliss Discount Bonds - 5-Year (Nominal),1968-12-31,7.2860547910364E+01,D,6.3289893447672E+00
2000051,DISCBOND,5005,Fama Bliss Discount Bonds - 5-Year (Nominal),1969-01-31,7.3854945947757E+01,D,6.0580244668559E+00
2000051,DISCBOND,5005,Fama Bliss Discount Bonds - 5-Year (Nominal),1969-02-28,7.3011911793506E+01,D,6.2875062466732E+00
2000051,DISCBOND,5005,Fama Bliss Discount Bonds - 5-Year (Nominal),1969-03-28,7.3054107922264E+01,D,6.2725222513700E+00
2000051,DISCBOND,5005,Fama Bliss Discount Bonds - 5-Year (Nominal),1969-04-30,7.3323274944340E+01,D,6.2024431525898E+00
2000051,DISCBOND,5005,Fama Bliss Discount Bonds - 5-Year (Nominal),1969-05-29,7.2111187608297E+01,D,6.5284880423376E+00
2000051,DISCBOND,5005,Fama Bliss Discount Bonds - 5-Year (Nominal),1969-06-30,7.1019061071621E+01,D,6.8481899001772E+00
2000051,DISCBOND,5005,Fama Bliss Discount Bonds - 5-Year (Nominal),1969-07-31,7.1250409869711E+01,D,6.7756793668535E+00
2000051,DISCBOND,5005,Fama Bliss Discount Bonds - 5-Year (Nominal),1969-08-29,7.0606474904357E+01,D,6.9533465007680E+00
2000051,DISCBOND,5005,Fama Bliss Discount Bonds - 5-Year (Nominal),1969-09-30,6.7485677348085E+01,D,7.8607884268553E+00
2000051,DISCBOND,5005,Fama Bliss Discount Bonds - 5-Year (Nominal),1969-10-31,7.0040914156741E+01,D,7.1179120797298E+00
2000051,DISCBOND,5005,Fama Bliss Discount Bonds - 5-Year (Nominal),1969-11-28,6.8989247084250E+01,D,7.4162631855445E+00
2000051,DISCBOND,5005,Fama Bliss Discount Bonds - 5-Year (Nominal),1969-12-31,6.7125669904732E+01,D,7.9677069417216E+00
2000051,DISCBOND,5005,Fama Bliss Discount Bonds - 5-Year (Nominal),1970-01-30,6.6797786629936E+01,D,8.0611705801052E+00
2000051,DISCBOND,5005,Fama Bliss Discount Bonds - 5-Year (Nominal),1970-02-27,6.9949905141332E+01,D,7.1399921121476E+00
2000051,DISCBOND,5005,Fama Bliss Discount Bonds - 5-Year (Nominal),1970-03-31,7.0288161642876E+01,D,7.0474741242020E+00
2000051,DISCBOND,5005,Fama Bliss Discount Bonds - 5-Year (Nominal),1970-04-30,6.7906673034477E+01,D,7.7364781622001E+00
2000051,DISCBOND,5005,Fama Bliss Discount Bonds - 5-Year (Nominal),1970-05-29,6.8354594101138E+01,D,7.6008984006446E+00
2000051,DISCBOND,5005,Fama Bliss Discount Bonds - 5-Year (Nominal),1970-06-30,6.8585059067660E+01,D,7.5377789240574E+00
2000051,DISCBOND,5005,Fama Bliss Discount Bonds - 5-Year (Nominal),1970-07-31,6.9171059232282E+01,D,7.3677152591815E+00
2000051,DISCBOND,5005,Fama Bliss Discount Bonds - 5-Year (Nominal),1970-08-31,6.9607693051768E+01,D,7.2498742588411E+00
2000051,DISCBOND,5005,Fama Bliss Discount Bonds - 5-Year (Nominal),1970-09-30,7.0294779942693E+01,D,7.0455920537161E+00
2000051,DISCBOND,5005,Fama Bliss Discount Bonds - 5-Year (Nominal),1970-10-30,7.0894345462557E+01,D,6.8720591067914E+00
2000051,DISCBOND,5005,Fama Bliss Discount Bonds - 5-Year (Nominal),1970-11-30,7.4462555560698E+01,D,5.9007091026395E+00
2000051,DISCBOND,5005,Fama Bliss Discount Bonds - 5-Year (Nominal),1970-12-31,7.4375406077426E+01,D,5.9176545045634E+00
2000051,DISCBOND,5005,Fama Bliss Discount Bonds - 5-Year (Nominal),1971-01-29,7.5362088446253E+01,D,5.6511238049389E+00
2000051,DISCBOND,5005,Fama Bliss Discount Bonds - 5-Year (Nominal),1971-02-26,7.6690832223000E+01,D,5.3019498504678E+00
2000051,DISCBOND,5005,Fama Bliss Discount Bonds - 5-Year (Nominal),1971-03-31,7.7951767335051E+01,D,4.9761450110416E+00
2000051,DISCBOND,5005,Fama Bliss Discount Bonds - 5-Year (Nominal),1971-04-30,7.4165220835348E+01,D,5.9709537920843E+00
2000051,DISCBOND,5005,Fama Bliss Discount Bonds - 5-Year (Nominal),1971-05-28,7.3305253587906E+01,D,6.2039592348612E+00
2000051,DISCBOND,5005,Fama Bliss Discount Bonds - 5-Year (Nominal),1971-06-30,7.1223055971551E+01,D,6.7796422029701E+00
2000051,DISCBOND,5005,Fama Bliss Discount Bonds - 5-Year (Nominal),1971-07-30,7.0835686606610E+01,D,6.8885960805439E+00
2000051,DISCBOND,5005,Fama Bliss Discount Bonds - 5-Year (Nominal),1971-08-31,7.3983207651179E+01,D,6.0200434862163E+00
2000051,DISCBOND,5005,Fama Bliss Discount Bonds - 5-Year (Nominal),1971-09-30,7.4202282489333E+01,D,5.9609728777806E+00
2000051,DISCBOND,5005,Fama Bliss Discount Bonds - 5-Year (Nominal),1971-10-29,7.5341677699085E+01,D,5.6565353229630E+00
2000051,DISCBOND,5005,Fama Bliss Discount Bonds - 5-Year (Nominal),1971-11-30,7.5102695020001E+01,D,5.7200062953860E+00
2000051,DISCBOND,5005,Fama Bliss Discount Bonds - 5-Year (Nominal),1971-12-31,7.6219280621048E+01,D,5.4251691403833E+00
2000051,DISCBOND,5005,Fama Bliss Discount Bonds - 5-Year (Nominal),1972-01-31,7.5119961076984E+01,D,5.7154138706815E+00
2000051,DISCBOND,5005,Fama Bliss Discount Bonds - 5-Year (Nominal),1972-02-29,7.5336167900290E+01,D,5.6610948299479E+00
2000051,DISCBOND,5005,Fama Bliss Discount Bonds - 5-Year (Nominal),1972-03-30,7.4074364092684E+01,D,5.9954431464753E+00
2000051,DISCBOND,5005,Fama Bliss Discount Bonds - 5-Year (Nominal),1972-04-28,7.4823962629109E+01,D,5.7942899719503E+00
2000051,DISCBOND,5005,Fama Bliss Discount Bonds - 5-Year (Nominal),1972-05-31,7.5147628604123E+01,D,5.7111829166265E+00
2000051,DISCBOND,5005,Fama Bliss Discount Bonds - 5-Year (Nominal),1972-06-30,7.4423474542452E+01,D,5.9047398534609E+00
2000051,DISCBOND,5005,Fama Bliss Discount Bonds - 5-Year (Nominal),1972-07-31,7.4514351902531E+01,D,5.8867942641480E+00
2000051,DISCBOND,5005,Fama Bliss Discount Bonds - 5-Year (Nominal),1972-08-31,7.3778709051029E+01,D,6.0786688518466E+00
2000051,DISCBOND,5005,Fama Bliss Discount Bonds - 5-Year (Nominal),1972-09-29,7.3867030924230E+01,D,6.0514400056717E+00
2000051,DISCBOND,5005,Fama Bliss Discount Bonds - 5-Year (Nominal),1972-10-31,7.3736529945078E+01,D,6.0900998082276E+00
2000051,DISCBOND,5005,Fama Bliss Discount Bonds - 5-Year (Nominal),1972-11-30,7.4053136838529E+01,D,6.0044553958640E+00
2000051,DISCBOND,5005,Fama Bliss Discount Bonds - 5-Year (Nominal),1972-12-29,7.3441371350873E+01,D,6.1668970416957E+00
2000051,DISCBOND,5005,Fama Bliss Discount Bonds - 5-Year (Nominal),1973-01-31,7.2971203573559E+01,D,6.2986543649834E+00
2000051,DISCBOND,5005,Fama Bliss Discount Bonds - 5-Year (Nominal),1973-02-28,7.1918348406940E+01,D,6.5891644947523E+00
2000051,DISCBOND,5005,Fama Bliss Discount Bonds - 5-Year (Nominal),1973-03-30,7.1697470022877E+01,D,6.6470100430905E+00
2000051,DISCBOND,5005,Fama Bliss Discount Bonds - 5-Year (Nominal),1973-04-30,7.2019774140143E+01,D,6.5681881726019E+00
2000051,DISCBOND,5005,Fama Bliss Discount Bonds - 5-Year (Nominal),1973-05-31,7.1899921883280E+01,D,6.5942866345016E+00
2000051,DISCBOND,5005,Fama Bliss Discount Bonds - 5-Year (Nominal),1973-06-29,7.1447726512407E+01,D,6.7167211827400E+00
2000051,DISCBOND,5005,Fama Bliss Discount Bonds - 5-Year (Nominal),1973-07-31,6.8238134537615E+01,D,7.6391463198311E+00
2000051,DISCBOND,5005,Fama Bliss Discount Bonds - 5-Year (Nominal),1973-08-31,7.0282358048569E+01,D,7.0491246596985E+00
2000051,DISCBOND,5005,Fama Bliss Discount Bonds - 5-Year (Nominal),1973-09-28,7.2085908542739E+01,D,6.5390659275823E+00
2000051,DISCBOND,5005,Fama Bliss Discount Bonds - 5-Year (Nominal),1973-10-31,7.1765206752782E+01,D,6.6317741976487E+00
2000051,DISCBOND,5005,Fama Bliss Discount Bonds - 5-Year (Nominal),1973-11-30,7.1852967268955E+01,D,6.6073448485786E+00
2000051,DISCBOND,5005,Fama Bliss Discount Bonds - 5-Year (Nominal),1973-12-31,7.1610642661849E+01,D,6.6821910118797E+00
2000051,DISCBOND,5005,Fama Bliss Discount Bonds - 5-Year (Nominal),1974-01-31,7.1374139083853E+01,D,6.7409976848031E+00
2000051,DISCBOND,5005,Fama Bliss Discount Bonds - 5-Year (Nominal),1974-02-28,7.1143702862189E+01,D,6.8056380735544E+00
2000051,DISCBOND,5005,Fama Bliss Discount Bonds - 5-Year (Nominal),1974-03-29,6.8999887830815E+01,D,7.4131820449377E+00
2000051,DISCBOND,5005,Fama Bliss Discount Bonds - 5-Year (Nominal),1974-04-30,6.7230287906444E+01,D,7.9365774770829E+00
2000051,DISCBOND,5005,Fama Bliss Discount Bonds - 5-Year (Nominal),1974-05-31,6.7932939596337E+01,D,7.7287478172500E+00
2000051,DISCBOND,5005,Fama Bliss Discount Bonds - 5-Year (Nominal),1974-06-28,6.6754981831573E+01,D,8.0739768863926E+00
2000051,DISCBOND,5005,Fama Bliss Discount Bonds - 5-Year (Nominal),1974-07-31,6.6395067574102E+01,D,8.1864623194664E+00
2000051,DISCBOND,5005,Fama Bliss Discount Bonds - 5-Year (Nominal),1974-08-30,6.5753214620344E+01,D,8.3760531863900E+00
2000051,DISCBOND,5005,Fama Bliss Discount Bonds - 5-Year (Nominal),1974-09-30,6.7596633398662E+01,D,7.8365339776892E+00
2000051,DISCBOND,5005,Fama Bliss Discount Bonds - 5-Year (Nominal),1974-10-31,6.7782509991188E+01,D,7.7730603197104E+00
2000051,DISCBOND,5005,Fama Bliss Discount Bonds - 5-Year (Nominal),1974-11-29,6.9084301863192E+01,D,7.3887558930026E+00
2000051,DISCBOND,5005,Fama Bliss Discount Bonds - 5-Year (Nominal),1974-12-31,7.0130341725007E+01,D,7.0924065358483E+00
2000051,DISCBOND,5005,Fama Bliss Discount Bonds - 5-Year (Nominal),1975-01-31,6.9911552976352E+01,D,7.1548647313492E+00
2000051,DISCBOND,5005,Fama Bliss Discount Bonds - 5-Year (Nominal),1975-02-28,7.0665954846503E+01,D,6.9365237326923E+00
2000051,DISCBOND,5005,Fama Bliss Discount Bonds - 5-Year (Nominal),1975-03-31,6.9415572677152E+01,D,7.2931864769871E+00
2000051,DISCBOND,5005,Fama Bliss Discount Bonds - 5-Year (Nominal),1975-04-30,6.7508187286790E+01,D,7.8498234361525E+00
2000051,DISCBOND,5005,Fama Bliss Discount Bonds - 5-Year (Nominal),1975-05-30,6.9002499672144E+01,D,7.4124258313106E+00
2000051,DISCBOND,5005,Fama Bliss Discount Bonds - 5-Year (Nominal),1975-06-30,6.8368946994892E+01,D,7.5967038978998E+00
2000051,DISCBOND,5005,Fama Bliss Discount Bonds - 5-Year (Nominal),1975-07-31,6.7563790333444E+01,D,7.8333752632077E+00
2000051,DISCBOND,5005,Fama Bliss Discount Bonds - 5-Year (Nominal),1975-08-29,6.7087435535487E+01,D,7.9747286938613E+00
2000051,DISCBOND,5005,Fama Bliss Discount Bonds - 5-Year (Nominal),1975-09-30,6.6635031909361E+01,D,8.1099072059420E+00
2000051,DISCBOND,5005,Fama Bliss Discount Bonds - 5-Year (Nominal),1975-10-31,6.8565764017266E+01,D,7.5392745723696E+00
2000051,DISCBOND,5005,Fama Bliss Discount Bonds - 5-Year (Nominal),1975-11-28,6.7999956193615E+01,D,7.7048188004542E+00
2000051,DISCBOND,5005,Fama Bliss Discount Bonds - 5-Year (Nominal),1975-12-31,6.9203134218511E+01,D,7.3544209447959E+00
2000051,DISCBOND,5005,Fama Bliss Discount Bonds - 5-Year (Nominal),1976-01-30,6.9117955082700E+01,D,7.3790262747539E+00
2000051,DISCBOND,5005,Fama Bliss Discount Bonds - 5-Year (Nominal),1976-02-27,6.9280863023603E+01,D,7.3319941734276E+00
2000051,DISCBOND,5005,Fama Bliss Discount Bonds - 5-Year (Nominal),1976-03-31,6.9442728287004E+01,D,7.2893621255520E+00
2000051,DISCBOND,5005,Fama Bliss Discount Bonds - 5-Year (Nominal),1976-04-30,6.9529442619846E+01,D,7.2644170298384E+00
2000051,DISCBOND,5005,Fama Bliss Discount Bonds - 5-Year (Nominal),1976-05-28,6.8299999509148E+01,D,7.6168612245236E+00
2000051,DISCBOND,5005,Fama Bliss Discount Bonds - 5-Year (Nominal),1976-06-30,6.8846438317225E+01,D,7.4617449964529E+00
2000051,DISCBOND,5005,Fama Bliss Discount Bonds - 5-Year (Nominal),1976-07-30,6.9511365237093E+01,D,7.2656359637371E+00
2000051,DISCBOND,5005,Fama Bliss Discount Bonds - 5-Year (Nominal),1976-08-31,6.9886050650092E+01,D,7.1621576630839E+00
2000051,DISCBOND,5005,Fama Bliss Discount Bonds - 5-Year (Nominal),1976-09-30,7.0434605098166E+01,D,7.0058708192751E+00
2000051,DISCBOND,5005,Fama Bliss Discount Bonds - 5-Year (Nominal),1976-10-29,7.1412313226334E+01,D,6.7266258474670E+00
2000051,DISCBOND,5005,Fama Bliss Discount Bonds - 5-Year (Nominal),1976-11-30,7.3876325407022E+01,D,6.0522388941267E+00
2000051,DISCBOND,5005,Fama Bliss Discount Bonds - 5-Year (Nominal),1976-12-31,7.3738863972085E+01,D,6.0894670928566E+00
2000051,DISCBOND,5005,Fama Bliss Discount Bonds - 5-Year (Nominal),1977-01-31,7.1354676412919E+01,D,6.7538466699839E+00
2000051,DISCBOND,5005,Fama Bliss Discount Bonds - 5-Year (Nominal),1977-02-28,7.0919015042201E+01,D,6.8763996369397E+00
2000051,DISCBOND,5005,Fama Bliss Discount Bonds - 5-Year (Nominal),1977-03-31,7.0962634338125E+01,D,6.8565772388158E+00
2000051,DISCBOND,5005,Fama Bliss Discount Bonds - 5-Year (Nominal),1977-04-29,7.1042276682688E+01,D,6.8304153558672E+00
2000051,DISCBOND,5005,Fama Bliss Discount Bonds - 5-Year (Nominal),1977-05-31,7.1209918339887E+01,D,6.7982117269037E+00
2000051,DISCBOND,5005,Fama Bliss Discount Bonds - 5-Year (Nominal),1977-06-30,7.1824194789965E+01,D,6.6153507754577E+00
2000051,DISCBOND,5005,Fama Bliss Discount Bonds - 5-Year (Nominal),1977-07-29,7.0770635140840E+01,D,6.9069512663212E+00
2000051,DISCBOND,5005,Fama Bliss Discount Bonds - 5-Year (Nominal),1977-08-31,7.1019349362941E+01,D,6.8406078982495E+00
2000051,DISCBOND,5005,Fama Bliss Discount Bonds - 5-Year (Nominal),1977-09-30,7.0480206852639E+01,D,6.9929334196110E+00
2000051,DISCBOND,5005,Fama Bliss Discount Bonds - 5-Year (Nominal),1977-10-31,6.9524935472121E+01,D,7.2736797343403E+00
2000051,DISCBOND,5005,Fama Bliss Discount Bonds - 5-Year (Nominal),1977-11-30,6.9758376481026E+01,D,7.1987088618682E+00
2000051,DISCBOND,5005,Fama Bliss Discount Bonds - 5-Year (Nominal),1977-12-30,6.8879355983579E+01,D,7.4481111404254E+00
2000051,DISCBOND,5005,Fama Bliss Discount Bonds - 5-Year (Nominal),1978-01-31,6.8409624209335E+01,D,7.5889747422578E+00
2000051,DISCBOND,5005,Fama Bliss Discount Bonds - 5-Year (Nominal),1978-02-28,6.7947400082078E+01,D,7.7244933191673E+00
2000051,DISCBOND,5005,Fama Bliss Discount Bonds - 5-Year (Nominal),1978-03-31,6.7784247743928E+01,D,7.7725478633998E+00
2000051,DISCBOND,5005,Fama Bliss Discount Bonds - 5-Year (Nominal),1978-04-28,6.7321073573079E+01,D,7.9052740110003E+00
2000051,DISCBOND,5005,Fama Bliss Discount Bonds - 5-Year (Nominal),1978-05-31,6.6612336386955E+01,D,8.1211576803747E+00
2000051,DISCBOND,5005,Fama Bliss Discount Bonds - 5-Year (Nominal),1978-06-30,6.5982150836654E+01,D,8.3111641180824E+00
2000051,DISCBOND,5005,Fama Bliss Discount Bonds - 5-Year (Nominal),1978-07-31,6.6226219683000E+01,D,8.2463931063957E+00
2000051,DISCBOND,5005,Fama Bliss Discount Bonds - 5-Year (Nominal),1978-08-31,6.6391330350354E+01,D,8.1875874880123E+00
2000051,DISCBOND,5005,Fama Bliss Discount Bonds - 5-Year (Nominal),1978-09-29,6.6082893406613E+01,D,8.2761356209699E+00
2000051,DISCBOND,5005,Fama Bliss Discount Bonds - 5-Year (Nominal),1978-10-31,6.4648908625260E+01,D,8.7192013186404E+00
2000051,DISCBOND,5005,Fama Bliss Discount Bonds - 5-Year (Nominal),1978-11-30,6.5254629891838E+01,D,8.5327879472196E+00
2000051,DISCBOND,5005,Fama Bliss Discount Bonds - 5-Year (Nominal),1978-12-29,6.3685500370455E+01,D,9.0143866068316E+00
2000051,DISCBOND,5005,Fama Bliss Discount Bonds - 5-Year (Nominal),1979-01-31,6.4712664791198E+01,D,8.6994980167679E+00
2000051,DISCBOND,5005,Fama Bliss Discount Bonds - 5-Year (Nominal),1979-02-28,6.3621196435521E+01,D,9.0345689062900E+00
2000051,DISCBOND,5005,Fama Bliss Discount Bonds - 5-Year (Nominal),1979-03-30,6.4003198648686E+01,D,8.9149725939817E+00
2000051,DISCBOND,5005,Fama Bliss Discount Bonds - 5-Year (Nominal),1979-04-30,6.3555935497016E+01,D,9.0550724361805E+00
2000051,DISCBOND,5005,Fama Bliss Discount Bonds - 5-Year (Nominal),1979-05-31,6.4766483050680E+01,D,8.6781287173232E+00
2000051,DISCBOND,5005,Fama Bliss Discount Bonds - 5-Year (Nominal),1979-06-29,6.5866604586167E+01,D,8.3416310555421E+00
2000051,DISCBOND,5005,Fama Bliss Discount Bonds - 5-Year (Nominal),1979-07-31,6.5072239774578E+01,D,8.5840358087429E+00
2000051,DISCBOND,5005,Fama Bliss Discount Bonds - 5-Year (Nominal),1979-08-31,6.4208579788957E+01,D,8.8509670906677E+00
2000051,DISCBOND,5005,Fama Bliss Discount Bonds - 5-Year (Nominal),1979-09-28,6.3443596523636E+01,D,9.0904161964325E+00
2000051,DISCBOND,5005,Fama Bliss Discount Bonds - 5-Year (Nominal),1979-10-31,5.8784018258492E+01,D,1.0614371052830E+01
2000051,DISCBOND,5005,Fama Bliss Discount Bonds - 5-Year (Nominal),1979-11-30,6.0722578387918E+01,D,9.9661698931797E+00
2000051,DISCBOND,5005,Fama Bliss Discount Bonds - 5-Year (Nominal),1979-12-31,6.0749752154033E+01,D,9.9572315549245E+00
2000051,DISCBOND,5005,Fama Bliss Discount Bonds - 5-Year (Nominal),1980-01-31,5.8854885713074E+01,D,1.0590300823601E+01
2000051,DISCBOND,5005,Fama Bliss Discount Bonds - 5-Year (Nominal),1980-02-29,5.4322156499208E+01,D,1.2198075802496E+01
2000051,DISCBOND,5005,Fama Bliss Discount Bonds - 5-Year (Nominal),1980-03-31,5.4255642001088E+01,D,1.2235968411635E+01
2000051,DISCBOND,5005,Fama Bliss Discount Bonds - 5-Year (Nominal),1980-04-30,6.0115858626765E+01,D,1.0172355950763E+01
2000051,DISCBOND,5005,Fama Bliss Discount Bonds - 5-Year (Nominal),1980-05-30,6.1901645710061E+01,D,9.5819675365099E+00
2000051,DISCBOND,5005,Fama Bliss Discount Bonds - 5-Year (Nominal),1980-06-30,6.2519635162422E+01,D,9.3989402644319E+00
2000051,DISCBOND,5005,Fama Bliss Discount Bonds - 5-Year (Nominal),1980-07-31,6.0406436068747E+01,D,1.0075969182564E+01
2000051,DISCBOND,5005,Fama Bliss Discount Bonds - 5-Year (Nominal),1980-08-29,5.6864323893939E+01,D,1.1277681566569E+01
2000051,DISCBOND,5005,Fama Bliss Discount Bonds - 5-Year (Nominal),1980-09-30,5.6246994970228E+01,D,1.1502048519077E+01
2000051,DISCBOND,5005,Fama Bliss Discount Bonds - 5-Year (Nominal),1980-10-31,5.4179130142017E+01,D,1.2250774940775E+01
2000051,DISCBOND,5005,Fama Bliss Discount Bonds - 5-Year (Nominal),1980-11-28,5.3304229922604E+01,D,1.2569315251521E+01
2000051,DISCBOND,5005,Fama Bliss Discount Bonds - 5-Year (Nominal),1980-12-31,5.5196693436610E+01,D,1.1878833388043E+01
2000051,DISCBOND,5005,Fama Bliss Discount Bonds - 5-Year (Nominal),1981-01-30,5.4136736676228E+01,D,1.2259708188546E+01
2000051,DISCBOND,5005,Fama Bliss Discount Bonds - 5-Year (Nominal),1981-02-27,5.2134577511277E+01,D,1.3012575167766E+01
2000051,DISCBOND,5005,Fama Bliss Discount Bonds - 5-Year (Nominal),1981-03-31,5.2567520614881E+01,D,1.2854390799788E+01
2000051,DISCBOND,5005,Fama Bliss Discount Bonds - 5-Year (Nominal),1981-04-30,5.0296672387650E+01,D,1.3737097708724E+01
2000051,DISCBOND,5005,Fama Bliss Discount Bonds - 5-Year (Nominal),1981-05-29,5.1887856991563E+01,D,1.3107343531280E+01
2000051,DISCBOND,5005,Fama Bliss Discount Bonds - 5-Year (Nominal),1981-06-30,5.1594197139064E+01,D,1.3227970938363E+01
2000051,DISCBOND,5005,Fama Bliss Discount Bonds - 5-Year (Nominal),1981-07-31,4.9609937625916E+01,D,1.4011902133683E+01
2000051,DISCBOND,5005,Fama Bliss Discount Bonds - 5-Year (Nominal),1981-08-31,4.7828151464650E+01,D,1.4759202525225E+01
2000051,DISCBOND,5005,Fama Bliss Discount Bonds - 5-Year (Nominal),1981-09-30,4.7214017471512E+01,D,1.5001366733319E+01
2000051,DISCBOND,5005,Fama Bliss Discount Bonds - 5-Year (Nominal),1981-10-30,4.8957530797893E+01,D,1.4268702591129E+01
2000051,DISCBOND,5005,Fama Bliss Discount Bonds - 5-Year (Nominal),1981-11-30,5.4377413931129E+01,D,1.2191105919686E+01
2000051,DISCBOND,5005,Fama Bliss Discount Bonds - 5-Year (Nominal),1981-12-31,5.1055778075188E+01,D,1.3437665726078E+01
2000051,DISCBOND,5005,Fama Bliss Discount Bonds - 5-Year (Nominal),1982-01-29,5.0584745119081E+01,D,1.3615481513255E+01
2000051,DISCBOND,5005,Fama Bliss Discount Bonds - 5-Year (Nominal),1982-02-26,5.1067402085422E+01,D,1.3425763051327E+01
2000051,DISCBOND,5005,Fama Bliss Discount Bonds - 5-Year (Nominal),1982-03-31,5.0784861186462E+01,D,1.3544015864640E+01
2000051,DISCBOND,5005,Fama Bliss Discount Bonds - 5-Year (Nominal),1982-04-30,5.1850960184279E+01,D,1.3128740406715E+01
2000051,DISCBOND,5005,Fama Bliss Discount Bonds - 5-Year (Nominal),1982-05-28,5.1834245674681E+01,D,1.3127995882910E+01
2000051,DISCBOND,5005,Fama Bliss Discount Bonds - 5-Year (Nominal),1982-06-30,4.9584650056565E+01,D,1.4022093706051E+01
2000051,DISCBOND,5005,Fama Bliss Discount Bonds - 5-Year (Nominal),1982-07-30,5.1672806947692E+01,D,1.3190315165265E+01
2000051,DISCBOND,5005,Fama Bliss Discount Bonds - 5-Year (Nominal),1982-08-31,5.3810668912940E+01,D,1.2387180735962E+01
2000051,DISCBOND,5005,Fama Bliss Discount Bonds - 5-Year (Nominal),1982-09-30,5.6504581138216E+01,D,1.1410716565888E+01
2000051,DISCBOND,5005,Fama Bliss Discount Bonds - 5-Year (Nominal),1982-10-29,5.9570313908470E+01,D,1.0348915134314E+01
2000051,DISCBOND,5005,Fama Bliss Discount Bonds - 5-Year (Nominal),1982-11-30,5.9268537333277E+01,D,1.0456102062866E+01
2000051,DISCBOND,5005,Fama Bliss Discount Bonds - 5-Year (Nominal),1982-12-31,5.9831422099856E+01,D,1.0267158026685E+01
2000051,DISCBOND,5005,Fama Bliss Discount Bonds - 5-Year (Nominal),1983-01-31,5.9278339944676E+01,D,1.0464257842788E+01
2000051,DISCBOND,5005,Fama Bliss Discount Bonds - 5-Year (Nominal),1983-02-28,6.0489832613165E+01,D,1.0042891830155E+01
2000051,DISCBOND,5005,Fama Bliss Discount Bonds - 5-Year (Nominal),1983-03-31,5.9444658351090E+01,D,1.0391100767478E+01
2000051,DISCBOND,5005,Fama Bliss Discount Bonds - 5-Year (Nominal),1983-04-29,6.0552220769355E+01,D,1.0022297379311E+01
2000051,DISCBOND,5005,Fama Bliss Discount Bonds - 5-Year (Nominal),1983-05-31,5.8955428715470E+01,D,1.0556200935845E+01
2000051,DISCBOND,5005,Fama Bliss Discount Bonds - 5-Year (Nominal),1983-06-30,5.8389083288244E+01,D,1.0749045009251E+01
2000051,DISCBOND,5005,Fama Bliss Discount Bonds - 5-Year (Nominal),1983-07-29,5.6172146316528E+01,D,1.1522356048129E+01
2000051,DISCBOND,5005,Fama Bliss Discount Bonds - 5-Year (Nominal),1983-08-31,5.5560027037046E+01,D,1.1741256403206E+01
2000051,DISCBOND,5005,Fama Bliss Discount Bonds - 5-Year (Nominal),1983-09-30,5.6865789629636E+01,D,1.1277166617234E+01
2000051,DISCBOND,5005,Fama Bliss Discount Bonds - 5-Year (Nominal),1983-10-31,5.7015632315256E+01,D,1.1224593076504E+01
2000051,DISCBOND,5005,Fama Bliss Discount Bonds - 5-Year (Nominal),1983-11-30,5.7330859687129E+01,D,1.1114442573421E+01
2000051,DISCBOND,5005,Fama Bliss Discount Bonds - 5-Year (Nominal),1983-12-30,5.6629131875029E+01,D,1.1360482778031E+01
2000051,DISCBOND,5005,Fama Bliss Discount Bonds - 5-Year (Nominal),1984-01-31,5.7208400895353E+01,D,1.1157161474261E+01
2000051,DISCBOND,5005,Fama Bliss Discount Bonds - 5-Year (Nominal),1984-02-29,5.6267318505252E+01,D,1.1494827249577E+01
2000051,DISCBOND,5005,Fama Bliss Discount Bonds - 5-Year (Nominal),1984-03-30,5.4783051841269E+01,D,1.2022610694721E+01
2000051,DISCBOND,5005,Fama Bliss Discount Bonds - 5-Year (Nominal),1984-04-30,5.4101925519214E+01,D,1.2292743719660E+01
2000051,DISCBOND,5005,Fama Bliss Discount Bonds - 5-Year (Nominal),1984-05-31,5.1151203636015E+01,D,1.3400340163957E+01
2000051,DISCBOND,5005,Fama Bliss Discount Bonds - 5-Year (Nominal),1984-06-29,5.1260947102802E+01,D,1.3350189321881E+01
2000051,DISCBOND,5005,Fama Bliss Discount Bonds - 5-Year (Nominal),1984-07-31,5.3429911865613E+01,D,1.2529123314661E+01
2000051,DISCBOND,5005,Fama Bliss Discount Bonds - 5-Year (Nominal),1984-08-31,5.3607262216926E+01,D,1.2462883381000E+01
2000051,DISCBOND,5005,Fama Bliss Discount Bonds - 5-Year (Nominal),1984-09-28,5.4403043967999E+01,D,1.2161673607055E+01
2000051,DISCBOND,5005,Fama Bliss Discount Bonds - 5-Year (Nominal),1984-10-31,5.6901395300320E+01,D,1.1270830303440E+01
2000051,DISCBOND,5005,Fama Bliss Discount Bonds - 5-Year (Nominal),1984-11-30,5.7565236668012E+01,D,1.1038977500946E+01
2000051,DISCBOND,5005,Fama Bliss Discount Bonds - 5-Year (Nominal),1984-12-31,5.7790479328260E+01,D,1.0972935208610E+01
2000051,DISCBOND,5005,Fama Bliss Discount Bonds - 5-Year (Nominal),1985-01-31,5.8894456730702E+01,D,1.0582665198517E+01
2000051,DISCBOND,5005,Fama Bliss Discount Bonds - 5-Year (Nominal),1985-02-28,5.6804878256507E+01,D,1.1304764827462E+01
2000051,DISCBOND,5005,Fama Bliss Discount Bonds - 5-Year (Nominal),1985-03-29,5.7341182666388E+01,D,1.1110845644816E+01
2000051,DISCBOND,5005,Fama Bliss Discount Bonds - 5-Year (Nominal),1985-04-30,5.8344181047722E+01,D,1.0770309258071E+01
2000051,DISCBOND,5005,Fama Bliss Discount Bonds - 5-Year (Nominal),1985-05-31,6.1473721351891E+01,D,9.7258783901799E+00
2000051,DISCBOND,5005,Fama Bliss Discount Bonds - 5-Year (Nominal),1985-06-28,6.1506230323511E+01,D,9.7099930370387E+00
2000051,DISCBOND,5005,Fama Bliss Discount Bonds - 5-Year (Nominal),1985-07-31,6.0882264355040E+01,D,9.9191301286064E+00
2000051,DISCBOND,5005,Fama Bliss Discount Bonds - 5-Year (Nominal),1985-08-30,6.1505636771983E+01,D,9.7101858320208E+00
2000051,DISCBOND,5005,Fama Bliss Discount Bonds - 5-Year (Nominal),1985-09-30,6.1318877079990E+01,D,9.7870114721190E+00
2000051,DISCBOND,5005,Fama Bliss Discount Bonds - 5-Year (Nominal),1985-10-31,6.2169605539482E+01,D,9.5008729883094E+00
2000051,DISCBOND,5005,Fama Bliss Discount Bonds - 5-Year (Nominal),1985-11-29,6.3154634493527E+01,D,9.1816169036276E+00
2000051,DISCBOND,5005,Fama Bliss Discount Bonds - 5-Year (Nominal),1985-12-31,6.4959442543184E+01,D,8.6234159972034E+00
2000051,DISCBOND,5005,Fama Bliss Discount Bonds - 5-Year (Nominal),1986-01-31,6.4893917070853E+01,D,8.6435893962660E+00
2000051,DISCBOND,5005,Fama Bliss Discount Bonds - 5-Year (Nominal),1986-02-28,6.6916856067342E+01,D,8.0299855781787E+00
2000051,DISCBOND,5005,Fama Bliss Discount Bonds - 5-Year (Nominal),1986-03-31,6.9184041268016E+01,D,7.3760828765897E+00
2000051,DISCBOND,5005,Fama Bliss Discount Bonds - 5-Year (Nominal),1986-04-30,6.9063883680137E+01,D,7.3987108594939E+00
2000051,DISCBOND,5005,Fama Bliss Discount Bonds - 5-Year (Nominal),1986-05-30,6.6672051894165E+01,D,8.0988111834463E+00
2000051,DISCBOND,5005,Fama Bliss Discount Bonds - 5-Year (Nominal),1986-06-30,6.8721105097927E+01,D,7.5063895081784E+00
2000051,DISCBOND,5005,Fama Bliss Discount Bonds - 5-Year (Nominal),1986-07-31,6.9096275249352E+01,D,7.3893380186017E+00
2000051,DISCBOND,5005,Fama Bliss Discount Bonds - 5-Year (Nominal),1986-08-29,7.1722972302974E+01,D,6.6399052363740E+00
2000051,DISCBOND,5005,Fama Bliss Discount Bonds - 5-Year (Nominal),1986-09-30,6.9477367340420E+01,D,7.2793937813885E+00
2000051,DISCBOND,5005,Fama Bliss Discount Bonds - 5-Year (Nominal),1986-10-31,7.0269524227845E+01,D,7.0527750674371E+00
2000051,DISCBOND,5005,Fama Bliss Discount Bonds - 5-Year (Nominal),1986-11-28,7.1346312336010E+01,D,6.7450986069684E+00
2000051,DISCBOND,5005,Fama Bliss Discount Bonds - 5-Year (Nominal),1986-12-31,7.0762194787711E+01,D,6.9131177642918E+00
2000051,DISCBOND,5005,Fama Bliss Discount Bonds - 5-Year (Nominal),1987-01-30,7.1361068345157E+01,D,6.7409671161535E+00
2000051,DISCBOND,5005,Fama Bliss Discount Bonds - 5-Year (Nominal),1987-02-27,7.1359518051676E+01,D,6.7414011380183E+00
2000051,DISCBOND,5005,Fama Bliss Discount Bonds - 5-Year (Nominal),1987-03-31,7.0239752953902E+01,D,7.0573809030254E+00
2000051,DISCBOND,5005,Fama Bliss Discount Bonds - 5-Year (Nominal),1987-04-30,6.7559036944680E+01,D,7.8347808540562E+00
2000051,DISCBOND,5005,Fama Bliss Discount Bonds - 5-Year (Nominal),1987-05-29,6.6621281715409E+01,D,8.1140301300437E+00
2000051,DISCBOND,5005,Fama Bliss Discount Bonds - 5-Year (Nominal),1987-06-30,6.6979799930341E+01,D,8.0068074636798E+00
2000051,DISCBOND,5005,Fama Bliss Discount Bonds - 5-Year (Nominal),1987-07-31,6.6567439425759E+01,D,8.1301826543785E+00
2000051,DISCBOND,5005,Fama Bliss Discount Bonds - 5-Year (Nominal),1987-08-31,6.5607743790813E+01,D,8.4203012320597E+00
2000051,DISCBOND,5005,Fama Bliss Discount Bonds - 5-Year (Nominal),1987-09-30,6.3427583763839E+01,D,9.0954591796205E+00
2000051,DISCBOND,5005,Fama Bliss Discount Bonds - 5-Year (Nominal),1987-10-30,6.5780198883301E+01,D,8.3678561137302E+00
2000051,DISCBOND,5005,Fama Bliss Discount Bonds - 5-Year (Nominal),1987-11-30,6.5485859737126E+01,D,8.4574504625793E+00
2000051,DISCBOND,5005,Fama Bliss Discount Bonds - 5-Year (Nominal),1987-12-31,6.5992209170021E+01,D,8.3035700055360E+00
2000051,DISCBOND,5005,Fama Bliss Discount Bonds - 5-Year (Nominal),1988-01-29,6.8092399213029E+01,D,7.6776778677933E+00
2000051,DISCBOND,5005,Fama Bliss Discount Bonds - 5-Year (Nominal),1988-02-29,6.8581266260231E+01,D,7.5471507997257E+00
2000051,DISCBOND,5005,Fama Bliss Discount Bonds - 5-Year (Nominal),1988-03-31,6.7110705268712E+01,D,7.9721636890889E+00
2000051,DISCBOND,5005,Fama Bliss Discount Bonds - 5-Year (Nominal),1988-04-29,6.6183556642708E+01,D,8.2457263797640E+00
2000051,DISCBOND,5005,Fama Bliss Discount Bonds - 5-Year (Nominal),1988-05-31,6.4919190483602E+01,D,8.6500179032314E+00
2000051,DISCBOND,5005,Fama Bliss Discount Bonds - 5-Year (Nominal),1988-06-30,6.5987487512739E+01,D,8.3095474573477E+00
2000051,DISCBOND,5005,Fama Bliss Discount Bonds - 5-Year (Nominal),1988-07-29,6.5052306942723E+01,D,8.5901564099865E+00
2000051,DISCBOND,5005,Fama Bliss Discount Bonds - 5-Year (Nominal),1988-08-31,6.4423819071633E+01,D,8.7889190690164E+00
2000051,DISCBOND,5005,Fama Bliss Discount Bonds - 5-Year (Nominal),1988-09-30,6.5385146994164E+01,D,8.4928473816170E+00
2000051,DISCBOND,5005,Fama Bliss Discount Bonds - 5-Year (Nominal),1988-10-31,6.6324920415789E+01,D,8.2165918201801E+00
2000051,DISCBOND,5005,Fama Bliss Discount Bonds - 5-Year (Nominal),1988-11-30,6.4618698104115E+01,D,8.7285444098735E+00
2000051,DISCBOND,5005,Fama Bliss Discount Bonds - 5-Year (Nominal),1988-12-30,6.3727816683207E+01,D,9.0011164113256E+00
2000051,DISCBOND,5005,Fama Bliss Discount Bonds - 5-Year (Nominal),1989-01-31,6.4296463773348E+01,D,8.8284732363632E+00
2000051,DISCBOND,5005,Fama Bliss Discount Bonds - 5-Year (Nominal),1989-02-28,6.3253697434797E+01,D,9.1553151467089E+00
2000051,DISCBOND,5005,Fama Bliss Discount Bonds - 5-Year (Nominal),1989-03-31,6.2839288212081E+01,D,9.2867050886077E+00
2000051,DISCBOND,5005,Fama Bliss Discount Bonds - 5-Year (Nominal),1989-04-28,6.4079551463415E+01,D,8.8911538548139E+00
2000051,DISCBOND,5005,Fama Bliss Discount Bonds - 5-Year (Nominal),1989-05-31,6.5226818064062E+01,D,8.5413091881244E+00
2000051,DISCBOND,5005,Fama Bliss Discount Bonds - 5-Year (Nominal),1989-06-30,6.7222989980586E+01,D,7.9387474290759E+00
2000051,DISCBOND,5005,Fama Bliss Discount Bonds - 5-Year (Nominal),1989-07-31,6.8957214043076E+01,D,7.4377545568233E+00
2000051,DISCBOND,5005,Fama Bliss Discount Bonds - 5-Year (Nominal),1989-08-31,6.6586693655256E+01,D,8.1288540391443E+00
2000051,DISCBOND,5005,Fama Bliss Discount Bonds - 5-Year (Nominal),1989-09-29,6.6257457557427E+01,D,8.2234311644713E+00
2000051,DISCBOND,5005,Fama Bliss Discount Bonds - 5-Year (Nominal),1989-10-31,6.7838590144958E+01,D,7.7565291330198E+00
2000051,DISCBOND,5005,Fama Bliss Discount Bonds - 5-Year (Nominal),1989-11-30,6.8097177694673E+01,D,7.6804796155042E+00
2000051,DISCBOND,5005,Fama Bliss Discount Bonds - 5-Year (Nominal),1989-12-29,6.7812217043713E+01,D,7.7600520677058E+00
2000051,DISCBOND,5005,Fama Bliss Discount Bonds - 5-Year (Nominal),1990-01-31,6.6203805973627E+01,D,8.2441270577249E+00
2000051,DISCBOND,5005,Fama Bliss Discount Bonds - 5-Year (Nominal),1990-02-28,6.5780598790917E+01,D,8.3723170062683E+00
2000051,DISCBOND,5005,Fama Bliss Discount Bonds - 5-Year (Nominal),1990-03-30,6.5252310391234E+01,D,8.5288279119079E+00
2000051,DISCBOND,5005,Fama Bliss Discount Bonds - 5-Year (Nominal),1990-04-30,6.4165255528830E+01,D,8.8790313305085E+00
2000051,DISCBOND,5005,Fama Bliss Discount Bonds - 5-Year (Nominal),1990-05-31,6.5422352466376E+01,D,8.4814764443921E+00
2000051,DISCBOND,5005,Fama Bliss Discount Bonds - 5-Year (Nominal),1990-06-29,6.6109301226067E+01,D,8.2681536334503E+00
2000051,DISCBOND,5005,Fama Bliss Discount Bonds - 5-Year (Nominal),1990-07-31,6.6904807634341E+01,D,8.0335849458885E+00
2000051,DISCBOND,5005,Fama Bliss Discount Bonds - 5-Year (Nominal),1990-08-31,6.5516690859739E+01,D,8.4526731966251E+00
2000051,DISCBOND,5005,Fama Bliss Discount Bonds - 5-Year (Nominal),1990-09-28,6.5717091836132E+01,D,8.3870315563412E+00
2000051,DISCBOND,5005,Fama Bliss Discount Bonds - 5-Year (Nominal),1990-10-31,6.6483636648099E+01,D,8.1598152866391E+00
2000051,DISCBOND,5005,Fama Bliss Discount Bonds - 5-Year (Nominal),1990-11-30,6.7477530355982E+01,D,7.8632016860921E+00
2000051,DISCBOND,5005,Fama Bliss Discount Bonds - 5-Year (Nominal),1990-12-31,6.8210114452262E+01,D,7.6557413244701E+00
2000051,DISCBOND,5005,Fama Bliss Discount Bonds - 5-Year (Nominal),1991-01-31,6.8637180008993E+01,D,7.5225940972441E+00
2000051,DISCBOND,5005,Fama Bliss Discount Bonds - 5-Year (Nominal),1991-02-28,6.8488896518876E+01,D,7.5616841305340E+00
2000051,DISCBOND,5005,Fama Bliss Discount Bonds - 5-Year (Nominal),1991-03-28,6.7912455123487E+01,D,7.7263140116679E+00
2000051,DISCBOND,5005,Fama Bliss Discount Bonds - 5-Year (Nominal),1991-04-30,6.8554350478613E+01,D,7.5426004284871E+00
2000051,DISCBOND,5005,Fama Bliss Discount Bonds - 5-Year (Nominal),1991-05-31,6.8315252363160E+01,D,7.6124001832903E+00
2000051,DISCBOND,5005,Fama Bliss Discount Bonds - 5-Year (Nominal),1991-06-28,6.7465789796618E+01,D,7.8623743233659E+00
2000051,DISCBOND,5005,Fama Bliss Discount Bonds - 5-Year (Nominal),1991-07-31,6.8000950704450E+01,D,7.7045266194188E+00
2000051,DISCBOND,5005,Fama Bliss Discount Bonds - 5-Year (Nominal),1991-08-30,6.9401780483280E+01,D,7.2971563252242E+00
2000051,DISCBOND,5005,Fama Bliss Discount Bonds - 5-Year (Nominal),1991-09-30,7.0927871455581E+01,D,6.8626136775750E+00
2000051,DISCBOND,5005,Fama Bliss Discount Bonds - 5-Year (Nominal),1991-10-31,7.1494881339545E+01,D,6.7035401699639E+00
2000051,DISCBOND,5005,Fama Bliss Discount Bonds - 5-Year (Nominal),1991-11-29,7.1914748102724E+01,D,6.5865582530667E+00
2000051,DISCBOND,5005,Fama Bliss Discount Bonds - 5-Year (Nominal),1991-12-31,7.4365545516622E+01,D,5.9170644835428E+00
2000051,DISCBOND,5005,Fama Bliss Discount Bonds - 5-Year (Nominal),1992-01-31,7.2512239480980E+01,D,6.4212593099831E+00
2000051,DISCBOND,5005,Fama Bliss Discount Bonds - 5-Year (Nominal),1992-02-28,7.1688585148052E+01,D,6.6494859180457E+00
2000051,DISCBOND,5005,Fama Bliss Discount Bonds - 5-Year (Nominal),1992-03-31,7.0755945285200E+01,D,6.9148832142338E+00
2000051,DISCBOND,5005,Fama Bliss Discount Bonds - 5-Year (Nominal),1992-04-30,7.0747751643984E+01,D,6.9171981088780E+00
2000051,DISCBOND,5005,Fama Bliss Discount Bonds - 5-Year (Nominal),1992-05-29,7.1562551129788E+01,D,6.6846398678760E+00
2000051,DISCBOND,5005,Fama Bliss Discount Bonds - 5-Year (Nominal),1992-06-30,7.2937045027200E+01,D,6.3080136272457E+00
2000051,DISCBOND,5005,Fama Bliss Discount Bonds - 5-Year (Nominal),1992-07-31,7.4652027600365E+01,D,5.8434479415673E+00
2000051,DISCBOND,5005,Fama Bliss Discount Bonds - 5-Year (Nominal),1992-08-31,7.5491654514273E+01,D,5.6260441099496E+00
2000051,DISCBOND,5005,Fama Bliss Discount Bonds - 5-Year (Nominal),1992-09-30,7.6497188428250E+01,D,5.3553893357696E+00
2000051,DISCBOND,5005,Fama Bliss Discount Bonds - 5-Year (Nominal),1992-10-30,7.3993767389455E+01,D,6.0171921835572E+00
2000051,DISCBOND,5005,Fama Bliss Discount Bonds - 5-Year (Nominal),1992-11-30,7.3196172497269E+01,D,6.2439623367727E+00
2000051,DISCBOND,5005,Fama Bliss Discount Bonds - 5-Year (Nominal),1992-12-31,7.3880667133156E+01,D,6.0510641684651E+00
2000051,DISCBOND,5005,Fama Bliss Discount Bonds - 5-Year (Nominal),1993-01-29,7.5302773642997E+01,D,5.6668540485127E+00
2000051,DISCBOND,5005,Fama Bliss Discount Bonds - 5-Year (Nominal),1993-02-26,7.6662451568288E+01,D,5.3093444327193E+00
2000051,DISCBOND,5005,Fama Bliss Discount Bonds - 5-Year (Nominal),1993-03-31,7.6911873426465E+01,D,5.2473229962384E+00
2000051,DISCBOND,5005,Fama Bliss Discount Bonds - 5-Year (Nominal),1993-04-30,7.7278605794773E+01,D,5.1522374344506E+00
2000051,DISCBOND,5005,Fama Bliss Discount Bonds - 5-Year (Nominal),1993-05-28,7.6328315367834E+01,D,5.3966100786926E+00
2000051,DISCBOND,5005,Fama Bliss Discount Bonds - 5-Year (Nominal),1993-06-30,7.7667240989916E+01,D,5.0519641658033E+00
2000051,DISCBOND,5005,Fama Bliss Discount Bonds - 5-Year (Nominal),1993-07-30,7.7083455396629E+01,D,5.1999316970332E+00
2000051,DISCBOND,5005,Fama Bliss Discount Bonds - 5-Year (Nominal),1993-08-31,7.8672163306762E+01,D,4.7949884452906E+00
2000051,DISCBOND,5005,Fama Bliss Discount Bonds - 5-Year (Nominal),1993-09-30,7.8743421480374E+01,D,4.7768913421123E+00
2000051,DISCBOND,5005,Fama Bliss Discount Bonds - 5-Year (Nominal),1993-10-29,7.8596277063826E+01,D,4.8116439916564E+00
2000051,DISCBOND,5005,Fama Bliss Discount Bonds - 5-Year (Nominal),1993-11-30,7.7309513611932E+01,D,5.1442443518827E+00
2000051,DISCBOND,5005,Fama Bliss Discount Bonds - 5-Year (Nominal),1993-12-31,7.7057736285089E+01,D,5.2094498037985E+00
2000051,DISCBOND,5005,Fama Bliss Discount Bonds - 5-Year (Nominal),1994-01-31,7.7832609935992E+01,D,5.0149416636111E+00
2000051,DISCBOND,5005,Fama Bliss Discount Bonds - 5-Year (Nominal),1994-02-28,7.5628299233737E+01,D,5.5898557269121E+00
2000051,DISCBOND,5005,Fama Bliss Discount Bonds - 5-Year (Nominal),1994-03-31,7.3324489656691E+01,D,6.2021120061630E+00
2000051,DISCBOND,5005,Fama Bliss Discount Bonds - 5-Year (Nominal),1994-04-29,7.1914847343068E+01,D,6.5865306838576E+00
2000051,DISCBOND,5005,Fama Bliss Discount Bonds - 5-Year (Nominal),1994-05-31,7.1482780396549E+01,D,6.7216382925194E+00
2000051,DISCBOND,5005,Fama Bliss Discount Bonds - 5-Year (Nominal),1994-06-30,7.0750264723696E+01,D,6.9164880767743E+00
2000051,DISCBOND,5005,Fama Bliss Discount Bonds - 5-Year (Nominal),1994-07-29,7.1619353572334E+01,D,6.6687886291128E+00
2000051,DISCBOND,5005,Fama Bliss Discount Bonds - 5-Year (Nominal),1994-08-31,7.1343485922374E+01,D,6.7495842553570E+00
2000051,DISCBOND,5005,Fama Bliss Discount Bonds - 5-Year (Nominal),1994-09-30,6.9708698575591E+01,D,7.2129489827151E+00
2000051,DISCBOND,5005,Fama Bliss Discount Bonds - 5-Year (Nominal),1994-10-31,6.9072886289455E+01,D,7.4042152960302E+00
2000051,DISCBOND,5005,Fama Bliss Discount Bonds - 5-Year (Nominal),1994-11-30,6.8141001709732E+01,D,7.6676197797830E+00
2000051,DISCBOND,5005,Fama Bliss Discount Bonds - 5-Year (Nominal),1994-12-30,6.8125717360395E+01,D,7.6679048139508E+00
2000051,DISCBOND,5005,Fama Bliss Discount Bonds - 5-Year (Nominal),1995-01-31,6.9010149240198E+01,D,7.4142691834980E+00
2000051,DISCBOND,5005,Fama Bliss Discount Bonds - 5-Year (Nominal),1995-02-28,7.0604722190118E+01,D,6.9538424375153E+00
2000051,DISCBOND,5005,Fama Bliss Discount Bonds - 5-Year (Nominal),1995-03-31,7.0555206752768E+01,D,6.9678580962801E+00
2000051,DISCBOND,5005,Fama Bliss Discount Bonds - 5-Year (Nominal),1995-04-28,7.1281133343304E+01,D,6.7633581069000E+00
2000051,DISCBOND,5005,Fama Bliss Discount Bonds - 5-Year (Nominal),1995-05-31,7.4088823863256E+01,D,5.9915436781331E+00
2000051,DISCBOND,5005,Fama Bliss Discount Bonds - 5-Year (Nominal),1995-06-30,7.4466042638178E+01,D,5.8900844253526E+00
2000051,DISCBOND,5005,Fama Bliss Discount Bonds - 5-Year (Nominal),1995-07-31,7.3793243566527E+01,D,6.0714065374021E+00
2000051,DISCBOND,5005,Fama Bliss Discount Bonds - 5-Year (Nominal),1995-08-31,7.4135540387956E+01,D,5.9789505026581E+00
2000051,DISCBOND,5005,Fama Bliss Discount Bonds - 5-Year (Nominal),1995-09-29,7.4405853669104E+01,D,5.9062387392405E+00
2000051,DISCBOND,5005,Fama Bliss Discount Bonds - 5-Year (Nominal),1995-10-31,7.5099652563879E+01,D,5.7208156370768E+00
2000051,DISCBOND,5005,Fama Bliss Discount Bonds - 5-Year (Nominal),1995-11-30,7.6123106296624E+01,D,5.4503936513557E+00
2000051,DISCBOND,5005,Fama Bliss Discount Bonds - 5-Year (Nominal),1995-12-29,7.6690811704265E+01,D,5.3019551956375E+00
2000051,DISCBOND,5005,Fama Bliss Discount Bonds - 5-Year (Nominal),1996-01-31,7.7137056996942E+01,D,5.1860443291273E+00
2000051,DISCBOND,5005,Fama Bliss Discount Bonds - 5-Year (Nominal),1996-02-29,7.5328215224683E+01,D,5.6632050354124E+00
2000051,DISCBOND,5005,Fama Bliss Discount Bonds - 5-Year (Nominal),1996-03-29,7.3911050726915E+01,D,6.0395379387171E+00
2000051,DISCBOND,5005,Fama Bliss Discount Bonds - 5-Year (Nominal),1996-04-30,7.2909885321665E+01,D,6.3154583725086E+00
2000051,DISCBOND,5005,Fama Bliss Discount Bonds - 5-Year (Nominal),1996-05-31,7.2033952694664E+01,D,6.5570591382317E+00
2000051,DISCBOND,5005,Fama Bliss Discount Bonds - 5-Year (Nominal),1996-06-28,7.2686121580544E+01,D,6.3734097797868E+00
2000051,DISCBOND,5005,Fama Bliss Discount Bonds - 5-Year (Nominal),1996-07-31,7.2281183580936E+01,D,6.4885713186899E+00
2000051,DISCBOND,5005,Fama Bliss Discount Bonds - 5-Year (Nominal),1996-08-30,7.1759558756905E+01,D,6.6297168452712E+00
2000051,DISCBOND,5005,Fama Bliss Discount Bonds - 5-Year (Nominal),1996-09-30,7.2694512935898E+01,D,6.3815822437078E+00
2000051,DISCBOND,5005,Fama Bliss Discount Bonds - 5-Year (Nominal),1996-10-31,7.4059198883517E+01,D,6.0028191445910E+00
2000051,DISCBOND,5005,Fama Bliss Discount Bonds - 5-Year (Nominal),1996-11-29,7.4984514076613E+01,D,5.7514684288875E+00
2000051,DISCBOND,5005,Fama Bliss Discount Bonds - 5-Year (Nominal),1996-12-31,7.3556874005216E+01,D,6.1388617026812E+00
2000051,DISCBOND,5005,Fama Bliss Discount Bonds - 5-Year (Nominal),1997-01-31,7.3412340172928E+01,D,6.1781773435162E+00
2000051,DISCBOND,5005,Fama Bliss Discount Bonds - 5-Year (Nominal),1997-02-28,7.2915311308815E+01,D,6.3139708338425E+00
2000051,DISCBOND,5005,Fama Bliss Discount Bonds - 5-Year (Nominal),1997-03-31,7.1664091593258E+01,D,6.6709182984035E+00
2000051,DISCBOND,5005,Fama Bliss Discount Bonds - 5-Year (Nominal),1997-04-30,7.2285871940972E+01,D,6.4872748151919E+00
2000051,DISCBOND,5005,Fama Bliss Discount Bonds - 5-Year (Nominal),1997-05-30,7.2560569751163E+01,D,6.4079481002174E+00
2000051,DISCBOND,5005,Fama Bliss Discount Bonds - 5-Year (Nominal),1997-06-30,7.2972756436476E+01,D,6.3051350414187E+00
2000051,DISCBOND,5005,Fama Bliss Discount Bonds - 5-Year (Nominal),1997-07-31,7.4710618570781E+01,D,5.8277656043895E+00
2000051,DISCBOND,5005,Fama Bliss Discount Bonds - 5-Year (Nominal),1997-08-29,7.3595236378018E+01,D,6.1250852372090E+00
2000051,DISCBOND,5005,Fama Bliss Discount Bonds - 5-Year (Nominal),1997-09-30,7.4416085224589E+01,D,5.9067246136735E+00
2000051,DISCBOND,5005,Fama Bliss Discount Bonds - 5-Year (Nominal),1997-10-31,7.5455790389148E+01,D,5.6293804067717E+00
2000051,DISCBOND,5005,Fama Bliss Discount Bonds - 5-Year (Nominal),1997-11-28,7.4993191190467E+01,D,5.7491567212850E+00
2000051,DISCBOND,5005,Fama Bliss Discount Bonds - 5-Year (Nominal),1997-12-31,7.5458603081888E+01,D,5.6286353082486E+00
2000051,DISCBOND,5005,Fama Bliss Discount Bonds - 5-Year (Nominal),1998-01-30,7.6676280218311E+01,D,5.3057410347543E+00
2000051,DISCBOND,5005,Fama Bliss Discount Bonds - 5-Year (Nominal),1998-02-27,7.5919309333261E+01,D,5.5039508085805E+00
2000051,DISCBOND,5005,Fama Bliss Discount Bonds - 5-Year (Nominal),1998-03-31,7.5791962340485E+01,D,5.5405226525721E+00
2000051,DISCBOND,5005,Fama Bliss Discount Bonds - 5-Year (Nominal),1998-04-30,7.5723721412138E+01,D,5.5585283288858E+00
2000051,DISCBOND,5005,Fama Bliss Discount Bonds - 5-Year (Nominal),1998-05-29,7.6033149430762E+01,D,5.4740163148391E+00
2000051,DISCBOND,5005,Fama Bliss Discount Bonds - 5-Year (Nominal),1998-06-30,7.6397732491020E+01,D,5.3813945113229E+00
2000051,DISCBOND,5005,Fama Bliss Discount Bonds - 5-Year (Nominal),1998-07-31,7.6083824259823E+01,D,5.4636960724278E+00
2000051,DISCBOND,5005,Fama Bliss Discount Bonds - 5-Year (Nominal),1998-08-31,7.8442861881923E+01,D,4.8586562017871E+00
2000051,DISCBOND,5005,Fama Bliss Discount Bonds - 5-Year (Nominal),1998-09-30,8.0469074742803E+01,D,4.3435646259668E+00
2000051,DISCBOND,5005,Fama Bliss Discount Bonds - 5-Year (Nominal),1998-10-30,7.9916061969916E+01,D,4.4789580664436E+00
2000051,DISCBOND,5005,Fama Bliss Discount Bonds - 5-Year (Nominal),1998-11-30,7.9623662318969E+01,D,4.5596758150789E+00
2000051,DISCBOND,5005,Fama Bliss Discount Bonds - 5-Year (Nominal),1998-12-31,7.9490896402918E+01,D,4.5880394888759E+00
2000051,DISCBOND,5005,Fama Bliss Discount Bonds - 5-Year (Nominal),1999-01-29,7.9739084961273E+01,D,4.5232493650109E+00
2000051,DISCBOND,5005,Fama Bliss Discount Bonds - 5-Year (Nominal),1999-02-26,7.7067270014074E+01,D,5.2041269843278E+00
2000051,DISCBOND,5005,Fama Bliss Discount Bonds - 5-Year (Nominal),1999-03-31,7.7209703113230E+01,D,5.1672382081642E+00
2000051,DISCBOND,5005,Fama Bliss Discount Bonds - 5-Year (Nominal),1999-04-30,7.6836066643064E+01,D,5.2641517899455E+00
2000051,DISCBOND,5005,Fama Bliss Discount Bonds - 5-Year (Nominal),1999-05-28,7.5414861782293E+01,D,5.6371387582325E+00
2000051,DISCBOND,5005,Fama Bliss Discount Bonds - 5-Year (Nominal),1999-06-30,7.4965887348735E+01,D,5.7564317599991E+00
2000051,DISCBOND,5005,Fama Bliss Discount Bonds - 5-Year (Nominal),1999-07-30,7.4359986806271E+01,D,5.9185578721097E+00
2000051,DISCBOND,5005,Fama Bliss Discount Bonds - 5-Year (Nominal),1999-08-31,7.4187840027841E+01,D,5.9648617219021E+00
2000051,DISCBOND,5005,Fama Bliss Discount Bonds - 5-Year (Nominal),1999-09-30,7.4519901837961E+01,D,5.8756400446536E+00
2000051,DISCBOND,5005,Fama Bliss Discount Bonds - 5-Year (Nominal),1999-10-29,7.3906277634937E+01,D,6.0408281438463E+00
2000051,DISCBOND,5005,Fama Bliss Discount Bonds - 5-Year (Nominal),1999-11-30,7.3544972329209E+01,D,6.1387345387029E+00
2000051,DISCBOND,5005,Fama Bliss Discount Bonds - 5-Year (Nominal),1999-12-31,7.2640205590102E+01,D,6.3860339831715E+00
2000051,DISCBOND,5005,Fama Bliss Discount Bonds - 5-Year (Nominal),2000-01-31,7.1665715719621E+01,D,6.6558601651658E+00
2000051,DISCBOND,5005,Fama Bliss Discount Bonds - 5-Year (Nominal),2000-02-29,7.2008792004783E+01,D,6.5640423181903E+00
2000051,DISCBOND,5005,Fama Bliss Discount Bonds - 5-Year (Nominal),2000-03-31,7.3154534125256E+01,D,6.2484974946764E+00
2000051,DISCBOND,5005,Fama Bliss Discount Bonds - 5-Year (Nominal),2000-04-28,7.2400976119294E+01,D,6.4519374184454E+00
2000051,DISCBOND,5005,Fama Bliss Discount Bonds - 5-Year (Nominal),2000-05-31,7.2426519433437E+01,D,6.4484196747423E+00
2000051,DISCBOND,5005,Fama Bliss Discount Bonds - 5-Year (Nominal),2000-06-30,7.3502880194896E+01,D,6.1535398834942E+00
2000051,DISCBOND,5005,Fama Bliss Discount Bonds - 5-Year (Nominal),2000-07-31,7.3617252070298E+01,D,6.1291740393390E+00
2000051,DISCBOND,5005,Fama Bliss Discount Bonds - 5-Year (Nominal),2000-08-31,7.4338615489460E+01,D,5.9275447459702E+00
2000051,DISCBOND,5005,Fama Bliss Discount Bonds - 5-Year (Nominal),2000-09-29,7.4829896986424E+01,D,5.7927055528116E+00
2000051,DISCBOND,5005,Fama Bliss Discount Bonds - 5-Year (Nominal),2000-10-31,7.5183557173815E+01,D,5.7016283074671E+00
2000051,DISCBOND,5005,Fama Bliss Discount Bonds - 5-Year (Nominal),2000-11-30,7.6381141105969E+01,D,5.3857360273980E+00
2000051,DISCBOND,5005,Fama Bliss Discount Bonds - 5-Year (Nominal),2000-12-29,7.7911046984037E+01,D,4.9865838769364E+00
2000051,DISCBOND,5005,Fama Bliss Discount Bonds - 5-Year (Nominal),2001-01-31,7.8482548716668E+01,D,4.8432239278953E+00
2000051,DISCBOND,5005,Fama Bliss Discount Bonds - 5-Year (Nominal),2001-02-28,7.9063132960712E+01,D,4.6958967801454E+00
2000051,DISCBOND,5005,Fama Bliss Discount Bonds - 5-Year (Nominal),2001-03-30,7.9363774613511E+01,D,4.6175029044669E+00
2000051,DISCBOND,5005,Fama Bliss Discount Bonds - 5-Year (Nominal),2001-04-30,7.8149418554903E+01,D,4.9336546739744E+00
2000051,DISCBOND,5005,Fama Bliss Discount Bonds - 5-Year (Nominal),2001-05-31,7.7973751856823E+01,D,4.9732333922970E+00
2000051,DISCBOND,5005,Fama Bliss Discount Bonds - 5-Year (Nominal),2001-06-29,7.7605526898446E+01,D,5.0650799543862E+00
2000051,DISCBOND,5005,Fama Bliss Discount Bonds - 5-Year (Nominal),2001-07-31,7.9174020472310E+01,D,4.6678814128908E+00
2000051,DISCBOND,5005,Fama Bliss Discount Bonds - 5-Year (Nominal),2001-08-31,7.9865447157602E+01,D,4.4940749054210E+00
2000051,DISCBOND,5005,Fama Bliss Discount Bonds - 5-Year (Nominal),2001-09-28,8.1638644471988E+01,D,4.0529074626090E+00
2000051,DISCBOND,5005,Fama Bliss Discount Bonds - 5-Year (Nominal),2001-10-31,8.3216626131353E+01,D,3.6724480777836E+00
2000051,DISCBOND,5005,Fama Bliss Discount Bonds - 5-Year (Nominal),2001-11-30,8.1455686263240E+01,D,4.0999741157859E+00
2000051,DISCBOND,5005,Fama Bliss Discount Bonds - 5-Year (Nominal),2001-12-31,8.0105499617871E+01,D,4.4389457211107E+00
2000051,DISCBOND,5005,Fama Bliss Discount Bonds - 5-Year (Nominal),2002-01-31,7.9778339696990E+01,D,4.5158884101467E+00
2000051,DISCBOND,5005,Fama Bliss Discount Bonds - 5-Year (Nominal),2002-02-28,8.0422781513978E+01,D,4.3550674769946E+00
2000051,DISCBOND,5005,Fama Bliss Discount Bonds - 5-Year (Nominal),2002-03-28,7.7842992163834E+01,D,5.0013049223850E+00
2000051,DISCBOND,5005,Fama Bliss Discount Bonds - 5-Year (Nominal),2002-04-30,7.9520555574527E+01,D,4.5805826855001E+00
2000051,DISCBOND,5005,Fama Bliss Discount Bonds - 5-Year (Nominal),2002-05-31,8.0197590461311E+01,D,4.4111171213437E+00
2000051,DISCBOND,5005,Fama Bliss Discount Bonds - 5-Year (Nominal),2002-06-28,8.1253525648293E+01,D,4.1473743608128E+00
2000051,DISCBOND,5005,Fama Bliss Discount Bonds - 5-Year (Nominal),2002-07-31,8.3380461392466E+01,D,3.6331327241999E+00
2000051,DISCBOND,5005,Fama Bliss Discount Bonds - 5-Year (Nominal),2002-08-30,8.4847164305712E+01,D,3.2827747108841E+00
2000051,DISCBOND,5005,Fama Bliss Discount Bonds - 5-Year (Nominal),2002-09-30,8.7513565723119E+01,D,2.6689897709623E+00
2000051,DISCBOND,5005,Fama Bliss Discount Bonds - 5-Year (Nominal),2002-10-31,8.6607386089730E+01,D,2.8741267302649E+00
2000051,DISCBOND,5005,Fama Bliss Discount Bonds - 5-Year (Nominal),2002-11-29,8.4696219418155E+01,D,3.3183478332036E+00
2000051,DISCBOND,5005,Fama Bliss Discount Bonds - 5-Year (Nominal),2002-12-31,8.6899218205251E+01,D,2.8068848954228E+00
2000051,DISCBOND,5005,Fama Bliss Discount Bonds - 5-Year (Nominal),2003-01-31,8.5884460372756E+01,D,3.0416787699185E+00
2000051,DISCBOND,5005,Fama Bliss Discount Bonds - 5-Year (Nominal),2003-02-28,8.7247541274432E+01,D,2.7254293166359E+00
2000051,DISCBOND,5005,Fama Bliss Discount Bonds - 5-Year (Nominal),2003-03-31,8.6813578169179E+01,D,2.8250469557444E+00
2000051,DISCBOND,5005,Fama Bliss Discount Bonds - 5-Year (Nominal),2003-04-30,8.6548643492717E+01,D,2.8861086694775E+00
2000051,DISCBOND,5005,Fama Bliss Discount Bonds - 5-Year (Nominal),2003-05-30,8.8900082019935E+01,D,2.3505664347646E+00
2000051,DISCBOND,5005,Fama Bliss Discount Bonds - 5-Year (Nominal),2003-06-30,8.8237139184334E+01,D,2.5001047870386E+00
2000051,DISCBOND,5005,Fama Bliss Discount Bonds - 5-Year (Nominal),2003-07-31,8.4518059898766E+01,D,3.3604162815249E+00
2000051,DISCBOND,5005,Fama Bliss Discount Bonds - 5-Year (Nominal),2003-08-29,8.3881450786680E+01,D,3.5114654724658E+00
2000051,DISCBOND,5005,Fama Bliss Discount Bonds - 5-Year (Nominal),2003-09-30,8.6576752886859E+01,D,2.8796212046335E+00
2000051,DISCBOND,5005,Fama Bliss Discount Bonds - 5-Year (Nominal),2003-10-31,8.4796263460927E+01,D,3.2947634158710E+00
2000051,DISCBOND,5005,Fama Bliss Discount Bonds - 5-Year (Nominal),2003-11-28,8.4415930946409E+01,D,3.3845717907441E+00
2000051,DISCBOND,5005,Fama Bliss Discount Bonds - 5-Year (Nominal),2003-12-31,8.4938315468515E+01,D,3.2613237862011E+00
2000051,DISCBOND,5005,Fama Bliss Discount Bonds - 5-Year (Nominal),2004-01-30,8.5281134542228E+01,D,3.1808525467449E+00
2000051,DISCBOND,5005,Fama Bliss Discount Bonds - 5-Year (Nominal),2004-02-27,8.6177888268183E+01,D,2.9718742838750E+00
2000051,DISCBOND,5005,Fama Bliss Discount Bonds - 5-Year (Nominal),2004-03-31,8.6900490520392E+01,D,2.8065922324873E+00
2000051,DISCBOND,5005,Fama Bliss Discount Bonds - 5-Year (Nominal),2004-04-30,8.3308708401544E+01,D,3.6503416881555E+00
2000051,DISCBOND,5005,Fama Bliss Discount Bonds - 5-Year (Nominal),2004-05-28,8.2451081268710E+01,D,3.8550756846736E+00
2000051,DISCBOND,5005,Fama Bliss Discount Bonds - 5-Year (Nominal),2004-06-30,8.2641893477917E+01,D,3.8109806502235E+00
2000051,DISCBOND,5005,Fama Bliss Discount Bonds - 5-Year (Nominal),2004-07-30,8.2948060060682E+01,D,3.7350179286663E+00
2000051,DISCBOND,5005,Fama Bliss Discount Bonds - 5-Year (Nominal),2004-08-31,8.4551193433300E+01,D,3.3544217651903E+00
2000051,DISCBOND,5005,Fama Bliss Discount Bonds - 5-Year (Nominal),2004-09-30,8.4405762966658E+01,D,3.3888330985082E+00
2000051,DISCBOND,5005,Fama Bliss Discount Bonds - 5-Year (Nominal),2004-10-29,8.4760045614983E+01,D,3.3032982086026E+00
2000051,DISCBOND,5005,Fama Bliss Discount Bonds - 5-Year (Nominal),2004-11-30,8.3090158381611E+01,D,3.7028493656118E+00
2000051,DISCBOND,5005,Fama Bliss Discount Bonds - 5-Year (Nominal),2004-12-31,8.3431662129555E+01,D,3.6208619860462E+00
2000051,DISCBOND,5005,Fama Bliss Discount Bonds - 5-Year (Nominal),2005-01-31,8.3139705132548E+01,D,3.6949805603142E+00
2000051,DISCBOND,5005,Fama Bliss Discount Bonds - 5-Year (Nominal),2005-02-28,8.1832198395166E+01,D,4.0121863184735E+00
2000051,DISCBOND,5005,Fama Bliss Discount Bonds - 5-Year (Nominal),2005-03-31,8.1255628086802E+01,D,4.1491283397994E+00
2000051,DISCBOND,5005,Fama Bliss Discount Bonds - 5-Year (Nominal),2005-04-29,8.2356870114771E+01,D,3.8779163378223E+00
2000051,DISCBOND,5005,Fama Bliss Discount Bonds - 5-Year (Nominal),2005-05-31,8.3072477243216E+01,D,3.7132041281686E+00
2000051,DISCBOND,5005,Fama Bliss Discount Bonds - 5-Year (Nominal),2005-06-30,8.3216000438468E+01,D,3.6725983728840E+00
2000051,DISCBOND,5005,Fama Bliss Discount Bonds - 5-Year (Nominal),2005-07-29,8.1472590563524E+01,D,4.0935845347187E+00
2000051,DISCBOND,5005,Fama Bliss Discount Bonds - 5-Year (Nominal),2005-08-31,8.2601452929219E+01,D,3.8207646208376E+00
2000051,DISCBOND,5005,Fama Bliss Discount Bonds - 5-Year (Nominal),2005-09-30,8.1257358293722E+01,D,4.1487027099803E+00
2000051,DISCBOND,5005,Fama Bliss Discount Bonds - 5-Year (Nominal),2005-10-31,8.0270134145867E+01,D,4.3978609654396E+00
2000051,DISCBOND,5005,Fama Bliss Discount Bonds - 5-Year (Nominal),2005-11-30,8.0386698695451E+01,D,4.3640378579313E+00
2000051,DISCBOND,5005,Fama Bliss Discount Bonds - 5-Year (Nominal),2005-12-30,8.0668892818372E+01,D,4.2916398371421E+00
2000051,DISCBOND,5005,Fama Bliss Discount Bonds - 5-Year (Nominal),2006-01-31,8.0208613849458E+01,D,4.4083697585586E+00
2000051,DISCBOND,5005,Fama Bliss Discount Bonds - 5-Year (Nominal),2006-02-28,7.9682330011788E+01,D,4.5399588256666E+00
2000051,DISCBOND,5005,Fama Bliss Discount Bonds - 5-Year (Nominal),2006-03-31,7.8844334466493E+01,D,4.7512909440232E+00
2000051,DISCBOND,5005,Fama Bliss Discount Bonds - 5-Year (Nominal),2006-04-28,7.8448307902461E+01,D,4.8492911918974E+00
2000051,DISCBOND,5005,Fama Bliss Discount Bonds - 5-Year (Nominal),2006-05-31,7.7989585781821E+01,D,4.9691746812152E+00
2000051,DISCBOND,5005,Fama Bliss Discount Bonds - 5-Year (Nominal),2006-06-30,7.7769193671764E+01,D,5.0257420359622E+00
2000051,DISCBOND,5005,Fama Bliss Discount Bonds - 5-Year (Nominal),2006-07-31,7.8500152605586E+01,D,4.8440465334790E+00
2000051,DISCBOND,5005,Fama Bliss Discount Bonds - 5-Year (Nominal),2006-08-31,7.9335348408751E+01,D,4.6271924270955E+00
2000051,DISCBOND,5005,Fama Bliss Discount Bonds - 5-Year (Nominal),2006-09-29,7.9759211584489E+01,D,4.5182074075317E+00
2000051,DISCBOND,5005,Fama Bliss Discount Bonds - 5-Year (Nominal),2006-10-31,7.9839512945909E+01,D,4.5005668787012E+00
2000051,DISCBOND,5005,Fama Bliss Discount Bonds - 5-Year (Nominal),2006-11-30,8.0305138873306E+01,D,4.3843289099016E+00
2000051,DISCBOND,5005,Fama Bliss Discount Bonds - 5-Year (Nominal),2006-12-29,7.9321625816645E+01,D,4.6281157667717E+00
2000051,DISCBOND,5005,Fama Bliss Discount Bonds - 5-Year (Nominal),2007-01-31,7.8892836351981E+01,D,4.7389982616114E+00
2000051,DISCBOND,5005,Fama Bliss Discount Bonds - 5-Year (Nominal),2007-02-28,7.9992234324084E+01,D,4.4599249140948E+00
2000051,DISCBOND,5005,Fama Bliss Discount Bonds - 5-Year (Nominal),2007-03-30,7.9942918795230E+01,D,4.4722452936483E+00
2000051,DISCBOND,5005,Fama Bliss Discount Bonds - 5-Year (Nominal),2007-04-30,8.0024126098953E+01,D,4.4519615125238E+00
2000051,DISCBOND,5005,Fama Bliss Discount Bonds - 5-Year (Nominal),2007-05-31,7.8692066042247E+01,D,4.7873105596243E+00
2000051,DISCBOND,5005,Fama Bliss Discount Bonds - 5-Year (Nominal),2007-06-29,7.8394852755847E+01,D,4.8629090331004E+00
2000051,DISCBOND,5005,Fama Bliss Discount Bonds - 5-Year (Nominal),2007-07-31,7.9792156227585E+01,D,4.5099571293797E+00
2000051,DISCBOND,5005,Fama Bliss Discount Bonds - 5-Year (Nominal),2007-08-31,8.0953458602605E+01,D,4.2212895269006E+00
2000051,DISCBOND,5005,Fama Bliss Discount Bonds - 5-Year (Nominal),2007-09-28,8.1006084410565E+01,D,4.2083064820199E+00
2000051,DISCBOND,5005,Fama Bliss Discount Bonds - 5-Year (Nominal),2007-10-31,8.1311025959345E+01,D,4.1332415459153E+00
2000051,DISCBOND,5005,Fama Bliss Discount Bonds - 5-Year (Nominal),2007-11-30,8.4464190190985E+01,D,3.3731538888098E+00
2000051,DISCBOND,5005,Fama Bliss Discount Bonds - 5-Year (Nominal),2007-12-31,8.4218827571756E+01,D,3.4312733597903E+00
2000051,DISCBOND,5005,Fama Bliss Discount Bonds - 5-Year (Nominal),2008-01-31,8.7066481892473E+01,D,2.7669317128766E+00
2000051,DISCBOND,5005,Fama Bliss Discount Bonds - 5-Year (Nominal),2008-02-29,8.8317407719480E+01,D,2.4832983065138E+00
2000051,DISCBOND,5005,Fama Bliss Discount Bonds - 5-Year (Nominal),2008-03-31,8.8473392356435E+01,D,2.4520538420626E+00
2000051,DISCBOND,5005,Fama Bliss Discount Bonds - 5-Year (Nominal),2008-04-30,8.5980968102547E+01,D,3.0192298374733E+00
2000051,DISCBOND,5005,Fama Bliss Discount Bonds - 5-Year (Nominal),2008-05-30,8.4243668750354E+01,D,3.4253814881373E+00
2000051,DISCBOND,5005,Fama Bliss Discount Bonds - 5-Year (Nominal),2008-06-30,8.4669103865148E+01,D,3.3302131626716E+00
2000051,DISCBOND,5005,Fama Bliss Discount Bonds - 5-Year (Nominal),2008-07-31,8.5025268125152E+01,D,3.2426571294738E+00
2000051,DISCBOND,5005,Fama Bliss Discount Bonds - 5-Year (Nominal),2008-08-29,8.5668254967183E+01,D,3.0903702568066E+00
2000051,DISCBOND,5005,Fama Bliss Discount Bonds - 5-Year (Nominal),2008-09-30,8.6092841089214E+01,D,2.9932382626594E+00
2000051,DISCBOND,5005,Fama Bliss Discount Bonds - 5-Year (Nominal),2008-10-31,8.6762007935533E+01,D,2.8384717163509E+00
2000051,DISCBOND,5005,Fama Bliss Discount Bonds - 5-Year (Nominal),2008-11-28,9.0807310081210E+01,D,1.9264966773992E+00
2000051,DISCBOND,5005,Fama Bliss Discount Bonds - 5-Year (Nominal),2008-12-31,9.2422017965859E+01,D,1.5752357274948E+00
2000051,DISCBOND,5005,Fama Bliss Discount Bonds - 5-Year (Nominal),2009-01-30,9.0967553700292E+01,D,1.8912732722040E+00
2000051,DISCBOND,5005,Fama Bliss Discount Bonds - 5-Year (Nominal),2009-02-27,9.0479293790813E+01,D,1.9987927129345E+00
2000051,DISCBOND,5005,Fama Bliss Discount Bonds - 5-Year (Nominal),2009-03-31,9.1980808699154E+01,D,1.6708890264957E+00
2000051,DISCBOND,5005,Fama Bliss Discount Bonds - 5-Year (Nominal),2009-04-30,9.0341053432692E+01,D,2.0304512600847E+00
2000051,DISCBOND,5005,Fama Bliss Discount Bonds - 5-Year (Nominal),2009-05-29,8.8801798931166E+01,D,2.3726653586173E+00
2000051,DISCBOND,5005,Fama Bliss Discount Bonds - 5-Year (Nominal),2009-06-30,8.7846264040724E+01,D,2.5902185953744E+00
2000051,DISCBOND,5005,Fama Bliss Discount Bonds - 5-Year (Nominal),2009-07-31,8.8007176319730E+01,D,2.5536371794948E+00
2000051,DISCBOND,5005,Fama Bliss Discount Bonds - 5-Year (Nominal),2009-08-31,8.8630422374846E+01,D,2.4152237623314E+00
2000051,DISCBOND,5005,Fama Bliss Discount Bonds - 5-Year (Nominal),2009-09-30,8.8922443116262E+01,D,2.3468264287311E+00
2000051,DISCBOND,5005,Fama Bliss Discount Bonds - 5-Year (Nominal),2009-10-30,8.8945169229814E+01,D,2.3404367622302E+00
2000051,DISCBOND,5005,Fama Bliss Discount Bonds - 5-Year (Nominal),2009-11-30,9.0386004650043E+01,D,2.0227232350305E+00
2000051,DISCBOND,5005,Fama Bliss Discount Bonds - 5-Year (Nominal),2009-12-31,8.7282015084974E+01,D,2.7190251784390E+00
2000051,DISCBOND,5005,Fama Bliss Discount Bonds - 5-Year (Nominal),2010-01-29,8.8898332475255E+01,D,2.3509596057523E+00
2000051,DISCBOND,5005,Fama Bliss Discount Bonds - 5-Year (Nominal),2010-02-26,8.8952553633197E+01,D,2.3387782093112E+00
2000051,DISCBOND,5005,Fama Bliss Discount Bonds - 5-Year (Nominal),2010-03-31,8.7855676274918E+01,D,2.5880769959547E+00
2000051,DISCBOND,5005,Fama Bliss Discount Bonds - 5-Year (Nominal),2010-04-30,8.8461054114625E+01,D,2.4508129565708E+00
2000051,DISCBOND,5005,Fama Bliss Discount Bonds - 5-Year (Nominal),2010-05-28,8.9932014285703E+01,D,2.1200006530702E+00
2000051,DISCBOND,5005,Fama Bliss Discount Bonds - 5-Year (Nominal),2010-06-30,9.1400928925343E+01,D,1.7973060025950E+00
2000051,DISCBOND,5005,Fama Bliss Discount Bonds - 5-Year (Nominal),2010-07-30,9.2226747003393E+01,D,1.6166283361951E+00
2000051,DISCBOND,5005,Fama Bliss Discount Bonds - 5-Year (Nominal),2010-08-31,9.3501184548654E+01,D,1.3431855807495E+00
2000051,DISCBOND,5005,Fama Bliss Discount Bonds - 5-Year (Nominal),2010-09-30,9.3785717541587E+01,D,1.2824493784219E+00
2000051,DISCBOND,5005,Fama Bliss Discount Bonds - 5-Year (Nominal),2010-10-29,9.4273908749985E+01,D,1.1780233676548E+00
2000051,DISCBOND,5005,Fama Bliss Discount Bonds - 5-Year (Nominal),2010-11-30,9.2869771288553E+01,D,1.4786294026856E+00
2000051,DISCBOND,5005,Fama Bliss Discount Bonds - 5-Year (Nominal),2010-12-31,9.0299802819068E+01,D,2.0395805397333E+00
2000051,DISCBOND,5005,Fama Bliss Discount Bonds - 5-Year (Nominal),2011-01-31,9.0614293740779E+01,D,1.9722450052155E+00
2000051,DISCBOND,5005,Fama Bliss Discount Bonds - 5-Year (Nominal),2011-02-28,8.9712614473118E+01,D,2.1687991607302E+00
2000051,DISCBOND,5005,Fama Bliss Discount Bonds - 5-Year (Nominal),2011-03-31,8.9157265392270E+01,D,2.2928542389208E+00
2000051,DISCBOND,5005,Fama Bliss Discount Bonds - 5-Year (Nominal),2011-04-29,9.0470119323623E+01,D,2.0008185661851E+00
2000051,DISCBOND,5005,Fama Bliss Discount Bonds - 5-Year (Nominal),2011-05-31,9.1754431083503E+01,D,1.7192040273700E+00
2000051,DISCBOND,5005,Fama Bliss Discount Bonds - 5-Year (Nominal),2011-06-30,9.1515545178411E+01,D,1.7712855601914E+00
2000051,DISCBOND,5005,Fama Bliss Discount Bonds - 5-Year (Nominal),2011-07-29,9.3377713222713E+01,D,1.3688495933858E+00
2000051,DISCBOND,5005,Fama Bliss Discount Bonds - 5-Year (Nominal),2011-08-31,9.5214082136927E+01,D,9.7977293869739E-01
2000051,DISCBOND,5005,Fama Bliss Discount Bonds - 5-Year (Nominal),2011-09-30,9.5267842456747E+01,D,9.6849596950519E-01
2000051,DISCBOND,5005,Fama Bliss Discount Bonds - 5-Year (Nominal),2011-10-31,9.5175544876456E+01,D,9.8786057979503E-01
2000051,DISCBOND,5005,Fama Bliss Discount Bonds - 5-Year (Nominal),2011-11-30,9.5239700837066E+01,D,9.7439826876300E-01
2000051,DISCBOND,5005,Fama Bliss Discount Bonds - 5-Year (Nominal),2011-12-30,9.5780855670487E+01,D,8.6120335658450E-01
2000051,DISCBOND,5005,Fama Bliss Discount Bonds - 5-Year (Nominal),2012-01-31,9.6435549281328E+01,D,7.2511102927854E-01
2000051,DISCBOND,5005,Fama Bliss Discount Bonds - 5-Year (Nominal),2012-02-29,9.5697847472362E+01,D,8.7900592930120E-01
2000051,DISCBOND,5005,Fama Bliss Discount Bonds - 5-Year (Nominal),2012-03-30,9.4811211602159E+01,D,1.0644837912077E+00
2000051,DISCBOND,5005,Fama Bliss Discount Bonds - 5-Year (Nominal),2012-04-30,9.5936933095986E+01,D,8.3003794764982E-01
2000051,DISCBOND,5005,Fama Bliss Discount Bonds - 5-Year (Nominal),2012-05-31,9.6684098030685E+01,D,6.7405550235936E-01
2000051,DISCBOND,5005,Fama Bliss Discount Bonds - 5-Year (Nominal),2012-06-29,9.6372725308502E+01,D,7.3813022191343E-01
2000051,DISCBOND,5005,Fama Bliss Discount Bonds - 5-Year (Nominal),2012-07-31,9.7057306982090E+01,D,5.9704459915220E-01
2000051,DISCBOND,5005,Fama Bliss Discount Bonds - 5-Year (Nominal),2012-08-31,9.7042206794188E+01,D,6.0015473943205E-01
2000051,DISCBOND,5005,Fama Bliss Discount Bonds - 5-Year (Nominal),2012-09-28,9.6892332809944E+01,D,6.3070471140482E-01
2000051,DISCBOND,5005,Fama Bliss Discount Bonds - 5-Year (Nominal),2012-10-31,9.6399471525551E+01,D,7.3298766906200E-01
2000051,DISCBOND,5005,Fama Bliss Discount Bonds - 5-Year (Nominal),2012-11-30,9.6923868393217E+01,D,6.2454531480001E-01
2000051,DISCBOND,5005,Fama Bliss Discount Bonds - 5-Year (Nominal),2012-12-31,9.6442110752926E+01,D,7.2494214064535E-01
2000051,DISCBOND,5005,Fama Bliss Discount Bonds - 5-Year (Nominal),2013-01-31,9.5663410571375E+01,D,8.8620028857785E-01
2000051,DISCBOND,5005,Fama Bliss Discount Bonds - 5-Year (Nominal),2013-02-28,9.6237434289673E+01,D,7.6661539564443E-01
2000051,DISCBOND,5005,Fama Bliss Discount Bonds - 5-Year (Nominal),2013-03-28,9.6225394097652E+01,D,7.6869541262162E-01
2000051,DISCBOND,5005,Fama Bliss Discount Bonds - 5-Year (Nominal),2013-04-30,9.6661713441121E+01,D,6.7868396158730E-01
2000051,DISCBOND,5005,Fama Bliss Discount Bonds - 5-Year (Nominal),2013-05-31,9.4995052963870E+01,D,1.0263449823115E+00
2000051,DISCBOND,5005,Fama Bliss Discount Bonds - 5-Year (Nominal),2013-06-28,9.3178072161537E+01,D,1.4116084046529E+00
2000051,DISCBOND,5005,Fama Bliss Discount Bonds - 5-Year (Nominal),2013-07-31,9.3229633522201E+01,D,1.4013232782655E+00
2000051,DISCBOND,5005,Fama Bliss Discount Bonds - 5-Year (Nominal),2013-08-30,9.2014043602965E+01,D,1.6627572412970E+00
2000051,DISCBOND,5005,Fama Bliss Discount Bonds - 5-Year (Nominal),2013-09-30,9.3278268867683E+01,D,1.3924233882687E+00
2000051,DISCBOND,5005,Fama Bliss Discount Bonds - 5-Year (Nominal),2013-10-31,9.3529187075796E+01,D,1.3371999879798E+00
2000051,DISCBOND,5005,Fama Bliss Discount Bonds - 5-Year (Nominal),2013-11-29,9.3350571411904E+01,D,1.3746574117230E+00
2000051,DISCBOND,5005,Fama Bliss Discount Bonds - 5-Year (Nominal),2013-12-31,9.1598658319847E+01,D,1.7541100189347E+00
2000051,DISCBOND,5005,Fama Bliss Discount Bonds - 5-Year (Nominal),2014-01-31,9.2736164754119E+01,D,1.5074072288871E+00
2000051,DISCBOND,5005,Fama Bliss Discount Bonds - 5-Year (Nominal),2014-02-28,9.2653177496114E+01,D,1.5253029314777E+00
2000051,DISCBOND,5005,Fama Bliss Discount Bonds - 5-Year (Nominal),2014-03-31,9.1672620894975E+01,D,1.7398818079865E+00
2000051,DISCBOND,5005,Fama Bliss Discount Bonds - 5-Year (Nominal),2014-04-30,9.1886263615863E+01,D,1.6914459016850E+00
2000051,DISCBOND,5005,Fama Bliss Discount Bonds - 5-Year (Nominal),2014-05-30,9.2511001447822E+01,D,1.5551479949294E+00
2000051,DISCBOND,5005,Fama Bliss Discount Bonds - 5-Year (Nominal),2014-06-30,9.2085327302292E+01,D,1.6499954410269E+00
2000051,DISCBOND,5005,Fama Bliss Discount Bonds - 5-Year (Nominal),2014-07-31,9.1496973728342E+01,D,1.7763123861842E+00
2000051,DISCBOND,5005,Fama Bliss Discount Bonds - 5-Year (Nominal),2014-08-29,9.2067825542177E+01,D,1.6510835080912E+00
2000051,DISCBOND,5005,Fama Bliss Discount Bonds - 5-Year (Nominal),2014-09-30,9.1474217741246E+01,D,1.7812844310386E+00
2000051,DISCBOND,5005,Fama Bliss Discount Bonds - 5-Year (Nominal),2014-10-31,9.2169348309466E+01,D,1.6299579905726E+00
2000051,DISCBOND,5005,Fama Bliss Discount Bonds - 5-Year (Nominal),2014-11-28,9.2792832892066E+01,D,1.4943779322386E+00
2000051,DISCBOND,5005,Fama Bliss Discount Bonds - 5-Year (Nominal),2014-12-31,9.2052902866897E+01,D,1.6552278334505E+00
2000051,DISCBOND,5005,Fama Bliss Discount Bonds - 5-Year (Nominal),2015-01-30,9.4332673520641E+01,D,1.1655740793810E+00
2000051,DISCBOND,5005,Fama Bliss Discount Bonds - 5-Year (Nominal),2015-02-27,9.2721805515767E+01,D,1.5096758357968E+00
2000051,DISCBOND,5005,Fama Bliss Discount Bonds - 5-Year (Nominal),2015-03-31,9.3344700357408E+01,D,1.3759139250574E+00
2000051,DISCBOND,5005,Fama Bliss Discount Bonds - 5-Year (Nominal),2015-04-30,9.3050893741221E+01,D,1.4388950767068E+00
2000051,DISCBOND,5005,Fama Bliss Discount Bonds - 5-Year (Nominal),2015-05-29,9.2746986108386E+01,D,1.5042510896957E+00
2000051,DISCBOND,5005,Fama Bliss Discount Bonds - 5-Year (Nominal),2015-06-30,9.2004197926297E+01,D,1.6648950507976E+00
2000051,DISCBOND,5005,Fama Bliss Discount Bonds - 5-Year (Nominal),2015-07-31,9.2523090184519E+01,D,1.5525375563706E+00
2000051,DISCBOND,5005,Fama Bliss Discount Bonds - 5-Year (Nominal),2015-08-31,9.2396935310259E+01,D,1.5797962141325E+00
2000051,DISCBOND,5005,Fama Bliss Discount Bonds - 5-Year (Nominal),2015-09-30,9.3331812566404E+01,D,1.3786724258612E+00
2000051,DISCBOND,5005,Fama Bliss Discount Bonds - 5-Year (Nominal),2015-10-30,9.2567001229033E+01,D,1.5430582858965E+00
2000051,DISCBOND,5005,Fama Bliss Discount Bonds - 5-Year (Nominal),2015-11-30,9.1949544030782E+01,D,1.6767663108178E+00
2000051,DISCBOND,5005,Fama Bliss Discount Bonds - 5-Year (Nominal),2015-12-31,9.1490273049095E+01,D,1.7768033004138E+00
2000051,DISCBOND,5005,Fama Bliss Discount Bonds - 5-Year (Nominal),2016-01-29,9.3460751089879E+01,D,1.3510915859069E+00
2000051,DISCBOND,5005,Fama Bliss Discount Bonds - 5-Year (Nominal),2016-02-29,9.3943525447994E+01,D,1.2502125742255E+00
2000051,DISCBOND,5005,Fama Bliss Discount Bonds - 5-Year (Nominal),2016-03-31,9.4074384823245E+01,D,1.2210186842857E+00
2000051,DISCBOND,5005,Fama Bliss Discount Bonds - 5-Year (Nominal),2016-04-29,9.3625285999138E+01,D,1.3159516389597E+00
2000051,DISCBOND,5005,Fama Bliss Discount Bonds - 5-Year (Nominal),2016-05-31,9.3273015855682E+01,D,1.3943148261616E+00
2000051,DISCBOND,5005,Fama Bliss Discount Bonds - 5-Year (Nominal),2016-06-30,9.5064185499487E+01,D,1.0118032684957E+00
2000051,DISCBOND,5005,Fama Bliss Discount Bonds - 5-Year (Nominal),2016-07-29,9.4927419752086E+01,D,1.0400120322037E+00
2000051,DISCBOND,5005,Fama Bliss Discount Bonds - 5-Year (Nominal),2016-08-31,9.4072102336510E+01,D,1.2215036758907E+00
2000051,DISCBOND,5005,Fama Bliss Discount Bonds - 5-Year (Nominal),2016-09-30,9.4290154606708E+01,D,1.1752241401045E+00
2000051,DISCBOND,5005,Fama Bliss Discount Bonds - 5-Year (Nominal),2016-10-31,9.3544973178475E+01,D,1.3352890180300E+00
2000051,DISCBOND,5005,Fama Bliss Discount Bonds - 5-Year (Nominal),2016-11-30,9.1027842475407E+01,D,1.8790656145155E+00
2000051,DISCBOND,5005,Fama Bliss Discount Bonds - 5-Year (Nominal),2016-12-30,9.0706771916378E+01,D,1.9486278784559E+00
2000051,DISCBOND,5005,Fama Bliss Discount Bonds - 5-Year (Nominal),2017-01-31,9.0794878217875E+01,D,1.9302884308558E+00
2000051,DISCBOND,5005,Fama Bliss Discount Bonds - 5-Year (Nominal),2017-02-28,9.0690767138988E+01,D,1.9532222713420E+00
2000051,DISCBOND,5005,Fama Bliss Discount Bonds - 5-Year (Nominal),2017-03-31,9.0767859639110E+01,D,1.9362376210523E+00
2000051,DISCBOND,5005,Fama Bliss Discount Bonds - 5-Year (Nominal),2017-04-28,9.1261750298078E+01,D,1.8267666774990E+00
2000051,DISCBOND,5005,Fama Bliss Discount Bonds - 5-Year (Nominal),2017-05-31,9.1559968478982E+01,D,1.7625548631814E+00
2000051,DISCBOND,5005,Fama Bliss Discount Bonds - 5-Year (Nominal),2017-06-30,9.0945973419570E+01,D,1.8970515479606E+00
2000051,DISCBOND,5005,Fama Bliss Discount Bonds - 5-Year (Nominal),2017-07-31,9.1200356941582E+01,D,1.8432374634902E+00
2000051,DISCBOND,5005,Fama Bliss Discount Bonds - 5-Year (Nominal),2017-08-31,9.1785498097309E+01,D,1.7133785800094E+00
2000051,DISCBOND,5005,Fama Bliss Discount Bonds - 5-Year (Nominal),2017-09-29,9.0722804119147E+01,D,1.9450971085064E+00
2000051,DISCBOND,5005,Fama Bliss Discount Bonds - 5-Year (Nominal),2017-10-31,9.0370471797723E+01,D,2.0239431519864E+00
2000051,DISCBOND,5005,Fama Bliss Discount Bonds - 5-Year (Nominal),2017-11-30,8.9857133241844E+01,D,2.1378122342142E+00
2000051,DISCBOND,5005,Fama Bliss Discount Bonds - 5-Year (Nominal),2017-12-29,8.9563762368485E+01,D,2.2019745725017E+00
2000051,DISCBOND,5005,Fama Bliss Discount Bonds - 5-Year (Nominal),2018-01-31,8.8184779085117E+01,D,2.5133389590455E+00
2000051,DISCBOND,5005,Fama Bliss Discount Bonds - 5-Year (Nominal),2018-02-28,8.7632878985462E+01,D,2.6388325310382E+00
2000051,DISCBOND,5005,Fama Bliss Discount Bonds - 5-Year (Nominal),2018-03-29,8.7997371340777E+01,D,2.5530680716874E+00
2000051,DISCBOND,5005,Fama Bliss Discount Bonds - 5-Year (Nominal),2018-04-30,8.6981639828036E+01,D,2.7909917844766E+00
2000051,DISCBOND,5005,Fama Bliss Discount Bonds - 5-Year (Nominal),2018-05-31,8.7412455926973E+01,D,2.6891743363404E+00
2000051,DISCBOND,5005,Fama Bliss Discount Bonds - 5-Year (Nominal),2018-06-29,8.7235956430723E+01,D,2.7280822120587E+00
2000051,DISCBOND,5005,Fama Bliss Discount Bonds - 5-Year (Nominal),2018-07-31,8.6778799652217E+01,D,2.8346034572301E+00
2000051,DISCBOND,5005,Fama Bliss Discount Bonds - 5-Year (Nominal),2018-08-31,8.7246314366923E+01,D,2.7272029146699E+00
2000051,DISCBOND,5005,Fama Bliss Discount Bonds - 5-Year (Nominal),2018-09-28,8.6344420160173E+01,D,2.9333054418762E+00
2000051,DISCBOND,5005,Fama Bliss Discount Bonds - 5-Year (Nominal),2018-10-31,8.6232866149504E+01,D,2.9607536369378E+00
2000051,DISCBOND,5005,Fama Bliss Discount Bonds - 5-Year (Nominal),2018-11-30,8.6903555900175E+01,D,2.8058871393650E+00
2000051,DISCBOND,5005,Fama Bliss Discount Bonds - 5-Year (Nominal),2018-12-31,8.8256755151495E+01,D,2.4997686433751E+00
2000051,DISCBOND,5005,Fama Bliss Discount Bonds - 5-Year (Nominal),2019-01-31,8.8574295591977E+01,D,2.4252407817047E+00
2000051,DISCBOND,5005,Fama Bliss Discount Bonds - 5-Year (Nominal),2019-02-28,8.8209981682777E+01,D,2.5062545666102E+00
2000051,DISCBOND,5005,Fama Bliss Discount Bonds - 5-Year (Nominal),2019-03-29,8.9500000569903E+01,D,2.2174159929575E+00
2000051,DISCBOND,5005,Fama Bliss Discount Bonds - 5-Year (Nominal),2019-04-30,8.9256552131323E+01,D,2.2706187278863E+00
2000051,DISCBOND,5005,Fama Bliss Discount Bonds - 5-Year (Nominal),2019-05-31,9.0925654727745E+01,D,1.9004771576901E+00
2000051,DISCBOND,5005,Fama Bliss Discount Bonds - 5-Year (Nominal),2019-06-28,9.1553849849133E+01,D,1.7629252902089E+00
2000051,DISCBOND,5005,Fama Bliss Discount Bonds - 5-Year (Nominal),2019-07-31,9.1273828660816E+01,D,1.8241227785606E+00
2000051,DISCBOND,5005,Fama Bliss Discount Bonds - 5-Year (Nominal),2019-08-30,9.3274645021180E+01,D,1.3909131524682E+00
2000051,DISCBOND,5005,Fama Bliss Discount Bonds - 5-Year (Nominal),2019-09-30,9.2556239974817E+01,D,1.5453809491829E+00
2000051,DISCBOND,5005,Fama Bliss Discount Bonds - 5-Year (Nominal),2019-10-31,9.2660468413248E+01,D,1.5228960769335E+00
2000051,DISCBOND,5005,Fama Bliss Discount Bonds - 5-Year (Nominal),2019-11-29,9.2152937786273E+01,D,1.6326232484919E+00
2000051,DISCBOND,5005,Fama Bliss Discount Bonds - 5-Year (Nominal),2019-12-31,9.1890971937289E+01,D,1.6894964701863E+00
2000051,DISCBOND,5005,Fama Bliss Discount Bonds - 5-Year (Nominal),2020-01-31,9.3651388194453E+01,D,1.3103826333050E+00
2000051,DISCBOND,5005,Fama Bliss Discount Bonds - 5-Year (Nominal),2020-02-28,9.5394686220655E+01,D,9.4191393941242E-01
2000051,DISCBOND,5005,Fama Bliss Discount Bonds - 5-Year (Nominal),2020-03-31,9.8041178188574E+01,D,3.9543550974173E-01
2000051,DISCBOND,5005,Fama Bliss Discount Bonds - 5-Year (Nominal),2020-04-30,9.8151682957825E+01,D,3.7291802172826E-01
2000051,DISCBOND,5005,Fama Bliss Discount Bonds - 5-Year (Nominal),2020-05-29,9.8412432642370E+01,D,3.1971046814144E-01
2000051,DISCBOND,5005,Fama Bliss Discount Bonds - 5-Year (Nominal),2020-06-30,9.8535818256775E+01,D,2.9483977017909E-01
2000051,DISCBOND,5005,Fama Bliss Discount Bonds - 5-Year (Nominal),2020-07-31,9.8914654181804E+01,D,2.1813619887354E-01
2000051,DISCBOND,5005,Fama Bliss Discount Bonds - 5-Year (Nominal),2020-08-31,9.8629908807763E+01,D,2.7606397548300E-01
2000051,DISCBOND,5005,Fama Bliss Discount Bonds - 5-Year (Nominal),2020-09-30,9.8591486649182E+01,D,2.8355002914623E-01
2000051,DISCBOND,5005,Fama Bliss Discount Bonds - 5-Year (Nominal),2020-10-30,9.8024459064883E+01,D,3.9862626930111E-01
2000051,DISCBOND,5005,Fama Bliss Discount Bonds - 5-Year (Nominal),2020-11-30,9.8151530715603E+01,D,3.7335796759485E-01
2000051,DISCBOND,5005,Fama Bliss Discount Bonds - 5-Year (Nominal),2020-12-31,9.8153652998352E+01,D,3.7251681784431E-01
2000051,DISCBOND,5005,Fama Bliss Discount Bonds - 5-Year (Nominal),2021-01-29,9.7870128706029E+01,D,4.3010471844603E-01
2000051,DISCBOND,5005,Fama Bliss Discount Bonds - 5-Year (Nominal),2021-02-26,9.6375100434363E+01,D,7.3763786340227E-01
2000051,DISCBOND,5005,Fama Bliss Discount Bonds - 5-Year (Nominal),2021-03-31,9.5360366995841E+01,D,9.4962231140622E-01
2000051,DISCBOND,5005,Fama Bliss Discount Bonds - 5-Year (Nominal),2021-04-30,9.5789358298473E+01,D,8.5990058713382E-01
2000051,DISCBOND,5005,Fama Bliss Discount Bonds - 5-Year (Nominal),2021-05-28,9.5957905126186E+01,D,8.2430822085212E-01
2000051,DISCBOND,5005,Fama Bliss Discount Bonds - 5-Year (Nominal),2021-06-30,9.5606727457701E+01,D,8.9804784028940E-01
2000051,DISCBOND,5005,Fama Bliss Discount Bonds - 5-Year (Nominal),2021-07-30,9.6570238755098E+01,D,6.9722750255956E-01
2000051,DISCBOND,5005,Fama Bliss Discount Bonds - 5-Year (Nominal),2021-08-31,9.6162778083295E+01,D,7.8212791960565E-01
2000051,DISCBOND,5005,Fama Bliss Discount Bonds - 5-Year (Nominal),2021-09-30,9.5230069328862E+01,D,9.7695344694624E-01
2000051,DISCBOND,5005,Fama Bliss Discount Bonds - 5-Year (Nominal),2021-10-29,9.4254987861738E+01,D,1.1820334002757E+00
2000051,DISCBOND,5005,Fama Bliss Discount Bonds - 5-Year (Nominal),2021-11-30,9.4377179670015E+01,D,1.1567837655353E+00
2000051,DISCBOND,5005,Fama Bliss Discount Bonds - 5-Year (Nominal),2021-12-31,9.3866839346131E+01,D,1.2651669321032E+00
2000051,DISCBOND,5005,Fama Bliss Discount Bonds - 5-Year (Nominal),2022-01-31,9.2266319567561E+01,D,1.6107028061810E+00
2000051,DISCBOND,5005,Fama Bliss Discount Bonds - 5-Year (Nominal),2022-02-28,9.1734283953026E+01,D,1.7264260733991E+00
2000051,DISCBOND,5005,Fama Bliss Discount Bonds - 5-Year (Nominal),2022-03-31,8.8462514874590E+01,D,2.4504828795893E+00
2000051,DISCBOND,5005,Fama Bliss Discount Bonds - 5-Year (Nominal),2022-04-29,8.6304024886791E+01,D,2.9426541628439E+00
2000051,DISCBOND,5005,Fama Bliss Discount Bonds - 5-Year (Nominal),2022-05-31,8.6844816514881E+01,D,2.8194025965718E+00
2000051,DISCBOND,5005,Fama Bliss Discount Bonds - 5-Year (Nominal),2022-06-30,8.5922928574198E+01,D,3.0327275521251E+00
2000051,DISCBOND,5005,Fama Bliss Discount Bonds - 5-Year (Nominal),2022-07-29,8.7541350655958E+01,D,2.6582653173912E+00
2000051,DISCBOND,5005,Fama Bliss Discount Bonds - 5-Year (Nominal),2022-08-31,8.4658392745099E+01,D,3.3290944494215E+00
2000051,DISCBOND,5005,Fama Bliss Discount Bonds - 5-Year (Nominal),2022-09-30,8.1673125871889E+01,D,4.0466860061563E+00
2000051,DISCBOND,5005,Fama Bliss Discount Bonds - 5-Year (Nominal),2022-10-31,8.1130387180266E+01,D,4.1845449752991E+00
2000051,DISCBOND,5005,Fama Bliss Discount Bonds - 5-Year (Nominal),2022-11-30,8.3059303227847E+01,D,3.7102735859862E+00
2000051,DISCBOND,5005,Fama Bliss Discount Bonds - 5-Year (Nominal),2022-12-30,8.2029785430766E+01,D,3.9574184251051E+00
2000051,DISCBOND,5005,Fama Bliss Discount Bonds - 5-Year (Nominal),2023-01-31,8.3627368262798E+01,D,3.5740284713396E+00
2000051,DISCBOND,5005,Fama Bliss Discount Bonds - 5-Year (Nominal),2023-02-28,8.1352845875850E+01,D,4.1229690405980E+00
2000051,DISCBOND,5005,Fama Bliss Discount Bonds - 5-Year (Nominal),2023-03-31,8.3747270459776E+01,D,3.5434488861618E+00
2000051,DISCBOND,5005,Fama Bliss Discount Bonds - 5-Year (Nominal),2023-04-28,8.4144004047443E+01,D,3.4490306330043E+00
2000051,DISCBOND,5005,Fama Bliss Discount Bonds - 5-Year (Nominal),2023-05-31,8.3009275359222E+01,D,3.7202796132220E+00
2000051,DISCBOND,5005,Fama Bliss Discount Bonds - 5-Year (Nominal),2023-06-30,8.1471895038821E+01,D,4.0937550868697E+00
2000051,DISCBOND,5005,Fama Bliss Discount Bonds - 5-Year (Nominal),2023-07-31,8.1366661904181E+01,D,4.1195764777367E+00
2000051,DISCBOND,5005,Fama Bliss Discount Bonds - 5-Year (Nominal),2023-08-31,8.1043139952996E+01,D,4.1991697574080E+00
2000051,DISCBOND,5005,Fama Bliss Discount Bonds - 5-Year (Nominal),2023-09-29,7.9615656941868E+01,D,4.5541974061098E+00
2000051,DISCBOND,5005,Fama Bliss Discount Bonds - 5-Year (Nominal),2023-10-31,7.8612617409430E+01,D,4.8074909294626E+00
2000051,DISCBOND,5005,Fama Bliss Discount Bonds - 5-Year (Nominal),2023-11-30,8.0937757512606E+01,D,4.2251646975142E+00
2000051,DISCBOND,5005,Fama Bliss Discount Bonds - 5-Year (Nominal),2023-12-29,8.2673962882440E+01,D,3.8011437661513E+00
2000051,DISCBOND,5005,Fama Bliss Discount Bonds - 5-Year (Nominal),2024-01-31,8.2713249263344E+01,D,3.7916524942748E+00
2000051,DISCBOND,5005,Fama Bliss Discount Bonds - 5-Year (Nominal),2024-02-29,8.1066028192838E+01,D,4.1958247929858E+00
2000051,DISCBOND,5005,Fama Bliss Discount Bonds - 5-Year (Nominal),2024-03-28,8.1187515707018E+01,D,4.1613334694720E+00
2000051,DISCBOND,5005,Fama Bliss Discount Bonds - 5-Year (Nominal),2024-04-30,7.9221218550964E+01,D,4.6559688753612E+00
2000051,DISCBOND,5005,Fama Bliss Discount Bonds - 5-Year (Nominal),2024-05-31,8.0054085786464E+01,D,4.4469173381760E+00
2000051,DISCBOND,5005,Fama Bliss Discount Bonds - 5-Year (Nominal),2024-06-28,8.0541939178020E+01,D,4.3231053879332E+00
2000051,DISCBOND,5005,Fama Bliss Discount Bonds - 5-Year (Nominal),2024-07-31,8.2412153175793E+01,D,3.8666265750637E+00
2000051,DISCBOND,5005,Fama Bliss Discount Bonds - 5-Year (Nominal),2024-08-30,8.3196424913404E+01,D,3.6752884341054E+00
2000051,DISCBOND,5005,Fama Bliss Discount Bonds - 5-Year (Nominal),2024-09-30,8.3795134900150E+01,D,3.5378432095634E+00
2000051,DISCBOND,5005,Fama Bliss Discount Bonds - 5-Year (Nominal),2024-10-31,8.1400575423971E+01,D,4.1135027717545E+00
2000051,DISCBOND,5005,Fama Bliss Discount Bonds - 5-Year (Nominal),2024-11-29,8.1779493289411E+01,D,4.0184695067876E+00
2000051,DISCBOND,5005,Fama Bliss Discount Bonds - 5-Year (Nominal),2024-12-31,8.0459141696895E+01,D,4.3460322120836E+00
2000052,CD,7100,One-month Certificate of Deposit CD1M,,,,
2000053,CD,7300,Three-month Certificate of Deposit CD3M,,,,
2000054,CD,7600,Six-month Certificate of Deposit CD6M,,,,
2000055,CD,7030,30-Day Commercial Paper CP30D,,,,
2000056,CD,7060,60-Day Commercial Paper CP60D,,,,
2000057,CD,7090,90-Day Commercial Paper CP90D,,,,
2000058,CD,7201,Federal Funds Effective(FFEFRT),,,,
2000059,CD,7202,Federal Funds Minimum Trading Range(FFMINR),,,,
2000060,CD,7203,Federal Funds Maximum Trading Range(FFMAXR),,,,
2000061,RISKFREE,28,CRSP Risk Free - 4 week (Nominal),,,,
2000062,RISKFREE,91,CRSP Risk Free - 13 week (Nominal),,,,
2000063,RISKFREE,182,CRSP Risk Free - 26 week (Nominal),,,,
2000064,TERMSTRUCT,2607,Fama T-Bill 26-Week Term Structure - 1 Week,,,,
2000065,TERMSTRUCT,2614,Fama T-Bill 26-Week Term Structure - 2 Week,,,,
2000066,TERMSTRUCT,2621,Fama T-Bill 26-Week Term Structure - 3 Week,,,,
2000067,TERMSTRUCT,2628,Fama T-Bill 26-Week Term Structure - 4 Week,,,,
2000068,TERMSTRUCT,2635,Fama T-Bill 26-Week Term Structure - 5 Week,,,,
2000069,TERMSTRUCT,2642,Fama T-Bill 26-Week Term Structure - 6 Week,,,,
2000070,TERMSTRUCT,2649,Fama T-Bill 26-Week Term Structure - 7 Week,,,,
2000071,TERMSTRUCT,2656,Fama T-Bill 26-Week Term Structure - 8 Week,,,,
2000072,TERMSTRUCT,2663,Fama T-Bill 26-Week Term Structure - 9 Week,,,,
2000073,TERMSTRUCT,2670,Fama T-Bill 26-Week Term Structure - 10 Week,,,,
2000074,TERMSTRUCT,2677,Fama T-Bill 26-Week Term Structure - 11 Week,,,,
2000075,TERMSTRUCT,2684,Fama T-Bill 26-Week Term Structure - 12 Week,,,,
2000076,TERMSTRUCT,2691,Fama T-Bill 26-Week Term Structure - 13 Week,,,,
2000077,TERMSTRUCT,2698,Fama T-Bill 26-Week Term Structure - 14 Week,,,,
2000078,TERMSTRUCT,26105,Fama T-Bill 26-Week Term Structure - 15 Week,,,,
2000079,TERMSTRUCT,26112,Fama T-Bill 26-Week Term Structure - 16 Week,,,,
2000080,TERMSTRUCT,26119,Fama T-Bill 26-Week Term Structure - 17 Week,,,,
2000081,TERMSTRUCT,26126,Fama T-Bill 26-Week Term Structure - 18 Week,,,,
2000082,TERMSTRUCT,26133,Fama T-Bill 26-Week Term Structure - 19 Week,,,,
2000083,TERMSTRUCT,26140,Fama T-Bill 26-Week Term Structure - 20 Week,,,,
2000084,TERMSTRUCT,26147,Fama T-Bill 26-Week Term Structure - 21 Week,,,,
2000085,TERMSTRUCT,26154,Fama T-Bill 26-Week Term Structure - 22 Week,,,,
2000086,TERMSTRUCT,26161,Fama T-Bill 26-Week Term Structure - 23 Week,,,,
2000087,TERMSTRUCT,26168,Fama T-Bill 26-Week Term Structure - 24 Week,,,,
2000088,TERMSTRUCT,26175,Fama T-Bill 26-Week Term Structure - 25 Week,,,,
2000089,TERMSTRUCT,26182,Fama T-Bill 26-Week Term Structure - 26 Week,,,,
2000090,CPI,1,Published and Reference CPI,,,,
