forecast_origin_date,target_date,xR_e_t_plus_1,historical_mean,in_sample_forecast,out_of_sample_forecast,a_OS,b_OS,N_t,training_observations
1939-12-01,1940-12-01,-0.07180729031200062,0.06594583764687693,0.09536017258372839,0.01711694994361701,-0.25509575257650685,6.020544226301281,145,144
1940-01-01,1941-01-01,-0.08571747967417775,0.06592673812471056,0.09905205308662768,0.024407946802317892,-0.25608477658374307,6.028120442434792,146,145
1940-02-01,1941-02-01,-0.11178135688724211,0.06575542860230185,0.10045022789113162,0.02664311762535937,-0.25716216101841005,6.0346377955630155,147,146
1940-03-01,1941-03-01,-0.12223050395645574,0.06669893596776942,0.09850733859963379,0.021497847762002142,-0.25844096580841086,6.04144075045093,148,147
1940-04-01,1941-04-01,-0.1673813053205544,0.06765349063518304,0.09975274659057293,0.02318560239387324,-0.25985479251838167,6.0503774025311285,149,148
1940-05-01,1941-05-01,0.07432900951233268,0.06652211359382408,0.14450162707916722,0.1186050633399191,-0.26163558969718564,6.060511616945496,150,149
1940-06-01,1941-06-01,0.06200472641297916,0.06612243031957273,0.13520701116580192,0.0981086989789503,-0.2613721795166012,6.049251210965192,151,150
1940-07-01,1941-07-01,0.08475994077020699,0.06530256955100287,0.13098734698549055,0.08870945220030568,-0.26127319002726573,6.0424446572407,152,151
1940-08-01,1941-08-01,0.0603401656326622,0.06506240949834764,0.13277049108875,0.0925207855512451,-0.2612681077276835,6.0418199065669995,153,152
1940-09-01,1941-09-01,0.028693865462466217,0.06398564336260441,0.1305107897295908,0.08739774426040653,-0.26120754389070006,6.036378401246241,154,153
1940-10-01,1941-10-01,-0.044647425467865154,0.06312299906502598,0.12731205598413725,0.08006931054011523,-0.2611429583432379,6.027433251569566,155,154
1940-11-01,1941-11-01,-0.046487482879807196,0.062398245372769987,0.13217193453827383,0.08957546666541549,-0.26114224268904573,6.011287218412537,156,155
1940-12-01,1941-12-01,-0.09221127930390849,0.061543433043567616,0.1324768124373463,0.08916967918950325,-0.2609169865617706,5.989308567213698,157,156
1941-01-01,1942-01-01,-0.04985017552587723,0.060611401950417296,0.1400857627697675,0.10393896093409222,-0.260600262308773,5.9598605790408685,158,157
1941-02-01,1942-02-01,-0.057218947544609655,0.05952717076275909,0.14464603572471094,0.11224284314558919,-0.25993739909542174,5.927174098079967,159,158
1941-03-01,1942-03-01,-0.1148392473556834,0.05839118529576401,0.14640600707557858,0.11435427535287668,-0.2589522807733459,5.886268564255378,160,159
1941-04-01,1942-04-01,-0.10353678488884277,0.05698887168945145,0.15591169845227434,0.13192384591501777,-0.2574963913832676,5.828755641813837,161,160
1941-05-01,1942-05-01,-0.07228342554045497,0.05709590957724704,0.15612624187986796,0.1296913393789057,-0.2552641388689891,5.755336444431063,162,161
1941-06-01,1942-06-01,-0.10064093580916311,0.05712602501795705,0.15004229789109763,0.11506215083052684,-0.2533563823962002,5.692779329432418,163,162
1941-07-01,1942-07-01,-0.12004980297119905,0.057294524504251224,0.14132293253454045,0.0953981653166926,-0.2517788589242776,5.6353523658846525,164,163
1941-08-01,1942-08-01,-0.10722147154287898,0.057312982935332504,0.14370528988367812,0.09834519437782074,-0.25084548989853295,5.590927469841568,165,164
1941-09-01,1942-09-01,-0.08222759047928163,0.05714057861320683,0.14682105388570718,0.10272783715186792,-0.24979884138821204,5.545668797303674,166,165
1941-10-01,1942-10-01,0.02002772908886108,0.056531069606733306,0.15845659942518842,0.12387775307968982,-0.24867326256456543,5.501519106092838,167,166
1941-11-01,1942-11-01,0.04026863822649118,0.05591786393717059,0.16789048572887683,0.14110994588556672,-0.24764639703477967,5.46908498458546,168,167
1941-12-01,1942-12-01,0.1394326199374799,0.05504136013101034,0.18401560218955654,0.1709988638472521,-0.2463478812769242,5.431820372792385,169,168
1942-01-01,1943-01-01,0.20468976502746694,0.05442435109773455,0.18228200286635088,0.16708374547011873,-0.24578191698164747,5.417091422812398,170,169
1942-02-01,1943-02-01,0.3049318778507145,0.05377146631035243,0.18713495863420854,0.1771304320187769,-0.246423486421781,5.433924762836482,171,170
1942-03-01,1943-03-01,0.46947098444569013,0.05279117146345687,0.20457343759690308,0.2136416136841752,-0.24876347194867035,5.493978018458753,172,171
1942-04-01,1943-04-01,0.5435478295225952,0.05188754165795224,0.21639764930813635,0.24362396504391454,-0.25474744683257006,5.638769342677425,173,172
1942-05-01,1943-05-01,0.5444689049135156,0.051173915409685536,0.19870963042559142,0.21542161722468445,-0.2626649308295762,5.825036537675662,174,173
1942-06-01,1943-06-01,0.5345676769691614,0.05030640197414922,0.1927984719282128,0.2096644051854782,-0.26938137152398806,5.990605913023281,175,174
1942-07-01,1943-07-01,0.42626803466093255,0.04933846899150524,0.18505725612986457,0.19872019201961977,-0.2753060593915084,6.139823322471499,176,175
1942-08-01,1943-08-01,0.4264670261876461,0.04845394955345787,0.17705123072397824,0.18452505410926234,-0.2788574720469597,6.232466899176349,177,176
1942-09-01,1943-09-01,0.42221417525957516,0.04771978359821775,0.17223329011558008,0.17692186409870642,-0.2820003941568947,6.3185088618578975,178,177
1942-10-01,1943-10-01,0.3250053891811767,0.04756507938308171,0.15756034789830525,0.14641478062338692,-0.28479436108026224,6.397933668899865,179,178
1942-11-01,1943-11-01,0.25489366640949396,0.04752454359887841,0.1513949512863193,0.13387736934695027,-0.286026551641726,6.440318475269055,180,179
1942-12-01,1943-12-01,0.26946539962739835,0.0480323230261635,0.14042458905042754,0.1095595358801737,-0.28663188867231676,6.464571116979881,181,180
1943-01-01,1944-01-01,0.2061554146568596,0.04889307820199483,0.12880136800650369,0.08374054402679693,-0.28690226937893853,6.486453795125571,182,181
1943-02-01,1944-02-01,0.14238468226058476,0.05029219732575831,0.11935829888287572,0.06257586040205398,-0.28668266853837193,6.495041200939397,183,182
1943-03-01,1944-03-01,0.10617830256174687,0.05257034290793188,0.11102228242316389,0.043698961092598965,-0.28631486277642076,6.496335937982899,184,183
1943-04-01,1944-04-01,0.08038145054982526,0.05522427526801115,0.10965482547691638,0.04087489821545953,-0.28587270732611225,6.494390942185337,185,184
1943-05-01,1944-05-01,0.07178241833607424,0.05785462273922352,0.10315406547791023,0.02603811999602096,-0.28557850793832457,6.492861571624086,186,185
1943-06-01,1944-06-01,0.10779666712184588,0.06040389040890234,0.10184028308327844,0.023259550174042076,-0.28515093088385857,6.48941547647378,187,186
1943-07-01,1944-07-01,0.14520296537921284,0.06234997628258335,0.10826761511153582,0.038607646463776846,-0.2843321487539327,6.4824545119499195,188,187
1943-08-01,1944-08-01,0.1471522052616151,0.06427652152017625,0.1069662950299464,0.03618202237854551,-0.2835098083281499,6.477606143163749,189,188
1943-09-01,1944-09-01,0.12220964147053481,0.06616040390827838,0.10613998752460588,0.03488110961168778,-0.2826153188921316,6.471768447141862,190,189
1943-10-01,1944-10-01,0.13692091119144456,0.06751561325525689,0.10702683070700503,0.03740395440484684,-0.28189372980976046,6.466790915913693,191,190
1943-11-01,1944-11-01,0.22891497547799655,0.0684915406154352,0.11876187383608136,0.06498623488362915,-0.2811021715769955,6.461649039170276,192,191
1943-12-01,1944-12-01,0.20052234152755755,0.06953285594710343,0.11053559644130212,0.046876824576010445,-0.28037817530996995,6.464115887390051,193,192
1944-01-01,1945-01-01,0.20291743948188723,0.07023709594045266,0.10870387510530427,0.043462707342009965,-0.2793265999889941,6.459259424909625,194,193
1944-02-01,1945-02-01,0.2700797777310825,0.07060708356260721,0.11022266516619164,0.04779741030702789,-0.2781540184868349,6.452592260077337,195,194
1944-03-01,1945-03-01,0.19536463561067785,0.07078856937382731,0.10785215627896447,0.04350326747388772,-0.27662843631290707,6.44525769610704,196,195
1944-04-01,1945-04-01,0.3068150640446432,0.07083726420213188,0.11020723630670168,0.04970628150220224,-0.2754844759647687,6.438235225239484,197,196
1944-05-01,1945-05-01,0.2650114467367356,0.07084203770785884,0.10618006206613662,0.041793272079040156,-0.27373783242942673,6.4298344802511735,198,197
1944-06-01,1945-06-01,0.20453731505759276,0.07102773936320551,0.10058934955882248,0.030167111108703848,-0.27196197950591056,6.417491719274768,199,198
1944-07-01,1945-07-01,0.19885386180967513,0.07139861549328554,0.10268036345505471,0.035900167883197,-0.2702926238273806,6.402388211775089,200,199
1944-08-01,1945-08-01,0.25095532206706084,0.07177549902447126,0.1040181223973684,0.039820379709764264,-0.26884209526810854,6.3902759806597835,201,200
1944-09-01,1945-09-01,0.3084239129719085,0.07202517299697653,0.10278328014454327,0.038120976829970565,-0.2670563718558875,6.3762617800220225,202,201
1944-10-01,1945-10-01,0.35510133519483145,0.07234485643635814,0.10347472603051375,0.04111715051162135,-0.26468332079231993,6.356528561852028,203,202
1944-11-01,1945-11-01,0.4044306546894303,0.0731123570198956,0.10581801586071654,0.04805145456806453,-0.262005515069428,6.334952879583231,204,203
1944-12-01,1945-12-01,0.3681967177077158,0.07373386913944514,0.09991731568434664,0.03657566821119734,-0.25922895535173013,6.315306607489604,205,204
1945-01-01,1946-01-01,0.4218305445628413,0.07436097384984534,0.09760152220466259,0.03316333370699848,-0.2560800665467429,6.286073525895001,206,205
1945-02-01,1946-02-01,0.26773719419730657,0.07530647531787066,0.09086028929568907,0.020278544014654898,-0.2521437088050295,6.246920439635573,207,206
1945-03-01,1946-03-01,0.38982201107218195,0.07588367801158609,0.0965714568362897,0.03442624571803393,-0.2491603686201198,6.2127396148405385,208,207
1945-04-01,1946-04-01,0.34143280810390153,0.07698861287298829,0.08765313523003848,0.016740172205211568,-0.2454973682547461,6.175353155195113,209,208
1945-05-01,1946-05-01,0.3703687899209068,0.07788395970091087,0.08918604970416644,0.022132856053625416,-0.2413204959386785,6.125124740626266,210,209
1945-06-01,1946-06-01,0.3160762354432062,0.0784842125698999,0.08697193775841486,0.019457722914676095,-0.23702466044822093,6.074581010746361,211,210
1945-07-01,1946-07-01,0.2934937506905655,0.07905199393423847,0.08977494646250701,0.027350575577771374,-0.23319639153347588,6.02811672857677,212,211
1945-08-01,1946-08-01,0.1494963330086555,0.07985905181279626,0.08332829063470125,0.015162096440676037,-0.22999978566579377,5.990853519191398,213,212
1945-09-01,1946-09-01,0.0037549570509132213,0.08092711191167065,0.07867530646703573,0.006151422398645939,-0.22814481257318192,5.967328454201908,214,213
1945-10-01,1946-10-01,-0.040857377466125944,0.08220234085717368,0.0748206645866273,-0.002070352289038291,-0.22818090189072646,5.96780728636374,215,214
1945-11-01,1946-11-01,-0.08215758364155246,0.08369413860639716,0.07041254535244343,-0.011766239344919494,-0.2288037013385383,5.976328490285515,216,215
1945-12-01,1946-12-01,-0.055082817252498195,0.08500521039949079,0.068363992732204,-0.016735902660199975,-0.23001370634042667,5.993381712892838,217,216
1946-01-01,1947-01-01,-0.09291394727393043,0.08655028073968962,0.06318924997457533,-0.028147953688059973,-0.23068962243413335,6.0030244485413,218,217
1946-02-01,1947-02-01,-0.05431957983456526,0.08737761824406233,0.06992800974190236,-0.014296478076882918,-0.23191551791892945,6.020994201560701,219,218
1946-03-01,1947-03-01,-0.10961752957333049,0.08875236548419015,0.06482912347702835,-0.025593704443674314,-0.23259059551877292,6.030532384887549,220,219
1946-04-01,1947-04-01,-0.17234623871074428,0.08989571590328384,0.061586485537455396,-0.03335735467879086,-0.23411533783708047,6.052706841006111,221,220
1946-05-01,1947-05-01,-0.20564275904170048,0.09115910812858846,0.057689843071141,-0.04316092756320028,-0.23673902220315074,6.091474690634159,222,221
1946-06-01,1947-06-01,-0.1474453323850069,0.0921677051120621,0.06207532909775437,-0.035234851898301084,-0.23994992300703186,6.1397364410226345,223,222
1946-07-01,1947-07-01,-0.10448880901822877,0.09306648210125182,0.06601861669905425,-0.027605457681050882,-0.24201123178267345,6.170118134287519,224,223
1946-08-01,1947-08-01,-0.06480901381602477,0.09331728143861805,0.07401352036080816,-0.010613792075555128,-0.24332855521893518,6.1891392873201685,225,224
1946-09-01,1947-09-01,0.024872340094819645,0.09292098796787601,0.0877524411223141,0.019377556672092955,-0.24413237714416985,6.200145104824515,226,225
1946-10-01,1947-10-01,0.061356955415986625,0.0923316559615588,0.09127105713988709,0.02718791757401398,-0.2440718562654268,6.199436710702638,227,226
1946-11-01,1947-11-01,0.044584806802015264,0.09156635227908905,0.09073224762421789,0.02617522894805252,-0.2437301100439555,6.195693130020037,228,227
1946-12-01,1947-12-01,0.02504152214440314,0.09092596289248822,0.09222870555598209,0.029577075555276694,-0.24354425686092193,6.193634056915454,229,228
1947-01-01,1948-01-01,-0.021266574064171206,0.09012665893524292,0.09154222989041752,0.02803747856645808,-0.24358797519064626,6.19410277523009,230,229
1947-02-01,1948-02-01,-0.04947267362076191,0.08950135054230002,0.09702754015648815,0.0399139757030923,-0.24406994193006265,6.199351355661373,231,230
1947-03-01,1948-03-01,0.033536414951371385,0.08864307950731881,0.10058679907504872,0.04737002238033294,-0.24480717166182575,6.20622446344447,232,231
1947-04-01,1948-04-01,0.11624267325951021,0.08752295367805678,0.10872917875166835,0.06533280328119848,-0.2449074589401352,6.207022551941747,233,232
1947-05-01,1948-05-01,0.1999803976172676,0.08627010875190397,0.11473333144851952,0.07884235565161044,-0.24465182843789532,6.2062936232693655,234,233
1947-06-01,1948-06-01,0.14282796134083775,0.085275574959832,0.10997728469959442,0.06883129579110794,-0.24424241978638903,6.208418867737659,235,234
1947-07-01,1948-07-01,0.05143191098327271,0.08447148858704362,0.10527261811394822,0.05872995618355112,-0.2438984335589995,6.207847530067166,236,235
1947-08-01,1948-08-01,0.07197517263501951,0.0838416130494779,0.11054417608749612,0.07037061790621771,-0.24394147768930366,6.208085481249897,237,236
1947-09-01,1948-09-01,0.050430943713861365,0.08359384299504659,0.11442978525030706,0.07898076506686325,-0.24393433577051882,6.208078184695649,238,237
1947-10-01,1948-10-01,0.08150489327016464,0.0835008016244229,0.11166605434699997,0.07274141371982726,-0.24403094984418836,6.207619927128214,239,238
1947-11-01,1948-11-01,0.00993923713068634,0.08333865164599621,0.12360213333839828,0.09920461395670413,-0.24399488350589701,6.207631724303033,240,239
1947-12-01,1948-12-01,0.01083796642598489,0.08309675484308503,0.12188426240153963,0.09500788856800108,-0.24407323912157725,6.201870378359913,241,240
1948-01-01,1949-01-01,0.05439992701003682,0.08266550141784845,0.12889899631743848,0.11014607097246726,-0.24418580713978283,6.197227029868166,242,241
1948-02-01,1949-02-01,0.07269791535881087,0.08212172291974716,0.13827217809226897,0.13058435918559283,-0.24415454577998888,6.192097127103778,243,242
1948-03-01,1949-03-01,0.030280821003091263,0.08192260280512269,0.12975018234126695,0.1114730272946961,-0.24397604703139758,6.183932284790638,244,243
1948-04-01,1949-04-01,-0.02321643801968587,0.08206268472534467,0.12518163936347196,0.10102705048442273,-0.24391335167455874,6.176188087008434,245,244
1948-05-01,1949-05-01,-0.11689570581964648,0.08254202502165331,0.11438766044659138,0.0767349993662251,-0.24397085226192053,6.167386522454818,246,245
1948-06-01,1949-06-01,-0.11640239852536505,0.08278609763833014,0.11836548620849602,0.08469158372913949,-0.24462374801054987,6.164759238504707,247,246
1948-07-01,1949-07-01,-0.019764167084032724,0.08265966946633395,0.12542787734739175,0.09937201654706926,-0.24508328423712447,6.157819281126173,248,247
1948-08-01,1949-08-01,0.002582903706856321,0.08261675984050539,0.12962043950441038,0.1080455887801886,-0.24512746447496814,6.149285650459337,249,248
1948-09-01,1949-09-01,0.0655950730534538,0.0824880165759988,0.13760861542645209,0.12505162224688443,-0.24504719090070537,6.139434221404944,250,249
1948-10-01,1949-10-01,0.03451201390382286,0.08248409975007914,0.1309549824581037,0.11019043321068861,-0.244874221086196,6.131407448591418,251,250
1948-11-01,1949-11-01,0.1650379672736464,0.0821962233111133,0.1530747123655305,0.15815103819675555,-0.24479074313470114,6.123888939425031,252,251
1948-12-01,1949-12-01,0.1852985678890855,0.08191417486492703,0.15067874562465072,0.15296547914894779,-0.24483922139132133,6.125367733239331,253,252
1949-01-01,1950-01-01,0.20233514009104137,0.08180585105447472,0.15073734912707093,0.15330989185604765,-0.24504451345460898,6.131858577279653,254,253
1949-02-01,1950-02-01,0.2569571308998244,0.08177013365958975,0.16128158626998584,0.1767328577485934,-0.24535448775034627,6.1416498881753245,255,254
1949-03-01,1950-03-01,0.222335516318803,0.0815690035320253,0.15618244035823145,0.16619169996226008,-0.24608333205794303,6.161935138669166,256,255
1949-04-01,1950-04-01,0.29477164272093503,0.0811612780785167,0.16118440109856758,0.17762062420299504,-0.2465133858180991,6.174544364606952,257,256
1949-05-01,1950-05-01,0.3896225287958306,0.08039361535022925,0.1699487577415632,0.19796701515841988,-0.2475590462925442,6.2036623331139165,258,257
1949-06-01,1950-06-01,0.3118387132506164,0.07963378518082541,0.17192862992396404,0.20425514174473483,-0.2496970573556553,6.259444750599918,259,258
1949-07-01,1950-07-01,0.2533742347036656,0.07925148536442211,0.16094719518153944,0.18069623171433047,-0.25094116720508014,6.291527553079148,260,259
1949-08-01,1950-08-01,0.2782788116559328,0.07895773600941228,0.1597329252957742,0.1785369643528955,-0.2515655415998162,6.308980775521611,261,260
1949-09-01,1950-09-01,0.2973412470012833,0.078906733479046,0.1525452910260027,0.16306442329874493,-0.25238418621827247,6.332138527770209,262,261
1949-10-01,1950-10-01,0.252206530985688,0.07873793226393111,0.1441479589830607,0.14489190435123506,-0.2532268573128471,6.358247124007172,263,262
1949-11-01,1950-11-01,0.26519795052403317,0.07906482633593759,0.15255657211610202,0.16459000003741647,-0.2536612590893109,6.374464728386571,264,263
1949-12-01,1950-12-01,0.262582332478007,0.0794657083795344,0.14402223472439174,0.14577281529823427,-0.2542865006134815,6.393818043886707,265,264
1950-01-01,1951-01-01,0.3008046856306271,0.07992762353634456,0.14167052789242704,0.1410189614865191,-0.2547487487576121,6.411171553367446,266,265
1950-02-01,1951-02-01,0.2976644293555405,0.08059065539912913,0.14181268763435548,0.14215572990196684,-0.25527997966883564,6.43290837976774,267,266
1950-03-01,1951-03-01,0.25942759184814046,0.08111955413390402,0.14060152386517707,0.1401548085030751,-0.2558001291530959,6.454066814541954,268,267
1950-04-01,1951-04-01,0.26720039317055655,0.08191379981638369,0.13343470693746612,0.12420514387034198,-0.25615952539151793,6.469493845834746,269,268
1950-05-01,1951-05-01,0.1941873903853376,0.08305346177556683,0.1321386715560638,0.12182820938715083,-0.2563218716762923,6.48279516309745,270,269
1950-06-01,1951-06-01,0.23765014412200736,0.08389768779576998,0.14257050915859174,0.14627758385090395,-0.2563792742282339,6.489029751054772,271,270
1950-07-01,1951-07-01,0.3012954907662414,0.08452076333587255,0.14111159031599232,0.14335531064771512,-0.2566991824762296,6.5016104298750985,272,271
1950-08-01,1951-08-01,0.29708335899659566,0.08523049977660534,0.14549044823461008,0.15431185670452813,-0.25718958509895024,6.522104101974357,273,272
1950-09-01,1951-09-01,0.24810043004689042,0.08600462659129393,0.14072036474892793,0.14393454747184187,-0.25779282576786955,6.543636629951712,274,273
1950-10-01,1951-10-01,0.22307176514879912,0.0866089971527281,0.14199989702523097,0.14742621806393624,-0.2581019087322414,6.556806336174494,275,274
1950-11-01,1951-11-01,0.20043364735614178,0.08725605857798645,0.15443086667479777,0.17691068723474013,-0.2583503682470721,6.566803048363086,276,275
1950-12-01,1951-12-01,0.17705163077092223,0.08788900541517063,0.1468168462359055,0.159213606712457,-0.25850282027443433,6.571337107971047,277,276
1951-01-01,1952-01-01,0.13308690959637548,0.08865488915695287,0.13848452207739084,0.13977171008390826,-0.25858268913514126,6.574087061003257,278,277
1951-02-01,1952-02-01,0.09290628859777117,0.08940402729386537,0.14034996251018514,0.14411498036456016,-0.2585672957092231,6.573335697569068,279,278
1951-03-01,1952-03-01,0.16472019527921034,0.09001125431013066,0.14618696092054922,0.15754882856913832,-0.2584252337648215,6.567136279585838,280,279
1951-04-01,1952-04-01,0.0586260813548497,0.09064182064059477,0.13796749350510698,0.13833099508866759,-0.2584558328721886,6.568205733108404,281,280
1951-05-01,1952-05-01,0.1176508943765332,0.09100900351203005,0.1476181021980222,0.16055787473458144,-0.25828637164534285,6.559589624874822,282,281
1951-06-01,1952-06-01,0.1891930847887685,0.09152717008662359,0.15329875144354072,0.17360775791591693,-0.25808885835091316,6.552945586291998,283,282
1951-07-01,1952-07-01,0.12120732057800898,0.09226579093408704,0.14144127688924563,0.1459753872161727,-0.2581829678833893,6.555777679098705,284,283
1951-08-01,1952-08-01,0.06877542422413208,0.09298444906763971,0.13499445745529962,0.13079416484662454,-0.2581096889386679,6.552732718565112,285,284
1951-09-01,1952-09-01,0.041762283561960434,0.09352681263749722,0.1337635278585945,0.12766490142159337,-0.25802986025505514,6.547091962030781,286,285
1951-10-01,1952-10-01,0.06225694197077625,0.09397818877865162,0.13954810633626916,0.14081223324894954,-0.25794694652999867,6.539826383433628,287,286
1951-11-01,1952-11-01,0.1177275913346485,0.09434782578760123,0.1283767818182595,0.11444441065807642,-0.25775457010336106,6.530995688792982,288,287
1951-12-01,1952-12-01,0.11277450702314629,0.09463399812318363,0.12161541792880554,0.0987066662631379,-0.2577531429679513,6.53118458510496,289,288
1952-01-01,1953-01-01,0.09362995656783601,0.09476659436964292,0.11890277701102692,0.09243678939280159,-0.25772256840770136,6.531527438477924,290,289
1952-02-01,1953-02-01,0.121050054809694,0.09476020156630315,0.12732713617290015,0.11206570590264459,-0.25771915105508975,6.5315406385443895,291,290
1952-03-01,1953-03-01,0.058499596167628454,0.09499979058586791,0.12031643713918166,0.09576555838770834,-0.25771299226713534,6.532008578695259,292,291
1952-04-01,1953-04-01,0.08456745256584486,0.09487564823354362,0.12917580788062183,0.11627463464866306,-0.2578057070430859,6.531347705324297,293,292
1952-05-01,1953-05-01,0.05621368487528611,0.0949531150571592,0.12547453173848824,0.10753842835687177,-0.2578119998565951,6.52941869282006,294,293
1952-06-01,1953-06-01,-0.00124612504495758,0.09527257258167314,0.12002903575168916,0.09467998669397787,-0.2578710534009732,6.527232768268581,295,294
1952-07-01,1953-07-01,0.012351380391730338,0.09536018997355268,0.1195858007231872,0.09332143448502134,-0.2581155472467622,6.5257062334267735,296,295
1952-08-01,1953-08-01,-0.024040648878757787,0.09527067897776338,0.1200790568913202,0.09419461136987811,-0.2583304627854505,6.524596929838866,297,296
1952-09-01,1953-09-01,-0.0016521727905232098,0.09509112060388483,0.12446097609176365,0.10398827892020679,-0.2586282090335912,6.522698428834992,298,297
1952-10-01,1953-10-01,0.04901545996425516,0.09498130729741959,0.1253726185181718,0.10574256845252317,-0.2587741154192658,6.518752898179474,299,298
1952-11-01,1953-11-01,0.01678348969951693,0.09505712824421035,0.11694533777577046,0.08595960251228901,-0.2588388748540494,6.516389662370877,300,299
1952-12-01,1953-12-01,-0.012255623765959123,0.09511598996772841,0.11290178160611117,0.07633132896643913,-0.2590677414829284,6.516357126949926,301,300
1953-01-01,1954-01-01,0.039610325718622885,0.0951110693273314,0.112189472161141,0.07437870903888344,-0.25945211094075327,6.518060449802555,302,301
1953-02-01,1954-02-01,0.05934662518316669,0.0951966765401445,0.11480900199801267,0.08035269463620531,-0.2596088404190958,6.518847360024257,303,302
1953-03-01,1954-03-01,0.11279083010424129,0.09507596245997173,0.11750736003003887,0.08655710675822748,-0.25968904854771907,6.51905318682021,304,303
1953-04-01,1954-04-01,0.1927976959415767,0.09504150832917133,0.12119776223901271,0.09522400428638056,-0.2596074376389016,6.519141791839843,305,304
1953-05-01,1954-05-01,0.22322700357170344,0.09491462001723051,0.12141507280644653,0.09605259330184879,-0.2593976241909267,6.52122420145641,306,305
1953-06-01,1954-06-01,0.26143366290609316,0.09460139283461755,0.1253869658053069,0.10571487369542726,-0.25913218078360695,6.524063989010038,307,306
1953-07-01,1954-07-01,0.291019992217177,0.0943343473396731,0.12154739924183011,0.09729875515307734,-0.25896753493677943,6.530541619582996,308,307
1953-08-01,1954-08-01,0.3254494252045075,0.09395125673702445,0.13002555536770022,0.11769547328230417,-0.25857180402215385,6.534951227493968,309,308
1953-09-01,1954-09-01,0.4069489657387748,0.09364285857725818,0.13054646224939961,0.11964644382482442,-0.25860248656583024,6.548239067845329,310,309
1953-10-01,1954-10-01,0.32439359929595124,0.09349936211869547,0.1224377319258971,0.10167250262837141,-0.25868330507943926,6.567278032321802,311,310
1953-11-01,1954-11-01,0.407043697460016,0.09325347791222373,0.12116233688181405,0.09941012745654226,-0.25828057709681873,6.573199453825323,312,311
1953-12-01,1954-12-01,0.48536057933863197,0.0929163881305043,0.12360152475850694,0.10612921924316915,-0.25762503835743344,6.57944242680384,313,312
1954-01-01,1955-01-01,0.420768045155977,0.09274662360053017,0.11626012818902182,0.09011006854325626,-0.257057863631118,6.591614832007444,314,313
1954-02-01,1955-02-01,0.4413004293884675,0.09264059185952266,0.1146292729141864,0.08733010590630685,-0.2559394797456359,6.590380754583832,315,314
1954-03-01,1955-03-01,0.38946379471713355,0.09270435843624644,0.11035434837960129,0.07841535154028884,-0.2545973298674707,6.586254525001761,316,315
1954-04-01,1955-04-01,0.371294913807531,0.09302011028957555,0.10465288898202665,0.06605110196218161,-0.25307920340037865,6.576169685371638,317,316
1954-05-01,1955-05-01,0.3455354341471597,0.09342956592882755,0.10182038830460119,0.06046949085355652,-0.25114634941572395,6.557840108512888,318,317
1954-06-01,1955-06-01,0.41766400696257233,0.09395622454004154,0.10160462103989731,0.060975807351855676,-0.2491398668194781,6.536856068312367,319,318
1954-07-01,1955-07-01,0.37358663167978157,0.09457204881403258,0.09521746426804586,0.04740762996108422,-0.246618354902159,6.510318640522727,320,319
1954-08-01,1955-08-01,0.41280631586083194,0.09529129297724276,0.10118933320466039,0.06248422993885369,-0.24378644541553887,6.47602704476439,321,320
1954-09-01,1955-09-01,0.3212141208224042,0.0962591739485519,0.09312580201553257,0.0451745866895118,-0.24129259677554032,6.449485155265284,322,321
1954-10-01,1955-10-01,0.30974473106443323,0.0969654724790392,0.09599762943619553,0.05287100807331385,-0.23876501996777832,6.417859420291979,323,322
1954-11-01,1955-11-01,0.28091185511345373,0.09792250403762245,0.08957866046629029,0.03922151732310916,-0.23661080210146704,6.392118012290611,324,323
1954-12-01,1955-12-01,0.2323424598648225,0.0991146211923948,0.08294120467637821,0.025214179783476953,-0.23419622920396954,6.360492905815599,325,324
1955-01-01,1956-01-01,0.18913876651513517,0.10010128813706837,0.08221054990530023,0.02460407363213138,-0.23178683837579409,6.3268834936990475,326,325
1955-02-01,1956-02-01,0.1975704580932367,0.10114471058737845,0.0803325095906776,0.02121925393178678,-0.22985205831758584,6.29974125138065,327,326
1955-03-01,1956-03-01,0.2779622634672647,0.10202373218533502,0.08186056701607945,0.025565879685819165,-0.22770530381960777,6.269209626153349,328,327
1955-04-01,1956-04-01,0.24179823355767427,0.10284218562491618,0.0784635616558809,0.019298545750421142,-0.2247458930476318,6.2275854468397265,329,328
1955-05-01,1956-05-01,0.16849074695530653,0.10357761971134719,0.07987175999564222,0.02361931769119463,-0.22196077222520505,6.187471259093912,330,329
1955-06-01,1956-06-01,0.13252659666286148,0.10452652118340529,0.07325763066100832,0.009842287036471109,-0.22020813063633157,6.162464669397408,331,330
1955-07-01,1956-07-01,0.1628203061672302,0.1053369432029727,0.07123983502225939,0.006173528574506482,-0.21852985111780832,6.137550615463387,332,331
1955-08-01,1956-08-01,0.1260899276188212,0.10626027465239571,0.07382900167195179,0.01280650802944025,-0.21632181733895112,6.10444086161721,333,332
1955-09-01,1956-09-01,0.07444908288909091,0.10690384904212626,0.07476751855846783,0.0155155603548712,-0.21480733151949913,6.082027715040991,334,333
1955-10-01,1956-10-01,0.1092628905622457,0.1075093442123421,0.07749514173897568,0.021761845451600176,-0.21403768480074847,6.07069623798995,335,334
1955-11-01,1956-11-01,0.0405093560962797,0.10802542311383348,0.07612050211134655,0.019264587506000852,-0.21295996751293042,6.055086787669963,336,335
1955-12-01,1956-12-01,0.05612968872289559,0.10839431639796106,0.07540158771874243,0.01783060836794942,-0.21269257465667757,6.051180666618589,337,336
1956-01-01,1957-01-01,0.05173396508733552,0.10863320530363318,0.08041620721819734,0.02885484467452662,-0.21220648623430732,6.04404929398363,338,337
1956-02-01,1957-02-01,-0.006226895827777801,0.10889555708177359,0.07759812815547099,0.022896991424080637,-0.2119455657196862,6.040346791024916,339,338
1956-03-01,1957-03-01,-0.04870224543675439,0.10939281210055443,0.07101076355346178,0.008540436719894351,-0.21229594165998628,6.045418025830293,340,339
1956-04-01,1957-04-01,-0.013118496503901622,0.10978109779397709,0.07103758145950408,0.00824840724243514,-0.21307185251805272,6.057078352257537,341,340
1956-05-01,1957-05-01,0.07494440828917148,0.10995276343479966,0.07992185090151767,0.027325112712508592,-0.2133595785628961,6.061401699813565,342,341
1956-06-01,1957-06-01,0.03205907161515498,0.11001857635966283,0.07669874963984538,0.02059922419135976,-0.2128233903888918,6.053771305529761,343,342
1956-07-01,1957-07-01,-0.009124288319545704,0.11017206976026624,0.07301238880521707,0.012702744239066172,-0.21268616122445028,6.05177414321105,344,343
1956-08-01,1957-08-01,-0.026740127813148273,0.11021820847869686,0.07714247621826172,0.021498829420183135,-0.2129652997854934,6.055926764801278,345,344
1956-09-01,1957-09-01,-0.03317202416338161,0.11011482950300433,0.08362918245929606,0.03528031323527009,-0.2135315067646043,6.064141962645209,346,345
1956-10-01,1957-10-01,-0.07820702536688662,0.11011237434755544,0.08508876441706065,0.03814053985389737,-0.21422573354588564,6.073711725803972,347,346
1956-11-01,1957-11-01,-0.06160324123303018,0.10991236567441966,0.08076207409169095,0.0282501373378152,-0.21536034850067123,6.0891304924113445,348,347
1956-12-01,1957-12-01,-0.12493756811488088,0.10975826058286799,0.0782491544777778,0.022361496181489637,-0.21632464911224503,6.102760033396795,349,348
1957-01-01,1958-01-01,-0.051901104436116285,0.10959247688145217,0.0826305508629465,0.0312105369201858,-0.21798516529398718,6.126682162199158,350,349
1957-02-01,1958-02-01,-0.04629563533820247,0.10926250715863386,0.08693596751494496,0.040268737080182526,-0.21883206725830123,6.138461378507235,351,350
1957-03-01,1958-03-01,-0.03678230356778345,0.1088137436569424,0.08539065060023962,0.03653310360855516,-0.2196228814790958,6.148985007013966,352,351
1957-04-01,1958-04-01,-0.04863486131967354,0.10846832654600515,0.08147013530917442,0.027619514732133477,-0.22031651970282878,6.1583760420322005,353,352
1957-05-01,1958-05-01,-0.06013905241498396,0.10837362621194632,0.07763108568737653,0.018829888183093252,-0.2211048234134635,6.169455999164573,354,353
1957-06-01,1958-06-01,-0.02682328522290478,0.10815865563561732,0.07906981582795508,0.02161639305085647,-0.22198809506255152,6.1822468959885315,355,354
1957-07-01,1958-07-01,0.007375292736743644,0.10782920916383314,0.07908469371805896,0.021421537743690933,-0.2225110934647549,6.1897410398760515,356,355
1957-08-01,1958-08-01,0.08135054786778873,0.10745226424232901,0.08516918262248417,0.03479279529280982,-0.22266199145373994,6.191903040026852,357,356
1957-09-01,1958-09-01,0.20159471343618118,0.10705945896745273,0.0933421527747707,0.05301351910482155,-0.22222963100190152,6.18604204619309,358,357
1957-10-01,1958-10-01,0.2862196728556897,0.10654339633699497,0.09866917775444334,0.06524882813467947,-0.2211361926369319,6.172868674215301,359,358
1957-11-01,1958-11-01,0.2954497801586359,0.10607632234374491,0.09481831204058191,0.05747824932260723,-0.21978791597645023,6.158635962748144,360,359
1957-12-01,1958-12-01,0.4173035079934113,0.10543639466934424,0.10057362702403966,0.07086621900919796,-0.2181284734876228,6.139236616681238,361,360
1958-01-01,1959-01-01,0.36520638118578663,0.10500176069391479,0.09374802990199449,0.05701125505809401,-0.21618143940496842,6.120047174453702,362,361
1958-02-01,1959-02-01,0.40309812279866497,0.10458496345966654,0.09691909724083866,0.0649342763793698,-0.21396862737679365,6.093578056867429,363,362
1958-03-01,1959-03-01,0.36632740434754507,0.10419659184695376,0.09342392074043075,0.05843612678981425,-0.21179612028241163,6.069444720849027,364,363
1958-04-01,1959-04-01,0.37331727877457044,0.10377787553690825,0.09000089816508688,0.05208857503368977,-0.20957624784911152,6.042713202521802,365,364
1958-05-01,1959-05-01,0.36703479026795627,0.10333001507802327,0.08637425804861742,0.04545917253998574,-0.20701488931178605,6.009989762394627,366,365
1958-06-01,1959-06-01,0.32504685480685236,0.10297537393278912,0.08398616046695202,0.041604876151722675,-0.204192052803859,5.972129852498532,367,366
1958-07-01,1959-07-01,0.30930119201512385,0.10271559110345205,0.0790856513873368,0.03237118596804858,-0.20155839481738844,5.935864217960292,368,367
1958-08-01,1959-08-01,0.2677337045312014,0.10265769125728497,0.07591874156674377,0.02695702482148038,-0.19868559676772415,5.894527518723826,369,368
1958-09-01,1959-09-01,0.15398004094275697,0.1029250886145252,0.07205493827945889,0.020048789138525064,-0.1960255070392188,5.855360938479136,370,369
1958-10-01,1959-10-01,0.13914894695263968,0.10341914409765501,0.06925427401849618,0.014929116438983675,-0.19443567379792845,5.831388084160385,371,370
1958-11-01,1959-11-01,0.1241463814671584,0.10393535548491571,0.0656661454014864,0.008192846110018054,-0.19289037221024732,5.80773548859167,372,371
1958-12-01,1959-12-01,0.09412050416032613,0.10477548458011277,0.06040506802969589,-0.001955857026008395,-0.19136257160419953,5.783952392805474,373,372
1959-01-01,1960-01-01,0.012285565908793261,0.10547182387584986,0.059747348237054354,-0.0026503143428836806,-0.18999159192809434,5.762156686585565,374,373
1959-02-01,1960-02-01,0.014147906595542992,0.1062654940063107,0.05870564540168338,-0.004686817708933533,-0.18977773312816665,5.7587486916828174,375,374
1959-03-01,1960-03-01,-0.0049377656426465855,0.10695714802317569,0.05856129389674779,-0.004850829116062161,-0.18950557386067057,5.754395651385891,376,375
1959-04-01,1960-04-01,-0.056631121132373674,0.10766367356893534,0.05498582116416226,-0.012189598451929129,-0.18950682407268385,5.754415657911476,377,376
1959-05-01,1960-05-01,-0.04467678677474474,0.10834984054432958,0.05426985557270443,-0.013997119680806747,-0.19017608916409345,5.765252609011189,378,377
1959-06-01,1960-06-01,-0.02276758075256513,0.10892160047642069,0.054888037031197254,-0.01295788836562739,-0.1906393982401202,5.772771296783707,379,378
1959-07-01,1960-07-01,-0.0755336669917126,0.1094489151909962,0.051616519321831575,-0.019769468577164884,-0.19078511648166113,5.775131499052574,380,379
1959-08-01,1960-08-01,-0.03459014031107077,0.10986436083230909,0.054228260221797706,-0.014820864699933073,-0.19164630847975467,5.789218217873642,381,380
1959-09-01,1960-09-01,-0.045051336030119016,0.10997984690589661,0.05873275905352099,-0.005659701659346483,-0.19193824523391145,5.793956216528524,382,381
1959-10-01,1960-10-01,-0.06379748307257749,0.11005600643604477,0.05707687428746765,-0.009349084755725878,-0.19247813613771503,5.802585308782907,383,382
1959-11-01,1960-11-01,-0.036321877078482556,0.11009270012102165,0.0578869926145093,-0.008043481976405281,-0.19323843397643212,5.8148095320299875,384,383
1959-12-01,1960-12-01,-0.01623801421454807,0.11005121389774712,0.056446490683810135,-0.011223712841109568,-0.1936258084150013,5.821019891522876,385,384
1960-01-01,1961-01-01,0.1219595110668974,0.10979793501694672,0.06295590656663465,0.002258674662621224,-0.19369554481732046,5.822143622129791,386,385
1960-02-01,1961-02-01,0.14862704369421387,0.10955077732076737,0.06292143869450738,0.0028903933831841977,-0.1922038959908158,5.798711594330824,387,386
1960-03-01,1961-03-01,0.20104765724550955,0.10925570375642872,0.06482204923070801,0.007653527908669494,-0.19039736633785012,5.770328840585052,388,387
1960-04-01,1961-04-01,0.22639421473634735,0.10882925947650887,0.06649075935536325,0.012140472117489615,-0.1880898245761775,5.734390814801472,389,388
1960-05-01,1961-05-01,0.2178457767255204,0.10843565422971083,0.06473888364159092,0.009718662911266468,-0.18562103725116585,5.696259384510313,390,389
1960-06-01,1961-06-01,0.15785745483016944,0.10810009608397611,0.06280839062421817,0.006968729053841799,-0.1831607835861347,5.657925940420607,391,390
1960-07-01,1961-07-01,0.21796172002967462,0.10763164260674218,0.06471682239846044,0.011664948556134619,-0.1813274738738351,5.629102497419533,392,391
1960-08-01,1961-08-01,0.2137682252793358,0.10726975511840167,0.06426690433142837,0.01189125441481928,-0.17891524474282844,5.591515268377257,393,392
1960-09-01,1961-09-01,0.2642966448493398,0.10688315336421765,0.06943270229857312,0.02323039570548574,-0.17654908571623712,5.554565312039909,394,393
1960-10-01,1961-10-01,0.30764028949397626,0.10645105048716244,0.07017388175684137,0.025849439719988043,-0.17399053772995562,5.515707999644386,395,394
1960-11-01,1961-11-01,0.3048875485855487,0.1060905127912896,0.06691316519342341,0.02081351091239897,-0.17105621043982663,5.471345854896707,396,395
1960-12-01,1961-12-01,0.24408151984165505,0.10578238048145122,0.060937405412249776,0.010694066125254365,-0.16792580918007768,5.423109916181694,397,396
1961-01-01,1962-01-01,0.1263388265660259,0.10582302653819858,0.055965872796123334,0.002513122981495808,-0.16508804869169028,5.3780967569247995,398,397
1961-02-01,1962-02-01,0.10656389900352647,0.10593030477668483,0.053077334004753826,-0.0021976669653222536,-0.1634688484381978,5.351901353982071,399,398
1961-03-01,1962-03-01,0.06817902810404952,0.1061680981578569,0.0505111040872815,-0.006325324729514803,-0.1619938025016339,5.327797120140386,400,399
1961-04-01,1962-04-01,-0.0037368772934762706,0.10646791390992295,0.04983300768815557,-0.007069832742456428,-0.1609527895577429,5.310645201728825,401,400
1961-05-01,1962-05-01,-0.1099185727172538,0.10674497327016079,0.04889113010554279,-0.00882922649755477,-0.16090611467030677,5.309874579050335,402,401
1961-06-01,1962-06-01,-0.1576525887308684,0.10687180324921787,0.05105662745435527,-0.005458611224439303,-0.16232993903867257,5.3334492423409685,403,402
1961-07-01,1962-07-01,-0.13186135663274023,0.10714677829075363,0.04852893061169576,-0.01136322130805506,-0.16439436386359277,5.367402548777013,404,403
1961-08-01,1962-08-01,-0.13658872398730415,0.10741004112282419,0.04880883471887884,-0.011711393182582713,-0.16607579393316035,5.395273939305849,405,404
1961-09-01,1962-09-01,-0.162739892155344,0.10779646132904715,0.04895021612833106,-0.012344525129725975,-0.16779895240539786,5.423812972112613,406,405
1961-10-01,1962-10-01,-0.1847487599061779,0.10828747810586517,0.047633214762801884,-0.015988795977678077,-0.16985524921688203,5.4578547708997,407,406
1961-11-01,1962-11-01,-0.13782212459592735,0.10876934102370754,0.04713749086588599,-0.018200298531679038,-0.1721879688684981,5.496626522320366,408,407
1961-12-01,1962-12-01,-0.1279188343613915,0.1091001776467343,0.04595563781333016,-0.021410745100966633,-0.17384048900907453,5.524133078524176,409,408
1962-01-01,1963-01-01,-0.048568868646994834,0.10914222313190329,0.050074385043276576,-0.014059498641301793,-0.1753244535275998,5.548918921548015,410,409
1962-02-01,1963-02-01,-0.08822713959337047,0.10913594983718702,0.05042144026435724,-0.013606542867880073,-0.17577543004290597,5.556356894146634,411,410
1962-03-01,1963-03-01,-0.05402420776883399,0.1090365398329804,0.04911992145789505,-0.01669355262376737,-0.17673923520517978,5.572234746150202,412,411
1962-04-01,1963-04-01,0.05847058095429669,0.10876348071160884,0.05483858604698501,-0.005567927779167509,-0.17722707839303709,5.580305891875185,413,412
1962-05-01,1963-05-01,0.18120406148114743,0.10823526319124929,0.06585532331395359,0.01669280361349121,-0.17646263022682016,5.56791283058272,414,413
1962-06-01,1963-06-01,0.26624345257710935,0.10759456957215982,0.07287379986178555,0.031325470523121374,-0.17484042372802053,5.542985860816567,415,414
1962-07-01,1963-07-01,0.18645292446928297,0.1070189543649365,0.067682206244941,0.022031514259324564,-0.1728348667255348,5.513673257688564,416,415
1962-08-01,1963-08-01,0.22037947868786123,0.10643476328975127,0.06529341418266384,0.018073415887708083,-0.1712814029674098,5.4900722981745576,417,416
1962-09-01,1963-09-01,0.2701059732388198,0.10579080478390177,0.0708700008074616,0.02986356655317568,-0.16929080071380753,5.459373862267595,418,417
1962-10-01,1963-10-01,0.3020158934213659,0.10509739293499945,0.0716040536935198,0.032252175753057916,-0.16717984231566163,5.42802897877133,419,418
1962-11-01,1963-11-01,0.16454264803917407,0.10451901313135438,0.06279642534837458,0.016372809880567024,-0.16485473345458623,5.393703675364418,420,419
1962-12-01,1963-12-01,0.1731031820498592,0.10396690422994641,0.06253212579729077,0.016581170273080537,-0.1633479455436865,5.370125749738563,421,420
1963-01-01,1964-01-01,0.14202358073332078,0.10360544505251292,0.0575974390408826,0.00792954835315185,-0.16175645576355016,5.3451867741954535,422,421
1963-02-01,1964-02-01,0.18901990425190252,0.10315194012427205,0.06057057193581,0.01429560408749167,-0.16028160135209474,5.321508228980977,423,422
1963-03-01,1964-03-01,0.17000592223296285,0.10278124166226002,0.05801862968495375,0.010352805972465767,-0.15846239708890647,5.292710839546014,424,423
1963-04-01,1964-04-01,0.12003731394159178,0.10267698128412363,0.05454499078729094,0.004673746128294354,-0.1567362980103414,5.265049684321518,425,424
1963-05-01,1964-05-01,0.11643408100296448,0.10286131715313075,0.05457584941098961,0.00538877160165277,-0.1554250350382052,5.243718432885584,426,425
1963-06-01,1964-06-01,0.1541333930771891,0.10324394510494331,0.056257448002081226,0.00915016517131545,-0.154170606203156,5.223314314399941,427,426
1963-07-01,1964-07-01,0.17883138171853807,0.10343835860813103,0.057188490692376914,0.011661252219440643,-0.15258457685376833,5.197699580241901,428,427
1963-08-01,1964-08-01,0.10611533791894745,0.1037109486316269,0.052921270428849324,0.0046756903601774535,-0.15079276681018133,5.168881502383806,429,428
1963-09-01,1964-09-01,0.15360989413324555,0.104097913805132,0.05640526933280014,0.011661884508034931,-0.1496362016597159,5.149941390011498,430,429
1963-10-01,1964-10-01,0.13184985710761699,0.10455712025435761,0.05461861401883043,0.009149457083742124,-0.1481123836668925,5.125349058366644,431,430
1963-11-01,1964-11-01,0.1423097620786311,0.10469597564274839,0.057317809283505314,0.014737730007388039,-0.14676446388875164,5.103426000925132,432,431
1963-12-01,1964-12-01,0.12247501418630957,0.10485395995315741,0.05605674815378382,0.013107989943390796,-0.14542966165193916,5.081975096859204,433,432
1964-01-01,1965-01-01,0.13608644774799417,0.10493960424066932,0.053652836564122536,0.009343006830936584,-0.14426765499750638,5.06319283957244,434,433
1964-02-01,1965-02-01,0.12404317176915325,0.10513289228667212,0.0536336262428536,0.010010417303169206,-0.1428763116668883,5.040469450565677,435,434
1964-03-01,1965-03-01,0.0932530870391195,0.10528168363975998,0.05303422712177139,0.009565558283905262,-0.14163102581007908,5.02012984816324,436,435
1964-04-01,1965-04-01,0.125286324178705,0.10531544938415775,0.05309551072614033,0.010139917594204184,-0.1407136806798616,5.005109490058041,437,436
1964-05-01,1965-05-01,0.10153415605101657,0.10534083438785365,0.0524338449304272,0.009598928926844497,-0.1394596550843864,4.984581589409258,438,437
1964-06-01,1965-06-01,0.02846890101554833,0.1054519791684672,0.05208258560424342,0.009488697205162128,-0.1384537470136034,4.968070655893084,439,438
1964-07-01,1965-07-01,0.024958397626150486,0.10561875053789917,0.05014145120594697,0.00615755467423687,-0.13824611683987673,4.9646577825576506,440,439
1964-08-01,1965-08-01,0.06833489499405299,0.10561987658638228,0.052642996274893536,0.010693026734666322,-0.13803554784763358,4.961170256151285,441,440
1964-09-01,1965-09-01,0.06958062782457497,0.10572845128671451,0.04967918170919379,0.0057736667164722255,-0.13741746184110562,4.951034393887129,442,441
1964-10-01,1965-10-01,0.0901846062543652,0.10578741608540734,0.04845504259947253,0.003987291616792343,-0.1367059219856125,4.939228282464584,443,442
1964-11-01,1965-11-01,0.09100496020286397,0.10586967362142809,0.04965947240850828,0.006613065859385037,-0.13573300304503705,4.923011829391112,444,443
1964-12-01,1965-12-01,0.10140268734914559,0.10590698899348401,0.05016109642907714,0.007975082771165903,-0.1348026055860447,4.907573620660693,445,444
1965-01-01,1966-01-01,0.07074756471726618,0.10597465594136407,0.047321945998443735,0.0035494456412101805,-0.1337860572330827,4.890738522614411,446,445
1965-02-01,1966-02-01,0.05322872590395766,0.10601507767699671,0.04797059313918227,0.005079602373842168,-0.13302824061042956,4.878054527039783,447,446
1965-03-01,1966-03-01,0.04144448660385125,0.10598659109075144,0.04957374897876282,0.008145610709544615,-0.1324934824325974,4.8691249871503945,448,447
1965-04-01,1966-04-01,0.03080852818662594,0.10602957490609209,0.0470662367096734,0.003983331269668072,-0.13213433807182087,4.863164143585443,449,448
1965-05-01,1966-05-01,-0.018664152801782352,0.10601958508641417,0.04908727565574486,0.007643669958736804,-0.13183593024288034,4.85816461073639,450,449
1965-06-01,1966-06-01,0.02435069685639779,0.1058476323501151,0.05424907554539776,0.016448553652475773,-0.13211844466499204,4.862862234205435,451,450
1965-07-01,1966-07-01,-0.0064375667528713265,0.10566867386621254,0.05264552616650035,0.013707322325270083,-0.13204050006479,4.861594353633322,452,451
1965-08-01,1966-08-01,-0.10768068244801654,0.10558625934331596,0.052018657353086084,0.012516450115765465,-0.13224330982248678,4.8649175133154,453,452
1965-09-01,1966-09-01,-0.1419762449376223,0.10550695178490463,0.04975211153015942,0.007946236066322027,-0.13345905157844803,4.884893118484095,454,453
1965-10-01,1966-10-01,-0.13264076156032423,0.10547327630022213,0.04750016791581947,0.0031902166030277346,-0.13502071911055163,4.910797871252104,455,454
1965-11-01,1966-11-01,-0.12137916723552056,0.10544154753685071,0.049947057482378224,0.006727516591274935,-0.13647551638780314,4.9351430798452816,456,455
1965-12-01,1966-12-01,-0.12983255561641538,0.10543270976838746,0.048765653564340705,0.003955847478042951,-0.1377913483190598,4.956951419928472,457,456
1966-01-01,1967-01-01,-0.06769539263698632,0.10535697801063393,0.04808349728844796,0.0020154661431249776,-0.1391826198938378,4.9801206069488115,458,457
1966-02-01,1967-02-01,-0.04948663783918683,0.10524340883393093,0.05027997346056613,0.005542879019697716,-0.1399109181240359,4.9922818000145774,459,458
1966-03-01,1967-03-01,0.013683854103356152,0.1051047155247351,0.05282566527176047,0.0097973950600318,-0.14046420680086885,5.001438457187537,460,459
1966-04-01,1967-04-01,0.030274197398522995,0.10494355242855699,0.05118055302167476,0.00688218963499776,-0.14042684165227087,5.000827040263255,461,460
1966-05-01,1967-05-01,0.04691217408803117,0.10467600328303678,0.05736846332869841,0.018028638508052558,-0.14019719224799673,4.997041059398961,462,461
1966-06-01,1967-06-01,0.0877930329041352,0.10450251450025787,0.0584659414765689,0.020108959606041088,-0.13994213953510723,4.9929638027674095,463,462
1966-07-01,1967-07-01,0.15583300049492688,0.10426341949755716,0.06004907913282262,0.0232094895694491,-0.13935829679940898,4.983689203494611,464,463
1966-08-01,1967-08-01,0.24711923549360315,0.10380762572993225,0.06985261896614219,0.04111323832903846,-0.1382508034122225,4.966265267174895,465,464
1966-09-01,1967-09-01,0.29845718002136445,0.10328019253107486,0.07054903727370973,0.04301043598718887,-0.13684208180085256,4.945776749225162,466,465
1966-10-01,1967-10-01,0.21289342617939666,0.10277500847520463,0.06642028908898569,0.036578132837215754,-0.1351277501825764,4.921022980216235,467,466
1966-11-01,1967-11-01,0.20111248852570496,0.10229604656129282,0.06551205088238252,0.03560391185183556,-0.13383867720586318,4.9016635908813075,468,467
1966-12-01,1967-12-01,0.23478808852471067,0.10180110284662817,0.06523650923771689,0.035709851931368,-0.13261024364075405,4.883073974532062,469,468
1967-01-01,1968-01-01,0.09590976291773812,0.10144047200517367,0.058905528289883144,0.025441123132355192,-0.1311296440440596,4.86061791202934,470,469
1967-02-01,1968-02-01,0.04815390377581097,0.10112003228151262,0.05841764000708745,0.024884992171396725,-0.13054076168915035,4.8512784176272925,471,470
1967-03-01,1968-03-01,0.009966629206164423,0.10093478614130463,0.05452396013107763,0.018248063836178358,-0.13034541325851265,4.848171049388437,472,471
1967-04-01,1968-04-01,0.05719011590242862,0.10078539800442776,0.0513717328554915,0.012758924202872668,-0.13041943613421905,4.849374415625479,473,472
1967-05-01,1968-05-01,0.12997043967655908,0.10067174141388682,0.05642342350940881,0.021697057338365855,-0.13000337753130276,4.842505533584743,474,473
1967-06-01,1968-06-01,0.11068037508363027,0.10064462834333998,0.05402918374192835,0.018035191066672646,-0.12907487784483365,4.827566858415253,475,474
1967-07-01,1968-07-01,0.034186208709914956,0.10076057030164165,0.05020456237558035,0.011882911953417313,-0.12825117661336236,4.814142223879285,476,475
1967-08-01,1968-08-01,0.057607641569501045,0.1010674018848533,0.05176176058368927,0.014663161400116864,-0.1280412834288729,4.810657884462112,477,476
1967-09-01,1968-09-01,0.06609575148804048,0.1014803512114987,0.04929747407201124,0.01064129369845862,-0.12764884045970307,4.8041899414155935,478,477
1967-10-01,1968-10-01,0.10440475964706808,0.10171294635756947,0.05253347093961573,0.016448660113896896,-0.12712458603665303,4.795451536657162,479,478
1967-11-01,1968-11-01,0.1596018853985981,0.10192002873708642,0.051489075608062373,0.015066965461978499,-0.1263383316383015,4.782542551329674,480,479
1967-12-01,1968-12-01,0.08239653492146104,0.10219626170961786,0.04893246592126321,0.011395531502719686,-0.12503036831466904,4.760958272630765,481,480
1968-01-01,1969-01-01,0.1146870584524402,0.10218321918100401,0.05302544503410066,0.018676501643760834,-0.12436471381613035,4.749843830656814,482,481
1968-02-01,1969-02-01,0.09251914441702791,0.10207135724434728,0.057180169830339675,0.026120001626869865,-0.12352527921677098,4.736097551306731,483,482
1968-03-01,1969-03-01,0.11817109081331556,0.10188105821947502,0.055932863115724124,0.024283188928583166,-0.12298676936814842,4.727481369100248,484,483
1968-04-01,1969-04-01,0.040171615857325316,0.10178891194665637,0.04953659390181707,0.0139128732758549,-0.12221164325523702,4.714987135258895,485,484
1968-05-01,1969-05-01,0.016569123723097823,0.10184689862922817,0.047072107723813816,0.009896471270692403,-0.12197185821516804,4.7109927881863944,486,485
1968-06-01,1969-06-01,-0.06082055513861484,0.10186503718457603,0.046637930958291385,0.009200415135608722,-0.12190888660454187,4.70993242013697,487,486
1968-07-01,1969-07-01,-0.1006175597512089,0.10172635106065256,0.04960080965318571,0.013838337047667237,-0.12257069648412419,4.721096785783589,488,487
1968-08-01,1969-08-01,-0.07249815871278875,0.1016361287508547,0.0485007776517135,0.011445542379630275,-0.12359946402028482,4.7382268840921045,489,488
1968-09-01,1969-09-01,-0.13451154222956463,0.1015635973686857,0.044941978684415324,0.005015629826181742,-0.12436340499149821,4.751011347030992,490,489
1968-10-01,1969-10-01,-0.09654121031777585,0.10156938384990437,0.045671147162745826,0.005540775217357685,-0.12569640603794735,4.773657201761015,491,490
1968-11-01,1969-11-01,-0.1750309341815226,0.10168733608882448,0.04127839143467811,-0.0024765775740391155,-0.1266563531633995,4.789917327182499,492,491
1968-12-01,1969-12-01,-0.1634114319594765,0.10164820667469192,0.045279944725772944,0.0034503364880973386,-0.12837563877674835,4.819533988888762,493,492
1969-01-01,1970-01-01,-0.219473810037081,0.101674601111489,0.044934432417264566,0.0020161757226303256,-0.12993721687767582,4.846024959382024,494,493
1969-02-01,1970-02-01,-0.13081694624969342,0.10165610523937896,0.05060639434300816,0.010776632086271637,-0.13201018587308733,4.881240939664385,495,494
1969-03-01,1970-03-01,-0.16313152870603664,0.10168940158126188,0.04873035175379542,0.006873938774445948,-0.13321890182361693,4.9012560400439025,496,495
1969-04-01,1970-04-01,-0.26322722841551516,0.10156562334036864,0.04707026614213938,0.0031797466393928275,-0.13470731775361852,4.926127533141933,497,496
1969-05-01,1970-05-01,-0.3135308374216239,0.10139494763832595,0.048655085377817986,0.004727501731545569,-0.13708923588864189,4.966232051096884,498,497
1969-06-01,1970-06-01,-0.3022698797596318,0.1010698664704363,0.05500586942503077,0.01463639591942087,-0.13985304121483835,5.012430067705501,499,498
1969-07-01,1970-07-01,-0.19953041726470733,0.10066649161799297,0.060997900785059234,0.02419499875988282,-0.1423205713359995,5.052299292716414,500,499
1969-08-01,1970-08-01,-0.20441834093372602,0.10032085359338064,0.057037200674100855,0.01626391734675381,-0.14387466415093778,5.076390536484809,501,500
1969-09-01,1970-09-01,-0.14607094865730075,0.09985305997620349,0.06003526770998291,0.02090260448036499,-0.14552032381796703,5.102643251970058,502,501
1969-10-01,1970-10-01,-0.2056320934061795,0.0994626141108079,0.05558059401483534,0.012190781800494682,-0.14669351573180367,5.120964324103177,503,502
1969-11-01,1970-11-01,-0.13761263793844203,0.09891798405467231,0.057888366919327014,0.015599436956892115,-0.14834900368830303,5.147625642653961,504,503
1969-12-01,1970-12-01,-0.06474320769536579,0.09839851986454529,0.05933483482712705,0.017713575539297116,-0.1494616862165873,5.165273799489852,505,504
1970-01-01,1971-01-01,0.06568608613642302,0.09777031367896896,0.0670503640701033,0.03166679264237471,-0.1500424302182181,5.174389456951294,506,505
1970-02-01,1971-02-01,0.027861580391930874,0.0973194512333503,0.06157343445922071,0.021664009278369867,-0.14983871445185504,5.171407841954983,507,506
1970-03-01,1971-03-01,0.08069123135092471,0.09680675245394205,0.06308483097939752,0.024471611063130116,-0.14979718122572672,5.17076720753018,508,507
1970-04-01,1971-04-01,0.25277275677824584,0.09609941653867789,0.07338118201146202,0.04361709781878284,-0.14943296264941508,5.165222292861631,509,508
1970-05-01,1971-05-01,0.29420433635766785,0.09529621996228513,0.07899769228231149,0.05446536060101276,-0.14836874766064567,5.150930068975113,510,509
1970-06-01,1971-06-01,0.37156902804553726,0.09451820411155734,0.08565998377478526,0.06722384892524055,-0.14733126310063685,5.138513528778843,511,510
1970-07-01,1971-07-01,0.2279404676656216,0.09394389039793177,0.07877019252923761,0.05525530491059358,-0.14628720926057298,5.128698122022309,512,511
1970-08-01,1971-08-01,0.21904852728953172,0.0933622876078116,0.07241611464634942,0.044047785695468966,-0.14553765846916386,5.119672353814449,513,512
1970-09-01,1971-09-01,0.1614932157179072,0.09289646419095336,0.06807059753604967,0.03657997544861416,-0.14463198544626976,5.10730852899268,514,513
1970-10-01,1971-10-01,0.13800132776162344,0.09231679708882305,0.07050981462056469,0.04136262930292803,-0.14391516462034554,5.096927512284347,515,514
1970-11-01,1971-11-01,0.08394526587074846,0.09187119740853765,0.06480157467795965,0.03125630298368459,-0.1433933689369043,5.089603383362153,516,515
1970-12-01,1971-12-01,0.11200835984508184,0.09156826819170226,0.05881578088032505,0.020557865685048443,-0.14306984125705835,5.084747842034902,517,516
1971-01-01,1972-01-01,0.08622058478589967,0.09151830258927895,0.054844989962488225,0.013681579693061774,-0.14243776299849306,5.074760095787085,518,517
1971-02-01,1972-02-01,0.10130571682123302,0.0913956499453534,0.05390702948683691,0.012255882310236665,-0.14190022222110074,5.066032641496545,519,518
1971-03-01,1972-03-01,0.06425950278996839,0.09137506452497952,0.05116991716900003,0.007657268803783701,-0.14123182052783262,5.055117618127821,520,519
1971-04-01,1972-04-01,0.03454749748251662,0.09168484896308558,0.049109710558218736,0.004175033474840412,-0.14078832019172463,5.047760472646466,521,520
1971-05-01,1972-05-01,0.09163458654280965,0.09207281732974185,0.052950270830987745,0.011210769391795938,-0.14054314096768522,5.043649020197299,522,521
1971-06-01,1972-06-01,0.06699930754738936,0.0926072269104604,0.05284080764598874,0.01132103415755345,-0.13993675001788916,5.0336914026774835,523,522
1971-07-01,1972-07-01,0.10859916924994173,0.09286549645388627,0.05588490134102023,0.016990765250468803,-0.1395177442904359,5.026806418344445,524,523
1971-08-01,1972-08-01,0.10245080560469533,0.09310584508404944,0.05411611638016876,0.014150334309209978,-0.1388670382834651,5.016317101434356,525,524
1971-09-01,1972-09-01,0.09948699064259858,0.09323585909666134,0.05438568675653602,0.014955878028220237,-0.13822187647840017,5.005797202042386,526,525
1971-10-01,1972-10-01,0.15612881643717413,0.09332080305997242,0.057372987728040115,0.02058603347388238,-0.13760944934378738,4.995828020969159,527,526
1971-11-01,1972-11-01,0.2139451566108448,0.09330304636075042,0.05797842173992579,0.022120078657330983,-0.13668304369402778,4.981050605765922,528,527
1971-12-01,1972-12-01,0.12418000462464596,0.09333840612159033,0.050898638303940716,0.01023215883072226,-0.1353912845523088,4.960537054863275,529,528
1972-01-01,1973-01-01,0.061701781484069906,0.0933249762700136,0.04853802292308779,0.006512309926837517,-0.13452326360730008,4.946108313858772,530,529
1972-02-01,1973-02-01,-0.01645026952797979,0.09334000591323623,0.04601211338233102,0.002289437036222891,-0.13408787523077742,4.938779437485529,531,530
1972-03-01,1973-03-01,-0.03508736486013697,0.09328534331338048,0.04436026511848652,-7.028920046489306e-4,-0.1342411193609058,4.941390988117004,532,531
1972-04-01,1973-04-01,-0.09055873963788852,0.09317514097598674,0.04302071622850849,-0.0032199634927268794,-0.13452827197340678,4.946321450140555,533,532
1972-05-01,1973-05-01,-0.12739837996925396,0.09317225604259124,0.04267123537801089,-0.0042393076879576885,-0.13526915221006777,4.959116530650186,534,533
1972-06-01,1973-06-01,-0.11929624173624931,0.0931233346435348,0.044192979762897905,-0.0021056169338584674,-0.13631451690999893,4.977196780679883,535,534
1972-07-01,1973-07-01,-0.07020054105529272,0.09315220746929305,0.044291656559069165,-0.002449288402979838,-0.13728233997434916,4.993825868663147,536,535
1972-08-01,1973-08-01,-0.1313976724985716,0.09316952329449861,0.04177329751478685,-0.007241592042310563,-0.13783856295257557,5.003378643581412,537,536
1972-09-01,1973-09-01,-0.08264652537366834,0.09318126579886313,0.042702037937072446,-0.006154383300551847,-0.1388922605078233,5.0216728763794265,538,537
1972-10-01,1973-10-01,-0.09453883482778314,0.09329805160709745,0.041566168709636794,-0.008539228458240206,-0.13952964257655398,5.032695820097991,539,538
1972-11-01,1973-11-01,-0.2391230177646334,0.09352147217191921,0.040266876887304875,-0.011274565366180683,-0.14025507720336838,5.045301836910033,540,539
1972-12-01,1973-12-01,-0.2395067892905165,0.09357814228735864,0.03951565910490565,-0.013714352535213248,-0.1422046118537218,5.079358893255335,541,540
1973-01-01,1974-01-01,-0.21493403272071943,0.09351932981355182,0.041958454806294065,-0.010341470494920402,-0.1441482213487267,5.113413413770934,542,541
1973-02-01,1974-02-01,-0.1797131454048393,0.0933168075311549,0.045058086340934805,-0.00557988379558938,-0.14583994850694643,5.142760242533414,543,542
1973-03-01,1974-03-01,-0.19072217963919025,0.09308077044955326,0.04605573416627773,-0.00447126240793963,-0.14720763170062437,5.166156205438254,544,543
1973-04-01,1974-04-01,-0.18595651238308863,0.09274381722003505,0.051514020806515154,0.004873819236403565,-0.1486418180615492,5.190570824094185,545,544
1973-05-01,1974-05-01,-0.1987038094361928,0.09234062638269201,0.05267858810038377,0.006354910386032697,-0.14997903313907288,5.212656892403873,546,545
1973-06-01,1974-06-01,-0.20803639052014478,0.09195372168777623,0.05398327349983803,0.008078136213690496,-0.1513819115656514,5.235657323792902,547,546
1973-07-01,1974-07-01,-0.29950266830871775,0.09165781974846403,0.05093561370386057,0.0016348291140040327,-0.15282123525568733,5.2590501831692436,548,547
1973-08-01,1974-08-01,-0.33798056370011675,0.0912515255913656,0.05380316650164245,0.0059667294912260915,-0.15493072056901813,5.294018254310546,549,548
1973-09-01,1974-09-01,-0.4311381817047678,0.09093534731688376,0.049285367113065776,-0.0037769567622417677,-0.15721285373655547,5.3311524404910084,550,549
1973-10-01,1974-10-01,-0.34500988381685915,0.09059873355618563,0.05047345042235821,-0.0030807745898447647,-0.16027061738422513,5.382340138903974,551,550
1973-11-01,1974-11-01,-0.28644198040603075,0.09000141154292327,0.06373662673972418,0.021338733438818674,-0.16265948183535558,5.4220517635738865,552,551
1973-12-01,1974-12-01,-0.31275376449536196,0.0894055558452136,0.06390650909479045,0.02085056828358578,-0.16431400771726767,5.4466971565247135,553,552
1974-01-01,1975-01-01,-0.22960457652336008,0.08885620640736894,0.06441080993384757,0.020953727102111075,-0.16609582046742924,5.473187135357481,554,553
1974-02-01,1975-02-01,-0.18858531548468005,0.088372297665365,0.066445999464961,0.024287608367181995,-0.1674154572827746,5.4926908598872215,555,554
1974-03-01,1975-03-01,-0.14724990647039982,0.08787032918100426,0.06926700876445159,0.029299139937637914,-0.16848199842576755,5.508054560767194,556,555
1974-04-01,1975-04-01,-0.06767876065551137,0.08737871905252295,0.07559679251439598,0.04134507394638165,-0.16930495341624183,5.519427876407219,557,556
1974-05-01,1975-05-01,0.023804327679269432,0.08686602634913815,0.08171666398940566,0.053175588673535806,-0.16972967130624114,5.5245819316797125,558,557
1974-06-01,1975-06-01,0.1005956029486591,0.08633847283058846,0.08591208584143042,0.061387238773741665,-0.169822413097134,5.525484781381408,559,558
1974-07-01,1975-07-01,0.12001233068230177,0.0856494707928397,0.09485868709646594,0.07908807289737194,-0.16971847133491846,5.524723758660761,560,559
1974-08-01,1975-08-01,0.2027989278322717,0.08489433704151535,0.11169687214460636,0.1123410416761309,-0.16965387079952132,5.524914642298612,561,560
1974-09-01,1975-09-01,0.3069366073905805,0.08397612971278529,0.13270967594844002,0.1539718271119575,-0.16969310563266166,5.529426994331713,562,561
1974-10-01,1975-10-01,0.18612747946434471,0.08321416521273266,0.11030538191395006,0.11015894058146938,-0.1701422479584915,5.54565324291193,563,562
1974-11-01,1975-11-01,0.2744671538008113,0.08255874651482702,0.11838056705122649,0.12629698299931913,-0.17016197689873447,5.549131592477267,564,563
1974-12-01,1975-12-01,0.30080566604891734,0.08185907835374705,0.12567136824129663,0.1411043920989048,-0.17034293313016613,5.559106014402564,565,564
1975-01-01,1976-01-01,0.27874606483715714,0.08130878921085466,0.1054273322326271,0.10130870325208646,-0.17067608026017245,5.572943959263553,566,565
1975-02-01,1976-02-01,0.21840254977203577,0.08083278549886956,0.10219009962070555,0.09520575224637096,-0.1706176492649527,5.578674577280059,567,566
1975-03-01,1976-03-01,0.21438184169593932,0.08043123146371238,0.10021465377160949,0.09149958246860887,-0.1705296441977626,5.581578662009938,568,567
1975-04-01,1976-04-01,0.14931473221614744,0.08017093270779113,0.09495821295369455,0.08125307429197912,-0.17041310180449395,5.583820415033334,569,568
1975-05-01,1976-05-01,0.07961982881778307,0.0800720439270393,0.08927681590822713,0.0700576766474959,-0.1703060380204763,5.584102369648571,570,569
1975-06-01,1976-06-01,0.07026143046280586,0.08010798711271643,0.08782433055428969,0.06718186795280262,-0.17028454997178336,5.583996514594198,571,570
1975-07-01,1976-07-01,0.13432099274247888,0.08017774995112477,0.09749916658984231,0.08645540057847834,-0.17027710899239495,5.583950512771025,572,571
1975-08-01,1976-08-01,0.16168015114535905,0.08039174851636238,0.09986506849016161,0.09125213632726187,-0.17021682598810228,5.58447612366167,573,572
1975-09-01,1976-09-01,0.23768974760577732,0.08078642597084709,0.10522084100656326,0.10204753948644182,-0.17014813617228067,5.585694029386361,574,573
1975-10-01,1976-10-01,0.14864644403630922,0.0809696278030097,0.098607231215633,0.08911621988463397,-0.1701026320847439,5.589979177554407,575,574
1975-11-01,1976-11-01,0.12445363803399356,0.08130556100786698,0.09172547927070024,0.07549900446064259,-0.17003578834368416,5.5908030402744915,576,575
1975-12-01,1976-12-01,0.20511441928505958,0.08168597713445458,0.09311256820564379,0.07834988693580863,-0.16994077315034253,5.59057791969556,577,576
1976-01-01,1977-01-01,0.033162281050848064,0.08202691154224474,0.0795722127630868,0.05157165405477071,-0.1697161151798254,5.590466485816332,578,577
1976-02-01,1977-02-01,0.01094195917120555,0.08226244805041362,0.07834742810603346,0.04909405054486701,-0.16977837377753172,5.5911495037085555,579,578
1976-03-01,1977-03-01,-0.024457318339703438,0.08249024010842312,0.076261730355282,0.04485960903916841,-0.1699127138497359,5.592687242037439,580,579
1976-04-01,1977-04-01,-0.008712818094915642,0.08260525644595797,0.07638424971490602,0.04496526059968492,-0.1701735092172026,5.595862083487172,581,580
1976-05-01,1977-05-01,-0.009182500921575798,0.08260012684522228,0.08171864430437642,0.05550922818622861,-0.17037428021033899,5.598298150334537,582,581
1976-06-01,1977-06-01,-0.005031438512907327,0.08257896270048398,0.07365036405432067,0.03927421499372433,-0.17057476062579177,5.600306230682691,583,582
1976-07-01,1977-07-01,-0.010592043743000046,0.08266756206699424,0.07281552612391254,0.03751372971951225,-0.1707542660430938,5.60263378293607,584,583
1976-08-01,1977-08-01,-0.021527057794039517,0.08280262632182907,0.07726629076120395,0.04631001264983642,-0.17095352655576926,5.605262900572821,585,584
1976-09-01,1977-09-01,-0.04342471153151328,0.08306693881548768,0.07487129980522293,0.04138713614901293,-0.1711981248309584,5.608156938265822,586,585
1976-10-01,1977-10-01,-0.06061791252776472,0.08317865858588093,0.07679362815017585,0.045063162183341415,-0.17152740991314325,5.612310030054314,587,586
1976-11-01,1977-11-01,-0.02898524754718479,0.08324885412916,0.08347871605383889,0.05824856300272449,-0.17191282438966646,5.616932757274314,588,587
1976-12-01,1977-12-01,-0.07800592742085433,0.08345575661669123,0.07822632267519139,0.0475659636250296,-0.17216125579825262,5.619185566051091,589,588
1977-01-01,1978-01-01,-0.0940720758589304,0.08337051343776607,0.08439432378739731,0.05969870584968562,-0.17259635349845473,5.624181897998109,590,589
1977-02-01,1978-02-01,-0.08923487441156241,0.0832479608924758,0.08939474867984262,0.06946376296162432,-0.1730158411635069,5.6277591768733055,591,590
1977-03-01,1978-03-01,-0.0526212081028643,0.0830660262991782,0.09263430658979148,0.075697382061716,-0.17335402299506128,5.629327812698204,592,591
1977-04-01,1978-04-01,0.015240359886542598,0.08291125590390991,0.09211907672688131,0.07444612162656875,-0.17357776002897388,5.629485060923879,593,592
1977-05-01,1978-05-01,0.04740697079438827,0.0827562159092542,0.09771598953879174,0.08558403557803299,-0.17368443096278255,5.629638869991517,594,593
1977-06-01,1978-06-01,-0.014961097195524076,0.08260867363291444,0.09278559235980033,0.07562027772295701,-0.1737277861060775,5.629167868432575,595,594
1977-07-01,1978-07-01,0.04896652838309823,0.08245229659033741,0.09537481789471297,0.08066646487634443,-0.17388338719677393,5.629243610115087,596,595
1977-08-01,1978-08-01,0.10529139239872987,0.08227812681749928,0.10043221412541958,0.0907665963408959,-0.17392802650478695,5.629051113900384,597,596
1977-09-01,1978-09-01,0.09340094356529915,0.0820679214021999,0.10369695420423905,0.09734644926786509,-0.17391631019880485,5.629335114436442,598,597
1977-10-01,1978-10-01,0.015989897063362846,0.08182971466775922,0.11071263721710786,0.11142489111200043,-0.17391796123710268,5.629223748695415,599,598
1977-11-01,1978-11-01,0.0024409922103011406,0.08164502306406764,0.1089675846529771,0.1077367870154875,-0.17387851543635402,5.624749962090074,600,599
1977-12-01,1978-12-01,0.007756640699622563,0.0813793808835603,0.10898681936429885,0.10757488066412088,-0.17385684047364683,5.6203131640407324,601,600
1978-01-01,1979-01-01,0.11268270972888184,0.081087933280998,0.12372951255874212,0.13691525378568375,-0.17383610470780392,5.6161100484856235,602,601
1978-02-01,1979-02-01,0.0915878196319756,0.08080547423009823,0.1286454715142469,0.1466969818319336,-0.17378879841977354,5.61414094160557,603,602
1978-03-01,1979-03-01,0.11749277801485691,0.08058456912689797,0.12391107510890151,0.13706918717511477,-0.1736494803863535,5.608955012390319,604,603
1978-04-01,1979-04-01,0.036975377943740506,0.08047656216947588,0.11530641088630875,0.11981085888160073,-0.17361107323646105,5.6073637905226335,605,604
1978-05-01,1979-05-01,-9.484570026264683e-4,0.08042199188667871,0.11950446819141605,0.12802478304782217,-0.17353316051094875,5.602538149242417,606,605
1978-06-01,1979-06-01,0.05165449786430032,0.08026485335441812,0.12558651852810776,0.13986268308973004,-0.1733481465390349,5.593604720197528,607,606
1978-07-01,1979-07-01,0.009048919454787252,0.0802133758462416,0.11867863408199977,0.12586860855088466,-0.1731585837430048,5.58608823088038,608,607
1978-08-01,1979-08-01,0.023291419571889516,0.08025455485535897,0.11824073478834762,0.12473539638107115,-0.17300338374376992,5.578294733339995,609,608
1978-09-01,1979-09-01,0.029840296178273773,0.08027610631226052,0.11963624853243446,0.12728361991648185,-0.1728741539112671,5.571659679720966,610,609
1978-10-01,1979-10-01,0.07858841376973691,0.08017089156717229,0.14151687578720332,0.17048986368714678,-0.17273425553861219,5.564940854933067,611,610
1978-11-01,1979-11-01,0.10154082708833578,0.08004388192770032,0.13909555820870736,0.1653454979863515,-0.17236593669166317,5.5533167134951285,612,611
1978-12-01,1979-12-01,0.10961767526654087,0.07992595820628415,0.13711221299920376,0.1611949785140319,-0.17212931036145088,5.545682463968346,613,612
1979-01-01,1980-01-01,0.11916862057469368,0.0799793079644643,0.13142243627783531,0.14977814597656236,-0.17195069954333636,5.539801352366109,614,613
1979-02-01,1980-02-01,0.14737728128046446,0.07999818359319198,0.14332999487952588,0.17320218690876094,-0.17186546199422154,5.536779115554,615,614
1979-03-01,1980-03-01,-0.039295025932634786,0.08005905144127909,0.1394337144242053,0.16541182953370587,-0.17175778614220477,5.533432899195062,616,615
1979-04-01,1980-04-01,-0.005137316536118264,0.07998922376948404,0.14094817356484818,0.16766136179487812,-0.17100066172636885,5.509089873614622,617,616
1979-05-01,1980-05-01,0.06604377862215494,0.07985825664849357,0.14511497882108165,0.17518390110103316,-0.17033330537763375,5.487933064571808,618,617
1979-06-01,1980-06-01,0.05671018449305798,0.07981269322557889,0.13752206749804266,0.15992175826211827,-0.1698604392152159,5.473439312196614,619,618
1979-07-01,1980-07-01,0.11180434731954636,0.0796985581065937,0.13725132148111474,0.15904843479133868,-0.1695060951326679,5.461817112577874,620,619
1979-08-01,1980-08-01,0.07372657391989557,0.0796077253553301,0.12888341190924343,0.1426066541598267,-0.16934592497390683,5.456548032409753,621,620
1979-09-01,1980-09-01,0.10466512510683978,0.07952771341131552,0.13232657518688845,0.14911319837135953,-0.16918009889427302,5.450381679556553,622,621
1979-10-01,1980-10-01,0.2119449783798244,0.07952620570723597,0.14969924820917027,0.18272697054902257,-0.16905561481276118,5.446017810162538,623,622
1979-11-01,1980-11-01,0.25835436956703905,0.07956148554919287,0.14042738346152853,0.16483264251528662,-0.16919595396843312,5.450184855521585,624,623
1979-12-01,1980-12-01,0.18681400897306855,0.07960957545274062,0.1440747370788074,0.17226734061233295,-0.16954312412549272,5.461240303560314,625,624
1980-01-01,1981-01-01,0.07402119442074728,0.07967276881555523,0.1375436074839644,0.15959754100384133,-0.16960305256089964,5.463089776716758,626,625
1980-02-01,1981-02-01,0.0943932298342205,0.07978075049412768,0.13824585160260006,0.16068330671364567,-0.1693162217048957,5.453680383254476,627,626
1980-03-01,1981-03-01,0.2999333900585224,0.07959113938516786,0.15794326922826568,0.19872492816018117,-0.16908939955004954,5.446296430276026,628,627
1980-04-01,1981-04-01,0.22544494444347407,0.07945643595763004,0.14748763602083592,0.17888183323719437,-0.1696632161370059,5.462603007003362,629,628
1980-05-01,1981-05-01,0.16791999862654894,0.07943514602535152,0.13734320280048676,0.15928562583281286,-0.16987022537328034,5.468834112023526,630,629
1980-06-01,1981-06-01,0.10869743666725218,0.07939913182324014,0.13406049811603268,0.15290929967166483,-0.16989843994945686,5.469763062311089,631,630
1980-07-01,1981-07-01,0.02396255232230815,0.07945040589839251,0.1240773957071458,0.13331873787101708,-0.1697710322698436,5.465389149786541,632,631
1980-08-01,1981-08-01,-0.06274799647558627,0.07944136350980086,0.12188451671838998,0.12879488677013207,-0.169581738657325,5.45736678852273,633,632
1980-09-01,1981-09-01,-0.14766086282652036,0.07948114862272997,0.118779980505507,0.12234091469888767,-0.16929903887578826,5.444411897623322,634,633
1980-10-01,1981-10-01,-0.11869141427062413,0.07968975307904036,0.11489174886165254,0.1142524086367478,-0.16899738457551855,5.42831362206941,635,634
1980-11-01,1981-11-01,-0.174392917969329,0.07997067228735483,0.1015559038585383,0.08804097351434995,-0.16884137624575832,5.416747115360185,636,635
1980-12-01,1981-12-01,-0.16563271458778006,0.0801384012303465,0.1029591336561646,0.09032803319345423,-0.169066850339269,5.412607115188902,637,636
1981-01-01,1982-01-01,-0.14805775001332444,0.08012881313189885,0.10326262591483218,0.09049814818314128,-0.16924525674278262,5.40766554096173,638,637
1981-02-01,1982-02-01,-0.20428154024646017,0.08015113616273191,0.10588084759036495,0.09515604077464965,-0.16940296682784003,5.402883991800118,639,638
1981-03-01,1982-03-01,-0.24983410365400838,0.08049454593444408,0.10267852024950583,0.08849583997059982,-0.16951077250466975,5.394905581043267,640,639
1981-04-01,1982-04-01,-0.2080984800627922,0.08072067760138486,0.10439512131200007,0.0912500963034433,-0.16975652727184573,5.388650619554336,641,640
1981-05-01,1982-05-01,-0.24099641746787392,0.08085650208896296,0.10673407014655104,0.09525075811986808,-0.16991473138362564,5.3818234543503864,642,641
1981-06-01,1982-06-01,-0.24483626217386711,0.08089980058752952,0.1153266673399688,0.11115178252291191,-0.17000202273652737,5.372175224750693,643,642
1981-07-01,1982-07-01,-0.2584579608226987,0.08081138871134133,0.11548376025052054,0.11077098473028646,-0.16974384209411209,5.354233793079826,644,643
1981-08-01,1982-08-01,-0.11024101304198641,0.08058881602112905,0.12879725845486584,0.13539914169073938,-0.16946992709474304,5.335513822762095,645,644
1981-09-01,1982-09-01,-0.025143472808565992,0.08023548834489425,0.15073200825503194,0.17635183159918147,-0.16891384192245815,5.314821004888481,646,645
1981-10-01,1982-10-01,0.03129412757504646,0.0799280279080851,0.1458542712871014,0.16629131677433912,-0.16795494471729533,5.286772859059894,647,646
1981-11-01,1982-11-01,0.04347186056094654,0.07953555731259528,0.143064456338234,0.16053403314151615,-0.16739002518154344,5.269709744502833,648,647
1981-12-01,1982-12-01,0.09180582973820228,0.07915779418177807,0.15565540535566735,0.18372053859776621,-0.16693907843179834,5.25578620464435,649,648
1982-01-01,1983-01-01,0.1707705705127862,0.07880823180609328,0.15937003734032967,0.19023001965972705,-0.16645526829497523,5.242008522243091,650,649
1982-02-01,1983-02-01,0.2813956034867817,0.07837337808558245,0.17123502421283474,0.2123001959296169,-0.16634517971900414,5.238926258156992,651,650
1982-03-01,1983-03-01,0.3433099308127421,0.07786999237739292,0.17636965253124764,0.22237003542580855,-0.1668259491214373,5.25183356486522,652,651
1982-04-01,1983-04-01,0.38331052265924326,0.0774320620980052,0.16925846099827674,0.20985981577775237,-0.16773107707136992,5.275795404007304,653,652
1982-05-01,1983-05-01,0.4528440333324333,0.07694516839836311,0.1776831632708371,0.226881047695513,-0.16888326475355278,5.306918615969871,654,653
1982-06-01,1983-06-01,0.5515342936215788,0.07645389903871089,0.17615199184127633,0.22560490177938905,-0.1705851152393336,5.351817753137866,655,654
1982-07-01,1983-07-01,0.5397939313834739,0.07594336266697094,0.1820414919229866,0.23926782100600108,-0.17296736414224484,5.414913586966169,656,655
1982-08-01,1983-08-01,0.37813419254320313,0.07565997701140179,0.16474796543807047,0.20783218939294412,-0.17534175547745906,5.476909090485675,657,656
1982-09-01,1983-09-01,0.37318988805324627,0.07550678027915254,0.15126012889703389,0.18228562774909854,-0.17635644572490825,5.504768608600935,658,657
1982-10-01,1983-10-01,0.1878342729113922,0.07543968975911595,0.12747665711951933,0.13615319439131782,-0.17720698177976932,5.529698197654418,659,658
1982-11-01,1983-11-01,0.15788771903108012,0.07539125365427028,0.12017110164790712,0.1218549117846146,-0.17730196581086693,5.5334867048129,660,659
1982-12-01,1983-12-01,0.1306006740705914,0.07541608659842144,0.11499490413102612,0.11170684722379251,-0.17733920624825197,5.535492525374379,661,660
1983-01-01,1984-01-01,0.06911138905114034,0.07556012660433438,0.11220813265949303,0.10623799129481287,-0.17734797896574156,5.536308269501645,662,661
1983-02-01,1984-02-01,-0.007746570459832736,0.07587058735378002,0.10745947877653192,0.09680031265072803,-0.17734211042321124,5.534955700477081,663,662
1983-03-01,1984-03-01,-0.030045033202725335,0.07627335744935074,0.10306486530992556,0.08796163650009742,-0.17738003225675664,5.5323411900433275,664,663
1983-04-01,1984-04-01,-0.09803671664941971,0.07673506747222275,0.09257012237461917,0.06707886285061146,-0.17747962336897546,5.530635722398153,665,664
1983-05-01,1984-05-01,-0.15708719479261624,0.07729979564919003,0.08971726677287842,0.06119857322347144,-0.17780874050997744,5.532400072518303,666,665
1983-06-01,1984-06-01,-0.16961815446919437,0.07801079189802423,0.08633989653898193,0.05419212213754407,-0.17831143353560303,5.53621922900401,667,666
1983-07-01,1984-07-01,-0.1566845728461822,0.07870208402300244,0.09010126958838795,0.06126948141125266,-0.1789088753898448,5.5419375268007975,668,667
1983-08-01,1984-08-01,-0.06717886196121226,0.07914966565008792,0.0873161876344037,0.055425851347275124,-0.17939994992906777,5.545536035095206,669,668
1983-09-01,1984-09-01,-0.08388009462947699,0.0795885316536747,0.0876659379192376,0.055924919256538086,-0.17971317102152515,5.548374079748711,670,669
1983-10-01,1984-10-01,-0.058305693491086275,0.07974985168535538,0.09091377114887426,0.06213659130693425,-0.18006441804060053,5.551488225444346,671,670
1983-11-01,1984-11-01,-0.09585193930102487,0.07986612827366749,0.08739178990242004,0.05497767950066937,-0.18032371034887806,5.553231160581626,672,671
1983-12-01,1984-12-01,-0.062308314151984345,0.07994151392864063,0.08918975256910808,0.05830475213377165,-0.1807060913141798,5.556681174590499,673,672
1984-01-01,1985-01-01,0.03172222371005051,0.07992544549410426,0.09065419087268456,0.06102281072107338,-0.18098765162588362,5.558917055376675,674,673
1984-02-01,1985-02-01,0.10075992774697418,0.07979556102602435,0.11644809941981843,0.11212230295092829,-0.18105124943116419,5.559356758355388,675,674
1984-03-01,1985-03-01,0.08449406546837102,0.07963307493988715,0.11541415705983837,0.11005188277631758,-0.1810437913209654,5.558826151382584,676,675
1984-04-01,1985-04-01,0.07998700599532071,0.07937063802468879,0.12017371024465573,0.11944104204592201,-0.18102993711680046,5.557697918923531,677,676
1984-05-01,1985-05-01,0.20921707546669688,0.07902188015917651,0.1290984133155687,0.13704828119714757,-0.1809880459977964,5.555510925977669,678,677
1984-06-01,1985-06-01,0.2046123716629471,0.07865569454116714,0.15390805824844733,0.18642515454982125,-0.18113491953035624,5.561039577727279,679,678
1984-07-01,1985-07-01,0.23131846131380618,0.07830960591265632,0.16137883532665304,0.2013258178673883,-0.18122099804956404,5.563501228050166,680,679
1984-08-01,1985-08-01,0.10300139760796423,0.07809596645909704,0.14723535624129427,0.1733869608926072,-0.18138661990886412,5.5680722197703885,681,680
1984-09-01,1985-09-01,0.06378321129132614,0.07785846490324869,0.15179877985454604,0.18218418220131305,-0.1811074709584446,5.559740357709958,682,681
1984-10-01,1985-10-01,0.11498973202874585,0.07765910303151467,0.1602228965981932,0.1983735450920452,-0.18058117580456368,5.5445042671722815,683,682
1984-11-01,1985-11-01,0.20732353315576568,0.07740543191699341,0.16833743135359527,0.21398625147278072,-0.18013635238466202,5.532172144195003,684,683
1984-12-01,1985-12-01,0.2297122217660732,0.07720147024390003,0.1695589703958323,0.21635831900605526,-0.18009518472694955,5.53106560608219,685,684
1985-01-01,1986-01-01,0.14439689293409996,0.07713517396615391,0.1619209822895062,0.20136173073751468,-0.1801789716410397,5.533308691978922,686,685
1985-02-01,1986-02-01,0.21077855655585287,0.07716956225404445,0.14431361558387285,0.1663892994126811,-0.17986989127398667,5.524798756991682,687,686
1985-03-01,1986-03-01,0.28279696986978564,0.07718020833429785,0.14867797417865508,0.17514066320235802,-0.18002634838927042,5.52959399963564,688,687
1985-04-01,1986-04-01,0.28108147658472715,0.07718428206094663,0.14786892170816585,0.1739273579794874,-0.18045462121457048,5.5422705850010425,689,688
1985-05-01,1986-05-01,0.2743471944386906,0.07737563393544772,0.14677885462988022,0.1721434163147993,-0.18087015676864093,5.5546433847894665,690,689
1985-06-01,1986-06-01,0.27426396522188345,0.07755976814344702,0.15444572178504637,0.18771177012580115,-0.1812532813528573,5.566147339699357,691,690
1985-07-01,1986-07-01,0.20285999930553222,0.07778196278675675,0.1574960111265164,0.1941302023899573,-0.18164694157033875,5.577377230160486,692,691
1985-08-01,1986-08-01,0.29004349187652956,0.07781835446759545,0.1575051213809566,0.19418607203183674,-0.18168929868508799,5.578566103118175,693,692
1985-09-01,1986-09-01,0.2385135327157779,0.0777981309183501,0.16458583520224684,0.20871973621904477,-0.18215249018990898,5.591566295637315,694,693
1985-10-01,1986-10-01,0.24437232894924965,0.07785164401347297,0.15222469743617212,0.18419749188845122,-0.1823179908119034,5.5960676918505525,695,694
1985-11-01,1986-11-01,0.18175330215154628,0.07803766684270039,0.14934844718591714,0.17867699973512807,-0.18257264615307806,5.603432863153009,696,695
1985-12-01,1986-12-01,0.10027893764063722,0.07825527739495775,0.14396984295874507,0.16793796632110325,-0.182584688373984,5.603787978312815,697,696
1986-01-01,1987-01-01,0.22624399363569614,0.07835003615647515,0.13824378655344438,0.15629822585819,-0.18235888593264285,5.5968265682517,698,697
1986-02-01,1987-02-01,0.19105607450337736,0.07853949040597356,0.1269624714235867,0.13394241160096557,-0.18254964846924462,5.603097392406852,699,698
1986-03-01,1987-03-01,0.15130579571209002,0.07883128680520754,0.11806251523241468,0.11626370302788325,-0.18263747096505062,5.606749859759307,700,699
1986-04-01,1987-04-01,0.14198894299361298,0.07911980348106991,0.12220948314450372,0.12461924783450679,-0.1826585303465526,5.608281779336989,701,700
1986-05-01,1987-05-01,0.09250896631058914,0.07939790517759075,0.1105517853662874,0.1013296814026613,-0.18267650750953252,5.609202501791339,702,701
1986-06-01,1987-06-01,0.12269821057744856,0.07967509729714169,0.09623337770030119,0.07267236048488479,-0.18267818332324964,5.608968035751329,703,702
1986-07-01,1987-07-01,0.2451407958469045,0.07985007585113088,0.1082581505380982,0.09679792941815443,-0.18259351506972069,5.608677182334633,704,703
1986-08-01,1987-08-01,0.21390260234078595,0.0801482225405286,0.1034727687197021,0.087441315405059,-0.182530018513195,5.611846802720392,705,704
1986-09-01,1987-09-01,0.29615470475838124,0.08037253601103177,0.1179107111092168,0.11652747779334657,-0.18241245193256664,5.613177538281204,706,705
1986-10-01,1987-10-01,-0.03672667200581947,0.08060450177190621,0.11911109331593256,0.11924103003393122,-0.18251786882210957,5.620923084810447,707,706
1986-11-01,1987-11-01,-0.11839273101977932,0.0807473673091656,0.11284493376192117,0.10642279384667272,-0.1824068542879416,5.613786680887037,708,707
1986-12-01,1987-12-01,-0.029986393516016396,0.0807749153632297,0.1254460887957756,0.13126821872495395,-0.1823948929121185,5.606697016825758,709,708
1987-01-01,1988-01-01,-0.10388667394421369,0.08097980138896561,0.11234578876043255,0.10479821763734698,-0.18217321802938313,5.597036378499582,710,709
1987-02-01,1988-02-01,-0.10349126633518724,0.08113462033849357,0.11100820288893007,0.10180701928709851,-0.18217354835448052,5.590722005597668,711,710
1987-03-01,1988-03-01,-0.1377927200200043,0.08123317536008572,0.1130518327412672,0.10556518993230699,-0.18220267787811037,5.585139085439805,712,711
1987-04-01,1988-04-01,-0.11485276825064827,0.08131838681539225,0.1174068079126877,0.11384768189670216,-0.18218498644659784,5.5774096840068825,713,712
1987-05-01,1988-05-01,-0.1187815515963303,0.08133405989591769,0.11676100436800785,0.11218216452989979,-0.182063928253249,5.567911967698445,714,713
1987-06-01,1988-06-01,-0.11389779401082478,0.08139191185491282,0.10456422050075243,0.08761958963449082,-0.18195751714470151,5.558672395390359,715,714
1987-07-01,1988-07-01,-0.15758413933869198,0.08162061141356089,0.09940301323078807,0.07710509164349338,-0.18212261839052168,5.556163437062398,716,715
1987-08-01,1988-08-01,-0.21364128867825793,0.08180510512475643,0.09357281079370199,0.06522424212302164,-0.18244169136490185,5.555976347192578,717,716
1987-09-01,1988-09-01,-0.1678255653999151,0.08210364217159993,0.09993530651527754,0.07744423770410022,-0.18299083385235596,5.55941967980762,718,717
1987-10-01,1988-10-01,0.09839096155069771,0.08193837052462158,0.13676482767250364,0.15012208766739626,-0.1833094599919436,5.558925882012791,719,718
1987-11-01,1988-11-01,0.16688114609619165,0.08166013288358771,0.1496068706572898,0.17543209976798202,-0.18317687574339453,5.554531706000155,720,719
1987-12-01,1988-12-01,0.10747344624464983,0.08150528333240932,0.13072095654449725,0.13799496704502281,-0.18314354884574754,5.55356108398218,721,720
1988-01-01,1989-01-01,0.12358506397065483,0.08124850776831431,0.12352143086209408,0.12367360541489092,-0.18308513183638858,5.551398480580095,722,721
1988-02-01,1989-02-01,0.049544184672109415,0.08099298940855844,0.11781908519231932,0.11238307267349645,-0.18308502933862753,5.551393649333305,723,722
1988-03-01,1989-03-01,0.0904404979937754,0.08069079920216536,0.11969528309028962,0.11599185918386526,-0.18304987238271317,5.54877455860087,724,723
1988-04-01,1989-04-01,0.1292376749085855,0.08042108393671324,0.12132512453631594,0.11917285471358868,-0.18303058969887648,5.547603887662843,725,724
1988-05-01,1989-05-01,0.16972617584704142,0.08014670014121314,0.12940540896665173,0.13517971995944286,-0.18303988648707956,5.548100987336496,726,725
1988-06-01,1989-06-01,0.1022798930455453,0.07987978887002742,0.12668026918715028,0.12985753743207964,-0.18310089348340872,5.550429089323629,727,726
1988-07-01,1989-07-01,0.19482022507354757,0.079553602155455,0.13000909388808904,0.1363909628181251,-0.18306013838954946,5.548742565196136,728,727
1988-08-01,1989-08-01,0.25587916056741333,0.07915141437653359,0.13599540914042296,0.14837032709248324,-0.18316660944375515,5.552743466262675,729,728
1988-09-01,1989-09-01,0.20740054544093,0.07881308974670284,0.12635397583880575,0.12950770502239442,-0.18342917627980052,5.561525649647318,730,729
1988-10-01,1989-10-01,0.1516429679276019,0.0788398720610722,0.12913403732986198,0.1351781700396727,-0.18354071285098378,5.566198538962669,731,730
1988-11-01,1989-11-01,0.19241030175122975,0.07896014702560104,0.13898726952985582,0.154776935813357,-0.18356901270958226,5.5672864250859515,732,731
1988-12-01,1989-12-01,0.19072799769560977,0.07899904647883303,0.16105736133165346,0.19872360866314304,-0.18367215326889907,5.570593283275339,733,732
1989-01-01,1990-01-01,0.035141630351059217,0.07905979037187365,0.15544659662790403,0.1875435352970614,-0.1836320020184192,5.569501497230167,734,733
1989-02-01,1990-02-01,0.07129855701732857,0.07901963308520729,0.15430074813170808,0.1846935994441168,-0.18295828768940178,5.550666838428765,735,734
1989-03-01,1990-03-01,0.07343761155724726,0.07903515056470263,0.1483504690234908,0.17252312136967485,-0.18247231526576102,5.536992187418998,736,735
1989-04-01,1990-04-01,-0.005811221215293649,0.07910326796544062,0.1369442056343104,0.14972318098375056,-0.18210998678617082,5.5263834094859,737,736
1989-05-01,1990-05-01,0.04091757873639268,0.07922606323357285,0.13005910841239024,0.1358051686612806,-0.1817259354968779,5.5136845905937655,738,737
1989-06-01,1990-06-01,0.04401329187781444,0.07925725921437392,0.12858660433334598,0.1327168162606417,-0.18155960285006412,5.507393417800583,739,738
1989-07-01,1990-07-01,-0.045832236274639504,0.0794134253844539,0.12149529691486094,0.1186249498986158,-0.18141790799390176,5.501811706129932,740,739
1989-08-01,1990-08-01,-0.1526432043066971,0.07965157077606379,0.12152707519029579,0.1184057118597891,-0.18127607035169635,5.49404893017386,741,740
1989-09-01,1990-09-01,-0.19627021103848163,0.07982373920553128,0.12153394179976401,0.11795567462808892,-0.18104181213887577,5.481257683474797,742,741
1989-10-01,1990-10-01,-0.18106988627405596,0.07992040034782208,0.11957356127741875,0.11359716427207156,-0.18077047846735333,5.466449411967069,743,742
1989-11-01,1990-11-01,-0.14037097405539878,0.0800715964518589,0.11455156036844549,0.10334481941252849,-0.18057607609300724,5.4538564144577935,744,743
1989-12-01,1990-12-01,-0.1307525926663743,0.08022012853406528,0.09236412321553003,0.05988055711829543,-0.1805418671908267,5.4461485865149575,745,744
1990-01-01,1991-01-01,-0.013543880175441503,0.0801597015928012,0.10391585633601699,0.0820673051265878,-0.1809517820284088,5.449430497241247,746,745
1990-02-01,1991-02-01,0.044280590739366854,0.08014783928413259,0.10272849569524675,0.07963069096919112,-0.18104308828450666,5.448645183904861,747,746
1990-03-01,1991-03-01,0.05226404147558883,0.08013886839144957,0.1005000783047944,0.07525285064488765,-0.18108113411790575,5.448447535309363,748,747
1990-04-01,1991-04-01,0.08657014996525403,0.08002411526780905,0.10457989049417907,0.08315012608396372,-0.18111113121954459,5.448431841790959,749,748
1990-05-01,1991-05-01,0.03709822516621464,0.07997197321910052,0.09139023657445071,0.05752406560913251,-0.1811081149503764,5.448464860409292,750,749
1990-06-01,1991-06-01,-0.0020533067108736702,0.07992409215206817,0.09419166506631999,0.06293983685815657,-0.18115391451844914,5.448860414030907,751,750
1990-07-01,1991-07-01,0.06001492286007326,0.07975686299192626,0.08945380589456675,0.05364254794660461,-0.18128065372142724,5.449716916165684,752,751
1990-08-01,1991-08-01,0.21000822459860258,0.07944823076443806,0.10452403396865004,0.08294260510598875,-0.18126512925103486,5.4495666693702365,753,752
1990-09-01,1991-09-01,0.27105054388965577,0.0790825564384395,0.11070245215816824,0.09512451461500454,-0.18115357887988065,5.450785444719332,754,753
1990-10-01,1991-10-01,0.31425284368032114,0.07873798366663488,0.11301670541479661,0.0998755595692063,-0.181111505994558,5.454860364615211,755,754
1990-11-01,1991-11-01,0.18382616650920314,0.0784481570029814,0.1013368600165162,0.07743856036976118,-0.18111150209245122,5.460909393350372,756,755
1990-12-01,1991-12-01,0.2787609967774973,0.0781718019836031,0.09681513203767098,0.06877208601625137,-0.18098327269392112,5.461175581854522,757,756
1991-01-01,1992-01-01,0.2146474057055774,0.07805080504144078,0.0812269589890276,0.03869780808350032,-0.18063252476946132,5.459612865998783,758,757
1991-02-01,1992-02-01,0.1440308810631572,0.07800631200546966,0.0726185041283807,0.022239482257157522,-0.1800561589554154,5.452277590024537,759,758
1991-03-01,1992-03-01,0.08440401495770056,0.0779724405968777,0.0675436219741405,0.01261699894494589,-0.17954989044493863,5.444906971248797,760,759
1991-04-01,1992-04-01,0.09903403223793217,0.07798373850669159,0.06701077200353947,0.011737257168746573,-0.17921461109134684,5.439772317924349,761,760
1991-05-01,1992-05-01,0.06332257312587575,0.0779300829773734,0.06373134572398699,0.005571443822116939,-0.17880299410819744,5.433439851884468,762,761
1991-06-01,1992-06-01,0.0936033078333649,0.07782525546795235,0.0650446150497574,0.008249472614281578,-0.17851187522968553,5.428845553419762,763,762
1991-07-01,1992-07-01,0.08758993662686176,0.07780194351427715,0.05902921804840017,-0.0031906288527061566,-0.1780940844347526,5.4223160426468375,764,763
1991-08-01,1992-08-01,0.038118924031363965,0.07797476218236123,0.05203582699926387,-0.016457808303789068,-0.17759497243687847,5.414196018734235,765,764
1991-09-01,1992-09-01,0.06743020477899364,0.07822681933863707,0.053888788164755785,-0.01271496032425204,-0.17725683714442608,5.408496674168111,766,765
1991-10-01,1992-10-01,0.06416067047040408,0.0785345455763707,0.051634970391698384,-0.01682018322174314,-0.17677689366591937,5.400475368610669,767,766
1991-11-01,1992-11-01,0.15611805816362923,0.07867164404112696,0.05475182695687959,-0.010575207505060219,-0.17627488083197704,5.391998707890327,768,767
1991-12-01,1992-12-01,0.05879242586651601,0.07893183825794929,0.04609595682662235,-0.026693459460109814,-0.17529723210975331,5.3757279797244895,769,768
1992-01-01,1993-01-01,0.07456265595921385,0.07910809224164751,0.045743578769482,-0.027067451694555378,-0.17472269956195774,5.365810369928986,770,769
1992-02-01,1993-02-01,0.0644818620905756,0.0791922981934264,0.044556765905576376,-0.02897491857872711,-0.17403846045416846,5.353984024654975,771,770
1992-03-01,1993-03-01,0.11848553172472065,0.07919904912187756,0.047911981489381,-0.022243211189221984,-0.1734003576147653,5.342908964092792,772,771
1992-04-01,1993-04-01,0.07352543590953298,0.07922470886717643,0.04581739540050141,-0.025754233121035336,-0.17249011122344493,5.327303520714977,773,772
1992-05-01,1993-05-01,0.10065954609554384,0.07920416347216182,0.043794001846857056,-0.02924423802391557,-0.17182937375701246,5.315886293135721,774,773
1992-06-01,1993-06-01,0.13068203585891935,0.07922274301327306,0.04646170244016941,-0.02372778593324243,-0.17094172375121772,5.30043868609249,775,774
1992-07-01,1993-07-01,0.08630097307714268,0.07923352547926996,0.043199767890630486,-0.029347340914238268,-0.16993124655785186,5.283020014966431,776,775
1992-08-01,1993-08-01,0.1535265556742913,0.07918061093429193,0.045134291505556715,-0.02528755952088227,-0.16913974199725365,5.269217401123112,777,776
1992-09-01,1993-09-01,0.13898065847966068,0.07916550758447795,0.044537236527045915,-0.025780461831035606,-0.16795446131410988,5.24868652173098,778,777
1992-10-01,1993-10-01,0.1431919572058893,0.07914624591937643,0.04324891301637024,-0.027601714316477205,-0.16685647244496996,5.229627123961147,779,778
1992-11-01,1993-11-01,0.07820594559052485,0.079244927729946,0.04056148836791876,-0.03197582434730356,-0.16570073923255843,5.20947548974554,780,779
1992-12-01,1993-12-01,0.07895901566887775,0.07921874014753444,0.0392066857341634,-0.03406318850843909,-0.16492895247507644,5.195899772721183,781,780
1993-01-01,1994-01-01,0.09921136758271532,0.07921278607568234,0.03872750023222464,-0.034502707369936714,-0.16412541044572695,5.18170643510302,782,781
1993-02-01,1994-02-01,0.07079177577129925,0.07919397263508836,0.03883448301056851,-0.03377426515305634,-0.16317228620402768,5.1648467108955,783,782
1993-03-01,1994-03-01,-0.0023129300029454125,0.07924408941964144,0.03795102054535429,-0.03498465242561666,-0.16243096206051474,5.151737704053396,784,783
1993-04-01,1994-04-01,0.03602147100180142,0.07923680451071134,0.0399756015092695,-0.031136572647866484,-0.16219746752455924,5.147597899578859,785,784
1993-05-01,1994-05-01,0.012694653755467744,0.07926405990712974,0.03850210330649016,-0.03358113465254642,-0.16173247488948242,5.13940427075341,786,785
1993-06-01,1994-06-01,-0.020451421278617987,0.07932939405700494,0.03904567621833624,-0.03240392658934807,-0.1614067631158027,5.133638826902415,787,786
1993-07-01,1994-07-01,0.009872269714330306,0.07933824123850258,0.039354574296215375,-0.0317922685584443,-0.16132358447523265,5.132168911891069,788,787
1993-08-01,1994-08-01,0.011749939235119466,0.07943226952042373,0.03707345544453079,-0.035804118270451435,-0.16103597779101061,5.127091248720625,789,788
1993-09-01,1994-09-01,-0.009646715404226791,0.07950764722796709,0.037249638275370034,-0.03529148920134073,-0.16069869053497388,5.121095348737403,790,789
1993-10-01,1994-10-01,-0.010743828338655392,0.07958815836573942,0.0371606750589409,-0.0353517785040581,-0.16051795305615077,5.117884069064158,791,790
1993-11-01,1994-11-01,-0.03165521321154596,0.07958641314758888,0.03912027386501182,-0.031679222802957124,-0.16034500457526296,5.1148103749667255,792,791
1993-12-01,1994-12-01,-0.03957614153489042,0.07958562197800666,0.038823209394236155,-0.03222104859150554,-0.16034484091371976,5.11480748364017,793,792
1994-01-01,1995-01-01,-0.05040068512834228,0.07961033954174054,0.03742896993226612,-0.03479285288180731,-0.16039499219005485,5.115694307154046,794,793
1994-02-01,1995-02-01,0.009323956040262926,0.07959924700869599,0.03985128716819265,-0.030432480186840416,-0.1605030416556116,5.117613134831584,795,794
1994-03-01,1995-03-01,0.08355666318318211,0.07949634226370647,0.04297112863607826,-0.024596816888353745,-0.1602378388921053,5.112939032068262,796,795
1994-04-01,1995-04-01,0.09855657339674595,0.07944179411908678,0.04423866691109678,-0.021921309240851172,-0.15955032301841343,5.100950736263837,797,796
1994-05-01,1995-05-01,0.12351009800882551,0.07935815108604966,0.044367976512874774,-0.02128833010983658,-0.15880120410693777,5.087949287004642,798,797
1994-06-01,1995-06-01,0.19100056076089555,0.07923323297295244,0.04612438294215737,-0.017635054669627614,-0.1579055583607072,5.072412393068019,799,798
1994-07-01,1995-07-01,0.2013998476284493,0.07914653176887919,0.044021586609993515,-0.0207672705740998,-0.15665303455024193,5.050834216430943,800,799
1994-08-01,1995-08-01,0.16148528523916839,0.0790623912039182,0.04317636068202675,-0.02155159114747715,-0.15528052079849436,5.02699311479453,801,800
1994-09-01,1995-09-01,0.2293545139291533,0.07895178134530453,0.04573752955707382,-0.0163655721601072,-0.15413927964422275,5.007106520264008,802,801
1994-10-01,1995-10-01,0.19441406450083987,0.0788400807105798,0.044451484110276634,-0.01787877377228994,-0.15266984622410285,4.981753319191964,803,802
1994-11-01,1995-11-01,0.2963338421237087,0.0787026487529652,0.05345097196829224,-0.0012754994230695649,-0.15137938295250755,4.959374278597289,804,803
1994-12-01,1995-12-01,0.2993096385525018,0.07855571857869456,0.05434966611144293,0.0010798046881046186,-0.14982004683327382,4.933427342524012,805,804
1995-01-01,1996-01-01,0.30452370779791016,0.07839572304059651,0.05429172640041295,0.0017355798054537463,-0.14828590520783375,4.908026421947736,806,805
1995-02-01,1996-02-01,0.2755746932072063,0.07831013225125283,0.05203179011217546,-0.0014317665404963709,-0.14673066559932701,4.882267748785785,807,806
1995-03-01,1996-03-01,0.25672895672256213,0.07831662548260426,0.05148368546246199,-0.0016418282196541956,-0.14525467757011784,4.857521166679361,808,807
1995-04-01,1996-04-01,0.2556152509460199,0.07834164395963038,0.049601728817018326,-0.004189673778560249,-0.1438688371919344,4.834220655389323,809,808
1995-05-01,1996-05-01,0.24915700991292633,0.0783974074831479,0.05222856479737832,0.001047501392840322,-0.1424349014427759,4.809887977641475,810,809
1995-06-01,1996-06-01,0.20257637098556658,0.0785362523083979,0.051434016331225754,3.445782807508513e-4,-0.14112809678443686,4.788001401340189,811,810
1995-07-01,1996-07-01,0.0905954754412861,0.07868756215485116,0.05581043690761159,0.008331587165761517,-0.14005127381142654,4.769892185450837,812,811
1995-08-01,1996-08-01,0.11469491187825209,0.07878940437266706,0.05437105771610189,0.006084298932965582,-0.13964676027509282,4.763253893763521,813,812
1995-09-01,1996-09-01,0.13149363646615186,0.07897437379472662,0.05203199279466464,0.0023880267380265996,-0.13909994716641352,4.754203221093522,814,813
1995-10-01,1996-10-01,0.15940328142104798,0.07911601758700407,0.056805212749388476,0.01080074717688892,-0.1384245175195178,4.7428785237587245,815,814
1995-11-01,1996-11-01,0.1838720144619499,0.07938221590138728,0.05252416261495378,0.003923392652040059,-0.13771254073657802,4.731268507499917,816,815
1995-12-01,1996-12-01,0.15212784360537346,0.07965140491320015,0.05175885682801705,0.0031000904894756542,-0.13678360514322013,4.715733266862667,817,816
1996-01-01,1997-01-01,0.18300259173577804,0.07992630992895164,0.05393748940624164,0.007144424539515859,-0.1360061080860301,4.702677556177268,818,817
1996-02-01,1997-02-01,0.1620284220995838,0.0801651968438213,0.05254803109051161,0.005257235698624491,-0.13512510293993776,4.688059745422848,819,818
1996-03-01,1997-03-01,0.09648064612618734,0.08038051850221001,0.052518668658753,0.005609091197925187,-0.13432231927600025,4.6746358580855425,820,819
1996-04-01,1997-04-01,0.11754570937004805,0.08059395910201979,0.050738953341843696,0.002878690314648852,-0.13385794031912934,4.666869421756428,821,820
1996-05-01,1997-05-01,0.16550419617361745,0.08079902364071917,0.04511576973900956,-0.006156072356324371,-0.13325539935137834,4.656697347291992,822,821
1996-06-01,1997-06-01,0.22769665488958735,0.08094699125596201,0.04443589683072842,-0.006761962941428862,-0.13227060369039628,4.63963652856553,823,822
1996-07-01,1997-07-01,0.4031069052565357,0.08095870058142961,0.04529177212961108,-0.004634650318320388,-0.1309155751580043,4.616096037791111,824,823
1996-08-01,1997-08-01,0.30939541633713197,0.08099959295875911,0.04229357118183104,-0.008307277321486783,-0.128596899254385,4.575956697414944,825,824
1996-09-01,1997-09-01,0.3132501725006638,0.0810607237620368,0.0402841994080925,-0.010546352677665793,-0.12671224677563603,4.542937398942229,826,825
1996-10-01,1997-10-01,0.2528980637503293,0.08115545478701748,0.03787821775634938,-0.01333317266566214,-0.12474078985314249,4.50814049808138,827,826
1996-11-01,1997-11-01,0.2139163862774789,0.08127950860305001,0.031792271020613994,-0.022117763741140037,-0.1230694952701088,4.4783961270499715,828,827
1996-12-01,1997-12-01,0.2525676267454655,0.08136497100956668,0.03230625996951747,-0.020355384288051573,-0.12146848210770943,4.449370861590856,829,828
1997-01-01,1998-01-01,0.19393866033911777,0.08148742597429706,0.026618435667633153,-0.02823600047828652,-0.11963675388445033,4.416210756090046,830,829
1997-02-01,1998-02-01,0.285655831025307,0.08158434654725168,0.028040522846541696,-0.025023246579993663,-0.11804288133759043,4.3869227549489604,831,830
1997-03-01,1998-03-01,0.420963940852781,0.08160225075347634,0.030977462690184483,-0.01913555061073824,-0.11586174914503208,4.3469849319079525,832,831
1997-04-01,1998-04-01,0.37489026266820114,0.08164540016358028,0.028630077465025376,-0.020962727120332578,-0.11289548799715415,4.293091628973367,833,832
1997-05-01,1998-05-01,0.24622912515794426,0.08174595027870026,0.024655409967130767,-0.02531266457762614,-0.11015911270375327,4.243061362618897,834,833
1997-06-01,1998-06-01,0.23497631372592243,0.08192074154170725,0.026957890569822007,-0.020621300907997242,-0.10819856362026638,4.206862191798249,835,834
1997-07-01,1998-07-01,0.12103448007926487,0.0823049355174427,0.023709066792920883,-0.024353613935604992,-0.10641110019119054,4.174042666438681,836,835
1997-08-01,1998-08-01,-0.01867759377284184,0.08257625030934203,0.027113906610025294,-0.018639138454916354,-0.10535907880841965,4.154574930325883,837,836
1997-09-01,1998-09-01,-0.011968595254004288,0.0828515175195942,0.025257140079839396,-0.021390596247508054,-0.10535934484519127,4.154579812908801,838,837
1997-10-01,1998-10-01,0.10120031227247228,0.08305419516706822,0.028386498298451357,-0.01671335217540662,-0.10529298184042118,4.153356222483369,839,838
1997-11-01,1998-11-01,0.13412390364471394,0.08320998348981869,0.030440860630493866,-0.013195234226394709,-0.10449675936418817,4.138791707575616,840,839
1997-12-01,1998-12-01,0.18804370001327952,0.08341135999785158,0.030415678740116137,-0.012654078054195994,-0.10353111337238943,4.12122703693663,841,840
1998-01-01,1999-01-01,0.2281511490059236,0.08354262757545401,0.030174062227115564,-0.012222160180635794,-0.10222030716674117,4.097382360239019,842,841
1998-02-01,1999-02-01,0.09898570005819729,0.08378238226519288,0.025426642942415915,-0.01817010634882736,-0.10065170857954193,4.068828744301026,843,842
1998-03-01,1999-03-01,0.08455167831351273,0.08418188648152887,0.023436518459749367,-0.020542063358677476,-0.09984459093750055,4.05395069048621,844,843
1998-04-01,1999-04-01,0.12276787409526624,0.08452592006281494,0.023372323392428514,-0.020163996604902062,-0.09910662343311828,4.04028140787611,845,844
1998-05-01,1999-05-01,0.13083964884202182,0.08471705860311646,0.025530643445224085,-0.0164301274390333,-0.09810668562661519,4.021756856832013,846,845
1998-06-01,1999-06-01,0.14809430375935095,0.0848944603210891,0.02156126366885927,-0.021471949759184233,-0.0971067028483588,4.003329258334602,847,846
1998-07-01,1999-07-01,0.13601221832077437,0.08493707826891708,0.023178289190847433,-0.018397312646207045,-0.09590593681830686,3.980989282397525,848,847
1998-08-01,1999-08-01,0.3384752201904049,0.08481503507452165,0.033271837763222734,-0.0034543815199930272,-0.09483753963386043,3.961187201864104,849,848
1998-09-01,1999-09-01,0.22410341892385754,0.0847011719800175,0.027657467170258188,-0.010096709379516372,-0.09275845095926279,3.923712669233721,850,849
1998-10-01,1999-10-01,0.2126835392631341,0.08472055992395695,0.024495996791784796,-0.013553768291313634,-0.09123438902417046,3.8957844600952605,851,850
1998-11-01,1999-11-01,0.1811353059834735,0.08477854506916906,0.01782351313903855,-0.021795906016675262,-0.08971111840897902,3.8676390822396125,852,851
1998-12-01,1999-12-01,0.19764507847533053,0.08489960621212819,0.015556233729130668,-0.023917081655200387,-0.08824341118477497,3.8400985099838447,853,852
1999-01-01,2000-01-01,0.10207944115491685,0.0850673480655167,0.013668328705477982,-0.02536388465178222,-0.08660916445866934,3.8092879773772474,854,853
1999-02-01,2000-02-01,0.17723671860880863,0.08508362683977712,0.015369486655958359,-0.02239978890015265,-0.08565502803082051,3.791231875138133,855,854
1999-03-01,2000-03-01,0.19528752886959944,0.08508300540458294,0.014365206068907677,-0.022747010577795365,-0.08419460015555826,3.7636884056000515,856,855
1999-04-01,2000-04-01,0.0736070877174837,0.08512697841355686,0.014378982989598728,-0.021619534679814326,-0.08259055663566862,3.7333748474178914,857,856
1999-05-01,2000-05-01,0.05296819819380927,0.08518025658421938,0.015333652686905147,-0.019871005517421117,-0.0818936373333413,3.720204681741814,858,857
1999-06-01,2000-06-01,0.050623757502315625,0.08525349761701932,0.017894602451930045,-0.01612212412969595,-0.08136858881598845,3.7103018099441205,859,858
1999-07-01,2000-07-01,0.06232118781985174,0.0853125193852795,0.020107334091341876,-0.012888818694492293,-0.0809029139319127,3.7015668005222677,860,859
1999-08-01,2000-08-01,0.15321173096835317,0.08560655271954794,0.022253264963604157,-0.009728213150283535,-0.0803933239835758,3.692056135916211,861,860
1999-09-01,2000-09-01,0.12254247513858307,0.08576722193788242,0.024272520547106664,-0.006392201286016488,-0.07932079486940187,3.672142735605652,862,861
1999-10-01,2000-10-01,0.027947189025413488,0.0859142860367529,0.020223899604067445,-0.011150069655412737,-0.07849542153597941,3.656897305317175,863,862
1999-11-01,2000-11-01,-0.11262595006574927,0.08602449555058014,0.020460742431254383,-0.010670116961548168,-0.07823419805715953,3.6520230346278435,864,863
1999-12-01,2000-12-01,-0.1682447657514724,0.08615353668690938,0.017238259411456673,-0.015325023952994829,-0.07891061343106455,3.664637369191412,865,864
2000-01-01,2001-01-01,-0.09745056870664037,0.08617192687682623,0.01997410051471106,-0.012435712425651918,-0.07995764665904233,3.6843098238839724,866,865
2000-02-01,2001-02-01,-0.20844437550318706,0.08627696123868546,0.019449230880225314,-0.013497132001801651,-0.0805197246350691,3.694803843753421,867,866
2000-03-01,2001-03-01,-0.3053106528868258,0.08640254945024184,0.0178702229762661,-0.01644468822002361,-0.08181064376419872,3.7189356267963016,868,867
2000-04-01,2001-04-01,-0.19596023064227797,0.08638782509842048,0.020710671130584175,-0.01393935299143527,-0.08374889346869897,3.755302384620445,869,868
2000-05-01,2001-05-01,-0.15175410308246262,0.08634941173416229,0.023671306695333245,-0.010720564262925003,-0.08492665368913359,3.777250936473583,870,869
2000-06-01,2001-06-01,-0.20636382392369856,0.0863083949095563,0.016486521497064144,-0.02100045307079186,-0.0858046780271325,3.7934890458984034,871,870
2000-07-01,2001-07-01,-0.20392805564389993,0.08628088664454518,0.017194094766188023,-0.020883160246071356,-0.08705161174830554,3.816960937765964,872,871
2000-08-01,2001-08-01,-0.3053299233354405,0.08635755427836396,0.012900741160455469,-0.02758297358423093,-0.0882679218271499,3.8398195361263348,873,872
2000-09-01,2001-09-01,-0.33269872612784623,0.08639895578964567,0.01873855481268337,-0.020859095061091057,-0.09019174546807576,3.876316461476124,874,873
2000-10-01,2001-10-01,-0.29716764305413446,0.08633215377048657,0.024053340782892722,-0.014781892026022925,-0.09220984051290283,3.914103464135646,875,874
2000-11-01,2001-11-01,-0.1510739011195893,0.08610503264738582,0.03467737700372869,-9.172345192787479e-4,-0.09392136471951476,3.945712166923037,876,875
2000-12-01,2001-12-01,-0.14794034777141285,0.08581501007224461,0.03482023774203297,-0.0011742855909794153,-0.09471318631394303,3.9598400233264197,877,876
2001-01-01,2002-01-01,-0.18751030246661105,0.08560627934470603,0.03263496907046978,-0.004716957982361256,-0.09548326373680914,3.9735724509147934,878,877
2001-02-01,2002-02-01,-0.11553531757201652,0.08527175072713158,0.03906955016807183,0.0038623932681134676,-0.0964681039137751,3.9912771101073004,879,878
2001-03-01,2002-03-01,-0.00444322651220963,0.08482790708666121,0.04248055174250327,0.008402494408025124,-0.09705439613394716,4.001550875977415,880,879
2001-04-01,2002-04-01,-0.12576216883845026,0.08450919183384742,0.0351797265586911,-0.0020524403766908894,-0.09711417028912472,4.0025817049088115,881,880
2001-05-01,2002-05-01,-0.14400905071188874,0.08424131961738901,0.03436722052348207,-0.003584109921034334,-0.0977527541582504,4.01395457418346,882,881
2001-06-01,2002-06-01,-0.18958128399398955,0.08391220846955084,0.03453047511108019,-0.0037741458538251282,-0.09848357695983785,4.02701107295456,883,882
2001-07-01,2002-07-01,-0.2384986992009308,0.08358659731105149,0.03461612936252394,-0.0042086152838026886,-0.09944552039282746,4.044185899855401,884,883
2001-08-01,2002-08-01,-0.1816051888763328,0.08314714361540575,0.03982249516098049,0.0026408442624051842,-0.10065341409073095,4.065744867067196,885,884
2001-09-01,2002-09-01,-0.19043755676751883,0.08267779161795286,0.040431404384717554,0.0030378793861644132,-0.10153275137800653,4.08109831723564,886,885
2001-10-01,2002-10-01,-0.14870238612510378,0.08224955550220081,0.03249934445067364,-0.009058139807625029,-0.10244538605299405,4.096987985682695,887,886
2001-11-01,2002-11-01,-0.16197170606937494,0.0819868038618609,0.021095597209848202,-0.026208834438319936,-0.10318026080503465,4.11021101424429,888,887
2001-12-01,2002-12-01,-0.22122208135180166,0.08172816814573802,0.01731896933672456,-0.03229982878703658,-0.10400084837601142,4.1255108053955505,889,888
2002-01-01,2003-01-01,-0.22931089938401494,0.08142565301021852,0.017128392868701443,-0.03338046747032969,-0.10518793899833041,4.147857566635464,890,889
2002-02-01,2003-02-01,-0.22522795623401515,0.0812045969265123,0.018199531582922923,-0.03261499445602599,-0.10641647075915864,4.170995154622564,891,890
2002-03-01,2003-03-01,-0.24850131366567885,0.08110857918723122,0.015180462383069374,-0.037923682369735465,-0.10760486959073282,4.193317868355239,892,891
2002-04-01,2003-04-01,-0.14711721096961716,0.08087692101475007,0.01699703992767332,-0.03610750480042664,-0.1089425166853742,4.218628090249316,893,892
2002-05-01,2003-05-01,-0.0849519923083829,0.08062537071080526,0.01652533439597937,-0.037283832064800196,-0.10963080553878,4.231595046301517,894,893
2002-06-01,2003-06-01,-9.575224575996133e-4,0.08032346383404014,0.021122150986313648,-0.03053746490788832,-0.10992666443772514,4.2371752768820565,895,894
2002-07-01,2003-07-01,0.11266228665875877,0.07996763552708146,0.024717489059519586,-0.024995294902397047,-0.10975309617008233,4.233940240414325,896,895
2002-08-01,2003-08-01,0.13238642133817435,0.07967602702718914,0.021369805523125653,-0.02954721766417258,-0.1089820363512372,4.219717212957957,897,896
2002-09-01,2003-09-01,0.2464511701374844,0.07937523239044672,0.02748107059641003,-0.019777201204871406,-0.10804148709119193,4.202198246796406,898,897
2002-10-01,2003-10-01,0.22610753296101982,0.07912153092379982,0.023269244272253256,-0.025169164071056155,-0.10661082047209147,4.176039233476378,899,898
2002-11-01,2003-11-01,0.17382348363752476,0.07885364954936296,0.020359045389153285,-0.02857129902542513,-0.10519368585754917,4.149785060953096,900,899
2002-12-01,2003-12-01,0.2972078756702131,0.0785206021232795,0.022761659879167,-0.02426318146961444,-0.10401681950418291,4.1278011732758415,901,900
2003-01-01,2004-01-01,0.35961390201189725,0.07817932551406968,0.02593623852457671,-0.01846604349030216,-0.1022062882417812,4.0942097619556295,902,901
2003-02-01,2004-02-01,0.4062083678100865,0.07784332630947599,0.02687503309661992,-0.015833359171114753,-0.10016464728824219,4.056697217036596,903,902
2003-03-01,2004-03-01,0.3735136860866969,0.0774823256015389,0.025973895423164896,-0.015733822549539214,-0.09791963009946886,4.015573737235866,904,903
2003-04-01,2004-04-01,0.24674976413906924,0.07723414931803486,0.02229303435855519,-0.019652872783868264,-0.0958325818378201,3.977231160470778,905,904
2003-05-01,2004-05-01,0.18872206541010184,0.07705513591668119,0.018836563115185265,-0.023563100444718668,-0.09434410917780292,3.9495739190582775,906,905
2003-06-01,2004-06-01,0.19328103183709955,0.07696912416544163,0.01768569623313445,-0.024358244733732104,-0.09311392428983882,3.9264930895419083,907,906
2003-07-01,2004-07-01,0.12149520065237607,0.07700843381576467,0.01735088609116968,-0.023970889951291083,-0.091841109825279807,3.9025393918592166,908,907
2003-08-01,2004-08-01,0.09780004238501239,0.07706935569422713,0.01760959999728324,-0.023040320719797586,-0.09099052250847685,3.886517767512022,909,908
2003-09-01,2004-09-01,0.12888421826749663,0.07725548955625272,0.018893448865131994,-0.020795917747829254,-0.09028873403688538,3.8733078768758937,910,909
2003-10-01,2004-10-01,0.0794535305918429,0.07741888367634574,0.016697778020893214,-0.02325038551219924,-0.0894353106702364,3.857299010693764,911,910
2003-11-01,2004-11-01,0.11160752706322274,0.07752459047454881,0.015300371168629104,-0.02476285218707011,-0.0888373403997694,3.8460162292045634,912,911
2003-12-01,2004-12-01,0.10223881917471989,0.07776520743533266,0.013855130229713325,-0.02618768739173781,-0.0880341827621104,3.8308076356059946,913,912
2004-01-01,2005-01-01,0.0512908687780691,0.07807357581014293,0.011700669455842284,-0.028589663934809495,-0.08726892857422591,3.816264770594792,914,913
2004-02-01,2005-02-01,0.05582938978461138,0.07843219306915925,0.011622752239072297,-0.02835288742963525,-0.08678389676809789,3.8069997805405746,915,914
2004-03-01,2005-03-01,0.04997268657631604,0.07875433443708234,0.012709449800475121,-0.026521125429854173,-0.08627450992014249,3.7972677972899365,916,915
2004-04-01,2005-04-01,0.042309001618508035,0.07893753555998524,0.014344882932939784,-0.0239922832209995,-0.08581889153261191,3.7885854605603235,917,916
2004-05-01,2005-05-01,0.06696929955254771,0.0790571265511074,0.016024285398121188,-0.021460687981807308,-0.08543247971066481,3.78125147916184,918,917
2004-06-01,2005-06-01,0.05364453225470822,0.07918141806937289,0.01648375473574662,-0.02049977109024273,-0.08492852624494505,3.771727785771265,919,918
2004-07-01,2005-07-01,0.13902531662361528,0.07922741131131092,0.01956685944907198,-0.016077264948195585,-0.08450975808636334,3.763823547832285,920,919
2004-08-01,2005-08-01,0.12494560681825229,0.07924757703451797,0.02064334140202577,-0.014082264536058653,-0.08366703930185954,3.7480531121116587,921,920
2004-09-01,2005-09-01,0.11168355633924976,0.07930141287099625,0.019959475553654224,-0.014507166671471353,-0.08292371058533114,3.7341866836316076,922,921
2004-10-01,2005-10-01,0.07572623957909674,0.07930157767892786,0.028175209900393912,-0.0031567143501999573,-0.08224598955244786,3.7215184157935046,923,922
2004-11-01,2005-11-01,0.06633578192724432,0.07933654082761217,0.033552662397938735,0.004201758062297417,-0.08186412585111867,3.7145721525580764,924,923
2004-12-01,2005-12-01,0.029012869933033203,0.07936130004744686,0.03738777810085023,0.009439877382898157,-0.08158498636658804,3.7096038473615307,925,924
2005-01-01,2006-01-01,0.08890100125130407,0.07933098640676718,0.04126022603939823,0.014608783257436059,-0.08150194270531116,3.7081521927099783,926,925
2005-02-01,2006-02-01,0.06631345451953297,0.07930563409110145,0.041710342013601034,0.015368262761410276,-0.08120532955651726,3.703074151399442,927,926
2005-03-01,2006-03-01,0.1031672720044765,0.07927402531145188,0.04368847799354671,0.018090210317833033,-0.08100380006677543,3.699632988423335,928,927
2005-04-01,2006-04-01,0.14095955309581498,0.07923423518906982,0.047356901761012954,0.023101902837580193,-0.08067839197005344,3.6941433775401933,929,928
2005-05-01,2006-05-01,0.06251977888260396,0.07922104708623484,0.04397255621162022,0.018878850164275457,-0.08025524721627421,3.68718212151272,930,929
2005-06-01,2006-06-01,0.0530304610539879,0.07919357499726437,0.04433727751951967,0.019448683534827024,-0.0800897543425169,3.6843952168299476,931,930
2005-07-01,2006-07-01,0.005926946041359127,0.0792577721449321,0.04306632758864565,0.01784851878449556,-0.07996342528737709,3.6822728732448398,932,931
2005-08-01,2006-08-01,0.03840372419765181,0.0793067408852036,0.046869838920283624,0.02281964052347267,-0.0800091121076835,3.683046690881317,933,932
2005-09-01,2006-09-01,0.052942500396053305,0.07934140556984393,0.04636569742931114,0.0221877381956688,-0.0799531558752578,3.682122980025117,934,933
2005-10-01,2006-10-01,0.11084529802161391,0.07933753908215327,0.04095834490161945,0.0151501037386962,-0.07984198973189505,3.6802811787446483,935,934
2005-11-01,2006-11-01,0.08911093720661789,0.07932364831596214,0.035354530055663635,0.008017457658046137,-0.07946506587205421,3.6738146791312043,936,935
2005-12-01,2006-12-01,0.10106859092710363,0.0792699548491714,0.034256402695212976,0.006781674491852366,-0.0791185845398032,3.6676922827900023,937,936
2006-01-01,2007-01-01,0.0833542023159135,0.07928022248925894,0.03146190108631497,0.003371748803085231,-0.07871041549765331,3.6604425239190457,938,937
2006-02-01,2007-02-01,0.06565642133498262,0.07926641336469056,0.03393884613069974,0.006813981842526906,-0.07835144960302343,3.6539873767590887,939,938
2006-03-01,2007-03-01,0.05706606864888486,0.07929183981005204,0.0344712384586007,0.007655962114396647,-0.07809691253363414,3.6494598965387435,940,939
2006-04-01,2007-04-01,0.08566907985700989,0.07935737404308686,0.03516170059136556,0.008677131281695769,-0.0778853110719775,3.6457054121574193,941,940
2006-05-01,2007-05-01,0.162620896156781,0.07933949973824557,0.0410264403906883,0.016479766222477293,-0.07755962548241636,3.639945639001257,942,941
2006-06-01,2007-06-01,0.14469004486063963,0.07931160043953478,0.0442539109981368,0.020973345709894745,-0.0769947166238849,3.630263459508217,943,942
2006-07-01,2007-07-01,0.11207208491559184,0.0792338624581808,0.04397419393453747,0.02085969585403878,-0.0765416188595318,3.622654500921836,944,943
2006-08-01,2007-08-01,0.10019523569675015,0.07919065596266703,0.045874182138940275,0.02349417583945136,-0.07620669358703919,3.617019479058199,945,944
2006-09-01,2007-09-01,0.11336081728035463,0.07916290949800886,0.044998132340858366,0.022513120328357505,-0.07593439432012734,3.6124981487245975,946,945
2006-10-01,2007-10-01,0.0964506555279927,0.07919636502971278,0.043491385951133055,0.020752660049481467,-0.07560770491382471,3.6070398695958947,947,946
2006-11-01,2007-11-01,0.02768242805288801,0.07920682343918208,0.048074714360555965,0.02679427478164252,-0.07532917514061366,3.6023384529373645,948,947
2006-12-01,2007-12-01,0.010548519369804499,0.0792298600751019,0.049409666615625514,0.028511024561845955,-0.07532615801853464,3.602289189304756,949,948
2007-01-01,2008-01-01,-0.06401687594748029,0.07923420148798699,0.051062464298665566,0.030603297819882233,-0.07538562911869508,3.603249639129565,950,949
2007-02-01,2008-02-01,-0.07364674203304444,0.0792199241166379,0.053348962766875896,0.03338435440226929,-0.07568897997498848,3.608077931026386,951,950
2007-03-01,2008-03-01,-0.0881956042950851,0.07919665326005411,0.056600179689824615,0.03740052504594393,-0.07601688580307855,3.6131828519977445,952,951
2007-04-01,2008-04-01,-0.08017823989999517,0.07920344489341923,0.05568225114237545,0.036025663913408126,-0.07637661369508184,3.6185840853960953,953,952
2007-05-01,2008-05-01,-0.09291901765423527,0.07929088456979591,0.05672672451452518,0.037196567806465755,-0.07671531575641874,3.623725166798333,954,953
2007-06-01,2008-06-01,-0.14785410224971318,0.07935936536591197,0.05983700128758927,0.04102662692481791,-0.07708586289172434,3.629280179331371,955,954
2007-07-01,2008-07-01,-0.12140158985408411,0.07939358369180076,0.06614847291508183,0.04894546181942437,-0.07758786993837576,3.636499178229425,956,955
2007-08-01,2008-08-01,-0.11716837646882905,0.07941532000528553,0.06545969834291333,0.04783618807515537,-0.0779757796993545,3.64147660134806,957,956
2007-09-01,2008-09-01,-0.2188282164510229,0.07945075371851631,0.07084203122094758,0.0546259934057141,-0.07835783603644488,3.646452950476619,958,957
2007-10-01,2008-10-01,-0.35961178577519104,0.07946848041487656,0.08083060801535671,0.06731822905743884,-0.0789023422202838,3.6526034191036265,959,958
2007-11-01,2008-11-01,-0.38717311081772476,0.07941453661033283,0.09054179008771919,0.07952899511201633,-0.07949686400411918,3.6561490924273814,960,959
2007-12-01,2008-12-01,-0.37551015073883176,0.07934287582236144,0.09357262531804415,0.08298877168775284,-0.07987542342251822,3.653594767440439,961,960
2008-01-01,2009-01-01,-0.38540507920676126,0.07919385321137405,0.10370926660161872,0.09569340472681974,-0.08016394298547709,3.6491176952380373,962,961
2008-02-01,2009-02-01,-0.4272192313353862,0.07903514023604236,0.10790989932017944,0.10057262891217109,-0.0801751078607997,3.6375119825608158,963,962
2008-03-01,2009-03-01,-0.37448833696729833,0.07886166435997273,0.10461001755412191,0.09564234405171917,-0.08005495767718307,3.6216536532803367,964,963
2008-04-01,2009-04-01,-0.34556467113188183,0.07869685616902974,0.09546722571099053,0.08330794698159748,-0.08004069898685988,3.609743249839472,965,964
2008-05-01,2009-05-01,-0.3276125130375245,0.07851919998494769,0.08976309010019742,0.07551408247384832,-0.08026187262692629,3.6044461846793676,966,965
2008-06-01,2009-06-01,-0.26139522965160633,0.07828510143041341,0.0966116394858616,0.08389493743594721,-0.08060688774769602,3.6027307893476923,967,966
2008-07-01,2009-07-01,-0.20137942102144246,0.07807881352619389,0.09873260541972936,0.0862426348721819,-0.08076085466794614,3.5979122931189558,968,967
2008-08-01,2009-08-01,-0.18723373385505082,0.07787732003806692,0.09570823420062866,0.08204904403933481,-0.08085253158737722,3.593038635029652,969,968
2008-09-01,2009-09-01,-0.06649131070511949,0.07757143804168641,0.1015371333320649,0.08922291027262787,-0.08098691390001513,3.5896345039576523,970,969
2008-10-01,2009-10-01,0.10125633074352569,0.07712119785237966,0.11530913647871749,0.10666125659108872,-0.08101032284062751,3.5863824569228773,971,970
2008-11-01,2009-11-01,0.2552089624278201,0.07664352881053794,0.12937952445216666,0.12465000656851855,-0.0810066896627483,3.586164329636305,972,971
2008-12-01,2009-12-01,0.26474686212584975,0.07617882821490654,0.11848627215986265,0.11094003427125439,-0.0812038943986922,3.5940221043988605,973,972
2009-01-01,2010-01-01,0.3317531820935449,0.07570492276580833,0.12573669426326847,0.1204871482807895,-0.08133589827097999,3.6008956433235295,974,973
2009-02-01,2010-02-01,0.5305624378985104,0.07518910312057636,0.14036808921644686,0.13971577575375044,-0.0816082358333289,3.61248456446091,975,974
2009-03-01,2010-03-01,0.49699477213243815,0.07472836803851907,0.15963238487487663,0.16570015508107508,-0.08245146936598369,3.641940530102961,976,975
2009-04-01,2010-04-01,0.3884874336342228,0.07429818069034055,0.1430931126010933,0.14523258953994989,-0.08354293623080151,3.6757981362508874,977,976
2009-05-01,2010-05-01,0.22161513536253385,0.07388722906076198,0.1285519774256357,0.12670079872370354,-0.08410336794150212,3.69494090284041,978,977
2009-06-01,2010-06-01,0.15340201351644678,0.07354475463919674,0.12515005548923036,0.12238939938315108,-0.08423970404589753,3.7004585420957343,979,978
2009-07-01,2010-07-01,0.1428249026480104,0.07326421976607368,0.1066202468074679,0.097976864457431,-0.08427791312659608,3.702110250402252,980,979
2009-08-01,2010-08-01,0.05577606603690555,0.07299867649021113,0.09526024908130701,0.08302650067377247,-0.08428378377058364,3.7033303640251773,981,980
2009-09-01,2010-09-01,0.10805269771346715,0.07285662966007335,0.08597040867340329,0.07072861691158014,-0.0842985941810784,3.7030239549107113,982,981
2009-10-01,2010-10-01,0.18020819467720928,0.07288552050552957,0.09454087314457632,0.0820855905856449,-0.08425774814367053,3.7029569011891588,983,982
2009-11-01,2010-11-01,0.12537351813861575,0.0730708085562636,0.0732689151626064,0.05408672199695953,-0.08420039396964261,3.7039602397215097,984,983
2009-12-01,2010-12-01,0.1675494546908176,0.07326540353450679,0.06848796653305846,0.047852655874311284,-0.08406876807259514,3.7025618140109193,985,984
2010-01-01,2011-01-01,0.23073549726595055,0.07352756152493178,0.0710229753993184,0.05133996964408721,-0.08381406400730185,3.6994141527990148,986,985
2010-02-01,2011-02-01,0.23042460167504286,0.0739906161109233,0.06667657999247717,0.04581699592335292,-0.08345973991071176,3.695339553819185,987,986
2010-03-01,2011-03-01,0.16296713783801697,0.07441875796924463,0.03838206918823757,0.00880507382378512,-0.08304798820998707,3.6900270640389863,988,987
2010-04-01,2011-04-01,0.17172128107827522,0.07473631982532648,0.034489875323955324,0.004036455988376694,-0.08244659751722797,3.679493892578429,989,988
2010-05-01,2011-05-01,0.25373081535037556,0.07488468226526306,0.041571570889571474,0.013699819677573874,-0.08175543937886107,3.6671517329033776,990,989
2010-06-01,2011-06-01,0.30405731666476177,0.07496391267015837,0.047017442807525456,0.02128282007542273,-0.08086843552778449,3.6518946786877358,991,990
2010-07-01,2011-07-01,0.19507678338221368,0.07503232092618443,0.04682339568015602,0.021541705072075368,-0.07991615071770061,3.636102155093113,992,991
2010-08-01,2011-08-01,0.18235629863416936,0.07501292892730294,0.05273638952976688,0.029503533913190827,-0.07933082054862514,3.62638107341545,993,992
2010-09-01,2011-09-01,0.00544231730252398,0.07504616813131317,0.04590714475291699,0.02093129261843281,-0.07886924354497332,3.619091692572834,994,993
2010-10-01,2011-10-01,0.07215141817403747,0.07515185861025377,0.03489086336932021,0.006679714955288976,-0.07892214637524007,3.6199762695551123,995,994
2010-11-01,2011-11-01,0.06339181651746673,0.07520228196319388,0.036676769919298705,0.009135956601135323,-0.07865673760476313,3.6152430160091296,996,995
2010-12-01,2011-12-01,0.004582503117173342,0.07529490701106512,0.03421717158551388,0.006089850959387438,-0.07844296506718977,3.611463996507264,997,996
2011-01-01,2012-01-01,0.03255762531662876,0.0754506591055089,0.03340846043906373,0.005044581657313765,-0.0784491068243995,3.6115738792743532,998,997
2011-02-01,2012-02-01,0.04052400674026546,0.07560578817715004,0.03165235037873239,0.002849975294170054,-0.07833597487276879,3.6095422390372933,999,998
2011-03-01,2012-03-01,0.06672721962129613,0.07569314952681092,0.03299559119796548,0.0046717617458042066,-0.07817759448563114,3.6066757259739233,1000,999
2011-04-01,2012-04-01,0.029067387686372737,0.07578908172616304,0.03141604187797849,0.0027923434559995325,-0.07792219092083406,3.6020806069096394,1001,1000
2011-05-01,2012-05-01,-0.019326151789793578,0.07596666828666625,0.03526462932208685,0.007799438059686276,-0.07781191160889747,3.60008260114953,1002,1001
2011-06-01,2012-06-01,0.03490773216252063,0.076194076709775,0.041096604105534076,0.015229652924617865,-0.07791945424508072,3.601996806466059,1003,1002
2011-07-01,2012-07-01,0.06779476508250915,0.07631248578016593,0.04136425418897627,0.015612847544110617,-0.07784823164764937,3.600768821976908,1004,1003
2011-08-01,2012-08-01,0.16267209127667548,0.07641800201186143,0.04923174444775753,0.0258113943036523,-0.0776605474681039,3.5975381524042285,1005,1004
2011-09-01,2012-09-01,0.28946422507788094,0.076347449641375,0.059826084588042824,0.03960707835057799,-0.07723123897500954,3.5905578410457166,1006,1005
2011-10-01,2012-10-01,0.14060794987602487,0.07634328277795166,0.050673144757199196,0.028249710195598854,-0.0766011439553607,3.5814656667201294,1007,1006
2011-11-01,2012-11-01,0.15344155603133947,0.0763304341011059,0.0531867561205477,0.03163688840520437,-0.07625901153927822,3.575972545679213,1008,1007
2011-12-01,2012-12-01,0.15837309040897207,0.07625932614175614,0.05265756861341876,0.031148980522521116,-0.07590630333958436,3.5704465523443814,1009,1008
2012-01-01,2013-01-01,0.16289263158809641,0.07621605713103817,0.05090182753027836,0.029112976972517066,-0.07553459821566756,3.564591314336362,1010,1009
2012-02-01,2013-02-01,0.12803793299081845,0.07618075342145283,0.050905388701929094,0.029331316736002644,-0.07513086869126985,3.5581224782570557,1011,1010
2012-03-01,2013-03-01,0.13772687681212425,0.07617141198489141,0.04791583413562074,0.02570004856371108,-0.07483348050720491,3.5533576751853757,1012,1011
2012-04-01,2013-04-01,0.16555071309729552,0.07612491245448814,0.04926289609573366,0.027594864254002482,-0.07447732754451707,3.547500924601834,1013,1012
2012-05-01,2013-05-01,0.27546253876484317,0.07603077925503618,0.05706183432898482,0.03767046775297997,-0.07405011145128952,3.540554539696397,1014,1013
2012-06-01,2013-06-01,0.21359436301462864,0.07599026393770367,0.050333511412003165,0.029528624296488865,-0.07342092883735504,3.5311320863139013,1015,1014
2012-07-01,2013-07-01,0.2695514043408449,0.07598219750182254,0.0508099346639945,0.03042258708820647,-0.0728638422069801,3.5221589432048592,1016,1015
2012-08-01,2013-08-01,0.20795612652616946,0.07606743830199447,0.050230984019085545,0.030077005624686987,-0.07214776271873866,3.5106754754880805,1017,1016
2012-09-01,2013-09-01,0.22000096035414696,0.07627706186464274,0.0462761982576083,0.02542266576530673,-0.07161007162794704,3.5020065789234964,1018,1017
2012-10-01,2013-10-01,0.2928102826406769,0.07634019325621424,0.04790233094337967,0.027787327559618574,-0.07097903785621838,3.491491604677898,1019,1018
2012-11-01,2013-11-01,0.3218793643758783,0.07641578282756241,0.04712838834422711,0.027272989553189478,-0.0701455471472152,3.477780860996255,1020,1019
2012-12-01,2013-12-01,0.3426113175272477,0.07649605443146192,0.05187699951720118,0.03363980741153286,-0.06920762122958757,3.4622553491976324,1021,1020
2013-01-01,2014-01-01,0.2320180998228022,0.07658059119971694,0.04654625197170824,0.02755934640079427,-0.06830891173284234,3.4479935594697877,1022,1021
2013-02-01,2014-02-01,0.27295307154546133,0.0766308916315753,0.04470436930268652,0.025653906620867944,-0.06765330606615669,3.4370907944157136,1023,1022
2013-03-01,2014-03-01,0.2286807118290206,0.0766905556796032,0.04186753687946934,0.02263352415170851,-0.06683590461123702,3.4233085848027804,1024,1023
2013-04-01,2014-04-01,0.2072449869919185,0.07677724851610823,0.04085622436755934,0.021795786229203126,-0.06612302459405699,3.411054156594288,1025,1024
2013-05-01,2014-05-01,0.1983094770269438,0.07697089889646765,0.03824853508579279,0.01899449810995174,-0.06547204244068006,3.3997919961550513,1026,1025
2013-06-01,2014-06-01,0.2437163985929992,0.07710393050709874,0.04375437578339625,0.026016960424422003,-0.06481746142528758,3.388291601642201,1027,1026
2013-07-01,2014-07-01,0.15571070172463453,0.07729113622094484,0.040474031928917936,0.022462646669042824,-0.06409186028437876,3.3759764219569695,1028,1027
2013-08-01,2014-08-01,0.23681001975303628,0.07741811871881189,0.04121148945237335,0.023608331655230685,-0.06362396547787158,3.3678625410704592,1029,1028
2013-09-01,2014-09-01,0.17030936389197038,0.07755654866214717,0.04056563654287003,0.023243725934635612,-0.06288560183472035,3.3551172073868973,1030,1029
2013-10-01,2014-10-01,0.15170906629218672,0.07776533016940085,0.04163107422418773,0.02480040818461674,-0.06237192905049848,3.346214440289259,1031,1030
2013-11-01,2014-11-01,0.14560503704050598,0.07800187477619006,0.039586879194373856,0.022606035646841473,-0.06193709057245258,3.338728652781391,1032,1031
2013-12-01,2014-12-01,0.11492180567341181,0.07825803106152507,0.0359563555807533,0.018535457744041306,-0.061502381546760354,3.3311492614241622,1033,1032
2014-01-01,2015-01-01,0.11922962723748665,0.07840673518992089,0.03830361376927893,0.02152464461777335,-0.06114286449846542,3.3247518554567694,1034,1033
2014-02-01,2015-02-01,0.13382056089616268,0.07859470266466054,0.038220780643308555,0.021624224622796916,-0.06079198693093161,3.3185881476161714,1035,1034
2014-03-01,2015-03-01,0.11683045803387437,0.07873957332987712,0.03839438900996188,0.022056160826390142,-0.060389364116552394,3.311512095597645,1036,1035
2014-04-01,2015-04-01,0.12570826184607964,0.07886349369020695,0.03891421976835112,0.022859556389050725,-0.060050862177868244,3.305568899868886,1037,1036
2014-05-01,2015-05-01,0.1177370341317363,0.0789785668918801,0.03821032407625688,0.022235275801702016,-0.0596872257590152,3.2992037598766055,1038,1037
2014-06-01,2015-06-01,0.07305970312121457,0.07913712110910928,0.03400338089800578,0.0174860150683238,-0.05934650785724559,3.2932152596776545,1039,1038
2014-07-01,2015-07-01,0.11200704716482335,0.07921074955200882,0.03454389686119719,0.018242543711256692,-0.059135702165416346,3.2894257553086503,1040,1039
2014-08-01,2015-08-01,0.004315369318894091,0.07936214174240365,0.03383871069304388,0.017620415816665874,-0.05878360888206283,3.2831135858400793,1041,1040
2014-09-01,2015-09-01,-0.006093090288417868,0.0794494231456182,0.03594040645734464,0.02005279524961589,-0.05883397941850416,3.284019808445358,1042,1041
2014-10-01,2015-10-01,0.04252069957705096,0.07951870372389873,0.030525645117642837,0.013652527585669053,-0.058929720894249846,3.285723741294473,1043,1042
2014-11-01,2015-11-01,0.022216836815162844,0.07958200480945102,0.03037058140744535,0.013538952291803803,-0.05881564299485822,3.2836390036874454,1044,1043
2014-12-01,2015-12-01,0.0013900365497279132,0.0796158228007084,0.031040859286135536,0.014344259868333764,-0.058781357583795435,3.283012015160424,1045,1044
2015-01-01,2016-01-01,-0.024014905210034243,0.07965369450667092,0.03473722836773016,0.018643563781023532,-0.05883194275960588,3.2839342917493446,1046,1045
2015-02-01,2016-02-01,-0.08074559508873724,0.07970542981363317,0.031194256972258416,0.014399313927585443,-0.0589895186401291,3.286756066079149,1047,1046
2015-03-01,2016-03-01,-0.008554170057670007,0.07974085445888149,0.03393259840751439,0.01739696192427529,-0.05935861753772561,3.2934810503015073,1048,1047
2015-04-01,2016-04-01,-0.005696664219740577,0.07978467467564718,0.03418008482847297,0.017631720707806213,-0.05945518946989934,3.2952174805266936,1049,1048
2015-05-01,2016-05-01,-0.002211510744517864,0.07982081977989107,0.03523165463829292,0.018818126302802572,-0.059541500112263314,3.2967674524828507,1050,1049
2015-06-01,2016-06-01,0.012694520561831624,0.07981438674786567,0.03714459156744934,0.021024337344676285,-0.05961793836445268,3.29813262647516,1051,1050
2015-07-01,2016-07-01,0.0354839632417665,0.07984498813609472,0.037409020763466194,0.021318768728984278,-0.059647288103075055,3.2986513113614686,1052,1051
2015-08-01,2016-08-01,0.10684733977993843,0.07977326010302999,0.04608545179704193,0.03155193281184732,-0.05959768022222658,3.297775943539843,1053,1052
2015-09-01,2016-09-01,0.1443003574815419,0.07969179297742138,0.04940422232295706,0.03557406470006974,-0.059369868615077745,3.2939890771494893,1054,1053
2015-10-01,2016-10-01,0.042287804846443344,0.07965655971353479,0.04591640004229694,0.03164785631396297,-0.05906097162368551,3.2890031060393303,1055,1054
2015-11-01,2016-11-01,0.08509897391047394,0.07960216603654768,0.047228592055331545,0.033204284469598104,-0.05902878252247042,3.288467268700651,1056,1055
2015-12-01,2016-12-01,0.12793332031196825,0.07952817159048636,0.05051131462704829,0.03713389122678315,-0.05887571905085598,3.2859472762867696,1057,1056
2016-01-01,2017-01-01,0.21733904387799985,0.07943030478821743,0.05444901339584031,0.04187716762504802,-0.05862441632723811,3.2819353631042336,1058,1057
2016-02-01,2017-02-01,0.2597405709933114,0.07927905275811645,0.053901504563304586,0.04147590148983019,-0.058176783570517025,3.275098648209705,1059,1058
2016-03-01,2017-03-01,0.18260902044853455,0.07919619122715815,0.05161595805851672,0.03911256503849764,-0.057614265360592554,3.266449287557238,1060,1059
2016-04-01,2017-04-01,0.18502121538176353,0.07911617911080857,0.05155140447790839,0.03924362439393457,-0.05722727910787294,3.2603416020083564,1061,1060
2016-05-01,2017-05-01,0.17770820230457263,0.07903959936518211,0.04975784735903374,0.03737138206774135,-0.05683419837016723,3.254133421180811,1062,1061
2016-06-01,2017-06-01,0.1881775507604485,0.07897718630892306,0.050900636474033784,0.038904268763420534,-0.056442794021466965,3.247836648309385,1063,1062
2016-07-01,2017-07-01,0.1642098960366034,0.0789363092195742,0.04715110966304098,0.034786328953236065,-0.05603625171589921,3.241371628958603,1064,1063
2016-08-01,2017-08-01,0.1605621198418341,0.0789625167600065,0.0451614650408622,0.0326940431398896,-0.055658227976795004,3.2351411409692337,1065,1064
2016-09-01,2017-09-01,0.18559152378189248,0.07902380929351638,0.04668476187858765,0.03465779517231302,-0.0552716925356991,3.228663493054441,1066,1065
2016-10-01,2017-10-01,0.2368090381348954,0.07898938004848632,0.04774940699923663,0.03611990159161994,-0.0548284931691386,3.2213294310530576,1067,1066
2016-11-01,2017-11-01,0.21616141221923346,0.07899510064199007,0.046034900231148354,0.03446576500201853,-0.05425155957511429,3.2118713353736106,1068,1067
2016-12-01,2017-12-01,0.20784870973818959,0.0790408800804091,0.0460182061147343,0.0347375212071578,-0.05371337594535157,3.202916165750227,1069,1068
2017-01-01,2018-01-01,0.24942848356991265,0.0791701307007807,0.044544209719573374,0.033334930483339825,-0.05320128459252388,3.1943939720696295,1070,1069
2017-02-01,2018-02-01,0.1647469341429899,0.07933873055166074,0.0441320657151488,0.03322326748418509,-0.052546069210463585,3.183358853041525,1071,1070
2017-03-01,2018-03-01,0.1366910791315229,0.07943506477731081,0.04255401489052303,0.031653871189888015,-0.05214504483544267,3.1765830870157594,1072,1071
2017-04-01,2018-04-01,0.12779617765652063,0.07953346752717515,0.04378120539631765,0.03322213673657566,-0.05181648675861693,3.1709657749707745,1073,1072
2017-05-01,2018-05-01,0.14447243282881905,0.0796248778947519,0.04352786062229422,0.033093838243170505,-0.0515273361330247,3.166067142039319,1074,1073
2017-06-01,2018-06-01,0.14125298043228052,0.07972585712532464,0.04486588000602405,0.03478851788101868,-0.05118587550970456,3.1602711429979786,1075,1074
2017-07-01,2018-07-01,0.15524670809791385,0.07980437389011207,0.044865547516356685,0.03496098034637758,-0.05086758589397303,3.154924539519842,1076,1075
2017-08-01,2018-08-01,0.19283289208919652,0.07987935786964012,0.04578129282740581,0.036184394443649334,-0.05050855650658896,3.1488935764980446,1077,1076
2017-09-01,2018-09-01,0.16563740798853321,0.07997742110332495,0.043030661028350556,0.033351158594608916,-0.05004934648836006,3.1412376098012857,1078,1077
2017-10-01,2018-10-01,0.05568109646967123,0.08012277014598627,0.04246117632941408,0.03293711163773686,-0.04964291409878476,3.134312454055653,1079,1078
2017-11-01,2018-11-01,0.041126225543192896,0.08024873185160966,0.03988794444483065,0.030100343063241317,-0.049572469047577075,3.133107093417399,1080,1079
2017-12-01,2018-12-01,-0.06515846034153083,0.08036677068406718,0.035635807080693346,0.025369561258759367,-0.049536879142246366,3.132487162159828,1081,1080
2018-01-01,2019-01-01,-0.042722264226867424,0.08052301995660494,0.03246033507914148,0.021636901952929548,-0.04984884700019756,3.1380637152269495,1082,1081
2018-02-01,2019-02-01,0.026560692527965335,0.08060078903710943,0.034099130184715706,0.023337560039145208,-0.05008094443356641,3.1422832501311286,1083,1082
2018-03-01,2019-03-01,0.0625474351424562,0.08065253284715965,0.03798162560373203,0.027695028549228423,-0.05006962268567873,3.142079163094914,1084,1083
2018-04-01,2019-04-01,0.10059875727499867,0.08069598321103923,0.0380952476448881,0.027887147881285886,-0.04995454219755328,3.1400504537841902,1085,1084
2018-05-01,2019-05-01,-1.668040578104435e-4,0.08075470922357862,0.03795463820955809,0.02786463311112363,-0.0497153317998404,3.135836472044947,1086,1085
2018-06-01,2019-06-01,0.0625961004113591,0.0808103654068433,0.04198552912265674,0.03232319810974299,-0.04980758669266029,3.137463071460436,1087,1086
2018-07-01,2019-07-01,0.04188868892220032,0.08087878116299317,0.03931673098695074,0.0293895856008305,-0.049714516959204764,3.1358658963605244,1088,1087
2018-08-01,2019-08-01,-0.018274713895623185,0.08098158567256727,0.036091358730833495,0.025805448834563913,-0.04967441355980902,3.1351648876472615,1089,1088
2018-09-01,2019-09-01,-0.005170243128154173,0.0810592515646003,0.03441082545886304,0.023839914690922635,-0.049823002723960945,3.1378143722081338,1090,1089
2018-10-01,2019-10-01,0.09932846277166907,0.0810359901942108,0.040020958463187165,0.030064156340779594,-0.04992314179176699,3.1396169302514734,1091,1090
2018-11-01,2019-11-01,0.12202452227949023,0.08099944279068425,0.04542674005698635,0.036231682509591724,-0.049704723354010015,3.135817244076565,1092,1091
2018-12-01,2019-12-01,0.2736893357803998,0.08086572101288714,0.054771719568849825,0.04680299041310092,-0.04945875246193869,3.131710386426094,1093,1092
2019-01-01,2020-01-01,0.173921585927435,0.08075275210498974,0.04919151180203002,0.04087548745117857,-0.04891941515141161,3.1235698106066323,1094,1093
2019-02-01,2020-02-01,0.045870463678064244,0.08070326163962259,0.04830516111095798,0.040080010421182206,-0.048564997348579116,3.117855778321512,1095,1094
2019-03-01,2020-03-01,-0.10101556962351632,0.08068669610449745,0.0443420642725095,0.03568179156864233,-0.04854932811605574,3.1176009084568026,1096,1095
2019-04-01,2020-04-01,-0.020567539517834188,0.08070484748204575,0.040416754076069705,0.03109130260759794,-0.04894677031331459,3.1242985343804888,1097,1096
2019-05-01,2020-05-01,0.11175561136033396,0.08063119388319342,0.045454923730862365,0.03662127054615129,-0.049107220418457206,3.127083435389603,1098,1097
2019-06-01,2020-06-01,0.06385864889941395,0.08061478342507532,0.03414133215260297,0.024133319487015456,-0.048893822591983785,3.12352090069586,1099,1098
2019-07-01,2020-07-01,0.11037800565024858,0.08057957788461813,0.03727257073463537,0.027697421514576215,-0.04875797005943816,3.1210697451530383,1100,1099
2019-08-01,2020-08-01,0.22445280316376892,0.08048979197019465,0.03895248625577491,0.029716744426510296,-0.04848911325314011,3.116306302724594,1101,1100
2019-09-01,2020-09-01,0.16427967300338353,0.08041206054088582,0.039297978350195314,0.030444010087784294,-0.047873878644688304,3.105521992979577,1102,1101
2019-10-01,2020-10-01,0.1178083721634603,0.08042921049757736,0.038682626171050435,0.02999864776547781,-0.04745417218349293,3.0981819048806556,1103,1102
2019-11-01,2020-11-01,0.20758774338627384,0.08046688741042331,0.029208701296122637,0.01970227540494207,-0.047176509707868616,3.093306165696005,1104,1103
2019-12-01,2020-12-01,0.22815291905907342,0.08064174935464952,0.028927226677265404,0.01980354020904726,-0.046492229115607256,3.0806446131848904,1105,1104
2020-01-01,2021-01-01,0.2291503193167692,0.08072608917071897,0.029865444839245484,0.021286750507594134,-0.045732075048492284,3.0665607121091885,1106,1105
2020-02-01,2021-02-01,0.37247725789224684,0.0806946026074916,0.03416568263425947,0.026414580246715932,-0.04498530716210543,3.0527858661275773,1107,1106
2020-03-01,2021-03-01,0.6243838083761333,0.08053060425710264,0.046396731806683106,0.04031339429644192,-0.043820566539333396,3.0317732168139067,1108,1107
2020-04-01,2021-04-01,0.49430756156977473,0.08043944272078618,0.037983605400126866,0.03216043902160913,-0.04222264273541998,3.0053611724370235,1109,1108
2020-05-01,2021-05-01,0.4188742818438691,0.08046765548532632,0.033696841650056056,0.028427957151280624,-0.04076212692754911,2.979605888873719,1110,1109
2020-06-01,2021-06-01,0.4210954269899021,0.08045270588443892,0.0327872859517776,0.028232734705217068,-0.03944532924217287,2.9557845120329973,1111,1110
2020-07-01,2021-07-01,0.3630503071760204,0.0804796171252355,0.02562472110943749,0.02152667122864902,-0.038104839500349014,2.931414649034836,1112,1111
2020-08-01,2021-08-01,0.30584156810648344,0.08060897308753427,0.021308836901386366,0.01784609491176578,-0.036817994075169995,2.907210715157884,1113,1112
2020-09-01,2021-09-01,0.2969861048802951,0.08068408143575316,0.022697911906644233,0.020008870038657096,-0.03567260645911097,2.8852959795215383,1114,1113
2020-10-01,2021-10-01,0.4046321659010915,0.08071737676376008,0.024535582804762035,0.022569426529123512,-0.0345932156494836,2.864752623955065,1115,1114
2020-11-01,2021-11-01,0.236363976796797,0.0808310598879738,0.01881823322785873,0.01768698604127108,-0.033143266258385436,2.837358552034599,1116,1115
2020-12-01,2021-12-01,0.2185711666705047,0.08096295054076798,0.016840820335567795,0.016280639516481073,-0.032252611624739906,2.8201631209683056,1117,1116
