forecast_origin_date,target_date,xR_e_t_plus_1,historical_mean,in_sample_forecast,out_of_sample_forecast,G_hat,a_OS,b_OS,N_t
1939-12-01,1940-12-01,-0.07180729031200062,0.04368506481034869,0.09536017258372839,0.04523796443631346,1.000022957040639,2.2957040638926784e-5,1.000022957040639,144
1940-01-01,1941-01-01,-0.08571747967417775,0.042888565809504946,0.09905205308662768,0.04801637248926766,1.001419607281768,0.0014196072817680427,1.001419607281768,145
1940-02-01,1941-02-01,-0.11178135688724211,0.04200770248427421,0.10045022789113162,0.05007394008612775,1.0029078069639872,0.0029078069639871806,1.0029078069639872,146
1940-03-01,1941-03-01,-0.12223050395645574,0.04096151840691695,0.09850733859963379,0.05084594259222719,1.0043098085988094,0.0043098085988093615,1.0043098085988094,147
1940-04-01,1941-04-01,-0.1673813053205544,0.03985886960716443,0.09975274659057293,0.05281114512744057,1.0057610227740434,0.005761022774043445,1.0057610227740434,148
1940-05-01,1941-05-01,0.07432900951233268,0.038467995949931416,0.14450162707916722,0.07039997815976648,1.007207113468594,0.00720711346859404,1.007207113468594,149
1940-06-01,1941-06-01,0.06200472641297916,0.03870706937368079,0.13520701116580192,0.0687696694908091,1.0088198612705868,0.00881986127058676,1.0088198612705868,150
1940-07-01,1941-07-01,0.08475994077020699,0.03886135849314634,0.13098734698549055,0.06887004336641585,1.010349868720645,0.010349868720644917,1.010349868720645,151
1940-08-01,1941-08-01,0.0603401656326622,0.03916332285023223,0.13277049108875,0.07119601066311523,1.0119401582560017,0.011940158256001698,1.0119401582560017,152
1940-09-01,1941-09-01,0.028693865462466217,0.03930173358737231,0.1305107897295908,0.0720029740907974,1.0134741001169567,0.013474100116956711,1.0134741001169567,153
1940-10-01,1941-10-01,-0.044647425467865154,0.03923285132682097,0.12731205598413725,0.07260256903226173,1.0151358510285278,0.01513585102852777,1.0151358510285278,154
1940-11-01,1941-11-01,-0.046487482879807196,0.03869168825072623,0.13217193453827383,0.07613624834262192,1.0168121760954005,0.016812176095400533,1.0168121760954005,155
1940-12-01,1941-12-01,-0.09221127930390849,0.038145667922966385,0.1324768124373463,0.07731070126859468,1.017817311516826,0.017817311516826084,1.017817311516826,156
1941-01-01,1942-01-01,-0.04985017552587723,0.03731536889604359,0.1400857627697675,0.08079582879943126,1.0184986173276955,0.018498617327695532,1.0184986173276955,157
1941-02-01,1942-02-01,-0.057218947544609655,0.03676368823514539,0.14464603572471094,0.08309903600275108,1.019107071142116,0.01910707114211596,1.019107071142116,158
1941-03-01,1942-03-01,-0.1148392473556834,0.036172602475524285,0.14640600707557858,0.08432288066945308,1.0196563765494575,0.01965637654945751,1.0196563765494575,159
1941-04-01,1942-04-01,-0.10353678488884277,0.03522877841407926,0.15591169845227434,0.08839039379800914,1.0202287248992976,0.020228724899297612,1.0202287248992976,160
1941-05-01,1942-05-01,-0.07228342554045497,0.034366880505365446,0.15612624187986796,0.0889045244569553,1.0206374506342275,0.020637450634227505,1.0206374506342275,161
1941-06-01,1942-06-01,-0.10064093580916311,0.03370854528286038,0.15004229789109763,0.08685370079683774,1.020791338974526,0.020791338974526008,1.020791338974526,162
1941-07-01,1942-07-01,-0.12004980297119905,0.03288431533751055,0.14132293253454045,0.08383244046436326,1.0209356794259115,0.020935679425911458,1.0209356794259115,163
1941-08-01,1942-08-01,-0.10722147154287898,0.031951790225872065,0.14370528988367812,0.08481778963112092,1.0210466227202661,0.02104662272026614,1.0210466227202661,164
1941-09-01,1942-09-01,-0.08222759047928163,0.031108315912122073,0.14682105388570718,0.08584273824360146,1.0209434761730911,0.020943476173091113,1.0209434761730911,165
1941-10-01,1942-10-01,0.02002772908886108,0.03042556948807745,0.15845659942518842,0.08987752553144186,1.0207542480339453,0.02075424803394532,1.0207542480339453,166
1941-11-01,1942-11-01,0.04026863822649118,0.030363306970716875,0.16789048572887683,0.09302143485575877,1.0204829361168386,0.0204829361168386,1.0204829361168386,167
1941-12-01,1942-12-01,0.1394326199374799,0.03042226727581077,0.18401560218955654,0.09864063823011208,1.0202509999819567,0.020250999981956674,1.0202509999819567,168
1942-01-01,1943-01-01,0.20468976502746694,0.031067298948365015,0.18228200286635088,0.09787011625583449,1.0201211952595448,0.02012119525954481,1.0201211952595448,169
1942-02-01,1943-02-01,0.3049318778507145,0.032088607572359755,0.18713495863420854,0.09939928795983077,1.0199017939553585,0.019901793955358515,1.0199017939553585,170
1942-03-01,1943-03-01,0.46947098444569013,0.03368418225235013,0.20457343759690308,0.10538001347343155,1.0195673095464617,0.019567309546461686,1.0195673095464617,171
1942-04-01,1943-04-01,0.5435478295225952,0.03621782645114861,0.21639764930813635,0.10921919664314288,1.0191441667195829,0.019144166719582856,1.0191441667195829,172
1942-05-01,1943-05-01,0.5444689049135156,0.03915036982150381,0.19870963042559142,0.10238814430300938,1.018772937149755,0.01877293714975492,1.018772937149755,173
1942-06-01,1943-06-01,0.5345676769691614,0.042054499333526854,0.1927984719282128,0.09963497725787905,1.018212434431751,0.018212434431750912,1.018212434431751,174
1942-07-01,1943-07-01,0.42626803466093255,0.04486886034858762,0.18505725612986457,0.0962089389639237,1.0176417129791646,0.017641712979164614,1.0176417129791646,175
1942-08-01,1943-08-01,0.4264670261876461,0.047035901111725946,0.17705123072397824,0.09261423922788486,1.0170004799978483,0.01700047999784826,1.0170004799978483,176
1942-09-01,1943-09-01,0.42221417525957516,0.04917957978447125,0.17223329011558008,0.09005819078246334,1.0162467484117255,0.016246748411725465,1.0162467484117255,177
1942-10-01,1943-10-01,0.3250053891811767,0.05127527975905049,0.15756034789830525,0.0839780381399269,1.0155329561706108,0.01553295617061079,1.0155329561706108,178
1942-11-01,1943-11-01,0.25489366640949396,0.052804498247442246,0.1513949512863193,0.08090810736330127,1.0147473437183951,0.014747343718395145,1.0147473437183951,179
1942-12-01,1943-12-01,0.26946539962739835,0.053927215848342536,0.14042458905042754,0.07582524227464374,1.0136990962775956,0.01369909627759558,1.0136990962775956,180
1943-01-01,1944-01-01,0.2061554146568596,0.05511803454325444,0.12880136800650369,0.07035178046758847,1.0124966534517659,0.012496653451765871,1.0124966534517659,181
1943-02-01,1944-02-01,0.14238468226058476,0.05594791025816437,0.11935829888287572,0.06574572370060214,1.0113616671317123,0.011361667131712272,1.0113616671317123,182
1943-03-01,1944-03-01,0.10617830256174687,0.05642024234560927,0.11102228242316389,0.06160320780827223,1.0102809424303287,0.010280942430328732,1.0102809424303287,183
1943-04-01,1944-04-01,0.08038145054982526,0.056690666585914415,0.10965482547691638,0.059942934333730456,1.0091693261771175,0.00916932617711752,1.0091693261771175,184
1943-05-01,1944-05-01,0.07178241833607424,0.05681872487761122,0.10315406547791023,0.05640599986036573,1.0080270256390271,0.00802702563902713,1.0080270256390271,185
1943-06-01,1944-06-01,0.10779666712184588,0.05689917484244168,0.10184028308327844,0.054904810543108515,1.0070448473545206,0.0070448473545206,1.0070448473545206,186
1943-07-01,1944-07-01,0.14520296537921284,0.05717135394554006,0.10826761511153582,0.05623983862245845,1.0061175588852997,0.006117558885299745,1.0061175588852997,187
1943-08-01,1944-08-01,0.1471522052616151,0.05763960719784686,0.1069662950299464,0.054864682119647026,1.0052520827204414,0.00525208272044142,1.0052520827204414,188
1943-09-01,1944-09-01,0.12220964147053481,0.05811321882781386,0.10613998752460588,0.05384699396462579,1.0045643893083398,0.0045643893083398,1.0045643893083398,189
1943-10-01,1944-10-01,0.13692091119144456,0.058450568420670306,0.10702683070700503,0.053502202286418075,1.0039330272687677,0.003933027268767653,1.0039330272687677,190
1943-11-01,1944-11-01,0.22891497547799655,0.05886140791161676,0.11876187383608136,0.057127124796914196,1.0033854161941436,0.0033854161941435645,1.0033854161941436,191
1943-12-01,1944-12-01,0.20052234152755755,0.059747103576024994,0.11053559644130212,0.05391462479137901,1.0031297632162115,0.0031297632162115008,1.0031297632162115,192
1944-01-01,1945-01-01,0.20291743948188723,0.060476508954012194,0.10870387510530427,0.05312411263070543,1.0030010279596024,0.0030010279596024425,1.0030010279596024,193
1944-02-01,1945-02-01,0.2700797777310825,0.06121074055467134,0.11022266516619164,0.05356252645949966,1.0029011710732467,0.002901171073246722,1.0029011710732467,194
1944-03-01,1945-03-01,0.19536463561067785,0.062281863822242683,0.10785215627896447,0.05269358606877585,1.0028811404941107,0.002881140494110701,1.0028811404941107,195
1944-04-01,1945-04-01,0.3068150640446432,0.06296085755585716,0.11020723630670168,0.053643267173337235,1.0029832831610686,0.0029832831610685506,1.0029832831610686,196
1944-05-01,1945-05-01,0.2650114467367356,0.06419869616747535,0.10618006206613662,0.05234830221079441,1.0031221160312926,0.0031221160312926433,1.0031221160312926,197
1944-06-01,1945-06-01,0.20453731505759276,0.06521290197843123,0.10058934955882248,0.05058562934159481,1.0033489637936495,0.003348963793649462,1.0033489637936495,198
1944-07-01,1945-07-01,0.19885386180967513,0.06591302465722097,0.10268036345505471,0.05155836487715085,1.0035631791260882,0.0035631791260881673,1.0035631791260882,199
1944-08-01,1945-08-01,0.25095532206706084,0.06657772884298326,0.1040181223973684,0.05221163110350601,1.003729584521396,0.0037295845213960455,1.003729584521396,200
1944-09-01,1945-09-01,0.3084239129719085,0.0674950303018095,0.10278328014454327,0.05202685700231222,1.0039751183302021,0.003975118330202143,1.0039751183302021,201
1944-10-01,1945-10-01,0.35510133519483145,0.06868774754275055,0.10347472603051375,0.052420657066477735,1.00411461704064,0.0041146170406400895,1.00411461704064,202
1944-11-01,1945-11-01,0.4044306546894303,0.07009865191542096,0.10581801586071654,0.053467286183942385,1.0043123741856206,0.004312374185620582,1.0043123741856206,203
1944-12-01,1945-12-01,0.3681967177077158,0.07173753428196018,0.09991731568434664,0.051632989234468095,1.0045791900114693,0.004579190011469336,1.0045791900114693,204
1945-01-01,1946-01-01,0.4218305445628413,0.0731836766401346,0.09760152220466259,0.051004479506306176,1.0047715583028605,0.004771558302860468,1.0047715583028605,205
1945-02-01,1946-02-01,0.26773719419730657,0.07487613716403126,0.09086028929568907,0.04877699402922502,1.0049519943479617,0.004951994347961675,1.0049519943479617,206
1945-03-01,1946-03-01,0.38982201107218195,0.07580783309172823,0.0965714568362897,0.050973960789015595,1.0050953923822998,0.005095392382299835,1.0050953923822998,207
1945-04-01,1946-04-01,0.34143280810390153,0.07731751663971119,0.08765313523003848,0.047919744177457965,1.0052323616916472,0.005232361691647203,1.0052323616916472,208
1945-05-01,1946-05-01,0.3703687899209068,0.07858122616824798,0.08918604970416644,0.04865723446180254,1.005412515605012,0.005412515605011992,1.005412515605012,209
1945-06-01,1946-06-01,0.3160762354432062,0.07997069075754633,0.08697193775841486,0.04806917479715269,1.005610070670779,0.005610070670778899,1.005610070670779,210
1945-07-01,1946-07-01,0.2934937506905655,0.08108967438164903,0.08977494646250701,0.04912259508925533,1.0056561730470315,0.005656173047031476,1.0056561730470315,211
1945-08-01,1946-08-01,0.1494963330086555,0.0820915804019741,0.08332829063470125,0.04689091436826015,1.0057335838598607,0.005733583859860669,1.0057335838598607,212
1945-09-01,1946-09-01,0.0037549570509132213,0.082408034639564115,0.07867530646703573,0.045206880792711,1.0057191579442315,0.005719157944231501,1.0057191579442315,213
1945-10-01,1946-10-01,-0.040857377466125944,0.08204049689382276,0.0748206645866273,0.04388302960391066,1.0057758134937658,0.005775813493765769,1.0057758134937658,214
1945-11-01,1946-11-01,-0.08215758364155246,0.08146887887354395,0.07041254535244343,0.04234083287275512,1.0058135211262618,0.005813521126261767,1.0058135211262618,215
1945-12-01,1946-12-01,-0.055082817252498195,0.08071134895449256,0.068363992732204,0.04153931943001221,1.0057491785496435,0.005749178549643519,1.0057491785496435,216
1946-01-01,1947-01-01,-0.09291394727393043,0.0800855693867184,0.06318924997457533,0.039607715257737354,1.005676261219562,0.0056762612195619955,1.005676261219562,217
1946-02-01,1947-02-01,-0.05431957983456526,0.07929199362222004,0.06992800974190236,0.041974915257232244,1.0056281228173805,0.005628122817380454,1.0056281228173805,218
1946-03-01,1947-03-01,-0.10961752957333049,0.07868189511328495,0.06482912347702835,0.04013558069403862,1.005617934046676,0.0056179340466759875,1.005617934046676,219
1946-04-01,1947-04-01,-0.17234623871074428,0.0778259886374367,0.061586485537455396,0.03891320823883869,1.0055604787957004,0.00556047879570043,1.0055604787957004,220
1946-05-01,1947-05-01,-0.20564275904170048,0.07669398760871188,0.057689843071141,0.03745219124689913,1.0054989164976151,0.005498916497615136,1.0054989164976151,221
1946-06-01,1947-06-01,-0.1474453323850069,0.07542220046163794,0.06207532909775437,0.038815094015813616,1.0052958677385482,0.005295867738548177,1.0052958677385482,222
1946-07-01,1947-07-01,-0.10448880901822877,0.07442279448474717,0.06601861669905425,0.040129370974462945,1.0051996336675695,0.005199633667569481,1.0051996336675695,223
1946-08-01,1947-08-01,-0.06480901381602477,0.0736240819691089,0.07401352036080816,0.04269726857200776,1.0049120672922514,0.004912067292251354,1.0049120672922514,224
1946-09-01,1947-09-01,0.024872340094819645,0.07300882376561939,0.0877524411223141,0.047267983742618896,1.0045730200674008,0.00457302006740079,1.0045730200674008,225
1946-10-01,1947-10-01,0.061356955415986625,0.07279583047504064,0.09127105713988709,0.04817681351223312,1.0042359168782604,0.004235916878260415,1.0042359168782604,226
1946-11-01,1947-11-01,0.044584806802015264,0.07274543895495669,0.09073224762421789,0.04760111045897188,1.0038691753253572,0.0038691753253572436,1.0038691753253572,227
1946-12-01,1947-12-01,0.02504152214440314,0.07262192741042627,0.09222870555598209,0.04759655655761697,1.0033516531809317,0.0033516531809316685,1.0033516531809317,228
1947-01-01,1948-01-01,-0.021266574064171206,0.07241415271494145,0.09154222989041752,0.04707547504024214,1.0030878001870582,0.0030878001870582317,1.0030878001870582,229
1947-02-01,1948-02-01,-0.04947267362076191,0.07200684520720618,0.09702754015648815,0.04876065491827016,1.0028227006264416,0.002822700626441632,1.0028227006264416,230
1947-03-01,1948-03-01,0.033536414951371385,0.07148095984431453,0.10058679907504872,0.04983095563977143,1.0026290929349564,0.0026290929349563896,1.0026290929349564,231
1947-04-01,1948-04-01,0.11624267325951021,0.0713174057715001,0.10872917875166835,0.05252671166549552,1.0024234440310456,0.002423444031045552,1.0024234440310456,232
1947-05-01,1948-05-01,0.1999803976172676,0.07151021807831562,0.11473333144851952,0.05449450642255867,1.0022534765383109,0.0022534765383108724,1.0022534765383109,233
1947-06-01,1948-06-01,0.14282796134083775,0.0720592359395932,0.10997728469959442,0.05278916120511831,1.0022484896935895,0.002248489693589484,1.0022484896935895,234
1947-07-01,1948-07-01,0.05143191098327271,0.0723603794519389,0.10527261811394822,0.05116855371970609,1.0023067730022224,0.002306773002222373,1.0023067730022224,235
1947-08-01,1948-08-01,0.07197517263501951,0.07227169950080052,0.11054417608749612,0.05329919040333972,1.0025410647410797,0.002541064741079735,1.0025410647410797,236
1947-09-01,1948-09-01,0.050430943713861365,0.07227044833259044,0.11442978525030706,0.05499553848951644,1.0028328771912778,0.002832877191277783,1.0028328771912778,237
1947-10-01,1948-10-01,0.08150489327016464,0.07217868570814202,0.11166605434699997,0.0542807621897202,1.0030933114634126,0.003093311463412629,1.0030933114634126,238
1947-11-01,1948-11-01,0.00993923713068634,0.07221770749710445,0.12360213333839828,0.0588720100452567,1.003397471101663,0.0033974711016631076,1.003397471101663,239
1947-12-01,1948-12-01,0.01083796642598489,0.07195821387057769,0.12188426240153963,0.058978506447931546,1.0040813518316207,0.0040813518316207276,1.0040813518316207,240
1948-01-01,1949-01-01,0.05439992701003682,0.07170460288533044,0.12889899631743848,0.061977048418804935,1.0045415086696348,0.004541508669634764,1.0045415086696348,241
1948-02-01,1949-02-01,0.07269791535881087,0.07163309596022592,0.13827217809226897,0.0657476980495868,1.0049304150557188,0.004930415055718784,1.0049304150557188,242
1948-03-01,1949-03-01,0.030280821003091263,0.07163747793305959,0.12975018234126695,0.06304045900954905,1.0052587322106754,0.00525873221067541,1.0052587322106754,243
1948-04-01,1949-04-01,-0.02321643801968587,0.07146798343744495,0.12518163936347196,0.06192590684747495,1.0057544711857653,0.005754471185765331,1.0057544711857653,244
1948-05-01,1949-05-01,-0.11689570581964648,0.07108151641108935,0.11438766044659138,0.05847398856507793,1.0061537097594015,0.006153709759401549,1.0061537097594015,245
1948-06-01,1949-06-01,-0.11640239852536505,0.07031738136137092,0.11836548620849602,0.060153700751992986,1.0063931743087213,0.006393174308721328,1.0063931743087213,246
1948-07-01,1949-07-01,-0.019764167084032724,0.06956143083551367,0.12542787734739175,0.06295624014940795,1.0066465739228045,0.006646573922804544,1.0066465739228045,247
1948-08-01,1949-08-01,0.002582903706856321,0.06920124697293488,0.12962043950441038,0.06465922359567668,1.006833566285657,0.0068335662856569,1.006833566285657,248
1948-09-01,1949-09-01,0.0655950730534538,0.06893370342568153,0.13760861542645209,0.0678027299865901,1.0070929185537092,0.007092918553709193,1.0070929185537092,249
1948-10-01,1949-10-01,0.03451201390382286,0.06892034890419259,0.1309549824581037,0.06576540569025141,1.0074262007525647,0.007426200752564727,1.0074262007525647,250
1948-11-01,1949-11-01,0.1650379672736464,0.06878326390419115,0.1530747123655305,0.07413773337068837,1.0078245424519643,0.00782454245196429,1.0078245424519643,251
1948-12-01,1949-12-01,0.1852985678890855,0.06916522701280009,0.15067874562465072,0.0736072631192851,1.008135129715084,0.00813512971508401,1.008135129715084,252
1949-01-01,1950-01-01,0.20233514009104137,0.06962425207555219,0.15073734912707093,0.07403141904869975,1.0085136253165887,0.008513625316588724,1.0085136253165887,253
1949-02-01,1950-02-01,0.2569571308998244,0.0701467358866368,0.16128158626998584,0.07829532614870534,1.008954522933272,0.0089545229332719245,1.008954522933272,254
1949-03-01,1950-03-01,0.222335516318803,0.07087932567100225,0.15618244035823145,0.07698979620253901,1.009450732012829,0.009450732012828977,1.009450732012829,255
1949-04-01,1950-04-01,0.29477164272093503,0.07147095141572023,0.16118440109856758,0.07923162526898091,1.0098633652963591,0.009863365296359117,1.0098633652963591,256
1949-05-01,1950-05-01,0.3896225287958306,0.07233982570095451,0.1699487577415632,0.08288708093622843,1.0103286892143135,0.010328689214313513,1.0103286892143135,257
1949-06-01,1950-06-01,0.3118387132506164,0.0735696036199269,0.17192862992396404,0.08420202354502665,1.0108895266757139,0.010889526675713856,1.0108895266757139,258
1949-07-01,1950-07-01,0.2533742347036656,0.07448956157216895,0.16094719518153944,0.0807784660495026,1.0113908473870983,0.01139084738709828,1.0113908473870983,259
1949-08-01,1950-08-01,0.2782788116559328,0.07517757954575162,0.1597329252957742,0.08099150428648877,1.0120003469601921,0.012000346960192143,1.0120003469601921,260
1949-09-01,1950-09-01,0.2973412470012833,0.07595574518602052,0.1525452910260027,0.07899069593849882,1.0125572916431573,0.012557291643157331,1.0125572916431573,261
1949-10-01,1950-10-01,0.252206530985688,0.07680072801737649,0.1441479589830607,0.07641090358983961,1.012983406732729,0.01298340673272902,1.012983406732729,262
1949-11-01,1950-11-01,0.26519795052403317,0.07746767023398604,0.15255657211610202,0.0797748690179481,1.0132893572770865,0.013289357277086467,1.0132893572770865,263
1949-12-01,1950-12-01,0.262582332478007,0.07817876978053925,0.14402223472439174,0.07710435375494977,1.0136787709679327,0.013678770967932685,1.0136787709679327,264
1950-01-01,1951-01-01,0.3008046856306271,0.07887463228128443,0.14167052789242704,0.07661705514542827,1.014020600230299,0.01402060023029894,1.014020600230299,265
1950-02-01,1951-02-01,0.2976644293555405,0.0797089557901165,0.14181268763435548,0.07703245420281749,1.0143634067773704,0.014363406777370358,1.0143634067773704,266
1950-03-01,1951-03-01,0.25942759184814046,0.08052526842519302,0.14060152386517707,0.07687307148670158,1.0146260852275266,0.01462608522752662,1.0146260852275266,267
1950-04-01,1951-04-01,0.26720039317055655,0.08119281440811446,0.13343470693746612,0.07451011659197468,1.0148438206801291,0.014843820680129127,1.0148438206801291,268
1950-05-01,1951-05-01,0.1941873903853376,0.08188429239607894,0.1321386715560638,0.07424230180581887,1.0150340150387187,0.015034015038718707,1.0150340150387187,269
1950-06-01,1951-06-01,0.23765014412200736,0.08230022979603913,0.14257050915859174,0.07826745245377473,1.0152681013227174,0.015268101322717387,1.0152681013227174,270
1950-07-01,1951-07-01,0.3012954907662414,0.08287347671237114,0.14111159031599232,0.07795036907208125,1.0154670562304444,0.01546705623044442,1.0154670562304444,271
1950-08-01,1951-08-01,0.29708335899659566,0.08367649882286331,0.14549044823461008,0.07968772597640364,1.0156095125372913,0.015609512537291259,1.0156095125372913,272
1950-09-01,1951-09-01,0.24810043004689042,0.08445820893338982,0.14072036474892793,0.07830549953111991,1.0159351420268161,0.015935142026816118,1.0159351420268161,273
1950-10-01,1951-10-01,0.22307176514879912,0.08505544331701573,0.14199989702523097,0.07923238238834783,1.0163714140255922,0.016371414025592168,1.0163714140255922,274
1950-11-01,1951-11-01,0.20043364735614178,0.08555732085094947,0.15443086667479777,0.08422281885332339,1.0168255540592996,0.01682555405929964,1.0168255540592996,275
1950-12-01,1951-12-01,0.17705163077092223,0.08597353942524366,0.1468168462359055,0.08207120948807717,1.0173988018277367,0.017398801827736676,1.0173988018277367,276
1951-01-01,1952-01-01,0.13308690959637548,0.08630234119905478,0.13848452207739084,0.07960715527816775,1.0179262846409678,0.017926284640967793,1.0179262846409678,277
1951-02-01,1952-02-01,0.09290628859777117,0.08647063101343362,0.14034996251018514,0.08077120146847072,1.0183849792760045,0.018384979276004465,1.0183849792760045,278
1951-03-01,1952-03-01,0.16472019527921034,0.08649369788649575,0.14618696092054922,0.0833672961059241,1.0188326298762271,0.018832629876227136,1.0188326298762271,279
1951-04-01,1952-04-01,0.0586260813548497,0.08677307823432688,0.13796749350510698,0.08088265464168504,1.0193061351877515,0.019306135187751483,1.0193061351877515,280
1951-05-01,1952-05-01,0.1176508943765332,0.08667291098564547,0.1476181021980222,0.08491209625784676,1.0197958828310256,0.019795882831025624,1.0197958828310256,281
1951-06-01,1952-06-01,0.1891930847887685,0.08678276199057768,0.15329875144354072,0.08748533004336002,1.020271616927526,0.020271616927526104,1.020271616927526,282
1951-07-01,1952-07-01,0.12120732057800898,0.08714463592272678,0.14144127688924563,0.08371132232409254,1.0207810046773256,0.020781004677325576,1.0207810046773256,283
1951-08-01,1952-08-01,0.06877542422413208,0.08726457495320314,0.13499445745529962,0.08193828829020319,1.021322903792848,0.021322903792847958,1.021322903792848,284
1951-09-01,1952-09-01,0.041762283561960434,0.08719970074011865,0.1337635278585945,0.08181468292622418,1.021629612630798,0.02162961263079799,1.021629612630798,285
1951-10-01,1952-10-01,0.06225694197077625,0.08704082865208315,0.13954810633626916,0.084154533796399,1.0218483809484233,0.02184838094842334,1.0218483809484233,286
1951-11-01,1952-11-01,0.1177275913346485,0.08695447364622494,0.1283767818182595,0.08034388865427279,1.0220950758252811,0.02209507582528114,1.0220950758252811,287
1951-12-01,1952-12-01,0.11277450702314629,0.08706132474930973,0.12161541792880554,0.07756154969119698,1.0217939515913959,0.021793951591395855,1.0217939515913959,288
1952-01-01,1953-01-01,0.09362995656783601,0.08715029769835414,0.11890277701102692,0.07621525924407371,1.0214544345817536,0.021454434581753556,1.0214544345817536,289
1952-02-01,1953-02-01,0.121050054809694,0.08717264134962822,0.12732713617290015,0.07894668225962664,1.0211348684530719,0.021134868453071887,1.0211348684530719,290
1952-03-01,1953-03-01,0.058499596167628454,0.08728905857801333,0.12031643713918166,0.07613229485777553,1.0208871572584695,0.020887157258469458,1.0208871572584695,291
1952-04-01,1953-04-01,0.08456745256584486,0.0871904645286627,0.12917580788062183,0.07906784661571367,1.0206126623719196,0.02061266237191961,1.0206126623719196,292
1952-05-01,1953-05-01,0.05621368487528611,0.08718151226940393,0.12547453173848824,0.07743813304300023,1.0203452157356008,0.020345215735600775,1.0203452157356008,293
1952-06-01,1953-06-01,-0.00124612504495758,0.08707617952316545,0.12002903575168916,0.07511195563060155,1.0200183874700282,0.020018387470028154,1.0200183874700282,294
1952-07-01,1953-07-01,0.012351380391730338,0.08677678188056162,0.1195858007231872,0.07459086465406209,1.0196769333521583,0.019676933352158255,1.0196769333521583,295
1952-08-01,1953-08-01,-0.024040648878757787,0.08652534471336962,0.1200790568913202,0.07440558324920618,1.019330959345799,0.019330959345799092,1.019330959345799,296
1952-09-01,1953-09-01,-0.0016521727905232098,0.08615306864066888,0.12446097609176365,0.0756123446322316,1.0189650052550232,0.018965005255023204,1.0189650052550232,297
1952-10-01,1953-10-01,0.04901545996425516,0.08585842017949037,0.1253726185181718,0.07561275214076027,1.0186516250387594,0.01865162503875939,1.0186516250387594,298
1952-11-01,1953-11-01,0.01678348969951693,0.08573519957676383,0.11694533777577046,0.07220414944083381,1.0183221758491245,0.018322175849124545,1.0183221758491245,299
1952-12-01,1953-12-01,-0.012255623765959123,0.0855053605438397,0.11290178160611117,0.07063544078766584,1.0182269602047416,0.01822696020474157,1.0182269602047416,300
1953-01-01,1954-01-01,0.039610325718622885,0.08518057322055131,0.112189472161141,0.07033416883069148,1.018186445061524,0.018186445061523893,1.018186445061524,301
1953-02-01,1954-02-01,0.05934662518316669,0.0850296783612734,0.11480900199801267,0.0712413039904827,1.0181444990364175,0.01814449903641746,1.0181444990364175,302
1953-03-01,1954-03-01,0.11279083010424129,0.08494491580953045,0.11750736003003887,0.0721215111555661,1.0180498774570053,0.01804987745700526,1.0180498774570053,303
1953-04-01,1954-04-01,0.1927976959415767,0.08503651421181571,0.12119776223901271,0.0733716722809819,1.0179647038152932,0.017964703815293248,1.0179647038152932,304
1953-05-01,1954-05-01,0.22322700357170344,0.08538982956174934,0.12141507280644653,0.07334267541145989,1.0178623859320024,0.0178623859320024,1.0178623859320024,305
1953-06-01,1954-06-01,0.26143366290609316,0.08584027784282763,0.1253869658053069,0.0746611307743911,1.0177454665059842,0.017745466505984187,1.0177454665059842,306
1953-07-01,1954-07-01,0.291019992217177,0.08641224326648647,0.12154739924183011,0.0731598675291659,1.017643481753263,0.017643481753262913,1.017643481753263,307
1953-08-01,1954-08-01,0.3254494252045075,0.087076554139703,0.13002555536770022,0.07613085189457236,1.0175430897822084,0.01754308978220842,1.0175430897822084,308
1953-09-01,1954-09-01,0.4069489657387748,0.0878479873793949,0.13054646224939961,0.0762420015100701,1.0174694480866964,0.01746944808669637,1.0174694480866964,309
1953-10-01,1954-10-01,0.32439359929595124,0.0888773453741026,0.1224377319258971,0.0732119592265941,1.0173865257035186,0.017386525703518618,1.0173865257035186,310
1953-11-01,1954-11-01,0.407043697460016,0.08963463236420503,0.12116233688181405,0.0726317508422864,1.0172751663462434,0.017275166346243376,1.0172751663462434,311
1953-12-01,1954-12-01,0.48536057933863197,0.09065196911130698,0.12360152475850694,0.07346652991511023,1.0172275900726824,0.017227590072682375,1.0172275900726824,312
1954-01-01,1955-01-01,0.420768045155977,0.09191301898423773,0.11626012818902182,0.07079981130598456,1.017224513029927,0.01722451302992689,1.017224513029927,313
1954-02-01,1955-02-01,0.4413004293884675,0.09296032798478467,0.1146292729141864,0.07022358275420124,1.0172391967843601,0.017239196784360145,1.0172391967843601,314
1954-03-01,1955-03-01,0.38946379471713355,0.09406616957654236,0.11035434837960129,0.06864004228339113,1.0172081962042514,0.017208196204251403,1.0172081962042514,315
1954-04-01,1955-04-01,0.371294913807531,0.09500097218774678,0.10465288898202665,0.06655628748271819,1.0171936152033245,0.01719361520332452,1.0171936152033245,316
1954-05-01,1955-05-01,0.3455354341471597,0.09587256190894486,0.10182038830460119,0.06554071011033136,1.0172050971887547,0.017205097188754737,1.0172050971887547,317
1954-06-01,1955-06-01,0.41766400696257233,0.09665766528076314,0.10160462103989731,0.06548305551497197,1.0172247876987097,0.01722478769870972,1.0172247876987097,318
1954-07-01,1955-07-01,0.37358663167978157,0.09766395475311992,0.09521746426804586,0.06320441346849183,1.0172617485989435,0.01726174859894347,1.0172617485989435,319
1954-08-01,1955-08-01,0.41280631586083194,0.09852621311851571,0.10118933320466039,0.065409578245089,1.0172984919254446,0.017298491925444637,1.0172984919254446,320
1954-09-01,1955-09-01,0.3212141208224042,0.09950527885914599,0.09312580201553257,0.06258341901958375,1.0173937763475305,0.017393776347530476,1.0173937763475305,321
1954-10-01,1955-10-01,0.30974473106443323,0.10019381563542938,0.09599762943619553,0.06371822998981182,1.0174824791888777,0.017482479188877686,1.0174824791888777,322
1954-11-01,1955-11-01,0.28091185511345373,0.10084258007948202,0.08957866046629029,0.06153414227308452,1.0176217838952972,0.017621783895297227,1.0176217838952972,323
1954-12-01,1955-12-01,0.2323424598648225,0.10139834944687086,0.08294120467637821,0.05932366413709152,1.0178125465427617,0.017812546542761654,1.0178125465427617,324
1955-01-01,1956-01-01,0.18913876651513517,0.10180125440200301,0.08221054990530023,0.05920720323889226,1.0179555275365455,0.0179555275365455,1.0179555275365455,325
1955-02-01,1956-02-01,0.1975704580932367,0.10206916088087761,0.0803325095906776,0.058666940835734684,1.0180916846383008,0.018091684638300798,1.0180916846383008,326
1955-03-01,1956-03-01,0.2779622634672647,0.10236121377755152,0.08186056701607945,0.05939454992139557,1.0182577310808618,0.018257731080861817,1.0182577310808618,327
1955-04-01,1956-04-01,0.24179823355767427,0.10289658283148358,0.0784635616558809,0.05835518533332294,1.0184447297266321,0.018444729726632136,1.0184447297266321,328
1955-05-01,1956-05-01,0.16849074695530653,0.10331877629873643,0.07987175999564222,0.05904666360927927,1.0186178280902154,0.018617828090215394,1.0186178280902154,329
1955-06-01,1956-06-01,0.13252659666286148,0.10351626711890785,0.07325763066100832,0.05688345517745263,1.0188488980456554,0.01884889804565537,1.0188488980456554,330
1955-07-01,1956-07-01,0.1628203061672302,0.10360391161904069,0.07123983502225939,0.05636940919704949,1.0190603397020424,0.01906033970204235,1.0190603397020424,331
1955-08-01,1956-08-01,0.1260899276188212,0.10378227425322194,0.07382900167195179,0.05751791463756539,1.019260290591099,0.019260290591099016,1.019260290591099,332
1955-09-01,1956-09-01,0.07444908288909091,0.10384926420326877,0.07476751855846783,0.058087711613560467,1.019480568764336,0.019480568764336015,1.019480568764336,333
1955-10-01,1956-10-01,0.1092628905622457,0.10376123970831616,0.07749514173897568,0.05930660843427263,1.0196991925505023,0.019699192550502342,1.0196991925505023,334
1955-11-01,1956-11-01,0.0405093560962797,0.10377766254668609,0.07612050211134655,0.059011425799177605,1.0198963822277864,0.019896382227786447,1.0198963822277864,335
1955-12-01,1956-12-01,0.05612968872289559,0.10358936401558372,0.07540158771874243,0.059015117737611845,1.0201518504369829,0.020151850436982865,1.0201518504369829,336
1956-01-01,1957-01-01,0.05173396508733552,0.10344853411857273,0.08041620721819734,0.06114645503504981,1.020446872799086,0.02044687279908608,1.020446872799086,337
1956-02-01,1957-02-01,-0.006226895827777801,0.10329553243504838,0.07759812815547099,0.06048241291854397,1.0207949409017094,0.020794940901709413,1.0207949409017094,338
1956-03-01,1957-03-01,-0.04870224543675439,0.10297245742542356,0.07101076355346178,0.058442541725808095,1.0211407338897145,0.02114073388971449,1.0211407338897145,339
1956-04-01,1957-04-01,-0.013118496503901622,0.10252635535818182,0.07103758145950408,0.05877743501281729,1.021454399088174,0.021454399088173925,1.021454399088174,340
1956-05-01,1957-05-01,0.07494440828917148,0.10218722089524315,0.07992185090151767,0.06233844006339033,1.0217663844599967,0.02176638445999668,1.0217663844599967,341
1956-06-01,1957-06-01,0.03205907161515498,0.10210756354844179,0.07669874963984538,0.061502189796887194,1.0220921414233965,0.02209214142339655,1.0220921414233965,342
1956-07-01,1957-07-01,-0.009124288319545704,0.10190334053988993,0.07301238880521707,0.060481805389695935,1.0224039617002243,0.022403961700224295,1.0224039617002243,343
1956-08-01,1957-08-01,-0.026740127813148273,0.10158058580483342,0.07714247621826172,0.06234520850211987,1.0227480120123786,0.022748012012378638,1.0227480120123786,344
1956-09-01,1957-09-01,-0.03317202416338161,0.10120864170738998,0.08362918245929606,0.0650118426633725,1.0230366367584964,0.02303663675849643,1.0230366367584964,345
1956-10-01,1957-10-01,-0.07820702536688662,0.10082025828001784,0.08508876441706065,0.0658446918187344,1.023324942152181,0.02332494215218106,1.023324942152181,346
1956-11-01,1957-11-01,-0.06160324123303018,0.10030432950870113,0.08076207409169095,0.06461741638404334,1.0236632755265236,0.023663275526523586,1.0236632755265236,347
1956-12-01,1957-12-01,-0.12493756811488088,0.09983907786863865,0.0782491544777778,0.06376483263693175,1.0237257121829324,0.0237257121829324,1.0237257121829324,348
1957-01-01,1958-01-01,-0.051901104436116285,0.09919501871109275,0.0826305508629465,0.06540864848466645,1.0237680678540306,0.023768067854030628,1.0237680678540306,349
1957-02-01,1958-02-01,-0.04629563533820247,0.09876331550210073,0.08693596751494496,0.06698795256841109,1.0237750178866296,0.023775017886629612,1.0237750178866296,350
1957-03-01,1958-03-01,-0.03678230356778345,0.09835004213788334,0.08539065060023962,0.0664340367098322,1.023784942561668,0.023784942561668077,1.023784942561668,351
1957-04-01,1958-04-01,-0.04863486131967354,0.09796614342849226,0.08147013530917442,0.06502109039377088,1.0238028196336226,0.02380281963362263,1.0238028196336226,352
1957-05-01,1958-05-01,-0.06013905241498396,0.09755084313175524,0.07763108568737653,0.06365233350581775,1.02383464608504,0.023834646085040045,1.02383464608504,353
1957-06-01,1958-06-01,-0.02682328522290478,0.0971053914494198,0.07906981582795508,0.06412148207891966,1.02378056016254,0.023780560162540043,1.02378056016254,354
1957-07-01,1958-07-01,0.007375292736743644,0.09675629658555408,0.07908469371805896,0.06408575899869401,1.0237409649830171,0.023740964983017143,1.0237409649830171,355
1957-08-01,1958-08-01,0.08135054786778873,0.09650522635002373,0.08516918262248417,0.06625143336870108,1.0236872676378814,0.023687267637881426,1.0236872676378814,356
1957-09-01,1958-09-01,0.20159471343618118,0.09646277627024158,0.0933421527747707,0.0691556019982735,1.023610830809907,0.023610830809907002,1.023610830809907,357
1957-10-01,1958-10-01,0.2862196728556897,0.0967564408991967,0.09866917775444334,0.0710350261251474,1.023548365484766,0.02354836548476591,1.023548365484766,358
1957-11-01,1958-11-01,0.2954497801586359,0.09728419363445155,0.09481831204058191,0.06951791992986431,1.0234418413199562,0.02344184131995619,1.0234418413199562,359
1957-12-01,1958-12-01,0.4173035079934113,0.09783465359701872,0.10057362702403966,0.07157747799651924,1.0234024530409036,0.023402453040903604,1.0234024530409036,360
1958-01-01,1959-01-01,0.36520638118578663,0.09871960887235501,0.09374802990199449,0.06904360943732298,1.0233617782924227,0.023361778292422697,1.0233617782924227,361
1958-02-01,1959-02-01,0.40309812279866497,0.09945576017708826,0.09691909724083866,0.07010873439601897,1.0232735323448736,0.023273532344873615,1.0232735323448736,362
1958-03-01,1959-03-01,0.36632740434754507,0.10029224051488872,0.09342392074043075,0.06872820695389235,1.023173074360233,0.02317307436023297,1.023173074360233,363
1958-04-01,1959-04-01,0.37331727877457044,0.10102310634959383,0.09000089816508688,0.06735152174858808,1.0230508237627454,0.023050823762745365,1.0230508237627454,364
1958-05-01,1959-05-01,0.36703479026795627,0.10176911778089513,0.08637425804861742,0.06588312439025946,1.0229115640864441,0.022911564086444125,1.0229115640864441,365
1958-06-01,1959-06-01,0.32504685480685236,0.10249388737785431,0.08398616046695202,0.0648551399589054,1.022761025250907,0.022761025250906952,1.022761025250907,366
1958-07-01,1959-07-01,0.30930119201512385,0.10310029873324666,0.0790856513873368,0.06292236074640684,1.0226213409120937,0.022621340912093668,1.0226213409120937,367
1958-08-01,1959-08-01,0.2677337045312014,0.10366062724759963,0.07591874156674377,0.061607179477403864,1.0224671193837558,0.022467119383755785,1.0224671193837558,368
1958-09-01,1959-09-01,0.15398004094275697,0.10410526973346303,0.07205493827945889,0.060014145120563335,1.0222896530535204,0.022289653053520375,1.0222896530535204,369
1958-10-01,1959-10-01,0.13914894695263968,0.10424006641240706,0.06925427401849618,0.05881541039123244,1.0221182186826099,0.02211821868260988,1.0221182186826099,370
1958-11-01,1959-11-01,0.1241463814671584,0.10433416043003572,0.0656661454014864,0.05732846035172129,1.0219452977037005,0.02194529770370046,1.0219452977037005,371
1958-12-01,1959-12-01,0.09412050416032613,0.10438741908873767,0.06040506802969589,0.05523567786934884,1.0217756565885479,0.021775656588547854,1.0217756565885479,372
1959-01-01,1960-01-01,0.012285565908793261,0.10435989384764273,0.059747348237054354,0.05480607819184371,1.021591726412391,0.021591726412391044,1.021591726412391,373
1959-02-01,1960-02-01,0.014147906595542992,0.10411370580502548,0.05870564540168338,0.054266060960467065,1.0214362601553708,0.021436260155370812,1.0214362601553708,374
1959-03-01,1960-03-01,-0.0049377656426465855,0.10387379700713353,0.05856129389674779,0.05403846906330858,1.0212666972354936,0.02126669723549357,1.0212666972354936,375
1959-04-01,1960-04-01,-0.056631121132373674,0.10358440455327772,0.05498582116416226,0.052577173126694826,1.0211124953073825,0.02111249530738246,1.0211124953073825,376
1959-05-01,1960-05-01,-0.04467678677474474,0.10315942968408501,0.05426985557270443,0.052143723440582976,1.0209449131041959,0.020944913104195884,1.0209449131041959,377
1959-06-01,1960-06-01,-0.02276758075256513,0.10276832858234208,0.054888037031197254,0.0522458260664879,1.0208255907987744,0.02082559079877444,1.0208255907987744,378
1959-07-01,1960-07-01,-0.0755336669917126,0.1024370992701128,0.051616519321831575,0.050921058406002424,1.0206957812209676,0.020695781220967602,1.0206957812209676,379
1959-08-01,1960-08-01,-0.03459014031107077,0.10196875514837117,0.054228260221797706,0.05172680219154595,1.0205550459860087,0.020555045986008658,1.0205550459860087,380
1959-09-01,1960-09-01,-0.045051336030119016,0.1016103328505773,0.05873275905352099,0.053290197233764866,1.0204812237113459,0.020481223711345864,1.0204812237113459,381
1959-10-01,1960-10-01,-0.06379748307257749,0.10122640178020904,0.05707687428746765,0.052589091600882466,1.020385810548462,0.020385810548462002,1.020385810548462,382
1959-11-01,1960-11-01,-0.036321877078482556,0.10079553001819133,0.0578869926145093,0.05277203818264387,1.0202773846207767,0.02027738462077666,1.0202773846207767,383
1959-12-01,1960-12-01,-0.01623801421454807,0.10043845343721039,0.056446490683810135,0.052234049619793214,1.0202640005215673,0.020264000521567294,1.0202640005215673,384
1960-01-01,1961-01-01,0.1219595110668974,0.10013539767707592,0.06295590656663465,0.05461957422499688,1.0202802927851573,0.020280292785157306,1.0202802927851573,385
1960-02-01,1961-02-01,0.14862704369421387,0.1001919368309356,0.06292143869450738,0.054644573486834734,1.0203166126554806,0.02031661265548057,1.0203166126554806,386
1960-03-01,1961-03-01,0.20104765724550955,0.10031709214582779,0.06482204923070801,0.05539344491621463,1.020371944134735,0.020371944134734976,1.020371944134735,387
1960-04-01,1961-04-01,0.22639421473634735,0.10057670700433209,0.06649075935536325,0.05606735497985014,1.020436322123089,0.02043632212308899,1.020436322123089,388
1960-05-01,1961-05-01,0.2178457767255204,0.10090014532755068,0.06473888364159092,0.055508915814312894,1.0205128490129693,0.020512849012969347,1.0205128490129693,389
1960-06-01,1961-06-01,0.15785745483016944,0.10120000592087881,0.06280839062421817,0.05489549158464883,1.0205991742342155,0.020599174234215534,1.0205991742342155,390
1960-07-01,1961-07-01,0.21796172002967462,0.1013449098822836,0.06471682239846044,0.055666342786520585,1.0206728211114353,0.020672821111435313,1.0206728211114353,391
1960-08-01,1961-08-01,0.2137682252793358,0.1016424017449045,0.06426690433142837,0.05559464991181975,1.0207618737750668,0.020761873775066775,1.0207618737750668,392
1960-09-01,1961-09-01,0.2642966448493398,0.10192770918392342,0.06943270229857312,0.057586066729516563,1.020868768139739,0.020868768139739036,1.020868768139739,393
1960-10-01,1961-10-01,0.30764028949397626,0.10233981308155138,0.07017388175684137,0.05794071217311403,1.0209505847327818,0.020950584732781774,1.0209505847327818,394
1960-11-01,1961-11-01,0.3048875485855487,0.10285956112310181,0.06691316519342341,0.05684260810645994,1.0210367847186002,0.021036784718600154,1.0210367847186002,395
1960-12-01,1961-12-01,0.24408151984165505,0.10336973280861306,0.060937405412249776,0.05471810945253736,1.0210867805228574,0.021086780522857396,1.0210867805228574,396
1961-01-01,1962-01-01,0.1263388265660259,0.103724170559326,0.055965872796123334,0.052889797920576555,1.0210695354312986,0.021069535431298636,1.0210695354312986,397
1961-02-01,1962-02-01,0.10656389900352647,0.10378099130306144,0.053077334004753826,0.051821421717915594,1.0210535684921993,0.021053568492199304,1.0210535684921993,398
1961-03-01,1962-03-01,0.06817902810404952,0.10378796600907764,0.0505111040872815,0.050851592586708266,1.0210192785397934,0.02101927853979335,1.0210192785397934,399
1961-04-01,1962-04-01,-0.0037368772934762706,0.10369894366431506,0.04983300768815557,0.05055173084285908,1.02096783961947,0.020967839619469908,1.02096783961947,400
1961-05-01,1962-05-01,-0.1099185727172538,0.10343102391130313,0.04889113010554279,0.05015119063128417,1.0209118745845396,0.02091187458453958,1.0209118745845396,401
1961-06-01,1962-06-01,-0.1576525887308684,0.10290030352167982,0.05105662745435527,0.050879944421601514,1.0208538411825872,0.02085384118258715,1.0208538411825872,402
1961-07-01,1962-07-01,-0.13186135663274023,0.10225377029028396,0.04852893061169576,0.049896838103417614,1.020792799963684,0.020792799963684105,1.020792799963684,403
1961-08-01,1962-08-01,-0.13658872398730415,0.10167427740186061,0.04880883471887884,0.049922671192627,1.020718843115526,0.020718843115526075,1.020718843115526,404
1961-09-01,1962-09-01,-0.162739892155344,0.10108597369472686,0.04895021612833106,0.0499165508038519,1.020662857727525,0.020662857727524964,1.020662857727525,405
1961-10-01,1962-10-01,-0.1847487599061779,0.10043615629115525,0.047633214762801884,0.049347197350376674,1.0205753954336525,0.0205753954336525,1.0205753954336525,406
1961-11-01,1962-11-01,-0.13782212459592735,0.09973545625135838,0.04713749086588599,0.049115038167955656,1.0205250875652871,0.020525087565287148,1.0205250875652871,407
1961-12-01,1962-12-01,-0.1279188343613915,0.09915320727869349,0.04595563781333016,0.04869609145290557,1.0205360090830065,0.020536009083006457,1.0205360090830065,408
1962-01-01,1963-01-01,-0.048568868646994834,0.09859801891282528,0.050074385043276576,0.050208996244729076,1.0205493723052024,0.020549372305202374,1.0205493723052024,409
1962-02-01,1963-02-01,-0.08822713959337047,0.09823907528463059,0.05042144026435724,0.0503696693871413,1.0205827475613654,0.020582747561365355,1.0205827475613654,410
1962-03-01,1963-03-01,-0.05402420776883399,0.09778538619733618,0.04911992145789505,0.04997657033690234,1.020661148842207,0.020661148842207044,1.020661148842207,411
1962-04-01,1963-04-01,0.05847058095429669,0.0974169163090688,0.05483858604698501,0.05208748653005356,1.0206894437785492,0.0206894437785492,1.0206894437785492,412
1962-05-01,1963-05-01,0.18120406148114743,0.09732261525494103,0.06585532331395359,0.056135464132760195,1.0207256591442522,0.020725659144252173,1.0207256591442522,413
1962-06-01,1963-06-01,0.26624345257710935,0.09752522744389319,0.07287379986178555,0.05877277583842066,1.0208049424189807,0.020804942418980676,1.0208049424189807,414
1962-07-01,1963-07-01,0.18645292446928297,0.09793177738397323,0.067682206244941,0.056928162035760774,1.020848923047635,0.02084892304763497,1.020848923047635,415
1962-08-01,1963-08-01,0.22037947868786123,0.09814456860292835,0.06529341418266384,0.05614691637642891,1.0209344726010359,0.02093447260103587,1.0209344726010359,416
1962-09-01,1963-09-01,0.2701059732388198,0.09843769788370751,0.0708700008074616,0.0581747443047662,1.0209318229811677,0.02093182298116769,1.0209318229811677,417
1962-10-01,1963-10-01,0.3020158934213659,0.09884838753766712,0.0716040536935198,0.05849704657280978,1.0209848892719717,0.02098488927197173,1.0209848892719717,418
1962-11-01,1963-11-01,0.16454264803917407,0.09933327418655423,0.06279642534837458,0.05533901223003806,1.0210324909350883,0.0210324909350883,1.0210324909350883,419
1962-12-01,1963-12-01,0.1731031820498592,0.09948853460048905,0.06253212579729077,0.0552301102922901,1.0210202465472542,0.021020246547254207,1.0210202465472542,420
1963-01-01,1964-01-01,0.14202358073332078,0.09966339124526193,0.0575974390408826,0.053481393664155545,1.0210670379232285,0.021067037923228504,1.0210670379232285,421
1963-02-01,1964-02-01,0.18901990425190252,0.09976377084120516,0.06057057193581,0.054566223703013166,1.0210690689586457,0.021069068958645687,1.0210690689586457,422
1963-03-01,1964-03-01,0.17000592223296285,0.09997477824879546,0.05801862968495375,0.05361316426496669,1.0210460907243615,0.021046090724361477,1.0210460907243615,423
1963-04-01,1964-04-01,0.12003731394159178,0.10013994604121096,0.05454499078729094,0.052378723457665394,1.0210757184223613,0.021075718422361334,1.0210757184223613,424
1963-05-01,1964-05-01,0.11643408100296448,0.10018676337744715,0.05457584941098961,0.052438367330556436,1.0211226840108238,0.021122684010823845,1.0211226840108238,425
1963-06-01,1964-06-01,0.1541333930771891,0.10022490262069952,0.056257448002081226,0.05306917947225929,1.0211405138092937,0.021140513809293715,1.0211405138092937,426
1963-07-01,1964-07-01,0.17883138171853807,0.10035115201286929,0.057188490692376914,0.05346478754490598,1.0211953061866752,0.0211953061866752,1.0211953061866752,427
1963-08-01,1964-08-01,0.10611533791894745,0.10053451703554607,0.052921270428849324,0.051959361391793614,1.0212426541573216,0.021242654157321628,1.0212426541573216,428
1963-09-01,1964-09-01,0.15360989413324555,0.10054752594203423,0.05640526933280014,0.05328830937680677,1.0213007875850835,0.02130078758508347,1.0213007875850835,429
1963-10-01,1964-10-01,0.13184985710761699,0.10067092679829284,0.05461861401883043,0.0527625324562806,1.0214220879508866,0.021422087950886626,1.0214220879508866,430
1963-11-01,1964-11-01,0.1423097620786311,0.10074326770388292,0.057317809283505314,0.053857991586313915,1.021530793303993,0.02153079330399299,1.021530793303993,431
1963-12-01,1964-12-01,0.12247501418630957,0.1008394864408615,0.05605674815378382,0.05353528426311691,1.0216634011369572,0.021663401136957194,1.0216634011369572,432
1964-01-01,1965-01-01,0.13608644774799417,0.10088945301764082,0.053652836564122536,0.05277970068119202,1.0217802224494048,0.021780222449404807,1.0217802224494048,433
1964-02-01,1965-02-01,0.12404317176915325,0.10097055208383979,0.0536336262428536,0.05289464856692387,1.0218985810520889,0.02189858105208886,1.0218985810520889,434
1964-03-01,1965-03-01,0.0932530870391195,0.10102359258886352,0.05303422712177139,0.052815381409057185,1.0220337064488916,0.022033706448891577,1.0220337064488916,435
1964-04-01,1965-04-01,0.125286324178705,0.10100577032842831,0.05309551072614033,0.052998986213057805,1.0221902540076904,0.02219025400769037,1.0221902540076904,436
1964-05-01,1965-05-01,0.10153415605101657,0.10106133223655252,0.0524338449304272,0.05291249973307379,1.0223404999442054,0.022340499944205394,1.0223404999442054,437
1964-06-01,1965-06-01,0.02846890101554833,0.10106241174297824,0.05208258560424342,0.05291051205641019,1.0224629444585376,0.02246294445853758,1.0224629444585376,438
1964-07-01,1965-07-01,0.024958397626150486,0.10089705067070619,0.05014145120594697,0.05235299482497642,1.0226090511383157,0.022609051138315683,1.0226090511383157,439
1964-08-01,1965-08-01,0.06833489499405299,0.10072446282287764,0.052642996274893536,0.0533840181834986,1.0227242519724882,0.022724251972488174,1.0227242519724882,440
1964-09-01,1965-09-01,0.06958062782457497,0.10065101709083948,0.04967918170919379,0.05246993791353782,1.022886567974619,0.022886567974619076,1.022886567974619,441
1964-10-01,1965-10-01,0.0901846062543652,0.10058072209249952,0.04845504259947253,0.05209722122014498,1.0229583970886647,0.02295839708866465,1.0229583970886647,442
1964-11-01,1965-11-01,0.09100496020286397,0.10055725456239087,0.04965947240850828,0.0525857530831724,1.0230061168275373,0.023006116827537282,1.0230061168275373,443
1964-12-01,1965-12-01,0.10140268734914559,0.10053574038590544,0.05016109642907714,0.052793624150128435,1.0230302610143873,0.02303026101438732,1.0230302610143873,444
1965-01-01,1966-01-01,0.07074756471726618,0.1005376885813285,0.047321945998443735,0.05179725184783321,1.0230687359644017,0.023068735964401732,1.0230687359644017,445
1965-02-01,1966-02-01,0.05322872590395766,0.10047089458163327,0.04797059313918227,0.0520854389016688,1.0231188226154473,0.023118822615447288,1.0231188226154473,446
1965-03-01,1966-03-01,0.04144448660385125,0.10036520740338342,0.04957374897876282,0.05271725811685207,1.0231643294472068,0.02316432944720681,1.0231643294472068,447
1965-04-01,1966-04-01,0.03080852818662594,0.10023368793731305,0.0470662367096734,0.051841342546453506,1.0232023905085363,0.02320239050853634,1.0232023905085363,448
1965-05-01,1966-05-01,-0.018664152801782352,0.10007906620067455,0.04908727565574486,0.052604387306533176,1.0232271781825513,0.023227178182551267,1.0232271781825513,449
1965-06-01,1966-06-01,0.02435069685639779,0.09981519238066908,0.05424907554539776,0.05454236113087564,1.0232797839452936,0.02327978394529362,1.0232797839452936,450
1965-07-01,1966-07-01,-0.0064375667528713265,0.0996478653395953,0.05264552616650035,0.053998332655756216,1.02331978975072,0.02331978975072002,1.02331978975072,451
1965-08-01,1966-08-01,-0.10768068244801654,0.09941316305620489,0.052018657353086084,0.05382259015895631,1.0233713062043235,0.023371306204323483,1.0233713062043235,452
1965-09-01,1966-09-01,-0.1419762449376223,0.09895600224935232,0.04975211153015942,0.05304952534054741,1.0234239919950943,0.023423991995094262,1.0234239919950943,453
1965-10-01,1966-10-01,-0.13264076156032423,0.098425314480218,0.04750016791581947,0.05231389492586228,1.0235079859558776,0.023507985955877553,1.0235079859558776,454
1965-11-01,1966-11-01,-0.12137916723552056,0.09791747695045856,0.049947057482378224,0.05330239822067871,1.0236005829607004,0.023600582960700445,1.0236005829607004,455
1965-12-01,1966-12-01,-0.12983255561641538,0.09743656325706829,0.048765653564340705,0.053011925396090384,1.0237374969948025,0.023737496994802543,1.0237374969948025,456
1966-01-01,1967-01-01,-0.06769539263698632,0.09693925665121819,0.04808349728844796,0.052869596840149205,1.0238412975226416,0.023841297522641636,1.0238412975226416,457
1966-02-01,1967-02-01,-0.04948663783918683,0.0965797923514623,0.05027997346056613,0.05377879950645034,1.0239453982269926,0.023945398226992598,1.0239453982269926,458
1966-03-01,1967-03-01,0.013683854103356152,0.09626156483470709,0.05282566527176047,0.054807135729128154,1.0240411734152735,0.024041173415273454,1.0240411734152735,459
1966-04-01,1967-04-01,0.030274197398522995,0.09608204807224759,0.05118055302167476,0.05430202499907013,1.0241341724349007,0.02413417243490068,1.0241341724349007,460
1966-05-01,1967-05-01,0.04691217408803117,0.09593929785386641,0.05736846332869841,0.05665668489605498,1.0242257001664585,0.02422570016645853,1.0242257001664585,461
1966-06-01,1967-06-01,0.0877930329041352,0.09583317853835596,0.0584659414765689,0.05714475228420073,1.0243101529719192,0.024310152971919186,1.0243101529719192,462
1966-07-01,1967-07-01,0.15583300049492688,0.09581581321301207,0.06004907913282262,0.05779946463094979,1.0243840876441548,0.024384087644154784,1.0243840876441548,463
1966-08-01,1967-08-01,0.24711923549360315,0.09594516059939553,0.06985261896614219,0.061464843749834346,1.0244647776527045,0.024464777652704495,1.0244647776527045,464
1966-09-01,1967-09-01,0.29845718002136445,0.09627026613680241,0.07054903727370973,0.06178858650191963,1.0245316292206033,0.024531629220603257,1.0245316292206033,465
1966-10-01,1967-10-01,0.21289342617939666,0.09670414363440875,0.06642028908898569,0.060340363908500894,1.0245900454886925,0.02459004548869248,1.0245900454886925,466
1966-11-01,1967-11-01,0.20111248852570496,0.09695294295463355,0.06551205088238252,0.06006200941090334,1.0246417983045268,0.02464179830452684,1.0246417983045268,467
1966-12-01,1967-12-01,0.23478808852471067,0.0971755060861957,0.06523650923771689,0.059954666697638825,1.0246353729888857,0.02463537298888574,1.0246353729888857,468
1967-01-01,1968-01-01,0.09590976291773812,0.09746892310632045,0.058905528289883144,0.05764958995954164,1.024643654107434,0.024643654107433965,1.024643654107434,469
1967-02-01,1968-02-01,0.04815390377581097,0.09746560574421709,0.05841764000708745,0.05750602587455561,1.0246773094867088,0.024677309486708765,1.0246773094867088,470
1967-03-01,1968-03-01,0.009966629206164423,0.09736090998632238,0.05452396013107763,0.05610231290571957,1.024696007083088,0.024696007083087945,1.024696007083088,471
1967-04-01,1968-04-01,0.05719011590242862,0.09717575261178814,0.0513717328554915,0.05494617443114963,1.024692019837898,0.024692019837897927,1.024692019837898,472
1967-05-01,1968-05-01,0.12997043967655908,0.09709121638195864,0.05642342350940881,0.05679336642708969,1.0246929656292458,0.024692965629245833,1.0246929656292458,473
1967-06-01,1968-06-01,0.11068037508363027,0.09716058183194726,0.05402918374192835,0.0559132467104681,1.024688008819166,0.024688008819166107,1.024688008819166,474
1967-07-01,1968-07-01,0.034186208709914956,0.09718904455458237,0.05020456237558035,0.05450513161763082,1.0246779467395897,0.024677946739589673,1.0246779467395897,475
1967-08-01,1968-08-01,0.057607641569501045,0.09705668565574901,0.05176176058368927,0.05505843684326045,1.02466261306079,0.024662613060790095,1.02466261306079,476
1967-09-01,1968-09-01,0.06609575148804048,0.09697398325724538,0.04929747407201124,0.05412725276264343,1.0246328699881417,0.024632869988141737,1.0246328699881417,477
1967-10-01,1968-10-01,0.10440475964706808,0.09690938444601273,0.05253347093961573,0.05528091312711146,1.02460479527774,0.024604795277739955,1.02460479527774,478
1967-11-01,1968-11-01,0.1596018853985981,0.09692503241094186,0.051489075608062373,0.05490177032509652,1.024607237800347,0.024607237800347015,1.024607237800347,479
1967-12-01,1968-12-01,0.08239653492146104,0.09705560918799948,0.04893246592126321,0.053936725957662135,1.024577324872023,0.02457732487202291,1.024577324872023,480
1968-01-01,1969-01-01,0.1146870584524402,0.09702513294212309,0.05302544503410066,0.05539471310698786,1.02454074021985,0.024540740219850088,1.02454074021985,481
1968-02-01,1969-02-01,0.09251914441702791,0.09706177594110715,0.057180169830339675,0.05685857754176727,1.0244880856674252,0.02448808566742522,1.0244880856674252,482
1968-03-01,1969-03-01,0.11817109081331556,0.09705237090689581,0.055932863115724124,0.05635977891959553,1.0244463437227063,0.024446343722706265,1.0244463437227063,483
1968-04-01,1969-04-01,0.040171615857325316,0.09709600462571072,0.04953659390181707,0.0539662367687907,1.0243914393370912,0.024391439337091203,1.0243914393370912,484
1968-05-01,1969-05-01,0.016569123723097823,0.09697863475196149,0.047072107723813816,0.05303144649478182,1.0243580044176135,0.024358004417613488,1.0243580044176135,485
1968-06-01,1969-06-01,-0.06082055513861484,0.09681318308317781,0.046637930958291385,0.05279265863087504,1.0242800123286389,0.024280012328638856,1.0242800123286389,486
1968-07-01,1969-07-01,-0.1006175597512089,0.09648949984247597,0.04960080965318571,0.053803563067426716,1.0242105309811274,0.024210530981127354,1.0242105309811274,487
1968-08-01,1969-08-01,-0.07249815871278875,0.09608559193347252,0.0485007776517135,0.0533513234835306,1.0241615225822658,0.024161522582265782,1.0241615225822658,488
1968-09-01,1969-09-01,-0.13451154222956463,0.09574083988716116,0.044941978684415324,0.0519830510726562,1.0240950050059843,0.02409500500598427,1.0240950050059843,489
1968-10-01,1969-10-01,-0.09654121031777585,0.09527093706651481,0.045671147162745826,0.05217066860607836,1.0240183982482292,0.024018398248229156,1.0240183982482292,490
1968-11-01,1969-11-01,-0.1750309341815226,0.09488028096186243,0.04127839143467811,0.050494396265918326,1.0239482870503311,0.02394828705033114,1.0239482870503311,491
1968-12-01,1969-12-01,-0.1634114319594765,0.09433168093108323,0.045279944725772944,0.05189364818977123,1.0238878261426123,0.023887826142612312,1.0238878261426123,492
1969-01-01,1970-01-01,-0.219473810037081,0.09380887542826259,0.044934432417264566,0.05173880328831904,1.0238599148299121,0.02385991482991212,1.0238599148299121,493
1969-02-01,1970-02-01,-0.13081694624969342,0.09317469995161211,0.05060639434300816,0.05373788676999039,1.0237898277476671,0.023789827747667136,1.0237898277476671,494
1969-03-01,1970-03-01,-0.16313152870603664,0.09272219157544785,0.04873035175379542,0.052980919612835624,1.023719884200159,0.023719884200158914,1.023719884200159,495
1969-04-01,1970-04-01,-0.26322722841551516,0.09220635746197714,0.04707026614213938,0.052325041860466395,1.0236714888316056,0.023671488831605636,1.0236714888316056,496
1969-05-01,1970-05-01,-0.3135308374216239,0.0914911993414993,0.048655085377817986,0.05281717537351223,1.0235874042225848,0.023587404222584762,1.0235874042225848,497
1969-06-01,1970-06-01,-0.3022698797596318,0.09067790207892272,0.05500586942503077,0.055106780235332165,1.0235593848399878,0.023559384839987763,1.0235593848399878,498
1969-07-01,1970-07-01,-0.19953041726470733,0.08989043157423621,0.060997900785059234,0.0572691237567813,1.0235350719624503,0.023535071962450305,1.0235350719624503,499
1969-08-01,1970-08-01,-0.20441834093372602,0.08931158987655835,0.057037200674100855,0.05576806080947024,1.023481560373904,0.02348156037390403,1.023481560373904,500
1969-09-01,1970-09-01,-0.14607094865730075,0.08872530258951186,0.06003526770998291,0.05680744141561636,1.0234282840790698,0.023428284079069828,1.0234282840790698,501
1969-10-01,1970-10-01,-0.2056320934061795,0.08825758097348237,0.05558059401483534,0.055149624450628605,1.0233974438700466,0.023397443870046608,1.0233974438700466,502
1969-11-01,1970-11-01,-0.13761263793844203,0.08767330726696217,0.057888366919327014,0.0559334836844947,1.0233407634550156,0.023340763455015567,1.0233407634550156,503
1969-12-01,1970-12-01,-0.06474320769536579,0.08722631134393556,0.05933483482712705,0.05638670161264191,1.023268387432952,0.02326838743295201,1.023268387432952,504
1970-01-01,1971-01-01,0.06568608613642302,0.0869253816032637,0.0670503640701033,0.059078788978717094,1.0231488341369928,0.023148834136992757,1.0231488341369928,505
1970-02-01,1971-02-01,0.027861580391930874,0.08688340671103671,0.06157343445922071,0.05698784149151251,1.0230594626543725,0.02305946265437253,1.0230594626543725,506
1970-03-01,1971-03-01,0.08069123135092471,0.08676699285241916,0.06308483097939752,0.05741215578470887,1.0229364404955328,0.022936440495532784,1.0229364404955328,507
1970-04-01,1971-04-01,0.25277275677824584,0.08675503269198315,0.07338118201146202,0.06105361260558015,1.0228255326263656,0.022825532626365552,1.0228255326263656,508
1970-05-01,1971-05-01,0.29420433635766785,0.08708119717938248,0.07899769228231149,0.06297117019870013,1.0226991667488983,0.02269916674889827,1.0226991667488983,509
1970-06-01,1971-06-01,0.37156902804553726,0.08748732098169286,0.08565998377478526,0.06519581541745578,1.02250194712586,0.022501947125860067,1.02250194712586,510
1970-07-01,1971-07-01,0.2279404676656216,0.08804325387222872,0.07877019252923761,0.06247434679197317,1.022300972696851,0.02230097269685105,1.022300972696851,511
1970-08-01,1971-08-01,0.21904852728953172,0.08831649061791898,0.07241611464634942,0.05996973426695972,1.0221198425271838,0.022119842527183797,1.0221198425271838,512
1970-09-01,1971-09-01,0.1614932157179072,0.0885713288960313,0.06807059753604967,0.05817583076953592,1.0219172745945182,0.0219172745945182,1.0219172745945182,513
1970-10-01,1971-10-01,0.13800132776162344,0.0887132002711711,0.07050981462056469,0.058839376409925655,1.0216996947035413,0.021699694703541272,1.0216996947035413,514
1970-11-01,1971-11-01,0.08394526587074846,0.08880890537309431,0.06480157467795965,0.05653641639930182,1.0214841997678994,0.021484199767899392,1.0214841997678994,515
1970-12-01,1971-12-01,0.11200835984508184,0.08879947971514404,0.05881578088032505,0.054131996041689556,1.0212675030729599,0.02126750307295988,1.0212675030729599,516
1971-01-01,1972-01-01,0.08622058478589967,0.08884437116607233,0.054844989962488225,0.05246292728983566,1.0210514175526686,0.021051417552668594,1.0210514175526686,517
1971-02-01,1972-02-01,0.10130571682123302,0.08883930594140017,0.05390702948683691,0.05190786934851105,1.0208442378681333,0.020844237868133275,1.0208442378681333,518
1971-03-01,1972-03-01,0.06425950278996839,0.0888633260008989,0.05116991716900003,0.05071832905524351,1.020656781491742,0.020656781491741993,1.020656781491742,519
1971-04-01,1972-04-01,0.03454749748251662,0.08881601095626251,0.049109710558218736,0.04977983253255451,1.0204735165747703,0.020473516574770256,1.0204735165747703,520
1971-05-01,1972-05-01,0.09163458654280965,0.08871184874230138,0.052950270830987745,0.05102862492545053,1.0203288494000338,0.020328849400033766,1.0203288494000338,521
1971-06-01,1972-06-01,0.06699930754738936,0.08871744785686175,0.05284080764598874,0.05088102632346242,1.0202242291697412,0.020224229169741204,1.0202242291697412,522
1971-07-01,1972-07-01,0.10859916924994173,0.0886759217759641,0.05588490134102023,0.0518711650794463,1.0201102571342286,0.02011025713422865,1.0201102571342286,523
1971-08-01,1972-08-01,0.10245080560469533,0.08871394324060908,0.05411611638016876,0.05108431436587527,1.0199711873345834,0.019971187334583362,1.0199711873345834,524
1971-09-01,1972-09-01,0.09948699064259858,0.08874010869273113,0.05438568675653602,0.05109584163986373,1.0198872193554591,0.019887219355459118,1.0198872193554591,525
1971-10-01,1972-10-01,0.15612881643717413,0.08876054002723661,0.057372987728040115,0.05209706883563147,1.0198044330621971,0.019804433062197146,1.0198044330621971,526
1971-11-01,1972-11-01,0.2139451566108448,0.08888837356881145,0.05797842173992579,0.05221346362918661,1.0197038257594608,0.019703825759460836,1.0197038257594608,527
1971-12-01,1972-12-01,0.12418000462464596,0.08912522353669408,0.050898638303940716,0.04957299002793601,1.0196400427689956,0.019640042768995558,1.0196400427689956,528
1972-01-01,1973-01-01,0.061701781484069906,0.08919148966351441,0.04853802292308779,0.04866682341149109,1.0195936675975599,0.019593667597559872,1.0195936675975599,529
1972-02-01,1973-02-01,-0.01645026952797979,0.08913962228959092,0.04601211338233102,0.04768670900513043,1.0195337465416665,0.019533746541666508,1.0195337465416665,530
1972-03-01,1973-03-01,-0.03508736486013697,0.08894077126921886,0.04436026511848652,0.047006716552237635,1.019456495648232,0.01945649564823193,1.019456495648232,531
1972-04-01,1973-04-01,-0.09055873963788852,0.08870763567499075,0.04302071622850849,0.04639847763897536,1.0193384475408294,0.019338447540829362,1.0193384475408294,532
1972-05-01,1973-05-01,-0.12739837996925396,0.08837130101211482,0.04267123537801089,0.04611410520912004,1.019185180487717,0.019185180487717002,1.019185180487717,533
1972-06-01,1973-06-01,-0.11929624173624931,0.08796723793911596,0.044192979762897905,0.04651883811212332,1.0190406548407633,0.019040654840763338,1.0190406548407633,534
1972-07-01,1973-07-01,-0.07020054105529272,0.08757982956589101,0.044291656559069165,0.046411230303428724,1.018900954893281,0.01890095489328103,1.018900954893281,535
1972-08-01,1973-08-01,-0.1313976724985716,0.08728546320279179,0.04177329751478685,0.04535440287892203,1.0187629017120017,0.01876290171200168,1.0187629017120017,536
1972-09-01,1973-09-01,-0.08264652537366834,0.0868782320376123,0.042702037937072446,0.0455157001912224,1.018591277349351,0.018591277349351065,1.018591277349351,537
1972-10-01,1973-10-01,-0.09453883482778314,0.08656313025803748,0.041566168709636794,0.0449347566265837,1.0184272520477526,0.01842725204775264,1.0184272520477526,538
1972-11-01,1973-11-01,-0.2391230177646334,0.08622713403338844,0.040266876887304875,0.04429339229780466,1.0182620536176927,0.01826205361769273,1.0182620536176927,539
1972-12-01,1973-12-01,-0.2395067892905165,0.08562463375228098,0.03951565910490565,0.043891757836006774,1.0181364183983213,0.018136418398321252,1.0181364183983213,540
1973-01-01,1974-01-01,-0.21493403272071943,0.08502365145460483,0.041958454806294065,0.04464633944619477,1.0180073328699166,0.018007332869916626,1.0180073328699166,541
1973-02-01,1974-02-01,-0.1797131454048393,0.08447022399302676,0.045058086340934805,0.0456474584773073,1.0178863347901297,0.017886334790129688,1.0178863347901297,542
1973-03-01,1974-03-01,-0.19072217963919025,0.08398369845085758,0.04605573416627773,0.045877870319783576,1.0177581056359828,0.01775810563598279,1.0177581056359828,543
1973-04-01,1974-04-01,-0.18595651238308863,0.08347872441025088,0.051514020806515154,0.04774560341506963,1.0176477868478406,0.01764778684784063,1.0176477868478406,544
1973-05-01,1974-05-01,-0.1987038094361928,0.08298434782897868,0.05267858810038377,0.04809582262139411,1.0175774331977994,0.017577433197799364,1.0175774331977994,545
1973-06-01,1974-06-01,-0.20803639052014478,0.08246843545303514,0.05398327349983803,0.048449636545812524,1.0174612784391366,0.017461278439136585,1.0174612784391366,546
1973-07-01,1974-07-01,-0.29950266830871775,0.08193734801981178,0.05093561370386057,0.04722707717279065,1.0173479996497863,0.017347999649786283,1.0173479996497863,547
1973-08-01,1974-08-01,-0.33798056370011675,0.0812412895958546,0.05380316650164245,0.04819573278941992,1.0172782943339158,0.01727829433391581,1.0172782943339158,548
1973-09-01,1974-09-01,-0.4311381817047678,0.08047767966271073,0.049285367113065776,0.04645882614921972,1.0171832745932214,0.017183274593221443,1.0171832745932214,549
1973-10-01,1974-10-01,-0.34500988381685915,0.079547469005679,0.05047345042235821,0.04678135764553243,1.0170778633794102,0.017077863379410196,1.0170778633794102,550
1973-11-01,1974-11-01,-0.28644198040603075,0.0787769474942043,0.06373662673972418,0.05151060723858384,1.0169985932886978,0.016998593288697794,1.0169985932886978,551
1973-12-01,1974-12-01,-0.31275376449536196,0.07811531900163145,0.06390650909479045,0.051461252963462226,1.0168912677023012,0.016891267702301205,1.0168912677023012,552
1974-01-01,1975-01-01,-0.22960457652336008,0.07740850329910526,0.06441080993384757,0.05155120226299188,1.0168013874323185,0.016801387432318515,1.0168013874323185,553
1974-02-01,1975-02-01,-0.18858531548468005,0.07685432806476866,0.066445999464961,0.05219319030512135,1.0167085523859718,0.016708552385971798,1.0167085523859718,554
1974-03-01,1975-03-01,-0.14724990647039982,0.07637605843675162,0.06926700876445159,0.05315483620729651,1.0166493752439283,0.01664937524392829,1.0166493752439283,555
1974-04-01,1975-04-01,-0.06767876065551137,0.07597385346389701,0.07559679251439598,0.05538441987836741,1.0165862114318118,0.016586211431811826,1.0165862114318118,556
1974-05-01,1975-05-01,0.023804327679269432,0.0757159493092841,0.08171666398940566,0.0575433173037315,1.0165285294107635,0.01652852941076355,1.0165285294107635,557
1974-06-01,1975-06-01,0.1005956029486591,0.07562291772930199,0.08591208584143042,0.059040416173901857,1.0165055259205,0.01650552592050003,1.0165055259205,558
1974-07-01,1975-07-01,0.12001233068230177,0.07566759158479278,0.09485868709646594,0.062272926445222976,1.0164949635707716,0.016494963570771626,1.0164949635707716,559
1974-08-01,1975-08-01,0.2027989278322717,0.07574677861889546,0.11169687214460636,0.06831412595795733,1.016434697562464,0.016434697562464073,1.016434697562464,560
1974-09-01,1975-09-01,0.3069366073905805,0.07597325303817065,0.13270967594844002,0.07593121752875912,1.016434252591591,0.016434252591591036,1.016434252591591,561
1974-10-01,1975-10-01,0.18612747946434471,0.07638421986086177,0.11030538191395006,0.06782941755672364,1.0164534827771425,0.016453482777142536,1.0164534827771425,562
1974-11-01,1975-11-01,0.2744671538008113,0.07657914572161396,0.11838056705122649,0.07076136037874095,1.0164577282045857,0.016457728204585687,1.0164577282045857,563
1974-12-01,1975-12-01,0.30080566604891734,0.07693001098416577,0.12567136824129663,0.07339184222009705,1.0164457591438583,0.016445759143858263,1.0164457591438583,564
1975-01-01,1976-01-01,0.27874606483715714,0.07732625108162548,0.1054273322326271,0.06604531227553045,1.0164385306989565,0.01643853069895651,1.0164385306989565,565
1975-02-01,1976-02-01,0.21840254977203577,0.07768211647695325,0.10219009962070555,0.06484524071530938,1.0164132308151839,0.016413230815183866,1.0164132308151839,566
1975-03-01,1976-03-01,0.21438184169593932,0.07793030066265884,0.10021465377160949,0.06413052999275778,1.0164145803332334,0.016414580333233397,1.0164145803332334,567
1975-04-01,1976-04-01,0.14931473221614744,0.07817053224898508,0.09495821295369455,0.06225964644873274,1.0164477301554617,0.01644773015546175,1.0164477301554617,568
1975-05-01,1976-05-01,0.07961982881778307,0.07829556599233685,0.08927681590822713,0.06021335753393386,1.0164605367142445,0.016460536714244522,1.0164605367142445,569
1975-06-01,1976-06-01,0.07026143046280586,0.07829788926045168,0.08782433055428969,0.05970032382336659,1.0164735193433148,0.016473519343314758,1.0164735193433148,570
1975-07-01,1976-07-01,0.13432099274247888,0.07828381490178683,0.09749916658984231,0.06326843020878511,1.0165315038269231,0.016531503826923144,1.0165315038269231,571
1975-08-01,1976-08-01,0.16168015114535905,0.07838178199591384,0.09986506849016161,0.06421469793751274,1.0166160447414787,0.016616044741478708,1.0166160447414787,572
1975-09-01,1976-09-01,0.23768974760577732,0.07852715436790247,0.10522084100656326,0.06619270980768097,1.0166504583073563,0.01665045830735634,1.0166504583073563,573
1975-10-01,1976-10-01,0.14864644403630922,0.07880444111570363,0.098607231215633,0.06380858973625961,1.016663794850755,0.016663794850755087,1.016663794850755,574
1975-11-01,1976-11-01,0.12445363803399356,0.07892590546860903,0.09172547927070024,0.0613368015495365,1.0166863513670457,0.01668635136704566,1.0166863513670457,575
1975-12-01,1976-12-01,0.20511441928505958,0.07900494667097949,0.09311256820564379,0.06179811731894323,1.0166464664768191,0.01664646647681911,1.0166464664768191,576
1976-01-01,1977-01-01,0.033162281050848064,0.0792235072820957,0.0795722127630868,0.05682108066969066,1.0165816677216561,0.016581667721656146,1.0165816677216561,577
1976-02-01,1977-02-01,0.01094195917120555,0.07914381657927351,0.07834742810603346,0.05632935153644733,1.0165358070511437,0.01653580705114366,1.0165358070511437,578
1976-03-01,1977-03-01,-0.024457318339703438,0.07902602407943228,0.076261730355282,0.05546830812694428,1.016434824081512,0.01643482408151198,1.016434824081512,579
1976-04-01,1977-04-01,-0.008712818094915642,0.07884760452353723,0.07638424971490602,0.05539911329380726,1.0163254196854572,0.0163254196854572,1.0163254196854572,580
1976-05-01,1977-05-01,-0.009182500921575798,0.07869689811627657,0.08171864430437642,0.05719655077552443,1.0161945216585355,0.01619452165853552,1.0161945216585355,581
1976-06-01,1977-06-01,-0.005031438512907327,0.07854590258528371,0.07365036405432067,0.05418400897805128,1.0161093919422508,0.016109391942250806,1.0161093919422508,582
1976-07-01,1977-07-01,-0.010592043743000046,0.07840254522490941,0.07281552612391254,0.05368421777050859,1.0159192187119808,0.015919218711980765,1.0159192187119808,583
1976-08-01,1977-08-01,-0.021527057794039517,0.07825015723010133,0.07726629076120395,0.05506457344351757,1.015695570024185,0.01569557002418498,1.015695570024185,584
1976-09-01,1977-09-01,-0.04342471153151328,0.07807959788817975,0.07487129980522293,0.054033780176078905,1.015538337744447,0.015538337744446906,1.015538337744447,585
1976-10-01,1977-10-01,-0.06061791252776472,0.0778722526502622,0.07679362815017585,0.054572202839625404,1.0153863576313877,0.015386357631387737,1.0153863576313877,586
1976-11-01,1977-11-01,-0.02898524754718479,0.07763632391912414,0.08347871605383889,0.05682091030192671,1.0152208674563286,0.015220867456328557,1.0152208674563286,587
1976-12-01,1977-12-01,-0.07800592742085433,0.07745499471595016,0.07822632267519139,0.05491037619621291,1.0152124851300885,0.015212485130088549,1.0152124851300885,588
1977-01-01,1978-01-01,-0.0940720758589304,0.07719105427089615,0.08439432378739731,0.05715729474433085,1.0152255295702337,0.015225529570233709,1.0152255295702337,589
1977-02-01,1978-02-01,-0.08923487441156241,0.07690077777915066,0.08939474867984262,0.05899922337576993,1.015255566255011,0.0152555662550109,1.015255566255011,590
1977-03-01,1978-03-01,-0.0526212081028643,0.07661966838458094,0.09263430658979148,0.06024678262584149,1.015326926124862,0.015326926124862084,1.015326926124862,591
1977-04-01,1978-04-01,0.015240359886542598,0.07640135609321702,0.09211907672688131,0.060140609165796964,1.0154039372942987,0.015403937294298675,1.0154039372942987,592
1977-05-01,1978-05-01,0.04740697079438827,0.0762982178196813,0.09771598953879174,0.06225885804469787,1.0154912304601855,0.015491230460185523,1.0154912304601855,593
1977-06-01,1978-06-01,-0.014961097195524076,0.07624957935667578,0.09278559235980033,0.060556054334048405,1.015570618932053,0.015570618932053026,1.015570618932053,594
1977-07-01,1978-07-01,0.04896652838309823,0.07609628410196619,0.09537481789471297,0.061651564900871224,1.0157214603628022,0.015721460362802198,1.0157214603628022,595
1977-08-01,1978-08-01,0.10529139239872987,0.07605076437760566,0.10043221412541958,0.06368399404738212,1.0159127724495522,0.015912772449552248,1.0159127724495522,596
1977-09-01,1978-09-01,0.09340094356529915,0.07609974365402297,0.10369695420423905,0.06504010200982148,1.016077992883286,0.01607799288328593,1.016077992883286,597
1977-10-01,1978-10-01,0.015989897063362846,0.07612867542644987,0.11071263721710786,0.06780056511988097,1.016285504162163,0.01628550416216301,1.016285504162163,598
1977-11-01,1978-11-01,0.0024409922103011406,0.07602827679813087,0.1089675846529771,0.06741496557461839,1.0165206549608585,0.016520654960858527,1.0165206549608585,599
1977-12-01,1978-12-01,0.007756640699622563,0.0759056313238178,0.10898681936429885,0.06758803302816943,1.016678828471437,0.01667882847143698,1.016678828471437,600
1978-01-01,1979-01-01,0.11268270972888184,0.0757922386605496,0.12372951255874212,0.07309134497397672,1.0168280767211373,0.016828076721137286,1.0168280767211373,601
1978-02-01,1979-02-01,0.0915878196319756,0.07585351851282256,0.1286454715142469,0.07507516899546601,1.0170182227858955,0.017018222785895487,1.0170182227858955,602
1978-03-01,1979-03-01,0.11749277801485691,0.07587961188117932,0.12391107510890151,0.07355409398430368,1.017204147066169,0.017204147066169018,1.017204147066169,603
1978-04-01,1979-04-01,0.036975377943740506,0.07594850785159936,0.11530641088630875,0.0705986415840987,1.0173621512754831,0.01736215127548313,1.0173621512754831,604
1978-05-01,1979-05-01,-9.484570026264683e-4,0.07588408945505744,0.11950446819141605,0.0723310148212443,1.01756057569542,0.017560575695420022,1.01756057569542,605
1978-06-01,1979-06-01,0.05165449786430032,0.07575730307476425,0.12558651852810776,0.07476922626628632,1.017779235944305,0.017779235944304972,1.017779235944305,606
1978-07-01,1979-07-01,0.009048919454787252,0.07571759499369261,0.11867863408199977,0.07251441073131731,1.0180191375081562,0.018019137508156202,1.0180191375081562,607
1978-08-01,1979-08-01,0.023291419571889516,0.07560794256681944,0.11824073478834762,0.07260559102470732,1.018256636156601,0.018256636156601003,1.018256636156601,608
1978-09-01,1979-09-01,0.029840296178273773,0.07552203694613809,0.11963624853243446,0.07338421824697623,1.0185145599240435,0.018514559924043494,1.0185145599240435,609
1978-10-01,1979-10-01,0.07858841376973691,0.07544714884651865,0.14151687578720332,0.08154747701226382,1.0187169396420328,0.018716939642032804,1.0187169396420328,610
1978-11-01,1979-11-01,0.10154082708833578,0.0754522900329724,0.13909555820870736,0.08087948322534907,1.01891655386687,0.01891655386687008,1.01891655386687,611
1978-12-01,1979-12-01,0.10961767526654087,0.07549491836149418,0.13711221299920376,0.08034557030851647,1.01909280532595,0.019092805325950035,1.01909280532595,612
1979-01-01,1980-01-01,0.11916862057469368,0.07555058354404733,0.13142243627783531,0.07845538134292034,1.019260905997674,0.01926090599767405,1.019260905997674,613
1979-02-01,1980-02-01,0.14737728128046446,0.07562162269230568,0.14332999487952588,0.0829022714648421,1.0193721327566858,0.01937213275668581,1.0193721327566858,614
1979-03-01,1980-03-01,-0.039295025932634786,0.07573829855992868,0.1394337144242053,0.08162899336438709,1.0195071871148955,0.01950718711489552,1.0195071871148955,615
1979-04-01,1980-04-01,-0.005137316536118264,0.07555155615003818,0.14094817356484818,0.08238669461754056,1.0197022177998447,0.019702217799844712,1.0197022177998447,616
1979-05-01,1980-05-01,0.06604377862215494,0.07542078001926644,0.14511497882108165,0.08408593187090309,1.019875160310592,0.019875160310592,1.019875160310592,617
1979-06-01,1980-06-01,0.05671018449305798,0.07540560687784716,0.13752206749804266,0.08142372903989611,1.0199691915606008,0.01996919156060084,1.0199691915606008,618
1979-07-01,1980-07-01,0.11180434731954636,0.07537540425687013,0.13725132148111474,0.08137652209752282,1.0200175667792255,0.020017566779225504,1.0200175667792255,619
1979-08-01,1980-08-01,0.07372657391989557,0.07543416061664866,0.12888341190924343,0.07838355940140206,1.0200660597070281,0.020066059707028128,1.0200660597070281,620
1979-09-01,1980-09-01,0.10466512510683978,0.07543141087961681,0.13232657518688845,0.07962809899800843,1.0200583730502997,0.02005837305029967,1.0200583730502997,621
1979-10-01,1980-10-01,0.2119449783798244,0.07547841042017506,0.14969924820917027,0.08596873255244149,1.0200773837136188,0.02007738371361878,1.0200773837136188,622
1979-11-01,1980-11-01,0.25835436956703905,0.07569745788078447,0.14042738346152853,0.08263254829425638,1.0201123398657532,0.020112339865753226,1.0201123398657532,623
1979-12-01,1980-12-01,0.18681400897306855,0.07599017729053806,0.1440747370788074,0.083969054000480145,1.0201212641218496,0.020121264121849558,1.0201212641218496,624
1980-01-01,1981-01-01,0.07402119442074728,0.07616749542123014,0.1375436074839644,0.08166422877590504,1.0201886321832794,0.020188632183279376,1.0201886321832794,625
1980-02-01,1981-02-01,0.0943932298342205,0.07616406682538272,0.13824585160260006,0.08199605548730404,1.020260587149768,0.020260587149768083,1.020260587149768,626
1980-03-01,1981-03-01,0.2999333900585224,0.07619314045059616,0.15794326922826568,0.08916599461985025,1.0202627908881934,0.020262790888193383,1.0202627908881934,627
1980-04-01,1981-04-01,0.22544494444347407,0.07654941473341133,0.14748763602083592,0.08526555787694984,1.020172751122662,0.020172751122661925,1.020172751122662,628
1980-05-01,1981-05-01,0.16791999862654894,0.07678613258668646,0.13734320280048676,0.08144526316832094,1.0200508767708865,0.02005087677088646,1.0200508767708865,629
1980-06-01,1981-06-01,0.10869743666725218,0.0769307895169085,0.13406049811603268,0.08011399627261469,1.0199215239503783,0.019921523950378273,1.0199215239503783,630
1980-07-01,1981-07-01,0.02396255232230815,0.07698113285629093,0.1240773957071458,0.07636968676713066,1.0198146320503934,0.019814632050393355,1.0198146320503934,631
1980-08-01,1981-08-01,-0.06274799647558627,0.07689724269721819,0.12188451671838998,0.07546383494590539,1.0197119977353233,0.019711997735323283,1.0197119977353233,632
1980-09-01,1981-09-01,-0.14766086282652036,0.07667663410452813,0.118779980505507,0.07423159895224665,1.0196140916887007,0.019614091688700652,1.0196140916887007,633
1980-10-01,1981-10-01,-0.11869141427062413,0.0763227894721448,0.11489174886165254,0.0726986078585272,1.0195009740824468,0.019500974082446776,1.0195009740824468,634
1980-11-01,1981-11-01,-0.174392917969329,0.07601568048987267,0.1015559038585383,0.06768166008169675,1.0193407214772854,0.019340721477285383,1.0193407214772854,635
1980-12-01,1981-12-01,-0.16563271458778006,0.07562195627845884,0.1029591336561646,0.06802469040912626,1.019181241439752,0.019181241439752084,1.019181241439752,636
1981-01-01,1982-01-01,-0.14805775001332444,0.07524322053141609,0.10326262591483218,0.06787150576313417,1.018929814140271,0.01892981414027095,1.018929814140271,637
1981-02-01,1982-02-01,-0.20428154024646017,0.07489321901018613,0.10588084759036495,0.06848739782798052,1.0186098841705986,0.018609884170598612,1.0186098841705986,638
1981-03-01,1982-03-01,-0.24983410365400838,0.07445632580321168,0.10267852024950583,0.06704172286312693,1.018340485189323,0.018340485189322964,1.018340485189323,639
1981-04-01,1982-04-01,-0.2080984800627922,0.07394962200718479,0.10439512131200007,0.06744852511770609,1.018133828067685,0.018133828067685043,1.018133828067685,640
1981-05-01,1982-05-01,-0.24099641746787392,0.07350960936745003,0.10673407014655104,0.06810009184999222,1.0179453480546485,0.017945348054648536,1.0179453480546485,641
1981-06-01,1982-06-01,-0.24483626217386711,0.07301972459044795,0.1153266673399688,0.07106941113232519,1.0178025237747534,0.017802523774753443,1.0178025237747534,642
1981-07-01,1982-07-01,-0.2584579608226987,0.07252539179610223,0.11548376025052054,0.0710296536373037,1.0177105584867963,0.017710558486796257,1.0177105584867963,643
1981-08-01,1982-08-01,-0.11024101304198641,0.07201144249079351,0.12879725845486584,0.07573711895035676,1.017592312113956,0.017592312113956066,1.017592312113956,644
1981-09-01,1982-09-01,-0.025143472808565992,0.07172888054423107,0.15073200825503194,0.08359830849689553,1.0174987377540707,0.017498737754070737,1.0174987377540707,645
1981-10-01,1982-10-01,0.03129412757504646,0.07157892334089858,0.1458542712871014,0.081815956489435,1.0174872411224054,0.017487241122405406,1.0174872411224054,646
1981-11-01,1982-11-01,0.04347186056094654,0.07151665935980757,0.143064456338234,0.08086603873697765,1.0175460734782171,0.017546073478217128,1.0175460734782171,647
1981-12-01,1982-12-01,0.09180582973820228,0.07147338034931554,0.15565540535566735,0.0855437496706292,1.017647551680672,0.017647551680672002,1.017647551680672,648
1982-01-01,1983-01-01,0.1707705705127862,0.07150470923897485,0.15937003734032967,0.08712356506120725,1.0178643780094152,0.017864378009415205,1.0178643780094152,649
1982-02-01,1983-02-01,0.2813956034867817,0.07165742594862685,0.17123502421283474,0.09173809001286892,1.0181508522969902,0.018150852296990205,1.0181508522969902,650
1982-03-01,1983-03-01,0.3433099308127421,0.07197960440874689,0.17636965253124764,0.09387038268891748,1.0184001237887443,0.018400123788744338,1.0184001237887443,651
1982-04-01,1983-04-01,0.38331052265924326,0.07239575521611501,0.16925846099827674,0.09155302602763248,1.0186479634602439,0.018647963460243888,1.0186479634602439,652
1982-05-01,1983-05-01,0.4528440333324333,0.07287188809121935,0.1776831632708371,0.09489557886182155,1.0189101871767348,0.01891018717673476,1.0189101871767348,653
1982-06-01,1983-06-01,0.5515342936215788,0.07345288525519672,0.17615199184127633,0.09457959547671835,1.0191340627111192,0.01913406271111917,1.0191340627111192,654
1982-07-01,1983-07-01,0.5397939313834739,0.0741827805351454,0.1820414919229866,0.09681067837590013,1.0192180218718172,0.019218021871817204,1.0192180218718172,655
1982-08-01,1983-08-01,0.37813419254320313,0.07489255363095078,0.16474796543807047,0.09063735095692291,1.0193237170599627,0.01932371705996272,1.0193237170599627,656
1982-09-01,1983-09-01,0.37318988805324627,0.07535410863690549,0.15126012889703389,0.08585269725989401,1.019435302342774,0.01943530234277402,1.019435302342774,657
1982-10-01,1983-10-01,0.1878342729113922,0.07580674659954428,0.12747665711951933,0.0771412256575835,1.0193747029500215,0.019374702950021527,1.0193747029500215,658
1982-11-01,1983-11-01,0.15788771903108012,0.07597674284584452,0.12017110164790712,0.07433262146728314,1.0192299929599515,0.019229992959951536,1.0192299929599515,659
1982-12-01,1983-12-01,0.1306006740705914,0.07610085038551914,0.11499490413102612,0.07227467857330468,1.019062435254109,0.01906243525410889,1.019062435254109,660
1983-01-01,1984-01-01,0.06911138905114034,0.07618330095085209,0.11220813265949303,0.07100902856344685,1.0188219746393554,0.01882197463935542,1.0188219746393554,661
1983-02-01,1984-02-01,-0.007746570459832736,0.07617261830447788,0.10745947877653192,0.06907084167763308,1.0186193490806983,0.01861934908069829,1.0186193490806983,662
1983-03-01,1984-03-01,-0.030045033202725335,0.07604604335913202,0.10306486530992556,0.06725249867515179,1.018407716047288,0.01840771604728797,1.018407716047288,663
1983-04-01,1984-04-01,-0.09803671664941971,0.07588626764141837,0.09257012237461917,0.06320088473991312,1.018178191211906,0.018178191211905892,1.018178191211906,664
1983-05-01,1984-05-01,-0.15708719479261624,0.07562472931917655,0.08971726677287842,0.061899395659447416,1.0179236883447418,0.017923688344741784,1.0179236883447418,665
1983-06-01,1984-06-01,-0.16961815446919437,0.07527531201570536,0.08633989653898193,0.060387352593283095,1.0176493256380545,0.017649325638054547,1.0176493256380545,666
1983-07-01,1984-07-01,-0.1566845728461822,0.07490815539428873,0.09010126958838795,0.061531512772619194,1.0174374649252957,0.017437464925295743,1.0174374649252957,667
1983-08-01,1984-08-01,-0.06717886196121226,0.07456145969332996,0.0873161876344037,0.0602919348118729,1.0172178314551643,0.017217831455164312,1.0172178314551643,668
1983-09-01,1984-09-01,-0.08388009462947699,0.07434959075214229,0.0876659379192376,0.06013051755873743,1.0169412704998262,0.01694127049982619,1.0169412704998262,669
1983-10-01,1984-10-01,-0.058305693491086275,0.07411342704261749,0.09091377114887426,0.06111511373721518,1.0167559599811353,0.016755959981135327,1.0167559599811353,670
1983-11-01,1984-11-01,-0.09585193930102487,0.0739160811103765,0.08739178990242004,0.0596843395927611,1.0166086212244843,0.016608621224484255,1.0166086212244843,671
1983-12-01,1984-12-01,-0.062308314151984345,0.07366345012762143,0.08918975256910808,0.06017140736678739,1.0164505779152773,0.016450577915277265,1.0164505779152773,672
1984-01-01,1985-01-01,0.03172222371005051,0.07346141184488798,0.09065419087268456,0.060569804579797555,1.016323606368671,0.016323606368670918,1.016323606368671,673
1984-02-01,1985-02-01,0.10075992774697418,0.0733994842660529,0.11644809941981843,0.06974935194575807,1.01616189472354,0.016161894723540016,1.01616189472354,674
1984-03-01,1985-03-01,0.08449406546837102,0.07344001825639504,0.11541415705983837,0.06942088679841857,1.0162058519272879,0.01620585192728785,1.0162058519272879,675
1984-04-01,1985-04-01,0.07998700599532071,0.07345637039724111,0.12017371024465573,0.07119654311940157,1.0162538673812616,0.016253867381261555,1.0162538673812616,676
1984-05-01,1985-05-01,0.20921707546669688,0.0734660168309163,0.1290984133155687,0.07455820410032911,1.0163738514666345,0.016373851466634504,1.0163738514666345,677
1984-06-01,1985-06-01,0.2046123716629471,0.07366623963126404,0.15390805824844733,0.0837101884503948,1.0165225521547256,0.016522552154725645,1.0165225521547256,678
1984-07-01,1985-07-01,0.23131846131380618,0.07385909107755521,0.16137883532665304,0.08686300811806105,1.0169382480052778,0.016938248005277767,1.0169382480052778,679
1984-08-01,1985-08-01,0.10300139760796423,0.07409064897496145,0.14723535624129427,0.08221779181368039,1.0173938382385712,0.017393838238571213,1.0173938382385712,680
1984-09-01,1985-09-01,0.06378321129132614,0.07413310235034028,0.15179877985454604,0.08445754142476354,1.0179418831803437,0.017941883180343732,1.0179418831803437,681
1984-10-01,1985-10-01,0.11498973202874585,0.07411792655699863,0.1602228965981932,0.08811050760340564,1.0184983748032856,0.018498374803285644,1.0184983748032856,682
1984-11-01,1985-11-01,0.20732353315576568,0.07417776814626914,0.16833743135359527,0.09175106225007912,1.0191451947205348,0.019145194720534775,1.0191451947205348,683
1984-12-01,1985-12-01,0.2297122217660732,0.07437242569745259,0.1695589703958323,0.09296075332917246,1.0198596612749076,0.01985966127490757,1.0198596612749076,684
1985-01-01,1986-01-01,0.14439689293409996,0.07459919912237029,0.1619209822895062,0.09100378337820009,1.02062796785788,0.020627967857880014,1.02062796785788,685
1985-02-01,1986-02-01,0.21077855655585287,0.07470094503171684,0.14431361558387285,0.08551854124328387,1.0214975802996253,0.02149758029962534,1.0214975802996253,686
1985-03-01,1986-03-01,0.28279696986978564,0.07489902015766171,0.14867797417865508,0.08753463357165765,1.0218979110146802,0.021897911014680194,1.0218979110146802,687
1985-04-01,1986-04-01,0.28108147658472715,0.07520119741015029,0.14786892170816585,0.08769122059907793,1.0223222399254612,0.02232223992546123,1.0223222399254612,688
1985-05-01,1986-05-01,0.2743471944386906,0.07550000768471424,0.14677885462988022,0.08766273641949926,1.0226691676271422,0.022669167627142217,1.0226691676271422,689
1985-06-01,1986-06-01,0.27426396522188345,0.0757881920133432,0.15444572178504637,0.09091414453251466,1.0230958511343091,0.02309585113430912,1.0230958511343091,690
1985-07-01,1986-07-01,0.20285999930553222,0.07607542178643806,0.1574960111265164,0.09227046855287614,1.0233237805769586,0.023323780576958608,1.0233237805769586,691
1985-08-01,1986-08-01,0.29004349187652956,0.07625863649383559,0.1575051213809566,0.0925105526207585,1.0235455941468292,0.02354559414682922,1.0235455941468292,692
1985-09-01,1986-09-01,0.2385135327157779,0.07656712834864468,0.16458583520224684,0.09527842208615199,1.023716647769403,0.023716647769403076,1.023716647769403,693
1985-10-01,1986-10-01,0.24437232894924965,0.07680048051632064,0.15222469743617212,0.09090196801998617,1.0238450482785308,0.023845048278530845,1.0238450482785308,694
1985-11-01,1986-11-01,0.18175330215154628,0.07704159108960547,0.14934844718591714,0.08988090318930846,1.0238725130125204,0.023872513012520358,1.0238725130125204,695
1985-12-01,1986-12-01,0.10027893764063722,0.07719203895032661,0.14396984295874507,0.08797321799114344,1.0239256255640141,0.02392562556401412,1.0239256255640141,696
1986-01-01,1987-01-01,0.22624399363569614,0.07722516219091533,0.13824378655344438,0.08590807437359424,1.0239501090313206,0.023950109031320554,1.0239501090313206,697
1986-02-01,1987-02-01,0.19105607450337736,0.07743865621877316,0.1269624714235867,0.08171663997577178,1.0238824387112062,0.02388243871120621,1.0238824387112062,698
1986-03-01,1987-03-01,0.15130579571209002,0.07760119902032478,0.11806251523241468,0.07853571652344021,1.0239480698745422,0.023948069874542233,1.0239480698745422,699
1986-04-01,1987-04-01,0.14198894299361298,0.07770649130131306,0.12220948314450372,0.08009188891767427,1.0239876045078906,0.023987604507890614,1.0239876045078906,700
1986-05-01,1987-05-01,0.09250896631058914,0.07779819237362733,0.1105517853662874,0.07592824939283538,1.0240769918368182,0.024076991836818218,1.0240769918368182,701
1986-06-01,1987-06-01,0.12269821057744856,0.07781914789205605,0.09623337770030119,0.07067553461641565,1.0240550148923824,0.024055014892382376,1.0240550148923824,702
1986-07-01,1987-07-01,0.2451407958469045,0.07788298724153739,0.1082581505380982,0.07483979935857268,1.0238381784250363,0.023838178425036327,1.0238381784250363,703
1986-08-01,1987-08-01,0.21390260234078595,0.07812056935603366,0.1034727687197021,0.07288544109108622,1.0236407505984346,0.023640750598434623,1.0236407505984346,704
1986-09-01,1987-09-01,0.29615470475838124,0.07831316798438079,0.1179107111092168,0.07799376335580407,1.0234861556151913,0.023486155615191295,1.0234861556151913,705
1986-10-01,1987-10-01,-0.03672667200581947,0.07862172540190775,0.11911109331593256,0.07829458014400166,1.023355789568375,0.02335578956837492,1.023355789568375,706
1986-11-01,1987-11-01,-0.11839273101977932,0.07845857349609764,0.11284493376192117,0.07598320304017189,1.0233326778137832,0.02333267781378323,1.0233326778137832,707
1986-12-01,1987-12-01,-0.029986393516016396,0.07818053493039728,0.1254460887957756,0.08045023934198448,1.023207541822329,0.02320754182232898,1.023207541822329,708
1987-01-01,1988-01-01,-0.10388667394421369,0.0780279722668621,0.11234578876043255,0.07559697933570131,1.0231385837816331,0.023138583781633137,1.0231385837816331,709
1987-02-01,1988-02-01,-0.10349126633518724,0.07777175445529723,0.11100820288893007,0.07511092629641385,1.0231405316558262,0.02314053165582619,1.0231405316558262,710
1987-03-01,1988-03-01,-0.1377927200200043,0.077516813497786,0.1130518327412672,0.07589808264014422,1.0231799143314628,0.023179914331462825,1.0231799143314628,711
1987-04-01,1988-04-01,-0.11485276825064827,0.07721441246756437,0.1174068079126877,0.07757517638330273,1.0232633374873938,0.023263337487393843,1.0232633374873938,712
1987-05-01,1988-05-01,-0.1187815515963303,0.07694503353247573,0.11676100436800785,0.07740471426529186,1.023325290911657,0.023325290911657026,1.023325290911657,713
1987-06-01,1988-06-01,-0.11389779401082478,0.0766709066625474,0.10456422050075243,0.07306485070530133,1.0234318146227006,0.02343181462270061,1.0234318146227006,714
1987-07-01,1988-07-01,-0.15758413933869198,0.07640437701125599,0.09940301323078807,0.07137938818028693,1.0236214268754331,0.023621426875433116,1.0236214268754331,715
1987-08-01,1988-08-01,-0.21364128867825793,0.07607757740741525,0.09357281079370199,0.06940232783764796,1.0237664128399693,0.023766412839969275,1.0237664128399693,716
1987-09-01,1988-09-01,-0.1678255653999151,0.07567350646447851,0.09993530651527754,0.0718176941079507,1.0238544837211185,0.023854483721118536,1.0238544837211185,717
1987-10-01,1988-10-01,0.09839096155069771,0.07533437126689577,0.13676482767250364,0.08537619939825208,1.0239578841861505,0.023957884186150524,1.0239578841861505,718
1987-11-01,1988-11-01,0.16688114609619165,0.07536643884726264,0.1496068706572898,0.09006962750154913,1.0239611458317923,0.02396114583179232,1.0239611458317923,719
1987-12-01,1988-12-01,0.10747344624464983,0.07549354260733063,0.13072095654449725,0.08321214422636908,1.0239987096536058,0.023998709653605843,1.0239987096536058,720
1988-01-01,1989-01-01,0.12358506397065483,0.07553789753609251,0.12352143086209408,0.08048547609716289,1.0239065302032164,0.023906530203216425,1.0239065302032164,721
1988-02-01,1989-02-01,0.049544184672109415,0.07560444485802405,0.11781908519231932,0.07826295461804916,1.0237734998951513,0.023773499895151318,1.0237734998951513,722
1988-03-01,1989-03-01,0.0904404979937754,0.07556840023812651,0.11969528309028962,0.07877569051804947,1.023609978317605,0.02360997831760492,1.023609978317605,723
1988-04-01,1989-04-01,0.1292376749085855,0.0755889418096122,0.12132512453631594,0.07914583887289031,1.0233967225314688,0.02339672253146885,1.0233967225314688,724
1988-05-01,1989-05-01,0.16972617584704142,0.07566294006216254,0.12940540896665173,0.08187893183345926,1.0231922163007825,0.023192216300782498,1.0231922163007825,725
1988-06-01,1989-06-01,0.1022798930455453,0.07579250374781663,0.12668026918715028,0.080734838710154,1.0230505942028696,0.02305059420286959,1.0230505942028696,726
1988-07-01,1989-07-01,0.19482022507354757,0.07582893757078463,0.13000909388808904,0.08190360472073295,1.0230072359953304,0.02300723599533039,1.0230072359953304,727
1988-08-01,1989-08-01,0.25587916056741333,0.07599238714153016,0.13599540914042296,0.08405271379489028,1.0229741296396553,0.022974129639655283,1.0229741296396553,728
1988-09-01,1989-09-01,0.20740054544093,0.07623914540411714,0.12635397583880575,0.08052217363882434,1.0229619734647757,0.022961973464775687,1.0229619734647757,729
1988-10-01,1989-10-01,0.1516429679276019,0.0764188185548525,0.12913403732986198,0.0814521330321115,1.0228822006045528,0.022882200604552816,1.0228822006045528,730
1988-11-01,1989-11-01,0.19241030175122975,0.07652172436794788,0.13898726952985582,0.08502201544574825,1.022858849884543,0.02285884988454301,1.022858849884543,731
1988-12-01,1989-12-01,0.19072799769560977,0.07668004209661358,0.16105736133165346,0.09311496693886347,1.0228977151536565,0.02289771515365646,1.0228977151536565,732
1989-01-01,1990-01-01,0.035141630351059217,0.07683563275909518,0.15544659662790403,0.09139974471728737,1.0232087145845745,0.02320871458457452,1.0232087145845745,733
1989-02-01,1990-02-01,0.07129855701732857,0.07677882894110054,0.15430074813170808,0.09137157547477681,1.0235744800675737,0.023574480067573678,1.0235744800675737,734
1989-03-01,1990-03-01,0.07343761155724726,0.07677137278882332,0.1483504690234908,0.08952259733263034,1.023878272387813,0.023878272387813038,1.023878272387813,735
1989-04-01,1990-04-01,-0.005811221215293649,0.0767668432219326,0.1369442056343104,0.08567001880018257,1.0241732617683603,0.02417326176836032,1.0241732617683603,736
1989-05-01,1990-05-01,0.04091757873639268,0.0766547970015293,0.13005910841239024,0.08340066378751651,1.0244055198884934,0.024405519888493377,1.0244055198884934,737
1989-06-01,1990-06-01,0.04401329187781444,0.07660637258653588,0.12858660433334598,0.08301438606284692,1.0245490500626533,0.024549050062653288,1.0245490500626533,738
1989-07-01,1990-07-01,-0.045832236274639504,0.07656226828246455,0.12149529691486094,0.08050118071978415,1.0246230716355336,0.024623071635533567,1.0246230716355336,739
1989-08-01,1990-08-01,-0.1526432043066971,0.07639687030333332,0.12152707519029579,0.08061894388978733,1.0247237311033002,0.024723731103300173,1.0247237311033002,740
1989-09-01,1990-09-01,-0.19627021103848163,0.07608777438618078,0.12153394179976401,0.08075216315496414,1.0248476795147066,0.024847679514706567,1.0248476795147066,741
1989-10-01,1990-10-01,-0.18106988627405596,0.07572071510663272,0.11957356127741875,0.08020469022617405,1.025008126037737,0.025008126037737055,1.025008126037737,742
1989-11-01,1990-11-01,-0.14037097405539878,0.07537510191500324,0.11455156036844549,0.07841824632535829,1.0250551655214848,0.02505516552148479,1.0250551655214848,743
1989-12-01,1990-12-01,-0.1307525926663743,0.0750851206300968,0.09236412321553003,0.07027144945479936,1.0250214638207553,0.02502146382075532,1.0250214638207553,744
1990-01-01,1991-01-01,-0.013543880175441503,0.07480882839748408,0.10391585633601699,0.07411506474274356,1.024659439856397,0.02465943985639707,1.024659439856397,745
1990-02-01,1991-02-01,0.044280590739366854,0.07469039313130055,0.10272849569524675,0.07327587392781719,1.0242726775669329,0.024272677566932854,1.0242726775669329,746
1990-03-01,1991-03-01,0.05226404147558883,0.07464968389115069,0.1005000783047944,0.07208956131911126,1.0239171662311313,0.02391716623113127,1.0239171662311313,747
1990-04-01,1991-04-01,0.08657014996525403,0.07461975656171813,0.10457989049417907,0.07322756519486837,1.0235815469629184,0.023581546962918365,1.0235815469629184,748
1990-05-01,1991-05-01,0.03709822516621464,0.07463571169309803,0.09139023657445071,0.06809058508922523,1.023273205762161,0.023273205762160964,1.023273205762161,749
1990-06-01,1991-06-01,-0.0020533067108736702,0.07458566171106215,0.09419166506631999,0.06878160287954686,1.0229560256362957,0.02295602563629573,1.0229560256362957,750
1990-07-01,1991-07-01,0.06001492286007326,0.07448361248546705,0.08945380589456675,0.06675627002818253,1.0226715446700594,0.022671544670059385,1.0226715446700594,751
1990-08-01,1991-08-01,0.21000822459860258,0.07446437220670986,0.10452403396865004,0.07186850688329588,1.0223047807502612,0.02230478075026121,1.0223047807502612,752
1990-09-01,1991-09-01,0.27105054388965577,0.07464437732276819,0.11070245215816824,0.07372411587885896,1.0219268117813753,0.021926811781375344,1.0219268117813753,753
1990-10-01,1991-10-01,0.31425284368032114,0.07490486295481975,0.11301670541479661,0.07415481339835703,1.0215342350702163,0.021534235070216345,1.0215342350702163,754
1990-11-01,1991-11-01,0.18382616650920314,0.07522188014783365,0.1013368600165162,0.06953580535179305,1.0211870843903659,0.021187084390365873,1.0211870843903659,755
1990-12-01,1991-12-01,0.2787609967774973,0.07536553661127461,0.09681513203767098,0.06752670052649934,1.0208407019042993,0.02084070190429932,1.0208407019042993,756
1991-01-01,1992-01-01,0.2146474057055774,0.0756342228202128,0.0812269589890276,0.06165393528197353,1.0206510756218992,0.020651075621899162,1.0206510756218992,757
1991-02-01,1992-02-01,0.1440308810631572,0.0758176175205893,0.0726185041283807,0.05822589565083813,1.020367249674544,0.020367249674543952,1.020367249674544,758
1991-03-01,1992-03-01,0.08440401495770056,0.0759074900680762,0.0675436219741405,0.05607539993353617,1.0200739691232235,0.020073969123223456,1.0200739691232235,759
1991-04-01,1992-04-01,0.09903403223793217,0.07591866970608885,0.06701077200353947,0.05555493602049916,1.0197584415697807,0.019758441569780683,1.0197584415697807,760
1991-05-01,1992-05-01,0.06332257312587575,0.07594904468970495,0.06373134572398699,0.054030773080040874,1.0194379009553387,0.019437900955338705,1.0194379009553387,761
1991-06-01,1992-06-01,0.0936033078333649,0.075932474517049,0.0650446150497574,0.054199953055075224,1.0191398415495305,0.019139841549530523,1.0191398415495305,762
1991-07-01,1992-07-01,0.08758993662686176,0.07595563419374143,0.05902921804840017,0.05165771156193374,1.0187952219097247,0.018795221909724713,1.0187952219097247,763
1991-08-01,1992-08-01,0.038118924031363965,0.07597086233828738,0.05203582699926387,0.04879971999413871,1.0184875203317467,0.01848752033174672,1.0184875203317467,764
1991-09-01,1992-09-01,0.06743020477899364,0.07592138268036984,0.053888788164755785,0.0490929895546858,1.0181189117906617,0.018118911790661718,1.0181189117906617,765
1991-10-01,1992-10-01,0.06416067047040408,0.07591029759172575,0.051634970391698384,0.04792325615374736,1.0177776929188853,0.017777692918885313,1.0177776929188853,766
1991-11-01,1992-11-01,0.15611805816362923,0.07589497865154152,0.05475182695687959,0.048695852737833396,1.0174295715727348,0.017429571572734837,1.0174295715727348,767
1991-12-01,1992-12-01,0.05879242586651601,0.07599943578632287,0.04609595682662235,0.04521420261598183,1.0170980827488192,0.017098082748819188,1.0170980827488192,768
1992-01-01,1993-01-01,0.07456265595921385,0.07597705996067942,0.045743578769482,0.04475169891105896,1.0167723694372937,0.016772369437293655,1.0167723694372937,769
1992-02-01,1993-02-01,0.0644818620905756,0.07597522307236586,0.044556765905576376,0.04406948128588213,1.0165271814445034,0.01652718144450338,1.0165271814445034,770
1992-03-01,1993-03-01,0.11848553172472065,0.07596031598938037,0.047911981489381,0.0450369576025475,1.0162850639698862,0.01628506396988616,1.0162850639698862,771
1992-04-01,1993-04-01,0.07352543590953298,0.07601540046572149,0.04581739540050141,0.044069430074827845,1.0160823380098694,0.016082338009869357,1.0160823380098694,772
1992-05-01,1993-05-01,0.10065954609554384,0.07601217929553239,0.043794001846857056,0.04311794267749012,1.0158698173771217,0.015869817377121676,1.0158698173771217,773
1992-06-01,1993-06-01,0.13068203585891935,0.07604402343868485,0.04646170244016941,0.04383888327250135,1.015630837888037,0.015630837888036986,1.015630837888037,774
1992-07-01,1993-07-01,0.08630097307714268,0.07611452409987227,0.043199767890630486,0.042464874688726284,1.0154433986139142,0.015443398613914194,1.0154433986139142,775
1992-08-01,1993-08-01,0.1535265556742913,0.07612765096711102,0.045134291505556715,0.04299088156063562,1.0152734261874343,0.015273426187434325,1.0152734261874343,776
1992-09-01,1993-09-01,0.13898065847966068,0.07622726345708161,0.044537236527045915,0.04266972280075825,1.0151712327086593,0.015171232708659277,1.0151712327086593,777
1992-10-01,1993-10-01,0.1431919572058893,0.07630792334785616,0.04324891301637024,0.042095629516282054,1.0150663936302864,0.01506639363028639,1.0150663936302864,778
1992-11-01,1993-11-01,0.07820594559052485,0.0763937821846444,0.04056148836791876,0.04101955908143802,1.0149658382044517,0.014965838204451742,1.0149658382044517,779
1992-12-01,1993-12-01,0.07895901566887775,0.07639610547106218,0.0392066857341634,0.04043844618326599,1.014877386440303,0.014877386440302898,1.014877386440303,780
1993-01-01,1994-01-01,0.09921136758271532,0.07639938704621944,0.03872750023222464,0.04017486347264682,1.0147894516544202,0.01478945165442025,1.0147894516544202,781
1993-02-01,1994-02-01,0.07079177577129925,0.07642855837682878,0.03883448301056851,0.04013409642994328,1.0147119067654713,0.014711906765471294,1.0147119067654713,782
1993-03-01,1994-03-01,-0.0023129300029454125,0.07642135942075531,0.03795102054535429,0.03974402780363882,1.0146432662153115,0.014643266215311534,1.0146432662153115,783
1993-04-01,1994-04-01,0.03602147100180142,0.07632093303118423,0.0399756015092695,0.04039954073828893,1.014568036913552,0.014568036913551907,1.014568036913552,784
1993-05-01,1994-05-01,0.012694653755467744,0.0762695961368793,0.03850210330649016,0.03980432212661808,1.0145075189591937,0.014507518959193666,1.0145075189591937,785
1993-06-01,1994-06-01,-0.020451421278617987,0.07618871198626682,0.03904567621833624,0.03997841847196186,1.014485486501791,0.014485486501790934,1.014485486501791,786
1993-07-01,1994-07-01,0.009872269714330306,0.07606591639126699,0.039354574296215375,0.04006889683570944,1.0144647219457652,0.014464721945765202,1.0144647219457652,787
1993-08-01,1994-08-01,0.011749939235119466,0.07598191430157542,0.03707345544453079,0.039233209992792215,1.014454630175661,0.014454630175660954,1.014454630175661,788
1993-09-01,1994-09-01,-0.009646715404226791,0.07590050495421616,0.037249638275370034,0.039289737613779394,1.0144475849368222,0.014447584936822189,1.0144475849368222,789
1993-10-01,1994-10-01,-0.010743828338655392,0.07579221733350927,0.0371606750589409,0.03924817891698032,1.0144384378461893,0.014438437846189256,1.0144384378461893,790
1993-11-01,1994-11-01,-0.03165521321154596,0.07568281651723596,0.03912027386501182,0.03997275533333906,1.0144536333640537,0.014453633364053697,1.0144536333640537,791
1993-12-01,1994-12-01,-0.03957614153489042,0.07554728870192187,0.038823209394236155,0.039889574813842824,1.0144773409109622,0.0144773409109622,1.0144773409109622,792
1994-01-01,1995-01-01,-0.05040068512834228,0.07540211413667998,0.03742896993226612,0.03942878975292112,1.0145199754957788,0.01451997549577877,1.0145199754957788,793
1994-02-01,1995-02-01,0.009323956040262926,0.07524367232400363,0.03985128716819265,0.04035973000446666,1.014573081638716,0.014573081638715957,1.014573081638716,794
1994-03-01,1995-03-01,0.08355666318318211,0.07516075444188572,0.04297112863607826,0.04155139085691768,1.0146341877906038,0.01463418779060377,1.0146341877906038,795
1994-04-01,1995-04-01,0.09855657339674595,0.07517130206593259,0.04423866691109678,0.04205125192461913,1.0146742732488767,0.014674273248876712,1.0146742732488767,796
1994-05-01,1995-05-01,0.12351009800882551,0.07520064368617198,0.044367976512874774,0.04217588485479952,1.0147500616986365,0.014750061698636463,1.0147500616986365,797
1994-06-01,1995-06-01,0.19100056076089555,0.07526118184948358,0.04612438294215737,0.042891278847255666,1.0148276333356727,0.014827633335672719,1.0148276333356727,798
1994-07-01,1995-07-01,0.2013998476284493,0.07540603714223879,0.044021586609993515,0.042182372108465274,1.014878459737759,0.01487845973775892,1.014878459737759,799
1994-08-01,1995-08-01,0.16148528523916839,0.07556352940534657,0.04317636068202675,0.04192426624911398,1.0149250565061902,0.014925056506190248,1.0149250565061902,800
1994-09-01,1995-09-01,0.2293545139291533,0.07567079751500179,0.04573752955707382,0.042931312341969785,1.0150028655770353,0.01500286557703534,1.0150028655770353,801
1994-10-01,1995-10-01,0.19441406450083987,0.07586242309656553,0.044451484110276634,0.04255862928730787,1.0150932962463135,0.015093296246313503,1.0150932962463135,802
1994-11-01,1995-11-01,0.2963338421237087,0.07601005901363189,0.05345097196829224,0.045894401572222014,1.0151686001388438,0.015168600138843802,1.0151686001388438,803
1994-12-01,1995-12-01,0.2993096385525018,0.07628409356973895,0.05434966611144293,0.04638275749006674,1.0153267304655456,0.015326730465545557,1.0153267304655456,804
1995-01-01,1996-01-01,0.30452370779791016,0.07656114393617718,0.05429172640041295,0.04653680561047475,1.0154965686284023,0.015496568628402319,1.0154965686284023,805
1995-02-01,1996-02-01,0.2755746932072063,0.07684397590126615,0.05203179011217546,0.045905545639870746,1.0156784129242558,0.015678412924255758,1.0156784129242558,806
1995-03-01,1996-03-01,0.25672895672256213,0.0770902345348547,0.05148368546246199,0.04589527065988548,1.0158612824763653,0.015861282476365313,1.0158612824763653,807
1995-04-01,1996-04-01,0.2556152509460199,0.07731255968607711,0.049601728817018326,0.0454350120190886,1.016076662795837,0.016076662795837082,1.016076662795837,808
1995-05-01,1996-05-01,0.24915700991292633,0.07753295856278904,0.05222856479737832,0.04656951641796772,1.0162539338114243,0.01625393381142426,1.0162539338114243,809
1995-06-01,1996-06-01,0.20257637098556658,0.07774484010766575,0.051434016331225754,0.04654276549322855,1.0165076740596184,0.016507674059618394,1.0165076740596184,810
1995-07-01,1996-07-01,0.0905954754412861,0.07789876308038818,0.05581043690761159,0.04843430478408981,1.0168033609629472,0.01680336096294721,1.0168033609629472,811
1995-08-01,1996-08-01,0.11469491187825209,0.07791439942566022,0.05437105771610189,0.04836590266757423,1.017243486343834,0.01724348634383399,1.017243486343834,812
1995-09-01,1996-09-01,0.13149363646615186,0.07795963990838173,0.05203199279466464,0.047907992023535184,1.0176229162856767,0.017622916285676693,1.0176229162856767,813
1995-10-01,1996-10-01,0.15940328142104798,0.0780254064889195,0.056805212749388476,0.0500241658450144,1.0179949733214178,0.01799497332141775,1.0179949733214178,814
1995-11-01,1996-11-01,0.1838720144619499,0.07812525664221048,0.05252416261495378,0.04892221756446677,1.0184342243893507,0.018434224389350717,1.0184342243893507,815
1995-12-01,1996-12-01,0.15212784360537346,0.07825484825718566,0.05175885682801705,0.048964740150174574,1.0187454980695165,0.01874549806951653,1.0187454980695165,816
1996-01-01,1997-01-01,0.18300259173577804,0.07834526808013326,0.05393748940624164,0.05005035737266986,1.0190308360056461,0.019030836005646146,1.0190308360056461,817
1996-02-01,1997-02-01,0.1620284220995838,0.0784732110185876,0.05254803109051161,0.04988384836353381,1.0193594789362517,0.019359478936251673,1.0193594789362517,818
1996-03-01,1997-03-01,0.09648064612618734,0.07857523203333847,0.052518668658753,0.050193655731028276,1.0196706468457084,0.019670646845708406,1.0196706468457084,819
1996-04-01,1997-04-01,0.11754570937004805,0.07859706790418344,0.050738953341843696,0.049849475973571464,1.0199650769509176,0.01996507695091765,1.0199650769509176,820
1996-05-01,1997-05-01,0.16550419617361745,0.07864450839317959,0.04511576973900956,0.04810718630970776,1.0202603259457068,0.020260325945706814,1.0202603259457068,821
1996-06-01,1997-06-01,0.22769665488958735,0.07875017711310715,0.04443589683072842,0.04800247121495997,1.020399248020257,0.020399248020257055,1.020399248020257,822
1996-07-01,1997-07-01,0.4031069052565357,0.0789311570375014,0.04529177212961108,0.04840643356414885,1.0204892656372637,0.02048926563726372,1.0204892656372637,823
1996-08-01,1997-08-01,0.30939541633713197,0.07932457420767013,0.04229357118183104,0.04723169827694397,1.020407912534936,0.0204079125349359,1.020407912534936,824
1996-09-01,1997-09-01,0.3132501725006638,0.07960344795570584,0.0402841994080925,0.046416371090424145,1.0203259657697143,0.02032596576971435,1.0203259657697143,825
1996-10-01,1997-10-01,0.2528980637503293,0.07988631323965861,0.03787821775634938,0.04547415430517146,1.0202609123481805,0.020260912348180504,1.0202609123481805,826
1996-11-01,1997-11-01,0.2139163862774789,0.08009551729106207,0.031792271020613994,0.043117584247958626,1.0201220552839667,0.02012205528396671,1.0201220552839667,827
1996-12-01,1997-12-01,0.2525676267454655,0.0802571366980505,0.03230625996951747,0.043138801092057526,1.0199599487820352,0.01995994878203522,1.0199599487820352,828
1997-01-01,1998-01-01,0.19393866033911777,0.08046499012392197,0.026618435667633153,0.04089325673382299,1.0197870838348413,0.01978708383484129,1.0197870838348413,829
1997-02-01,1998-02-01,0.285655831025307,0.08060170538924145,0.028040522846541696,0.04114265653264924,1.0195248094228866,0.01952480942288659,1.0195248094228866,830
1997-03-01,1998-03-01,0.420963940852781,0.08084846125643286,0.030977462690184483,0.041965719677195285,1.019285266310868,0.01928526631086802,1.019285266310868,831
1997-04-01,1998-04-01,0.37489026266820114,0.0812572539001785,0.028630077465025376,0.040861586275017375,1.0190397511357698,0.019039751135769833,1.0190397511357698,832
1997-05-01,1998-05-01,0.24622912515794426,0.08160975451094438,0.024655409967130767,0.03917175717206401,1.018799319392744,0.01879931939274404,1.018799319392744,833
1997-06-01,1998-06-01,0.23497631372592243,0.0818071398474516,0.026957890569822007,0.0398124556826253,1.0186073765174828,0.018607376517482788,1.0186073765174828,834
1997-07-01,1998-07-01,0.12103448007926487,0.081990575983833,0.023709066792920883,0.03854528234170888,1.018522159723786,0.018522159723785903,1.018522159723786,835
1997-08-01,1998-08-01,-0.01867759377284184,0.08203727921839692,0.027113906610025294,0.03977136569327476,1.0185116057464834,0.01851160574648336,1.0185116057464834,836
1997-09-01,1998-09-01,-0.011968595254004288,0.08191695081577895,0.025257140079839396,0.03912489106729346,1.0185390665867047,0.018539066586704678,1.0185390665867047,837
1997-10-01,1998-10-01,0.10120031227247228,0.08180491555793915,0.028386498298451357,0.04028897995217563,1.0185657819122784,0.018565781912278423,1.0185657819122784,838
1997-11-01,1998-11-01,0.13412390364471394,0.08182803283650233,0.030440860630493866,0.04111610616103355,1.0186448547940632,0.018644854794063193,1.0186448547940632,839
1997-12-01,1998-12-01,0.18804370001327952,0.08189028982555968,0.030415678740116137,0.0413207020123007,1.0188539878497327,0.01885398784973269,1.0188539878497327,840
1998-01-01,1999-01-01,0.2281511490059236,0.08201651266763789,0.030174062227115564,0.04148014746302921,1.019095918651542,0.019095918651542032,1.019095918651542,841
1998-02-01,1999-02-01,0.09898570005819729,0.08219006924286149,0.025426642942415915,0.04006745601825346,1.0194025519182552,0.01940255191825524,1.0194025519182552,842
1998-03-01,1999-03-01,0.08455167831351273,0.08220999288558432,0.023436518459749367,0.03961035090172935,1.0196639009326636,0.01966390093266357,1.0196639009326636,843
1998-04-01,1999-04-01,0.12276787409526624,0.08221276739438517,0.023372323392428514,0.039874532840122344,1.0199459184936934,0.019945918493693426,1.0199459184936934,844
1998-05-01,1999-05-01,0.13083964884202182,0.08226076160349863,0.025530643445224085,0.04095383578241507,1.020234229067787,0.020234229067787046,1.020234229067787,845
1998-06-01,1999-06-01,0.14809430375935095,0.0823181834560264,0.02156126366885927,0.039814933606838715,1.0205340217033434,0.020534021703343397,1.0205340217033434,846
1998-07-01,1999-07-01,0.13601221832077437,0.08239584121317324,0.023178289190847433,0.04053556572234439,1.0206635633318233,0.020663563331823287,1.0206635633318233,847
1998-08-01,1999-08-01,0.3384752201904049,0.08245906807296988,0.033271837763222734,0.044331850755658916,1.0207827611251779,0.02078276112517785,1.0207827611251779,848
1998-09-01,1999-09-01,0.22410341892385754,0.0827606183110352,0.027657467170258188,0.04238000566293799,1.0208730425534893,0.020873042553489318,1.0208730425534893,849
1998-10-01,1999-10-01,0.2126835392631341,0.082926903958815,0.024495996791784796,0.04125837757479852,1.0209019391846466,0.020901939184646556,1.0209019391846466,850
1998-11-01,1999-11-01,0.1811353059834735,0.08307937944095871,0.01782351313903855,0.038853540796839586,1.0209262163119635,0.020926216311963453,1.0209262163119635,851
1998-12-01,1999-12-01,0.19764507847533053,0.08319446855661894,0.015556233729130668,0.03789973801002096,1.020800092528252,0.0208000925282521,1.020800092528252,852
1999-01-01,2000-01-01,0.10207944115491685,0.08332864277692227,0.013668328705477982,0.037082178842086255,1.0206719366337222,0.020671936633722243,1.0206719366337222,853
1999-02-01,2000-02-01,0.17723671860880863,0.083350599215304,0.015369486655958359,0.0375658062757212,1.02053851542117,0.02053851542116991,1.02053851542117,854
1999-03-01,2000-03-01,0.19528752886959944,0.08346040754208002,0.014365206068907677,0.0370742979823479,1.020414572444641,0.020414572444640955,1.020414572444641,855
1999-04-01,2000-04-01,0.0736070877174837,0.08359104670250936,0.014378982989598728,0.036954408166511146,1.0202916757314273,0.020291675731427317,1.0202916757314273,856
1999-05-01,2000-05-01,0.05296819819380927,0.0835793968087112,0.015333652686905147,0.03721002631380846,1.0202013987923362,0.020201398792336178,1.0202013987923362,857
1999-06-01,2000-06-01,0.050623757502315625,0.0835437194210481,0.017894602451930045,0.038038840405981156,1.0201001571692587,0.020100157169258726,1.0201001571692587,858
1999-07-01,2000-07-01,0.06232118781985174,0.08350539583324983,0.020107334091341876,0.038907947919981485,1.0201630566265683,0.020163056626568254,1.0201630566265683,859
1999-08-01,2000-08-01,0.15321173096835317,0.0834807630332343,0.022253264963604157,0.03975393172661089,1.020227019684353,0.02022701968435303,1.020227019684353,860
1999-09-01,2000-09-01,0.12254247513858307,0.08356175138159097,0.024272520547106664,0.04059264121137225,1.02032895298058,0.020328952980579906,1.02032895298058,861
1999-10-01,2000-10-01,0.027947189025413488,0.08360697263884966,0.020223899604067445,0.03927055476590889,1.020477461068173,0.020477461068173053,1.020477461068173,862
1999-11-01,2000-11-01,-0.11262595006574927,0.08354247694520724,0.020460742431254383,0.039471326733590634,1.0205899501638336,0.02058995016383358,1.0205899501638336,863
1999-12-01,2000-12-01,-0.1682447657514724,0.08331543015468526,0.017238259411456673,0.03855903441695585,1.0208462020184492,0.020846202018449222,1.0208462020184492,864
2000-01-01,2001-01-01,-0.09745056870664037,0.0830246091189556,0.01997410051471106,0.039812242590273106,1.0210986812192575,0.02109868121925751,1.0210986812192575,865
2000-02-01,2001-02-01,-0.20844437550318706,0.08281620822077362,0.019449230880225314,0.03989673040607214,1.021369407011105,0.021369407011105013,1.021369407011105,866
2000-03-01,2001-03-01,-0.3053106528868258,0.08248026752443685,0.0178702229762661,0.039617773630145875,1.021660534309908,0.021660534309908108,1.021660534309908,867
2000-04-01,2001-04-01,-0.19596023064227797,0.0820335037912442,0.020710671130584175,0.040951231291360995,1.0219535317367694,0.021953531736769394,1.0219535317367694,868
2000-05-01,2001-05-01,-0.15175410308246262,0.08171360306117105,0.023671306695333245,0.042263162848603215,1.022181860383618,0.022181860383617913,1.022181860383618,869
2000-06-01,2001-06-01,-0.20636382392369856,0.0814452493759485,0.016486521497064144,0.03989692273000034,1.0224307247556115,0.022430724755611475,1.0224307247556115,870
2000-07-01,2001-07-01,-0.20392805564389993,0.08111481415976063,0.017194094766188023,0.04014793506635793,1.02242383388477,0.022423833884769984,1.02242383388477,871
2000-08-01,2001-08-01,-0.3053299233354405,0.0807879301347564,0.012900741160455469,0.03855543349336041,1.0223973485631905,0.022397348563190533,1.0223973485631905,872
2000-09-01,2001-09-01,-0.33269872612784623,0.08034564164280888,0.01873855481268337,0.04060292303591336,1.022317526481504,0.02231752648150409,1.022317526481504,873
2000-10-01,2001-10-01,-0.29716764305413446,0.07987305083300268,0.024053340782892722,0.04252707875957151,1.022304080464955,0.022304080464955023,1.022304080464955,874
2000-11-01,2001-11-01,-0.1510739011195893,0.07944214718284594,0.03467737700372869,0.04649783508153426,1.0223989348994358,0.022398934899435785,1.0223989348994358,875
2000-12-01,2001-12-01,-0.14794034777141285,0.07917900100898467,0.03482023774203297,0.0466792876182537,1.0225253084794128,0.02252530847941281,1.0225253084794128,876
2001-01-01,2002-01-01,-0.18751030246661105,0.07892002797730807,0.03263496907046978,0.04601740216631678,1.022657357388133,0.022657357388133015,1.022657357388133,877
2001-02-01,2002-02-01,-0.11553531757201652,0.07861657657589133,0.03906955016807183,0.04848580438703978,1.0227758360472363,0.02277583604723632,1.0227758360472363,878
2001-03-01,2002-03-01,-0.00444322651220963,0.07839569842555237,0.04248055174250327,0.04982233525130836,1.0228657270852273,0.022865727085227272,1.0228657270852273,879
2001-04-01,2002-04-01,-0.12576216883845026,0.07830156328357765,0.0351797265586911,0.04719901958647904,1.0229049217841801,0.022904921784180132,1.0229049217841801,880
2001-05-01,2002-05-01,-0.14400905071188874,0.07806993589183873,0.03436722052348207,0.04691604915513658,1.022918067659094,0.0229180676590941,1.022918067659094,881
2001-06-01,2002-06-01,-0.18958128399398955,0.07781814565759411,0.03453047511108019,0.04696371137099038,1.0229064427146368,0.02290644271463682,1.0229064427146368,882
2001-07-01,2002-07-01,-0.2384986992009308,0.07751531504643717,0.03461612936252394,0.047081040220812845,1.0229905420118903,0.022990542011890325,1.0229905420118903,883
2001-08-01,2002-08-01,-0.1816051888763328,0.07715783312986778,0.03982249516098049,0.04905874085065537,1.0230667217438263,0.02306672174382629,1.0230667217438263,884
2001-09-01,2002-09-01,-0.19043755676751883,0.07686544553438053,0.040431404384717554,0.04940013640052027,1.0231829568885455,0.023182956888545547,1.0231829568885455,885
2001-10-01,2002-10-01,-0.14870238612510378,0.0765637491435206,0.03249934445067364,0.04643564098869217,1.02311464048727,0.023114640487269966,1.02311464048727,886
2001-11-01,2002-11-01,-0.16197170606937494,0.07630978506768224,0.021095597209848202,0.04203932496042889,1.0228839014005449,0.02288390140054486,1.0228839014005449,887
2001-12-01,2002-12-01,-0.22122208135180166,0.0760414500551405,0.01731896933672456,0.04026824534237765,1.0224973305190932,0.022497330519093195,1.0224973305190932,888
2002-01-01,2003-01-01,-0.22931089938401494,0.07570707037976711,0.017128392868701443,0.03975232678792903,1.0220585086941374,0.02205850869413739,1.0220585086941374,889
2002-02-01,2003-02-01,-0.22522795623401515,0.07536435355980779,0.018199531582922923,0.03968533872967518,1.0216090162199112,0.02160901621991118,1.0216090162199112,890
2002-03-01,2003-03-01,-0.24850131366567885,0.07502698845341743,0.015180462383069374,0.03813337563029179,1.0211644846770935,0.02116448467709353,1.0211644846770935,891
2002-04-01,2003-04-01,-0.14711721096961716,0.07466428856314938,0.01699703992767332,0.038344230119757364,1.020721379231484,0.020721379231483983,1.020721379231484,892
2002-05-01,2003-05-01,-0.0849519923083829,0.07441593302055947,0.01652533439597937,0.03772927215428165,1.0202855956872752,0.02028559568727517,1.0202855956872752,893
2002-06-01,2003-06-01,-9.575224575996133e-4,0.07423766912198126,0.021122150986313648,0.038948321840992256,1.0198402380686897,0.01984023806868973,1.0198402380686897,894
2002-07-01,2003-07-01,0.11266228665875877,0.07415365214814931,0.024717489059519586,0.03982668838383746,1.0194192825045074,0.019419282504507418,1.0194192825045074,895
2002-08-01,2003-08-01,0.13238642133817435,0.0741966305348799,0.021369805523125653,0.038178110901319326,1.0189958420731173,0.01899584207311733,1.0189958420731173,896
2002-09-01,2003-09-01,0.2464511701374844,0.07426150209653354,0.02748107059641003,0.0399179268763456,1.0185245194064216,0.018524519406421636,1.0185245194064216,897
2002-10-01,2003-10-01,0.22610753296101982,0.07445325005649006,0.023269244272253256,0.03797211172370732,1.0181166689716687,0.018116668971668748,1.0181166689716687,898
2002-11-01,2003-11-01,0.17382348363752476,0.0746219422510446,0.020359045389153285,0.03656848653548503,1.0177760836414071,0.017776083641407148,1.0177760836414071,899
2002-12-01,2003-12-01,0.2972078756702131,0.07473216618591846,0.022761659879167,0.03720113274265219,1.017541124158227,0.01754112415822706,1.017541124158227,900
2003-01-01,2004-01-01,0.35961390201189725,0.07497908706214965,0.02593623852457671,0.03815375764789162,1.017345646106217,0.017345646106216916,1.017345646106217,901
2003-02-01,2004-02-01,0.4062083678100865,0.07529464672395644,0.02687503309661992,0.038340019549389495,1.0171944149627066,0.017194414962706572,1.0171944149627066,902
2003-03-01,2004-03-01,0.3735136860866969,0.07566110710168196,0.025973895423164896,0.037853238570301706,1.0170377647490654,0.017037764749065376,1.0170377647490654,903
2003-04-01,2004-04-01,0.24674976413906924,0.07599059004303706,0.02229303435855519,0.03637423035276577,1.0168966373130688,0.016896637313068785,1.0168966373130688,904
2003-05-01,2004-05-01,0.18872206541010184,0.07617927421330892,0.018836563115185265,0.035012049692568395,1.0167899777004363,0.01678997770043633,1.0167899777004363,905
2003-06-01,2004-06-01,0.19328103183709955,0.07630349362964091,0.01768569623313445,0.03450377296200468,1.0167006237655112,0.01670062376551118,1.0167006237655112,906
2003-07-01,2004-07-01,0.12149520065237607,0.07643246555710229,0.01735088609116968,0.03426392758528393,1.0165842101159557,0.016584210115955678,1.0165842101159557,907
2003-08-01,2004-08-01,0.09780004238501239,0.07648209411998252,0.01760959999728324,0.03427571985302885,1.0165036088093344,0.016503608809334436,1.0165036088093344,908
2003-09-01,2004-09-01,0.12888421826749663,0.07650554620828291,0.018893448865131994,0.03475114479745797,1.0165134054831284,0.016513405483128407,1.0165134054831284,909
2003-10-01,2004-10-01,0.0794535305918429,0.07656310518856775,0.016697778020893214,0.03397749885006225,1.0165354181647928,0.01653541816479276,1.0165354181647928,910
2003-11-01,2004-11-01,0.11160752706322274,0.07656627799362076,0.015300371168629104,0.033511139619676604,1.0165750370790696,0.0165750370790696,1.0165750370790696,911
2003-12-01,2004-12-01,0.10223881917471989,0.07660470041584617,0.013855130229713325,0.03300830956537747,1.016595871808143,0.016595871808142926,1.016595871808143,912
2004-01-01,2005-01-01,0.0512908687780691,0.07663277721623926,0.011700669455842284,0.03227521368096763,1.0166432071555793,0.01664320715557932,1.0166432071555793,913
2004-02-01,2005-02-01,0.05582938978461138,0.07660505083939224,0.011622752239072297,0.03222832126839999,1.0166248488592233,0.01662484885922333,1.0166248488592233,914
2004-03-01,2005-03-01,0.04997268657631604,0.07658234519889524,0.012709449800475121,0.03262312228997452,1.016625614484929,0.016625614484929052,1.016625614484929,915
2004-04-01,2005-04-01,0.042309001618508035,0.07655329535323739,0.014344882932939784,0.03323521127259367,1.016644408117379,0.016644408117379106,1.016644408117379,916
2004-05-01,2005-05-01,0.06696929955254771,0.0765159515214656,0.016024285398121188,0.03386351301204265,1.0166634451171161,0.01666344511711615,1.0166634451171161,917
2004-06-01,2005-06-01,0.05364453225470822,0.07650555211844932,0.01648375473574662,0.034104911160318614,1.0167369827625528,0.016736982762552755,1.0167369827625528,918
2004-07-01,2005-07-01,0.13902531662361528,0.07648067614471296,0.01956685944907198,0.03533998350924192,1.0168519452467397,0.01685194524673972,1.0168519452467397,919
2004-08-01,2005-08-01,0.12494560681825229,0.07654865944958131,0.02064334140202577,0.035856566394648626,1.0169758218090998,0.016975821809099845,1.0169758218090998,920
2004-09-01,2005-09-01,0.11168355633924976,0.07660120770948216,0.019959475553654224,0.03573041777560108,1.0170955270519626,0.0170955270519626,1.0170955270519626,921
2004-10-01,2005-10-01,0.07572623957909674,0.07663925797914568,0.028175209900393912,0.038821241405168835,1.0172037460656516,0.01720374606565156,1.0172037460656516,922
2004-11-01,2005-11-01,0.06633578192724432,0.07663826879344683,0.033552662397938735,0.041067592255812725,1.01749249731615,0.017492497316150102,1.01749249731615,923
2004-12-01,2005-12-01,0.029012869933033203,0.07662711891588601,0.03738777810085023,0.04297130626261138,1.0179921966827583,0.01799219668275831,1.0179921966827583,924
2005-01-01,2006-01-01,0.08890100125130407,0.07657564405212076,0.04126022603939823,0.045028807513487146,1.0186272470826567,0.018627247082656728,1.0186272470826567,925
2005-02-01,2006-02-01,0.06631345451953297,0.07658895437307019,0.041710342013601034,0.04594772074066771,1.0193634330430268,0.01936343304302679,1.0193634330430268,926
2005-03-01,2006-03-01,0.1031672720044765,0.07657786969145906,0.04368847799354671,0.04744543990757009,1.020121662933841,0.02012166293384099,1.020121662933841,927
2005-04-01,2006-04-01,0.14095955309581498,0.07660652206464116,0.047356901761012954,0.04954896967718479,1.0208694829668024,0.020869482966802355,1.0208694829668024,928
2005-05-01,2006-05-01,0.06251977888260396,0.07667579335746268,0.04397255621162022,0.04908387803641798,1.021616551666085,0.021616551666084893,1.021616551666085,929
2005-06-01,2006-06-01,0.0530304610539879,0.07666057183652197,0.04433727751951967,0.04989563026084474,1.022277553278864,0.022277553278863937,1.022277553278864,930
2005-07-01,2006-07-01,0.005926946041359127,0.07663519040710999,0.04306632758864565,0.05008481805955478,1.0229132485158658,0.022913248515865847,1.0229132485158658,931
2005-08-01,2006-08-01,0.03840372419765181,0.0765593231921253,0.046869838920283624,0.05211603213779965,1.0235393447052104,0.023539344705210352,1.0235393447052104,932
2005-09-01,2006-09-01,0.052942500396053305,0.07651842758762961,0.04636569742931114,0.052596620995642177,1.0241860334833712,0.024186033483371228,1.0241860334833712,933
2005-10-01,2006-10-01,0.11084529802161391,0.07649318569556154,0.04095834490161945,0.051261234116504954,1.0248097700203422,0.024809770020342237,1.0248097700203422,934
2005-11-01,2006-11-01,0.08911093720661789,0.07652992592264825,0.035354530055663635,0.049464380311972186,1.025055303496749,0.025055303496748893,1.025055303496749,935
2005-12-01,2006-12-01,0.10106859092710363,0.07654336717401998,0.034256402695212976,0.04910572611262343,1.0250971389736123,0.02509713897361232,1.0250971389736123,936
2006-01-01,2007-01-01,0.0833542023159135,0.07656954137226234,0.03146190108631497,0.04800838132638985,1.0250231498821312,0.025023149882131168,1.0250231498821312,937
2006-02-01,2007-02-01,0.06565642133498262,0.07657677448627476,0.03393884613069974,0.04879369400767963,1.0249056712310913,0.02490567123109133,1.0249056712310913,938
2006-03-01,2007-03-01,0.05706606864888486,0.07656514471721054,0.0344712384586007,0.04888407441467159,1.02480383319055,0.024803833190550018,1.02480383319055,939
2006-04-01,2007-04-01,0.08566907985700989,0.07654440101926552,0.03516170059136556,0.049051602104956085,1.0247209612257167,0.024720961225716653,1.0247209612257167,940
2006-05-01,2007-05-01,0.162620896156781,0.07655409780867863,0.0410264403906883,0.05110595395763956,1.0246341379983572,0.02463413799835723,1.0246341379983572,941
2006-06-01,2007-06-01,0.14469004486063963,0.07664546383664905,0.0442539109981368,0.05225057473476212,1.024600213084089,0.024600213084088995,1.024600213084089,942
2006-07-01,2007-07-01,0.11207208491559184,0.07671762139871051,0.04397419393453747,0.05214525921384629,1.0245971963363072,0.024597196336307192,1.0245971963363072,943
2006-08-01,2007-08-01,0.10019523569675015,0.07675507316091063,0.045874182138940275,0.05280434224780684,1.0245629093670992,0.02456290936709915,1.0245629093670992,944
2006-09-01,2007-09-01,0.11336081728035463,0.07677987756571043,0.044998132340858366,0.05246029526091619,1.0245396222752414,0.024539622275241424,1.0245396222752414,945
2006-10-01,2007-10-01,0.0964506555279927,0.07681854663517625,0.043491385951133055,0.05191513619889708,1.0245449034358654,0.02454490343586535,1.0245449034358654,946
2006-11-01,2007-11-01,0.02768242805288801,0.07683927747878007,0.048074714360555965,0.05372915373504224,1.0246802771951018,0.024680277195101796,1.0246802771951018,947
2006-12-01,2007-12-01,0.010548519369804499,0.07678742426208608,0.049409666615625514,0.05450730102371477,1.024962418803995,0.024962418803994968,1.024962418803995,948
2007-01-01,2008-01-01,-0.06401687594748029,0.0767176256267939,0.051062464298665566,0.05545723640591983,1.0252982757665128,0.02529827576651278,1.0252982757665128,949
2007-02-01,2008-02-01,-0.07364674203304444,0.07656948404618938,0.053348962766875896,0.05671687710198063,1.0257093595034952,0.025709359503495177,1.0257093595034952,950
2007-03-01,2008-03-01,-0.0881956042950851,0.07641152797249937,0.056600179689824615,0.05828265478613817,1.0260742959103772,0.026074295910377243,1.0260742959103772,951
2007-04-01,2008-04-01,-0.08017823989999517,0.07623862132095777,0.05568225114237545,0.05834876621919636,1.0264642187422195,0.026464218742219492,1.0264642187422195,952
2007-05-01,2008-05-01,-0.09291901765423527,0.07607449030183819,0.05672672451452518,0.05914486276839018,1.0268653276882678,0.02686532768826777,1.0268653276882678,953
2007-06-01,2008-06-01,-0.14785410224971318,0.07589734825995553,0.05983700128758927,0.06068661183115203,1.0272552776478208,0.027255277647820764,1.0272552776478208,954
2007-07-01,2008-07-01,-0.12140158985408411,0.07566305354737995,0.06614847291508183,0.06336397333841337,1.0276079744038789,0.027607974403878854,1.0276079744038789,955
2007-08-01,2008-08-01,-0.11716837646882905,0.07545691898315249,0.06545969834291333,0.06354047055776303,1.028022586288052,0.028022586288052098,1.028022586288052,956
2007-09-01,2008-09-01,-0.2188282164510229,0.07525563863262795,0.07084203122094758,0.06588411604243244,1.0283797576560119,0.02837975765601186,1.0283797576560119,957
2007-10-01,2008-10-01,-0.35961178577519104,0.07494866174840702,0.08083060801535671,0.07002224467226559,1.0288360080127084,0.02883600801270836,1.0288360080127084,958
2007-11-01,2008-11-01,-0.38717311081772476,0.0744955225956191,0.09054179008771919,0.07420563910476574,1.0294301106438963,0.029430110643896334,1.0294301106438963,959
2007-12-01,2008-12-01,-0.37551015073883176,0.07401461776914686,0.09357262531804415,0.07585005927303527,1.0299390575611933,0.029939057561193305,1.0299390575611933,960
2008-01-01,2009-01-01,-0.38540507920676126,0.07354685005998145,0.10370926660161872,0.08009110915113608,1.0304327569762568,0.030432756976256803,1.0304327569762568,961
2008-02-01,2009-02-01,-0.4272192313353862,0.0730697690524277,0.10790989932017944,0.08210925402440547,1.0308846614133702,0.030884661413370207,1.0308846614133702,962
2008-03-01,2009-03-01,-0.37448833696729833,0.07255025814859815,0.10461001755412191,0.08135523865703051,1.0313226765121415,0.03132267651214149,1.0313226765121415,963
2008-04-01,2009-04-01,-0.34556467113188183,0.07208652516611283,0.09546722571099053,0.07832997456056831,1.031645783950906,0.03164578395090589,1.031645783950906,964
2008-05-01,2009-05-01,-0.3276125130375245,0.07165372599896458,0.08976309010019742,0.07649733124095083,1.0319009234480594,0.03190092344805939,1.0319009234480594,965
2008-06-01,2009-06-01,-0.26139522965160633,0.07124040691093513,0.0966116394858616,0.0791841019165975,1.0320599201525955,0.03205992015259551,1.0320599201525955,966
2008-07-01,2009-07-01,-0.20137942102144246,0.07089641969628924,0.09873260541972936,0.08005944612211152,1.032150354172709,0.03215035417270906,1.032150354172709,967
2008-08-01,2009-08-01,-0.18723373385505082,0.07061514300133293,0.09570823420062866,0.07900579078276232,1.032207457057918,0.032207457057918054,1.032207457057918,968
2008-09-01,2009-09-01,-0.06649131070511949,0.07034904508920047,0.1015371333320649,0.08119818397324387,1.0322518615382983,0.03225186153829829,1.0322518615382983,969
2008-10-01,2009-10-01,0.10125633074352569,0.07020797255745373,0.11530913647871749,0.08616841238608178,1.0321567476039235,0.03215674760392351,1.0321567476039235,970
2008-11-01,2009-11-01,0.2552089624278201,0.0702399482095506,0.12937952445216666,0.0910711478899229,1.0318948085802484,0.0318948085802484,1.0318948085802484,971
2008-12-01,2009-12-01,0.26474686212584975,0.07043024554928132,0.11848627215986265,0.08678253963144095,1.0316294731914484,0.031629473191448376,1.0316294731914484,972
2009-01-01,2010-01-01,0.3317531820935449,0.07062995430218635,0.12573669426326847,0.0891207355067939,1.0313174419084727,0.03131744190847274,1.0313174419084727,973
2009-02-01,2010-02-01,0.5305624378985104,0.0708980479652165,0.14036808921644686,0.09413252524161801,1.0309687561355454,0.030968756135545394,1.0309687561355454,974
2009-03-01,2010-03-01,0.49699477213243815,0.07136949862155831,0.15963238487487663,0.10082860864756757,1.0306060029557782,0.0306060029557782,1.0306060029557782,975
2009-04-01,2010-04-01,0.3884874336342228,0.07180559009031949,0.1430931126010933,0.09454408756973068,1.0304129119823344,0.030412911982334423,1.0304129119823344,976
2009-05-01,2010-05-01,0.22161513536253385,0.07212972708473488,0.1285519774256357,0.08902565551508489,1.0302478444438299,0.030247844443829885,1.0302478444438299,977
2009-06-01,2010-06-01,0.15340201351644678,0.07228257515045867,0.12515005548923036,0.08759771204522354,1.0300793350544242,0.030079335054424172,1.0300793350544242,978
2009-07-01,2010-07-01,0.1428249026480104,0.07236543463806436,0.1066202468074679,0.08062840392464257,1.0299252161476766,0.029925216147676625,1.0299252161476766,979
2009-08-01,2010-08-01,0.05577606603690555,0.07243733205440106,0.09526024908130701,0.07624612275643544,1.029724871810106,0.02972487181010597,1.029724871810106,980
2009-09-01,2010-09-01,0.10805269771346715,0.07242034809311917,0.08597040867340329,0.07258234514105932,1.0294830075532964,0.02948300755329636,1.0294830075532964,981
2009-10-01,2010-10-01,0.18020819467720928,0.07245663358153095,0.09454087314457632,0.0754890097131917,1.0292531475289362,0.029253147528936152,1.0292531475289362,982
2009-11-01,2010-11-01,0.12537351813861575,0.07256624859790498,0.0732689151626064,0.06755138616355791,1.0291289243404909,0.029128924340490858,1.0291289243404909,983
2009-12-01,2010-12-01,0.1675494546908176,0.07261991452223493,0.06848796653305846,0.0655311241882257,1.0288726295647046,0.0288726295647046,1.0288726295647046,984
2010-01-01,2011-01-01,0.23073549726595055,0.07271628968991882,0.0710229753993184,0.06621778514695278,1.0286376385941658,0.028637638594165793,1.0286376385941658,985
2010-02-01,2011-02-01,0.23042460167504286,0.07287655257792694,0.06667657999247717,0.06440625232389671,1.028428011506887,0.028428011506886897,1.028428011506887,986
2010-03-01,2011-03-01,0.16296713783801697,0.07303617572797468,0.03838206918823757,0.053825255058851995,1.0282302934792014,0.028230293479201363,1.0282302934792014,987
2010-04-01,2011-04-01,0.17172128107827522,0.07312719896897674,0.034489875323955324,0.05187738645085825,1.02772175045092,0.027721750450919957,1.02772175045092,988
2010-05-01,2011-05-01,0.25373081535037556,0.0732268896485615,0.041571570889571474,0.053930335824567646,1.0271927059183497,0.027192705918349658,1.0271927059183497,989
2010-06-01,2011-06-01,0.30405731666476177,0.07340921684624008,0.047017442807525456,0.05541414615891696,1.0266952966566443,0.026695296656644274,1.0266952966566443,990
2010-07-01,2011-07-01,0.19507678338221368,0.07364195963112252,0.04682339568015602,0.054856292515945315,1.026221713460788,0.026221713460788054,1.026221713460788,991
2010-08-01,2011-08-01,0.18235629863416936,0.0737643737679684,0.05273638952976688,0.05660273538062775,1.02581611039255,0.02581611039255005,1.02581611039255,992
2010-09-01,2011-09-01,0.00544231730252398,0.07387373119482259,0.04590714475291699,0.05374018744790966,1.0254619182171913,0.02546191821719135,1.0254619182171913,993
2010-10-01,2011-10-01,0.07215141817403747,0.07380488671404561,0.03489086336932021,0.04937956933741347,1.0251380498754983,0.02513804987549828,1.0251380498754983,994
2010-11-01,2011-11-01,0.06339181651746673,0.07380322493661849,0.036676769919298705,0.04959634753095926,1.0247121988514796,0.024712198851479572,1.0247121988514796,995
2010-12-01,2011-12-01,0.004582503117173342,0.07379277171531409,0.03421717158551388,0.04837208939340211,1.0243942968099353,0.024394296809935323,1.0243942968099353,996
2011-01-01,2012-01-01,0.03255762531662876,0.07372335319114347,0.03340846043906373,0.04778543787927621,1.0241096946508257,0.024109694650825686,1.0241096946508257,997
2011-02-01,2012-02-01,0.04052400674026546,0.07368210496682027,0.03165235037873239,0.04686515762900849,1.023836980488416,0.023836980488415982,1.023836980488416,998
2011-03-01,2012-03-01,0.06672721962129613,0.07364891367730422,0.03299559119796548,0.04708695661092799,1.0235743151894217,0.023574315189421657,1.0235743151894217,999
2011-04-01,2012-04-01,0.029067387686372737,0.07364199198324824,0.03141604187797849,0.04651341808224853,1.0235773491403006,0.02357734914030063,1.0235773491403006,1000
2011-05-01,2012-05-01,-0.019326151789793578,0.07359746190902555,0.03526462932208685,0.04796076299129905,1.023618716007314,0.023618716007314022,1.023618716007314,1001
2011-06-01,2012-06-01,0.03490773216252063,0.0735047237716016,0.041096604105534076,0.0501567452422977,1.0236838628463472,0.02368386284634716,1.0236838628463472,1002
2011-07-01,2012-07-01,0.06779476508250915,0.07346624222463341,0.04136425418897627,0.05037859038724353,1.023804847213746,0.023804847213745983,1.023804847213746,1003
2011-08-01,2012-08-01,0.16267209127667548,0.07346059334301777,0.04923174444775753,0.05328080862691237,1.0238334394692183,0.023833439469218343,1.0238334394692183,1004
2011-09-01,2012-09-01,0.28946422507788094,0.07354936100265326,0.059826084588042824,0.057195108188123324,1.0238776820893147,0.023877682089314733,1.0238776820893147,1005
2011-10-01,2012-10-01,0.14060794987602487,0.07376398810411967,0.050673144757199196,0.05393799946879757,1.023960568382564,0.023960568382564107,1.023960568382564,1006
2011-11-01,2012-11-01,0.15344155603133947,0.07383036741074521,0.0531867561205477,0.05508655485558017,1.0241843890926567,0.024184389092656744,1.0241843890926567,1007
2011-12-01,2012-12-01,0.15837309040897207,0.07390934676453546,0.05265756861341876,0.05511738561419385,1.0244019988500939,0.024401998850093864,1.0244019988500939,1008
2012-01-01,2013-01-01,0.16289263158809641,0.07399305711502548,0.05090182753027836,0.05466942237313925,1.0245899969120258,0.02458999691202579,1.0245899969120258,1009
2012-02-01,2013-02-01,0.12803793299081845,0.07408107649569191,0.050905388701929094,0.05488937038137256,1.024802407448702,0.024802407448702102,1.024802407448702,1010
2012-03-01,2013-03-01,0.13772687681212425,0.07413444628451002,0.04791583413562074,0.05406062198080959,1.0250590923077376,0.025059092307737618,1.0250590923077376,1011
2012-04-01,2013-04-01,0.16555071309729552,0.0741972846545966,0.04926289609573366,0.054778592443180035,1.0252782757324346,0.025278275732434574,1.0252782757324346,1012
2012-05-01,2013-05-01,0.27546253876484317,0.07428746572907115,0.05706183432898482,0.05786587747934948,1.0255064892337018,0.0255064892337018,1.0255064892337018,1013
2012-06-01,2013-06-01,0.21359436301462864,0.07448586323699595,0.050333511412003165,0.055622821202428854,1.0257181826987125,0.02571818269871251,1.0257181826987125,1014
2012-07-01,2013-07-01,0.2695514043408449,0.07462291594613649,0.0508099346639945,0.05588864740834887,1.0258071106814757,0.025807110681475676,1.0258071106814757,1015
2012-08-01,2013-08-01,0.20795612652616946,0.07481477469455647,0.050230984019085545,0.05580970714141052,1.025936227265639,0.025936227265638934,1.025936227265639,1016
2012-09-01,2013-09-01,0.22000096035414696,0.0749456904780684,0.0462761982576083,0.05446534601764891,1.0260361875623507,0.02603618756235071,1.0260361875623507,1017
2012-10-01,2013-10-01,0.2928102826406769,0.07508818091998988,0.04790233094337967,0.05508707832793178,1.0260621122136044,0.026062112213604438,1.0260621122136044,1018
2012-11-01,2013-11-01,0.3218793643758783,0.0753018434339454,0.04712838834422711,0.0548302874053057,1.0260878281364616,0.0260878281364616,1.0260878281364616,1019
2012-12-01,2013-12-01,0.3426113175272477,0.07554358610153554,0.05187699951720118,0.05656846731212134,1.026088181940877,0.02608818194087692,1.026088181940877,1020
2013-01-01,2014-01-01,0.2320180998228022,0.07580516076502791,0.04654625197170824,0.05469061985236025,1.026159216033825,0.026159216033825095,1.026159216033825,1021
2013-02-01,2014-02-01,0.27295307154546133,0.07595801099893962,0.04470436930268652,0.054048154813723895,1.026190022340926,0.026190022340925934,1.026190022340926,1022
2013-03-01,2014-03-01,0.2286807118290206,0.07615057704052959,0.04186753687946934,0.05298216378740106,1.0261630159995796,0.026163015999579597,1.0261630159995796,1023
2013-04-01,2014-04-01,0.2072449869919185,0.07629953225028395,0.04085622436755934,0.05259751466115429,1.0261488616917573,0.02614886169175734,1.0261488616917573,1024
2013-05-01,2014-05-01,0.1983094770269438,0.07642728391344654,0.03824853508579279,0.051626185149876935,1.0261323175518504,0.026132317551850415,1.0261323175518504,1025
2013-06-01,2014-06-01,0.2437163985929992,0.07654607747398601,0.04375437578339625,0.053584981940335376,1.0260775613818718,0.026077561381871783,1.0260775613818718,1026
2013-07-01,2014-07-01,0.15571070172463453,0.07670885285969099,0.040474031928917936,0.052430155909603225,1.0261220665039343,0.026122066503934338,1.0261220665039343,1027
2013-08-01,2014-08-01,0.23681001975303628,0.07678570290722496,0.04121148945237335,0.05274008015560892,1.026161088904588,0.026161088904588015,1.026161088904588,1028
2013-09-01,2014-09-01,0.17030936389197038,0.07694121730649203,0.04056563654287003,0.052512266581878214,1.0261694361384377,0.026169436138437696,1.0261694361384377,1029
2013-10-01,2014-10-01,0.15170906629218672,0.07703186599249735,0.04163107422418773,0.052967508999733987,1.0262330789049317,0.02623307890493165,1.0262330789049317,1030
2013-11-01,2014-11-01,0.14560503704050598,0.07710429780656108,0.039586879194373856,0.05234434926209859,1.026355036438155,0.026355036438155066,1.026355036438155,1031
2013-12-01,2014-12-01,0.11492180567341181,0.07717067449186528,0.0359563555807533,0.05114277143758017,1.0264794522680232,0.026479452268023174,1.0264794522680232,1032
2014-01-01,2015-01-01,0.11922962723748665,0.07720721963337696,0.03830361376927893,0.052024255269291414,1.026501061494792,0.026501061494792033,1.026501061494792,1033
2014-02-01,2015-02-01,0.13382056089616268,0.07724786025968654,0.038220780643308555,0.05202857849972645,1.0265348711328344,0.02653487113283437,1.0265348711328344,1034
2014-03-01,2015-03-01,0.11683045803387437,0.07730251987382807,0.03839438900996188,0.05219099036363211,1.0266313198433659,0.026631319843365864,1.0266313198433659,1035
2014-04-01,2015-04-01,0.12570826184607964,0.0773406742542914,0.03891421976835112,0.052481795690850014,1.0267293273962899,0.02672932739628986,1.0267293273962899,1036
2014-05-01,2015-05-01,0.1177370341317363,0.07738731609382064,0.03821032407625688,0.052323992690532783,1.026826863252686,0.026826863252686017,1.026826863252686,1037
2014-06-01,2015-06-01,0.07305970312121457,0.07742618865455078,0.03400338089800578,0.050903076279943886,1.0269439101465607,0.026943910146560723,1.0269439101465607,1038
2014-07-01,2015-07-01,0.11200704716482335,0.07742198606982187,0.03454389686119719,0.05111433494244187,1.0269568896545553,0.026956889654555338,1.0269568896545553,1039
2014-08-01,2015-08-01,0.004315369318894091,0.07745524093625937,0.03383871069304388,0.05084771329512011,1.026948748042092,0.02694874804209202,1.026948748042092,1040
2014-09-01,2015-09-01,-0.006093090288417868,0.07738498169359141,0.03594040645734464,0.05166112911781495,1.0269913524024805,0.026991352402480517,1.0269913524024805,1041
2014-10-01,2015-10-01,0.04252069957705096,0.07730486838074879,0.030525645117642837,0.04970477842852286,1.027017765008529,0.027017765008529038,1.027017765008529,1042
2014-11-01,2015-11-01,0.022216836815162844,0.07727151826684305,0.03037058140744535,0.04956458462820816,1.0269361681821214,0.02693616818212141,1.0269361681821214,1043
2014-12-01,2015-12-01,0.0013900365497279132,0.07721878389763646,0.031040859286135536,0.04974873983919838,1.0268761603524685,0.026876160352468537,1.0268761603524685,1044
2015-01-01,2016-01-01,-0.024014905210034243,0.07714622050304515,0.03473722836773016,0.051080342705302755,1.026854500914927,0.026854500914927026,1.026854500914927,1045
2015-02-01,2016-02-01,-0.08074559508873724,0.07704950814576686,0.031194256972258416,0.04979398893366191,1.0268654672156041,0.026865467215604122,1.0268654672156041,1046
2015-03-01,2016-03-01,-0.008554170057670007,0.07689879649033754,0.03393259840751439,0.05076804510449906,1.026837289183717,0.026837289183716972,1.026837289183717,1047
2015-04-01,2016-04-01,-0.005696664219740577,0.07681725740011998,0.03418008482847297,0.05085426094496175,1.0268329690809723,0.026832969080972324,1.0268329690809723,1048
2015-05-01,2016-05-01,-0.002211510744517864,0.07673859779895709,0.03523165463829292,0.05124027077965503,1.0268338431207402,0.02683384312074022,1.0268338431207402,1049
2015-06-01,2016-06-01,0.012694520561831624,0.07666340721939188,0.03714459156744934,0.05195900627385178,1.0268515721669524,0.026851572166952442,1.0268515721669524,1050
2015-07-01,2016-07-01,0.0354839632417665,0.07660254243665397,0.037409020763466194,0.052123728118472185,1.0269178245250923,0.026917824525092282,1.0269178245250923,1051
2015-08-01,2016-08-01,0.10684733977993843,0.07656345633475767,0.04608545179704193,0.055403017001552354,1.0270165638355702,0.027016563835570162,1.0270165638355702,1052
2015-09-01,2016-09-01,0.1443003574815419,0.0765922159581624,0.04940422232295706,0.056747111681051496,1.0271414136655972,0.02714141366559719,1.0271414136655972,1053
2015-10-01,2016-10-01,0.042287804846443344,0.07665645518161913,0.04591640004229694,0.055598528840804996,1.0272670890038063,0.027267089003806255,1.0272670890038063,1054
2015-11-01,2016-11-01,0.08509897391047394,0.07662387826187013,0.047228592055331545,0.05631054147529441,1.0274920271847174,0.027492027184717438,1.0274920271847174,1055
2015-12-01,2016-12-01,0.12793332031196825,0.0766319039206283,0.05051131462704829,0.05773962924716508,1.0277116977904757,0.027711697790475665,1.0277116977904757,1056
2016-01-01,2017-01-01,0.21733904387799985,0.07668043884625869,0.05444901339584031,0.05941646966048878,1.0279382677213,0.027938267721300036,1.0279382677213,1057
2016-02-01,2017-02-01,0.2597405709933114,0.07681338648806565,0.053901504563304586,0.05939536789088285,1.0281125910207647,0.028112591020764688,1.0281125910207647,1058
2016-03-01,2017-03-01,0.18260902044853455,0.07698612226191381,0.05161595805851672,0.058727212125486226,1.0282776240294598,0.02827762402945977,1.0282776240294598,1059
2016-04-01,2017-04-01,0.18502121538176353,0.07708576650548613,0.05155140447790839,0.05888376032593047,1.0284526674679428,0.028452667467942838,1.0284526674679428,1060
2016-05-01,2017-05-01,0.17770820230457263,0.07718749642902645,0.04975784735903374,0.058400652548710685,1.0286225303929164,0.0286225303929164,1.0286225303929164,1061
2016-06-01,2017-06-01,0.1881775507604485,0.07728214869444597,0.050900636474033784,0.05895701361564509,1.0287557295735368,0.02875572957353678,1.0287557295735368,1062
2016-07-01,2017-07-01,0.1642098960366034,0.07738647174436696,0.04715110966304098,0.05771868372130064,1.028889409545153,0.028889409545153066,1.028889409545153,1063
2016-08-01,2017-08-01,0.1605621198418341,0.07746807270704763,0.0451614650408622,0.05709782806965798,1.0289957732971617,0.028995773297161742,1.0289957732971617,1064
2016-09-01,2017-09-01,0.18559152378189248,0.0775460952865169,0.04668476187858765,0.057682742128027195,1.0290209364445457,0.02902093644454573,1.0290209364445457,1065
2016-10-01,2017-10-01,0.2368090381348954,0.07764745122319176,0.04774940699923663,0.05810697404684432,1.0290535142118198,0.029053514211819786,1.0290535142118198,1066
2016-11-01,2017-11-01,0.21616141221923346,0.07779661859611743,0.046034900231148354,0.05747230471025047,1.0290482496843485,0.029048249684348493,1.0290482496843485,1067
2016-12-01,2017-12-01,0.20784870973818959,0.07792617364632634,0.0460182061147343,0.057462999962667266,1.0290451573870074,0.029045157387007414,1.0290451573870074,1068
2017-01-01,2018-01-01,0.24942848356991265,0.07804771016278271,0.044544209719573374,0.05691392421283571,1.029037277821304,0.029037277821303942,1.029037277821304,1069
2017-02-01,2018-02-01,0.1647469341429899,0.0782078791098922,0.0441320657151488,0.05676311860541616,1.0290377231893773,0.02903772318937725,1.0290377231893773,1070
2017-03-01,2018-03-01,0.1366910791315229,0.07828868121543196,0.04255401489052303,0.05621881932595887,1.0290716960555835,0.029071696055583462,1.0290716960555835,1071
2017-04-01,2018-04-01,0.12779617765652063,0.07834316106423429,0.04378120539631765,0.056649589029539316,1.0290525665531054,0.029052566553105397,1.0290525665531054,1072
2017-05-01,2018-05-01,0.14447243282881905,0.07838924961651039,0.04352786062229422,0.056557192199332404,1.0290531371510432,0.029053137151043185,1.0290531371510432,1073
2017-06-01,2018-06-01,0.14125298043228052,0.07845077958225742,0.04486588000602405,0.057064140810540426,1.0290685849406747,0.029068584940674658,1.0290685849406747,1074
2017-07-01,2018-07-01,0.15524670809791385,0.07850920023421094,0.044865547516356685,0.05709449379120425,1.0290982528491206,0.0290982528491206,1.0290982528491206,1075
2017-08-01,2018-08-01,0.19283289208919652,0.07858051762070137,0.04578129282740581,0.05748736841872131,1.029153494549763,0.029153494549762904,1.029153494549763,1076
2017-09-01,2018-09-01,0.16563740798853321,0.07868660153385688,0.043030661028350556,0.05656905438486634,1.0292424553522503,0.02924245535225034,1.0292424553522503,1077
2017-10-01,2018-10-01,0.05568109646967123,0.07876726090904675,0.04246117632941408,0.056414022617856524,1.02929508789305,0.02929508789305002,1.02929508789305,1078
2017-11-01,2018-11-01,0.041126225543192896,0.07874586501985366,0.03988794444483065,0.055548224378122374,1.0293719851623335,0.029371985162333525,1.0293719851623335,1079
2017-12-01,2018-12-01,-0.06515846034153083,0.0787110320203382,0.035635807080693346,0.05403412552067838,1.029417893717727,0.02941789371772696,1.029417893717727,1080
2018-01-01,2019-01-01,-0.042722264226867424,0.0785779427582088,0.03246033507914148,0.05285040858189734,1.029400450625786,0.02940045062578589,1.029400450625786,1081
2018-02-01,2019-02-01,0.026560692527965335,0.07846583535803776,0.034099130184715706,0.05344093201703842,1.0293895542211027,0.029389554221102676,1.0293895542211027,1082
2018-03-01,2019-03-01,0.0625474351424562,0.07841790817167577,0.03798162560373203,0.05481629373707139,1.0293407036372348,0.029340703637234844,1.0293407036372348,1083
2018-04-01,2019-04-01,0.10059875727499867,0.07840326751389973,0.0380952476448881,0.054857426550286845,1.0293401372180486,0.029340137218048623,1.0293401372180486,1084
2018-05-01,2019-05-01,-1.668040578104435e-4,0.07842372418649057,0.03795463820955809,0.0547832285349502,1.0293181052109615,0.029318105210961454,1.0293181052109615,1085
2018-06-01,2019-06-01,0.0625961004113591,0.07835135721757322,0.04198552912265674,0.05625392520085895,1.02930923350982,0.029309233509819954,1.02930923350982,1086
2018-07-01,2019-07-01,0.04188868892220032,0.07833686296108175,0.03931673098695074,0.0552989861757652,1.0293334315167864,0.029333431516786357,1.0293334315167864,1087
2018-08-01,2019-08-01,-0.018274713895623185,0.07830336280111952,0.036091358730833495,0.05411641702469931,1.0293349266079717,0.029334926607971656,1.0293349266079717,1088
2018-09-01,2019-09-01,-0.005170243128154173,0.07821467769855138,0.03441082545886304,0.0534794999141046,1.0293154263734958,0.029315426373495823,1.0293154263734958,1089
2018-10-01,2019-10-01,0.09932846277166907,0.07813817777118741,0.040020958463187165,0.055511913258179724,1.0292889553728832,0.02928895537288323,1.0292889553728832,1090
2018-11-01,2019-11-01,0.12202452227949023,0.07815760058053707,0.04542674005698635,0.057456556207582304,1.0292501736993886,0.02925017369938865,1.0292501736993886,1091
2018-12-01,2019-12-01,0.2736893357803998,0.07819777175425403,0.054771719568849825,0.06094172631518814,1.0293032562252793,0.029303256225279295,1.0293032562252793,1092
2019-01-01,2020-01-01,0.173921585927435,0.07837662954384796,0.04919151180203002,0.05902057335686006,1.0294270918426667,0.029427091842666675,1.0294270918426667,1093
2019-02-01,2020-02-01,0.045870463678064244,0.07846396497015838,0.04830516111095798,0.05883535112754738,1.0295634206996072,0.029563420699607157,1.0295634206996072,1094
2019-03-01,2020-03-01,-0.10101556962351632,0.07843419921555371,0.0443420642725095,0.05755867901192363,1.0297373095951305,0.029737309595130546,1.0297373095951305,1095
2019-04-01,2020-04-01,-0.020567539517834188,0.07827046767464217,0.040416754076069705,0.05621225749197484,1.0298301372451575,0.029830137245157484,1.0298301372451575,1096
2019-05-01,2020-05-01,0.11175561136033396,0.07818036921776658,0.045454923730862365,0.058138106468764834,1.0299034680339365,0.02990346803393651,1.0299034680339365,1097
2019-06-01,2020-06-01,0.06385864889941395,0.07821094776252306,0.03414133215260297,0.054031601197142926,1.0299515891133701,0.029951589113370147,1.0299515891133701,1098
2019-07-01,2020-07-01,0.11037800565024858,0.0781978883459051,0.03727257073463537,0.055090943806300884,1.0298628727808836,0.02986287278088362,1.0298628727808836,1099
2019-08-01,2020-08-01,0.22445280316376892,0.078227142998,0.03895248625577491,0.05567259952361186,1.0298283463390496,0.029828346339049627,1.0298283463390496,1100
2019-09-01,2020-09-01,0.16427967300338353,0.07835995467844119,0.039297978350195314,0.055774996435999646,1.0298044477371315,0.029804447737131534,1.0298044477371315,1101
2019-10-01,2020-10-01,0.1178083721634603,0.07843792175496109,0.038682626171050435,0.055566384525579035,1.0298214232157634,0.02982142321576342,1.0298214232157634,1102
2019-11-01,2020-11-01,0.20758774338627384,0.07847361572631967,0.029208701296122637,0.0521120341131584,1.029846256717425,0.029846256717424913,1.029846256717425,1103
2019-12-01,2020-12-01,0.22815291905907342,0.07859056692891019,0.028927226677265404,0.051858599777847,1.0296993699809938,0.02969936998099376,1.0296993699809938,1104
2020-01-01,2021-01-01,0.2291503193167692,0.07872591747382436,0.029865444839245484,0.05205737332858955,1.0295566999834234,0.029556699983423362,1.0295566999834234,1105
2020-02-01,2021-02-01,0.37247725789224684,0.07886192507042741,0.03416568263425947,0.05348909139490027,1.0294127372834734,0.029412737283473378,1.0294127372834734,1106
2020-03-01,2021-03-01,0.6243838083761333,0.0791271602400948,0.046396731806683106,0.05780211949861451,1.0292399457816725,0.02923994578167255,1.0292399457816725,1107
2020-04-01,2021-04-01,0.49430756156977473,0.07961926912830425,0.037983605400126866,0.05459650452138502,1.029125513574762,0.029125513574761897,1.029125513574762,1108
2020-05-01,2021-05-01,0.4188742818438691,0.07999319905836867,0.033696841650056056,0.05293769187399219,1.0290420792856636,0.029042079285663602,1.0290420792856636,1109
2020-06-01,2021-06-01,0.4210954269899021,0.0802984973311484,0.0327872859517776,0.052514442363910355,1.0289546535635616,0.02895465356356164,1.0289546535635616,1110
2020-07-01,2021-07-01,0.3630503071760204,0.08060524524263242,0.02562472110943749,0.049882564750622964,1.0289513988374035,0.028951398837403497,1.0289513988374035,1111
2020-08-01,2021-08-01,0.30584156810648344,0.08085924260048621,0.021308836901386366,0.0481853415300541,1.0288401292665181,0.028840129266518133,1.0288401292665181,1112
2020-09-01,2021-09-01,0.2969861048802951,0.08106138305466945,0.022697911906644233,0.048575613818704566,1.0287229494341206,0.02872294943412057,1.0287229494341206,1113
2020-10-01,2021-10-01,0.4046321659010915,0.08125521135074275,0.024535582804762035,0.049104756417971046,1.0285806842472034,0.028580684247203392,1.0285806842472034,1114
2020-11-01,2021-11-01,0.236363976796797,0.08154523552522737,0.01881823322785873,0.04686350544311395,1.028439385792376,0.028439385792375926,1.028439385792376,1115
2020-12-01,2021-12-01,0.2185711666705047,0.08168396199590082,0.016840820335567795,0.046092486381103234,1.0283944581575224,0.028394458157522395,1.0283944581575224,1116
