SIGNAL,REBALANCE_FREQUENCY,BREAKPOINT_UNIVERSE,FORMATION_YYYYMM,N_BREAKPOINT_FIRMS,P10,P20,P30,P40,P50,P60,P70,P80,P90
BM_CZ,ANNUAL,GENERAL,196306,478,0.33924603385174,0.497385018059298,0.631264430088532,0.734334405088849,0.847989047003538,1.05757469780033,1.20643487907812,1.4148187273261,1.78268463340628
BM_CZ,ANNUAL,GENERAL,196406,726,0.29378830668069,0.411395797094636,0.540729653177766,0.649454510533104,0.753747837444329,0.884503086968443,1.02803253051798,1.24579952462913,1.55797220873947
BM_CZ,ANNUAL,GENERAL,196506,847,0.275966006409014,0.384158310094685,0.514986460019752,0.599754338264721,0.724165653150832,0.844905026574651,0.987261508912759,1.19678449550527,1.56557884919679
BM_CZ,ANNUAL,GENERAL,196606,914,0.242264695630224,0.335160670974813,0.425837920861335,0.500029306386882,0.595235423705806,0.689704213790995,0.800559198856741,0.94413319498508,1.30287500215402
BM_CZ,ANNUAL,GENERAL,196706,1030,0.268289693113232,0.39708032376372,0.502397354860501,0.632540689284875,0.745348698501844,0.856083922789695,1.03544821558176,1.2583746956523,1.59748371447201
BM_CZ,ANNUAL,GENERAL,196806,1237,0.162812070885769,0.248570581313113,0.327194337525246,0.408241607611305,0.490657452442208,0.580342013855516,0.698515232138892,0.847831185120525,1.09864322564925
BM_CZ,ANNUAL,GENERAL,196906,1317,0.15804290083204,0.227738062946362,0.293337836552269,0.357247649037245,0.42287258916866,0.493034563776648,0.588326857793909,0.688029344170659,0.86774203105803
BM_CZ,ANNUAL,GENERAL,197006,1455,0.223402547810573,0.352914550532346,0.455396814877097,0.56293482239408,0.663174704567231,0.795301416532241,0.944170053013566,1.15808820716431,1.4623039460745
BM_CZ,ANNUAL,GENERAL,197106,1628,0.296215844219553,0.458563644718884,0.587424288769406,0.714310319887975,0.841738726524686,0.984156383464457,1.16473031335004,1.40435705975795,1.81026706837948
BM_CZ,ANNUAL,GENERAL,197206,1697,0.25640268386675,0.389160972371998,0.508637096949411,0.63499379718367,0.76768466787371,0.90190335347871,1.07189372847163,1.30858138271626,1.67752793013838
BM_CZ,ANNUAL,GENERAL,197306,1776,0.254536694426195,0.41528136293237,0.543460784328946,0.679809052333805,0.814441763679634,0.959988215581211,1.13710409543311,1.36770265625767,1.73056163173267
BM_CZ,ANNUAL,GENERAL,197406,2364,0.39450224544855,0.678556092005448,0.935068565838044,1.18855107106788,1.43016892055756,1.69964457610804,1.99865818209455,2.48276679912198,3.20994616363171
BM_CZ,ANNUAL,GENERAL,197506,2925,0.679426348067421,1.09749325890827,1.4299623140314,1.73189437883782,2.04563327989199,2.41078211750885,2.91293746414228,3.61340660760562,4.83799823445302
BM_CZ,ANNUAL,GENERAL,197606,3015,0.483755420963182,0.764115975819955,1.01585850537608,1.25806569564358,1.47237960339943,1.72691551731761,2.01784399398324,2.43985340218234,3.20728140837498
BM_CZ,ANNUAL,GENERAL,197706,2969,0.439011377231986,0.63665051631155,0.822369067570507,0.990656943186265,1.16003644093532,1.34461302777911,1.56616199198397,1.8629619822085,2.3620403487652
BM_CZ,ANNUAL,GENERAL,197806,2921,0.43308088458043,0.633707676835401,0.802082677512372,0.968332991229189,1.14012924148127,1.31581333185156,1.55177846888967,1.85174461402562,2.36584536958369
BM_CZ,ANNUAL,GENERAL,197906,2830,0.415535326435942,0.623128446225613,0.78629563171778,0.964019968688103,1.13335002609306,1.32509655517277,1.55081462396288,1.82507484179293,2.35823468745414
BM_CZ,ANNUAL,GENERAL,198006,2833,0.324740023394578,0.489539165444068,0.658814573973296,0.836945889941285,1.01044080897828,1.18557911207817,1.42676570071372,1.7162005173016,2.23717425881248
BM_CZ,ANNUAL,GENERAL,198106,2966,0.199150293530325,0.348107319037552,0.509077864511834,0.685729182183822,0.872104048014672,1.0851294731781,1.33530479814099,1.63434054372528,2.14927688896193
BM_CZ,ANNUAL,GENERAL,198206,3030,0.249687674676261,0.429121119614023,0.583886293899184,0.741517482473072,0.917779470771829,1.10526902254488,1.37340059716,1.66385045548365,2.1723630996964
BM_CZ,ANNUAL,GENERAL,198306,3237,0.20077547020171,0.353369714149964,0.486322879429517,0.634740217003813,0.790994371482177,0.959421394065698,1.16860646593166,1.4403329544992,1.86059072674161
BM_CZ,ANNUAL,GENERAL,198406,3320,0.169352816423233,0.291839113277318,0.39798938121326,0.509214645236634,0.616979823735775,0.740702222956029,0.897910306702839,1.09355078081785,1.40336583232232
BM_CZ,ANNUAL,GENERAL,198506,3397,0.237897695107812,0.375168748328685,0.50020685041204,0.61853100501824,0.742863986586291,0.8869451003523,1.05431559894073,1.27538288186243,1.608638050258
BM_CZ,ANNUAL,GENERAL,198606,3531,0.179705862634915,0.306949089557785,0.412928617840899,0.512483596211874,0.626377398027385,0.753944608478403,0.907993257281744,1.10554496009041,1.45514284729794
BM_CZ,ANNUAL,GENERAL,198706,3495,0.160261936601491,0.30076506936225,0.408903072912466,0.518397893315037,0.626571179523382,0.757546108579254,0.896732059331987,1.10137572898558,1.43106752873078
BM_CZ,ANNUAL,GENERAL,198806,3579,0.1965304428525,0.345931331327149,0.479782757823938,0.606026112666885,0.749185341154058,0.895942169480264,1.07407269609545,1.302595085705,1.75389020129347
BM_CZ,ANNUAL,GENERAL,198906,3667,0.165806679871057,0.317258652342946,0.424122250450912,0.534685765072273,0.647825109130213,0.778402263541768,0.939890875525889,1.13680203908947,1.50401390210554
BM_CZ,ANNUAL,GENERAL,199006,3636,0.128031986659003,0.258537062663368,0.372445802741824,0.48679231143917,0.613729431276549,0.744408532643827,0.916524952440141,1.16985870608967,1.5778740326256
BM_CZ,ANNUAL,GENERAL,199106,3613,0.15186402006073,0.321488135905683,0.468796400724904,0.635872026614694,0.820785746277013,1.02536489511056,1.27852838062019,1.66480733092574,2.44695692665542
BM_CZ,ANNUAL,GENERAL,199206,3591,0.0959658317432085,0.222840839616874,0.342351601624296,0.471655011655012,0.603484320557491,0.76780776191352,0.975452538631348,1.29824561403509,1.97638258530846
BM_CZ,ANNUAL,GENERAL,199306,3648,0.11672029031815,0.220549368527032,0.31584872375829,0.41624021238036,0.527684945170023,0.649753267632464,0.821322379031734,1.06489928759631,1.51433516333112
BM_CZ,ANNUAL,GENERAL,199406,3887,0.121239386782154,0.210328860715766,0.300438155669566,0.377658591556807,0.468777307252806,0.576497069520214,0.702296895158963,0.902906777944397,1.28160399130948
BM_CZ,ANNUAL,GENERAL,199506,4182,0.159789924761693,0.256660036038575,0.349692455446035,0.438030186607122,0.538738556124395,0.647005399849107,0.783139469008532,0.993293458359951,1.35699152805781
BM_CZ,ANNUAL,GENERAL,199606,4389,0.116231771566409,0.208105508397595,0.290844075354129,0.37402128108134,0.466055705300988,0.573192621150967,0.722105455104614,0.935764812469859,1.33683891117151
BM_CZ,ANNUAL,GENERAL,199706,4562,0.119780490410361,0.212204082717586,0.289824226841037,0.369015323402676,0.460248243531271,0.560995819277244,0.69544121866075,0.889764107038061,1.25406190982928
BM_CZ,ANNUAL,GENERAL,199806,4778,0.111936579976296,0.197124001508451,0.266692930050939,0.347913576379281,0.427476003104171,0.525297926298026,0.635779694571153,0.805936018074908,1.15106775735904
BM_CZ,ANNUAL,GENERAL,199906,4570,0.10335483363211,0.199690950173586,0.297711460996758,0.400511455242889,0.513810625368617,0.652118687820851,0.813985535442147,1.0513634410901,1.49637686602186
BM_CZ,ANNUAL,GENERAL,200006,4335,0.0694623352892743,0.147732060309199,0.24013388644232,0.366070404658368,0.495802495749577,0.65829719135433,0.861181409483625,1.12783221688864,1.6859128450604
BM_CZ,ANNUAL,GENERAL,200106,4090,0.112299501397708,0.232872195808941,0.352634678869166,0.474344173055235,0.639325707130076,0.861990005239834,1.13542690473888,1.56935187334823,2.56856990994787
BM_CZ,ANNUAL,GENERAL,200206,3996,0.109524750060225,0.212323464945553,0.311661174694352,0.414524728656927,0.536836926913972,0.688878170374213,0.904425038418833,1.22345216636971,1.90007930564843
BM_CZ,ANNUAL,GENERAL,200306,3679,0.164362921070786,0.299120602074179,0.423373089784111,0.548958142627843,0.675589201431846,0.827670194232938,1.02404873203264,1.3674040418763,1.97505723827591
BM_CZ,ANNUAL,GENERAL,200406,3440,0.112752457798752,0.19016380454443,0.267639289638599,0.339666215577785,0.42279758097218,0.520118353739033,0.627644147254121,0.789440280648992,1.111823063647
BM_CZ,ANNUAL,GENERAL,200506,3320,0.119393384766038,0.198313261712325,0.266974475776164,0.327057237834455,0.398626574165298,0.479614096589376,0.577006355202363,0.702533069180195,0.899765604260641
BM_CZ,ANNUAL,GENERAL,200606,3245,0.120741426059857,0.203148148173514,0.269105628309636,0.330072917899596,0.407897715173068,0.49582890748076,0.597960316168645,0.745882125843347,0.987119303723273
BM_CZ,ANNUAL,GENERAL,200706,3169,0.116537137831003,0.201220639846885,0.270912754586925,0.333282976087872,0.401616083795806,0.47957676228923,0.572244558265853,0.6952566828068,0.910027733229165
BM_CZ,ANNUAL,GENERAL,200806,3084,0.119440518440969,0.205798102608141,0.289389710169406,0.360242071999042,0.452993484785933,0.552882605178814,0.684049130992752,0.86617591002267,1.1924210533496
BM_CZ,ANNUAL,GENERAL,200906,3006,0.179076961227669,0.34242910647405,0.472797597485945,0.623567478677266,0.789799891839882,1.00293325664689,1.28233847161782,1.73750113918176,2.64428633602609
BM_CZ,ANNUAL,GENERAL,201006,2879,0.125898248042842,0.240430929521288,0.343554373941289,0.439552231351734,0.539602691602661,0.651316434891911,0.800430152833973,0.974609297239852,1.38518480454703
BM_CZ,ANNUAL,GENERAL,201106,2731,0.115964564938479,0.223726155295029,0.304826744422401,0.387371942176217,0.467990664984953,0.576726733415868,0.697966990614386,0.851776192013537,1.14469984359921
BM_CZ,ANNUAL,GENERAL,201206,2674,0.139589425248175,0.256735128069371,0.35785999230708,0.459927782831695,0.570016362408548,0.711092089332965,0.876000692525183,1.08723211752489,1.54140815588087
BM_CZ,ANNUAL,GENERAL,201306,2606,0.116502625899608,0.231432738758546,0.325841490012917,0.422745064210822,0.530749927212089,0.638062173319438,0.789622098551754,1.0063177524027,1.34548026386761
BM_CZ,ANNUAL,GENERAL,201406,2552,0.0925930833650874,0.175503521589503,0.250654037184261,0.316845633061786,0.391714395702344,0.483990610518801,0.602474601926831,0.758745695769542,1.01506758371356
BM_CZ,ANNUAL,GENERAL,201506,2579,0.0874635302112382,0.175735976158005,0.243722032954753,0.315696097889529,0.396956810996721,0.495216507366551,0.614561009165346,0.790231993514114,1.12516795797046
BM_CZ,ANNUAL,GENERAL,201606,2639,0.0707612662239918,0.173273946198293,0.254591861750831,0.331750068393757,0.424588927662012,0.537036551484046,0.706829577029088,0.918608891363464,1.32305080481899
BM_CZ,ANNUAL,GENERAL,201706,2610,0.046102534487983,0.156977632239516,0.236592173945757,0.307365888988889,0.385601238103707,0.481766108087038,0.610137634120778,0.76160031916374,1.06951659718306
BM_CZ,ANNUAL,GENERAL,201806,2575,0.0505751175109626,0.13646885744507,0.203436594986337,0.27833743413052,0.360957228130445,0.462589877090122,0.582436669997579,0.737809464731061,1.06011113074701
BM_CZ,ANNUAL,GENERAL,201906,2584,0.067178618572741,0.159634787753551,0.256338242785311,0.349409835987661,0.467396963266861,0.60637088414468,0.7897010080659,1.00358752911122,1.44492902305783
BM_CZ,ANNUAL,GENERAL,202006,2630,0.0484819700196554,0.127220835606863,0.205593585331248,0.292117244333835,0.389442518235345,0.517021623956242,0.686696538763137,0.895914975399022,1.33514968375432
BM_CZ,ANNUAL,GENERAL,202106,2671,0.0357669268265581,0.103825600524979,0.165502259030395,0.239939829847201,0.32402537297841,0.428132930254029,0.564696116607946,0.786594098046297,1.12396140830873
BM_CZ,ANNUAL,GENERAL,202206,2779,0.0529949164115497,0.123776356795481,0.191707177683051,0.26900390274843,0.347720037308698,0.453310394005429,0.593997811091048,0.772120221141268,1.03826146423045
BM_CZ,ANNUAL,GENERAL,202306,3058,0.045445847306721,0.164422686829224,0.270117644655692,0.379958806996086,0.507023477034504,0.641820359979167,0.85325768485632,1.11086158540814,1.75755945234215
BM_CZ,ANNUAL,GENERAL,202406,3000,0.0179330788882838,0.129047916932079,0.215822220845654,0.318577385058258,0.425964791188454,0.567198048858901,0.750074069935365,1.02204450980665,1.46017915437067
BM_CZ,ANNUAL,NYSE,196306,476,0.339078895972663,0.496279567336265,0.632269754488425,0.734385387033987,0.847989047003538,1.05751978891821,1.2055881191919,1.41395927250117,1.77744854536534
BM_CZ,ANNUAL,NYSE,196406,606,0.289998987517287,0.406188722172749,0.537120250850912,0.642696153642664,0.74559737549891,0.850662589194699,0.989710538896019,1.20955351469994,1.49185774770127
BM_CZ,ANNUAL,NYSE,196506,643,0.280073427930707,0.369318193325763,0.499413477227308,0.581320814623375,0.681997783659313,0.816223482229177,0.917554071936058,1.08803438777235,1.39437079884948
BM_CZ,ANNUAL,NYSE,196606,673,0.24180693360927,0.332795456121741,0.416865614217172,0.492247664482079,0.588302001608439,0.680370788113118,0.780899558288022,0.919682004953574,1.20365221800596
BM_CZ,ANNUAL,NYSE,196706,726,0.274013259991851,0.392251203206173,0.502049184446543,0.624117001828154,0.73775054295704,0.835556111039196,0.990704522386546,1.20214817602524,1.53786183751875
BM_CZ,ANNUAL,NYSE,196806,769,0.203650361254087,0.299593268827749,0.375066122338865,0.456917760070753,0.531377134883355,0.628981648091891,0.743866377341988,0.86863319575261,1.13523748962292
BM_CZ,ANNUAL,NYSE,196906,812,0.197028068717791,0.279636020801147,0.335428408803699,0.408749502076272,0.468601170855064,0.544795352902005,0.629706515251621,0.735713312635701,0.899951526463801
BM_CZ,ANNUAL,NYSE,197006,881,0.239044045682132,0.373113616293474,0.481416603198781,0.582296650717703,0.680410301982093,0.810655809902231,0.976033536501282,1.17649792068397,1.47978495928178
BM_CZ,ANNUAL,NYSE,197106,953,0.289530721024607,0.435948355320361,0.556610351489018,0.689404656517305,0.808083941872887,0.942188667207771,1.10541523983737,1.32794543669124,1.71331166459444
BM_CZ,ANNUAL,NYSE,197206,989,0.245541373021789,0.357570704184744,0.490845017606098,0.615000389822897,0.747259705272715,0.871532394263907,1.02127544308988,1.26236588315536,1.60998397578819
BM_CZ,ANNUAL,NYSE,197306,1023,0.224892044924391,0.37053457842567,0.509679406925293,0.63513421198206,0.775102037338423,0.890105792209701,1.06558257196106,1.28699103744918,1.66205708182798
BM_CZ,ANNUAL,NYSE,197406,1066,0.355507748949917,0.636549795836256,0.856318818252274,1.08767147357456,1.33707005400656,1.55674927360093,1.84700120118069,2.23874515652255,3.02070225173424
BM_CZ,ANNUAL,NYSE,197506,1088,0.596883054107306,1.03467414580325,1.39316179827675,1.67416642596856,1.95087394734058,2.28741590548235,2.68791050445923,3.3737698177193,4.53860660560686
BM_CZ,ANNUAL,NYSE,197606,1091,0.468897414038079,0.727565359194811,0.930336285037867,1.18304756107639,1.39413178362318,1.60889281879619,1.89901960784314,2.3015663124754,2.97481295190192
BM_CZ,ANNUAL,NYSE,197706,1110,0.438716436862762,0.614940443568046,0.766257847876979,0.921225702025185,1.06225191003358,1.21534567210302,1.38327981828154,1.67774017734043,2.12513564562798
BM_CZ,ANNUAL,NYSE,197806,1110,0.49663960026092,0.674066904397118,0.823442837075017,0.955812124331831,1.09613216856168,1.22551422722735,1.41443473837452,1.70683868911625,2.13444431395594
BM_CZ,ANNUAL,NYSE,197906,1101,0.493664429110141,0.674750134295723,0.821656308816093,0.984743465057236,1.12945489155086,1.29484726070315,1.4824773216733,1.75536060141737,2.19509394239051
BM_CZ,ANNUAL,NYSE,198006,1086,0.412061304361508,0.550538551438769,0.702542414927186,0.859899437366617,1.00888964527873,1.13528240028758,1.33978901045481,1.62164761105361,2.04997202393236
BM_CZ,ANNUAL,NYSE,198106,1074,0.327215440240883,0.473453207403839,0.614762288735518,0.771435170880624,0.933246431720231,1.09015284427572,1.29466155206815,1.565013822848,2.02494420724719
BM_CZ,ANNUAL,NYSE,198206,1053,0.417268965328379,0.559579295320472,0.698830743942522,0.837194921863335,0.987311524481228,1.15568543594795,1.37228187162512,1.65281502820822,2.07517743946276
BM_CZ,ANNUAL,NYSE,198306,1027,0.351651603394119,0.470242028189911,0.599176370153668,0.744632019925504,0.884396276824959,1.03727795531297,1.2196350367277,1.45831013921979,1.77859740423434
BM_CZ,ANNUAL,NYSE,198406,1013,0.319679445898038,0.412173806459485,0.513122150494496,0.618416567128745,0.718314453951427,0.822088988986852,0.935946710931989,1.09690488919031,1.35560718335257
BM_CZ,ANNUAL,NYSE,198506,994,0.359302365534193,0.482691211623467,0.590833685868142,0.701705191807442,0.809842449902405,0.944427553221895,1.07655498443406,1.26484251767418,1.53203695307817
BM_CZ,ANNUAL,NYSE,198606,968,0.295331755458789,0.393071993154365,0.488593525936743,0.582053160972324,0.691205066837392,0.783914840453083,0.923491891832141,1.05458049455727,1.30973072954469
BM_CZ,ANNUAL,NYSE,198706,931,0.267987774214852,0.376999101527403,0.475917340475424,0.553206490283943,0.642100835704859,0.756704680564741,0.879827527154951,1.00512081734372,1.1956517789362
BM_CZ,ANNUAL,NYSE,198806,918,0.281617379727515,0.385814413431544,0.522359612158688,0.631495004386477,0.724256753013051,0.840669490688363,0.986177297011442,1.14800879442939,1.47006428976449
BM_CZ,ANNUAL,NYSE,198906,900,0.265186094972034,0.382507785802357,0.463337089361381,0.566668497134075,0.658766296699709,0.754362029100219,0.86669979796367,1.00525671210822,1.20974388140887
BM_CZ,ANNUAL,NYSE,199006,896,0.209885471462484,0.323047406220367,0.404993041249129,0.494813751423394,0.598817492584309,0.690450438249084,0.814376343427531,0.990603399782131,1.26024678480377
BM_CZ,ANNUAL,NYSE,199106,932,0.223822404342273,0.386351251008859,0.510723283724635,0.642330338683991,0.783783489143604,0.932349781031298,1.13354922230782,1.38636106110682,1.89774692236681
BM_CZ,ANNUAL,NYSE,199206,972,0.174777387756985,0.301309844996877,0.420628964183937,0.51710167747112,0.618528382904361,0.734213060672766,0.854083517491513,1.02214685594452,1.45220176441952
BM_CZ,ANNUAL,NYSE,199306,1019,0.174155296429548,0.273743919798029,0.37175520723425,0.45380884470169,0.544764269284945,0.627893946396872,0.735485959934004,0.920072481743416,1.2272789176048
BM_CZ,ANNUAL,NYSE,199406,1082,0.170416323433004,0.263948146267038,0.337437022069343,0.412095315267742,0.476009643314708,0.55178005394255,0.651629514408892,0.793854514337036,1.06334720362677
BM_CZ,ANNUAL,NYSE,199506,1143,0.192750307841002,0.296642538001111,0.370323747623765,0.442839540692835,0.524263478214036,0.610631920366775,0.7226478179659,0.861708562831301,1.09599272859218
BM_CZ,ANNUAL,NYSE,199606,1179,0.171495862743293,0.263644939060286,0.326778875193032,0.390755376679912,0.472077202974213,0.544238313423071,0.660378483240945,0.826234531022039,1.06349853140673
BM_CZ,ANNUAL,NYSE,199706,1228,0.160326092163189,0.242064717112984,0.30684871669327,0.375569606408442,0.447612611772429,0.525303561349368,0.63071741145328,0.773765243345759,1.0219188146092
BM_CZ,ANNUAL,NYSE,199806,1279,0.140500096642361,0.216960787889041,0.275477625068395,0.340414531484735,0.406860762335555,0.475265451170776,0.568751092044153,0.683367006732354,0.936914718696731
BM_CZ,ANNUAL,NYSE,199906,1271,0.127102136607523,0.223070255730263,0.311751428589194,0.399957549147987,0.491358530564045,0.594550508981733,0.728616487187623,0.917993144574353,1.25476656615745
BM_CZ,ANNUAL,NYSE,200006,1210,0.121051711614177,0.22573694438322,0.342689685844466,0.441354920681237,0.559073187497008,0.680429870615999,0.866680390490973,1.10064029935989,1.57953714118949
BM_CZ,ANNUAL,NYSE,200106,1135,0.142375934794524,0.256787852041099,0.358758539454994,0.451295284379618,0.568044146890809,0.729131846494115,0.973658348555101,1.32596253682662,2.28559810928266
BM_CZ,ANNUAL,NYSE,200206,1100,0.143290724135243,0.270283646764315,0.359217323000117,0.452697858669585,0.563888479968511,0.681584871129716,0.846887390739335,1.09560801170596,1.65990232316973
BM_CZ,ANNUAL,NYSE,200306,1091,0.187973806483167,0.3166804934984,0.416282504126941,0.524198863215957,0.621106330191242,0.746594505598416,0.896616717108339,1.14019462811955,1.59664938500073
BM_CZ,ANNUAL,NYSE,200406,1071,0.161478509249898,0.258838125107222,0.332560214845041,0.401225804425113,0.483706185124679,0.558050464969605,0.649693507339136,0.784965642259071,1.04757744582731
BM_CZ,ANNUAL,NYSE,200506,1054,0.168839665520616,0.259800286003183,0.317645064632427,0.382657812132234,0.452603198664154,0.520304376696952,0.601164076146114,0.713396586921651,0.888502622372421
BM_CZ,ANNUAL,NYSE,200606,1023,0.170640317497084,0.248925914631722,0.305710373841044,0.379518719592844,0.445999681275034,0.517244196765414,0.592978605204198,0.74707395373007,0.995751483514379
BM_CZ,ANNUAL,NYSE,200706,1014,0.155719190436231,0.237102601165728,0.307167089341161,0.359548606884639,0.428217007168598,0.500472272743999,0.589233877811766,0.705311560220198,0.881575078624898
BM_CZ,ANNUAL,NYSE,200806,992,0.165055758937579,0.247448514479349,0.320367125621663,0.385158700018976,0.473040969237292,0.578339650034423,0.689699251046634,0.8564068626399,1.1465627832239
BM_CZ,ANNUAL,NYSE,200906,982,0.210807355877269,0.371745442208906,0.480458578183299,0.601725038274116,0.741026129122075,0.942831052044555,1.16034869435355,1.49872265144461,2.01343316196496
BM_CZ,ANNUAL,NYSE,201006,972,0.148980521023789,0.27598195907556,0.385398793869154,0.447928004363579,0.559010335865133,0.650274710950818,0.766070889777982,0.931971572385855,1.12641531507726
BM_CZ,ANNUAL,NYSE,201106,947,0.142692142498941,0.249472818699814,0.335593070867532,0.402011262257439,0.474146168512436,0.574213537951719,0.666634008392685,0.784434586743005,1.00500355647794
BM_CZ,ANNUAL,NYSE,201206,951,0.163765610172338,0.287631486286414,0.386109446076658,0.476740299152348,0.56369467942206,0.684196899184756,0.804897759846923,0.962470461687545,1.22422152078015
BM_CZ,ANNUAL,NYSE,201306,947,0.137611587057905,0.263112916011833,0.344139755451144,0.426837951330704,0.518539558266401,0.59512643121097,0.716954842484935,0.881964808489247,1.18318069935252
BM_CZ,ANNUAL,NYSE,201406,944,0.117204349593504,0.215888752768719,0.286406632431339,0.344347720759874,0.405998123302077,0.478032872445344,0.575953363617725,0.701420926616638,0.933534630784693
BM_CZ,ANNUAL,NYSE,201506,949,0.102672513234736,0.195034609744997,0.262667904065457,0.329238876215402,0.39392072336227,0.490631791561076,0.606753146935126,0.766602465341049,1.09754585374955
BM_CZ,ANNUAL,NYSE,201606,947,0.0767123121513216,0.182910983975526,0.267030824993708,0.338773372254636,0.429540679936304,0.525570442032009,0.668047841227804,0.879621790639457,1.29519886642816
BM_CZ,ANNUAL,NYSE,201706,924,0.0542776743745078,0.169724791207269,0.241632818981721,0.302440133856019,0.371499377668182,0.448231621726662,0.558132713803963,0.69072605488452,0.933820829845907
BM_CZ,ANNUAL,NYSE,201806,908,0.0686335841295749,0.157387843101135,0.221975598363597,0.289222611374949,0.364969182167007,0.443982007368414,0.566963525715711,0.71756202128285,1.00293638698372
BM_CZ,ANNUAL,NYSE,201906,903,0.0727245952102446,0.177420092058879,0.265869530245378,0.362050169906821,0.472357623398341,0.5998477793316,0.782203470673915,1.00150213858918,1.44106082349645
BM_CZ,ANNUAL,NYSE,202006,888,0.0572562468647272,0.151913681068182,0.226611304243777,0.312913919941913,0.417669842075357,0.535673403707646,0.702631933064899,0.916163801777636,1.34705479616735
BM_CZ,ANNUAL,NYSE,202106,869,0.0338345593106284,0.125609083867374,0.199108223036843,0.275561895458978,0.366138096874143,0.470177708677116,0.606798308016019,0.82497607029482,1.1895347421016
BM_CZ,ANNUAL,NYSE,202206,876,0.0421673088774091,0.118182730285233,0.178621602644731,0.251358215032412,0.324278346282091,0.417190686964139,0.541395430048213,0.679033014613262,0.92611662214193
BM_CZ,ANNUAL,NYSE,202306,921,0.0539697401121104,0.168446532532021,0.245274075182659,0.330639733606976,0.427744013928701,0.544123923155895,0.662706691373235,0.886503704393019,1.21897151529842
BM_CZ,ANNUAL,NYSE,202406,915,0.0471908145686743,0.148909449599341,0.21479229014494,0.295010976284414,0.4000905062913,0.494173776201448,0.650592714022481,0.836243862888882,1.13530915313147
BM_CZ,MONTHLY,GENERAL,196306,478,0.33924603385174,0.497385018059298,0.631264430088532,0.734334405088849,0.847989047003538,1.05757469780033,1.20643487907812,1.4148187273261,1.78268463340628
BM_CZ,MONTHLY,GENERAL,196307,481,0.344380976623788,0.499043194143847,0.634080632129889,0.734130477308294,0.848411830763853,1.05751978891821,1.20452966933414,1.41395927250117,1.78108629721533
BM_CZ,MONTHLY,GENERAL,196308,485,0.341450435051729,0.49849046878233,0.635023709609943,0.73428342314371,0.848411830763853,1.05474539229596,1.20357171098546,1.41424575744281,1.77817609573534
BM_CZ,MONTHLY,GENERAL,196309,490,0.33842104737683,0.494003302572799,0.633914365487409,0.73428342314371,0.847867591242184,1.05193234317804,1.2051647392488,1.41424575744281,1.77453834388536
BM_CZ,MONTHLY,GENERAL,196310,493,0.33154674588406,0.483692745493957,0.63358999641368,0.734031889221267,0.846687395359962,1.05110935350656,1.20537642922035,1.41236945429871,1.77292831978427
BM_CZ,MONTHLY,GENERAL,196311,495,0.33243752386441,0.483730705554351,0.635023709609943,0.733933301134239,0.847323351720515,1.05193234317804,1.20622318910656,1.41077963609626,1.77204584605319
BM_CZ,MONTHLY,GENERAL,196312,506,0.326635882088673,0.483749685584548,0.62397645506407,0.724221856574798,0.837445695992197,1.03935082865391,1.20531548800665,1.4076929973998,1.764802746441
BM_CZ,MONTHLY,GENERAL,196401,486,0.341938858647072,0.504946320262074,0.640854362544044,0.74616292798111,0.871490908446595,1.06713641432533,1.20888337359535,1.40998472699504,1.77441573588092
BM_CZ,MONTHLY,GENERAL,196402,489,0.33818104347869,0.499066685464036,0.640770667534481,0.745920466092925,0.858697001739051,1.05706813362481,1.20716277387854,1.40587131660698,1.76771888746464
BM_CZ,MONTHLY,GENERAL,196403,492,0.331101356893886,0.486255661934892,0.639023753128655,0.742104665811068,0.862245143665586,1.05491743234772,1.20724880801668,1.40397138853586,1.76918848268552
BM_CZ,MONTHLY,GENERAL,196404,491,0.335109857805457,0.483749685584548,0.639555131525147,0.739184348305318,0.865793285592121,1.05526151245123,1.20843514644352,1.40122949169892,1.76939842485994
BM_CZ,MONTHLY,GENERAL,196405,503,0.33154674588406,0.479367788992371,0.633725714105076,0.732716689548663,0.850498292073106,1.04202002537005,1.20515832427215,1.38555527642561,1.75819708934166
BM_CZ,MONTHLY,GENERAL,196406,726,0.29378830668069,0.411395797094636,0.540729653177766,0.649454510533104,0.753747837444329,0.884503086968443,1.02803253051798,1.24579952462913,1.55797220873947
BM_CZ,MONTHLY,GENERAL,196407,735,0.296894814335739,0.416045848936784,0.542412738313295,0.650434759636783,0.764108697466136,0.890484712624648,1.03342962247468,1.25295664359376,1.58529313359703
BM_CZ,MONTHLY,GENERAL,196408,739,0.297719821300308,0.418350307153459,0.547265683964313,0.652315070229853,0.765354179438862,0.893836301578438,1.03483811698427,1.25364945548444,1.58446259468154
BM_CZ,MONTHLY,GENERAL,196409,748,0.298992717301524,0.420684391050625,0.546219136633493,0.65155737065536,0.765245259459016,0.892406432907563,1.03620404181794,1.25172459938815,1.59232292528552
BM_CZ,MONTHLY,GENERAL,196410,753,0.301302475799757,0.420684391050625,0.55096687581267,0.653955703243095,0.765136339479171,0.892406432907563,1.03594768977384,1.25172459938815,1.60265501324051
BM_CZ,MONTHLY,GENERAL,196411,758,0.299740804235507,0.420684391050625,0.54962679482374,0.65155737065536,0.764622518472654,0.890003013493774,1.03551648534999,1.25172459938815,1.61264659962768
BM_CZ,MONTHLY,GENERAL,196412,789,0.290903678601042,0.417969281549876,0.55883199731721,0.656343340251803,0.772008830022075,0.901875833688941,1.04604306268014,1.26059502903397,1.64642894256425
BM_CZ,MONTHLY,GENERAL,196501,737,0.303883894238239,0.422410121342312,0.559227502134886,0.660514256244182,0.773677894483097,0.899359405762438,1.03914071182441,1.25503507926579,1.61459951669606
BM_CZ,MONTHLY,GENERAL,196502,747,0.303883894238239,0.424978157274078,0.557416991842313,0.659354159539049,0.773677894483097,0.902546662734897,1.04870575341236,1.25814368069809,1.62893510347324
BM_CZ,MONTHLY,GENERAL,196503,752,0.307639898060854,0.436428273260098,0.560995709304101,0.664718728037024,0.778327406361096,0.905479900457858,1.06247970397437,1.26244242998444,1.63220770893179
BM_CZ,MONTHLY,GENERAL,196504,757,0.309568965776549,0.436428273260098,0.559643833555352,0.667921048358998,0.779127976599462,0.919107339121752,1.06794364854866,1.26341992637814,1.63224446495637
BM_CZ,MONTHLY,GENERAL,196505,789,0.297719821300308,0.427405830251038,0.563511235395875,0.672646497046204,0.781427087969144,0.924810073955763,1.08416173223879,1.26596465857921,1.65069451073034
BM_CZ,MONTHLY,GENERAL,196506,847,0.275966006409014,0.384158310094685,0.514986460019752,0.599754338264721,0.724165653150832,0.844905026574651,0.987261508912759,1.19678449550527,1.56557884919679
BM_CZ,MONTHLY,GENERAL,196507,855,0.279092771941499,0.387656964876057,0.516039439126689,0.601282241101171,0.724165653150832,0.845258855715031,0.991998081356318,1.19264366360035,1.56284663844908
BM_CZ,MONTHLY,GENERAL,196508,857,0.279255524173933,0.386552229252128,0.514986460019752,0.601251051937174,0.724165653150832,0.848576721163474,0.993281381214701,1.19406278423307,1.55550186549708
BM_CZ,MONTHLY,GENERAL,196509,858,0.279689208797277,0.392752876011022,0.516271923314522,0.600988122861661,0.7237921733378,0.851198492226195,0.992275833630144,1.19543889434682,1.55465957447826
BM_CZ,MONTHLY,GENERAL,196510,860,0.279809572189485,0.393816828671192,0.516148356860852,0.601796022795023,0.724753986522628,0.851835894766772,0.996352541067343,1.19713190045754,1.56093744941651
BM_CZ,MONTHLY,GENERAL,196511,863,0.280073427930707,0.392752876011022,0.515181313068669,0.604845239937962,0.725342319894425,0.852123908678376,0.996405867270583,1.19931381947517,1.5636103140621
BM_CZ,MONTHLY,GENERAL,196512,867,0.280480776020944,0.395287498161211,0.518066508164051,0.609912088079845,0.725342319894425,0.851460647584255,0.993127117807425,1.20266951806893,1.58348574536102
BM_CZ,MONTHLY,GENERAL,196601,853,0.281306301111932,0.397012869861154,0.519397648247589,0.621834693090734,0.727684489852463,0.852123908678376,0.994009176525431,1.21021005546445,1.58644786981585
BM_CZ,MONTHLY,GENERAL,196602,851,0.282979009114937,0.397933405512185,0.517978295756074,0.619577463905501,0.725342319894425,0.851722802942315,0.986632870349521,1.20296296296296,1.56738613847928
BM_CZ,MONTHLY,GENERAL,196603,855,0.288160560733214,0.40105408124912,0.521275649642746,0.63099184409793,0.730952763144454,0.861389101309955,0.997605896223791,1.21268807918424,1.58205221345399
BM_CZ,MONTHLY,GENERAL,196604,858,0.294260154699563,0.400274808601859,0.525473208547613,0.631013848591564,0.732354282396388,0.862157634782391,1.0033124937443,1.21902423578127,1.58452857221974
BM_CZ,MONTHLY,GENERAL,196605,866,0.293982442487276,0.399495535954598,0.522783564753936,0.631035853085197,0.732354282396388,0.86168353452831,0.99749906111697,1.21212121212121,1.58179744802936
BM_CZ,MONTHLY,GENERAL,196606,914,0.242264695630224,0.335160670974813,0.425837920861335,0.500029306386882,0.595235423705806,0.689704213790995,0.800559198856741,0.94413319498508,1.30287500215402
BM_CZ,MONTHLY,GENERAL,196607,922,0.23894457537842,0.334141299513233,0.427632536949939,0.500520339313699,0.595235423705806,0.689675692382648,0.801059686606515,0.9489149357463,1.30710250713574
BM_CZ,MONTHLY,GENERAL,196608,924,0.239168216167238,0.333603818329469,0.427143237705886,0.501304849885421,0.595235423705806,0.690073963552541,0.800662201236184,0.954152591869689,1.31299941525691
BM_CZ,MONTHLY,GENERAL,196609,928,0.239615497744875,0.335075667442328,0.427452583013974,0.50519329635455,0.597309842818167,0.690392920067226,0.801192181729959,0.951494348030378,1.3203749962697
BM_CZ,MONTHLY,GENERAL,196610,934,0.24023309411988,0.334523479945296,0.428172398757834,0.508715559218853,0.601722050653622,0.694310189076635,0.803326143998778,0.963188672645309,1.32194673152793
BM_CZ,MONTHLY,GENERAL,196611,939,0.239727318139284,0.332891714707117,0.426959705448765,0.505342433995161,0.604683966961514,0.693768904866575,0.804282411485154,0.963188672645309,1.3214822035627
BM_CZ,MONTHLY,GENERAL,196612,950,0.238681515317278,0.339204203124409,0.429069158235727,0.50719742832459,0.599861153284194,0.690654715220719,0.803708650993328,0.96764157039696,1.32011174023915
BM_CZ,MONTHLY,GENERAL,196701,921,0.249877371816693,0.348304087795134,0.437974638105766,0.516443358194097,0.610928104575163,0.701560884336994,0.811090033561944,0.972512805713873,1.3212963923766
BM_CZ,MONTHLY,GENERAL,196702,925,0.247927220784241,0.351579438050213,0.438226665682697,0.518142756583513,0.613224284366153,0.700515072771858,0.811384904128981,0.972426213248245,1.32076988031551
BM_CZ,MONTHLY,GENERAL,196703,930,0.257993577585239,0.35240949790637,0.441028497931411,0.526256015038945,0.616878231611589,0.704512165336923,0.816630269891651,0.983976485022717,1.32138929796965
BM_CZ,MONTHLY,GENERAL,196704,935,0.25558493823558,0.351806975331685,0.444988275699152,0.531635084570447,0.617372389316847,0.706183661427103,0.821913580635308,0.983976485022717,1.32076988031551
BM_CZ,MONTHLY,GENERAL,196705,947,0.249819610533027,0.344248510653755,0.437348665129084,0.525902897250861,0.613613594649321,0.703125884858154,0.816484538297906,0.977338285588855,1.32050662428497
BM_CZ,MONTHLY,GENERAL,196706,1030,0.268289693113232,0.39708032376372,0.502397354860501,0.632540689284875,0.745348698501844,0.856083922789695,1.03544821558176,1.2583746956523,1.59748371447201
BM_CZ,MONTHLY,GENERAL,196707,1042,0.268530526875185,0.39839395255784,0.507161313783561,0.633271138297038,0.751033624800073,0.861435090095612,1.03235338909915,1.25910313363611,1.58874534442395
BM_CZ,MONTHLY,GENERAL,196708,1046,0.271086003763306,0.399823399558499,0.507720321317826,0.632701321073414,0.751033624800073,0.861641221374046,1.03410332441487,1.26090130901941,1.59294278965921
BM_CZ,MONTHLY,GENERAL,196709,1052,0.274745803227988,0.40345195015142,0.516477159723817,0.63447659259334,0.75224767512161,0.868642837039122,1.03441274977615,1.26303782465941,1.59600269934598
BM_CZ,MONTHLY,GENERAL,196710,1058,0.275633513809071,0.402359535990223,0.514125020234179,0.632621005179145,0.75111523466528,0.868513744253682,1.03300430370751,1.26117628505612,1.59768282828283
BM_CZ,MONTHLY,GENERAL,196711,1061,0.279886612094317,0.405866741953698,0.516722389524229,0.632701321073414,0.753533322160773,0.868449197860963,1.03332976101168,1.26411194439363,1.58911790255074
BM_CZ,MONTHLY,GENERAL,196712,1070,0.287612870350811,0.409498266526913,0.519549563070353,0.647212047565855,0.766111229440058,0.874970147152618,1.03105155988245,1.26358829305535,1.58988287997243
BM_CZ,MONTHLY,GENERAL,196801,1041,0.284206504115418,0.415392354124749,0.530668960497585,0.661677641220032,0.771907624748891,0.882993731547333,1.04413559322034,1.26411194439363,1.59981818181818
BM_CZ,MONTHLY,GENERAL,196802,1044,0.284857849833645,0.416963289895538,0.535396209625818,0.663161993081447,0.772677355525651,0.889489247081694,1.04423915723785,1.26826680233746,1.61190786923245
BM_CZ,MONTHLY,GENERAL,196803,1049,0.293428340735806,0.422404554185599,0.536241662431715,0.664165370304855,0.774253319207448,0.897840174055222,1.05751454093108,1.28270837078928,1.60971060770463
BM_CZ,MONTHLY,GENERAL,196804,1053,0.295082422880994,0.423399797695892,0.539563687573968,0.669985207806717,0.783041717125319,0.904664730249094,1.0696634171439,1.28911427141389,1.61236995493394
BM_CZ,MONTHLY,GENERAL,196805,1065,0.297975171901832,0.422450965072021,0.536205222955152,0.669628877608573,0.783041717125319,0.904931713995178,1.06922275080168,1.28763172567328,1.61183478542444
BM_CZ,MONTHLY,GENERAL,196806,1237,0.162812070885769,0.248570581313113,0.327194337525246,0.408241607611305,0.490657452442208,0.580342013855516,0.698515232138892,0.847831185120525,1.09864322564925
BM_CZ,MONTHLY,GENERAL,196807,1246,0.162800321243759,0.249430538914271,0.329430622398413,0.413969363514731,0.495459968406699,0.58144750254842,0.70298179876051,0.849791189546006,1.11545323361404
BM_CZ,MONTHLY,GENERAL,196808,1242,0.168190699347929,0.250797172264715,0.330129907744418,0.414411500503357,0.494934196857119,0.582210375589722,0.704280717045956,0.854357019401103,1.12276490400833
BM_CZ,MONTHLY,GENERAL,196809,1251,0.169157919265983,0.254364622523945,0.330096178893247,0.415448567428126,0.49496008454804,0.58144750254842,0.70425943362796,0.85438499724214,1.12690468246024
BM_CZ,MONTHLY,GENERAL,196810,1257,0.172695538248222,0.25842984683035,0.330186122496368,0.41587768451788,0.494908309166198,0.581465139633229,0.704265514604531,0.85483536390881,1.12551756594823
BM_CZ,MONTHLY,GENERAL,196811,1261,0.173364075537989,0.257028112449799,0.330096178893247,0.415448567428126,0.494317554893523,0.58144750254842,0.70425943362796,0.85438499724214,1.1245928216069
BM_CZ,MONTHLY,GENERAL,196812,1269,0.180815096919636,0.2636061671648,0.334466223729558,0.42133521348565,0.501568803891365,0.583221430756359,0.707060729713354,0.85567896583382,1.10543151266655
BM_CZ,MONTHLY,GENERAL,196901,1243,0.181217028337708,0.267170011034006,0.342917110121296,0.430574217465359,0.50730947633042,0.589928077873398,0.718567774856146,0.860525741494562,1.12864997202504
BM_CZ,MONTHLY,GENERAL,196902,1249,0.181535241250835,0.267173114897328,0.345716401635516,0.43287407846267,0.50730947633042,0.589607379457516,0.722969604508654,0.862728518270626,1.13017179315273
BM_CZ,MONTHLY,GENERAL,196903,1254,0.185157449579045,0.272259519599058,0.352831904934066,0.435981117554632,0.510149457478816,0.593743637915067,0.730024586322044,0.868079782847176,1.12760846608825
BM_CZ,MONTHLY,GENERAL,196904,1255,0.188258576489914,0.272660874265668,0.355838616402558,0.440044139231759,0.511539720280985,0.593392838798467,0.730704720871759,0.867288156211748,1.13152432492903
BM_CZ,MONTHLY,GENERAL,196905,1263,0.188831055356455,0.273767211027959,0.355864170356667,0.43968135630547,0.511539720280985,0.592795165151993,0.730970730247246,0.864744021344865,1.1205908891159
BM_CZ,MONTHLY,GENERAL,196906,1317,0.15804290083204,0.227738062946362,0.293337836552269,0.357247649037245,0.42287258916866,0.493034563776648,0.588326857793909,0.688029344170659,0.86774203105803
BM_CZ,MONTHLY,GENERAL,196907,1329,0.160466129650033,0.231074510056337,0.296997388050819,0.363230358398312,0.427723035068511,0.495483141973973,0.588486568686364,0.688126614902871,0.870578241337502
BM_CZ,MONTHLY,GENERAL,196908,1331,0.160608695652174,0.231330620412921,0.298469277934601,0.363925392781183,0.428179682265028,0.495667546537889,0.589163943477028,0.690513026796213,0.873070325900515
BM_CZ,MONTHLY,GENERAL,196909,1339,0.163210301142091,0.231428927971111,0.298855875952442,0.363230358398312,0.42849671539682,0.495483141973973,0.590538847426624,0.689081590537014,0.87356111735904
BM_CZ,MONTHLY,GENERAL,196910,1345,0.164022804604642,0.231461697157175,0.300360935252739,0.362236199220551,0.427723035068511,0.494732597649218,0.591115832053203,0.693806260794749,0.871824283619009
BM_CZ,MONTHLY,GENERAL,196911,1350,0.165280529860108,0.232194112778116,0.301045468529779,0.363345475198593,0.428338198830924,0.496118170078757,0.590229307168771,0.693806260794749,0.870266730767126
BM_CZ,MONTHLY,GENERAL,196912,1363,0.168211828220144,0.240085956535454,0.304598447078288,0.366397576366418,0.430362047440699,0.495691772357517,0.59134881842766,0.693544789887153,0.875033491734617
BM_CZ,MONTHLY,GENERAL,197001,1325,0.168995054213959,0.243805076700819,0.311029376180332,0.373881663334197,0.441701592336915,0.506215858167657,0.598600581834872,0.700641791431967,0.879118322343563
BM_CZ,MONTHLY,GENERAL,197002,1335,0.17033282170081,0.246434864815849,0.313888636995059,0.374648105948247,0.441701592336915,0.507067106255132,0.598600581834872,0.701923682454354,0.879118322343563
BM_CZ,MONTHLY,GENERAL,197003,1342,0.172251140207778,0.249620793098599,0.315136353978615,0.376803948437894,0.44601448164206,0.509982520735048,0.604662175020323,0.711533608610831,0.880798072216393
BM_CZ,MONTHLY,GENERAL,197004,1346,0.173871908806488,0.251092902897731,0.318169308513829,0.380406212664277,0.447761074781718,0.512294144660889,0.605002970723956,0.712610510805501,0.882874821506974
BM_CZ,MONTHLY,GENERAL,197005,1359,0.175088986808478,0.251328703653827,0.318087445156028,0.379575625177163,0.447518483412322,0.509769723866725,0.603523037861495,0.708277311546737,0.877754212723745
BM_CZ,MONTHLY,GENERAL,197006,1455,0.223402547810573,0.352914550532346,0.455396814877097,0.56293482239408,0.663174704567231,0.795301416532241,0.944170053013566,1.15808820716431,1.4623039460745
BM_CZ,MONTHLY,GENERAL,197007,1462,0.223010798460046,0.354746558474095,0.457624244438193,0.565645166520784,0.66657978181591,0.800123209714953,0.950245677449231,1.16983609736032,1.46260504421505
BM_CZ,MONTHLY,GENERAL,197008,1468,0.222225463397387,0.354122629765349,0.45160769062496,0.565143832822664,0.668155730207701,0.800945397239788,0.949880216738744,1.16900119386044,1.46200284793395
BM_CZ,MONTHLY,GENERAL,197009,1476,0.224492916662454,0.355305850609652,0.45468572167547,0.565647914255297,0.670340272407374,0.806206570633434,0.950188929845687,1.16877099275989,1.46220358002765
BM_CZ,MONTHLY,GENERAL,197010,1484,0.223271964693731,0.354580766267286,0.454203577861486,0.56564425060928,0.670340272407374,0.806154911679161,0.948545463954078,1.16533332450276,1.45776185373493
BM_CZ,MONTHLY,GENERAL,197011,1488,0.223794297161101,0.354886381507984,0.455161966589774,0.565143832822664,0.66986553735225,0.806960339982187,0.951009359276644,1.16900119386044,1.4568795240928
BM_CZ,MONTHLY,GENERAL,197012,1506,0.226394850976359,0.358196827096349,0.458226873788142,0.562361712361712,0.665366942580823,0.802025946625891,0.949212840346411,1.15444528963416,1.46006267537997
BM_CZ,MONTHLY,GENERAL,197101,1471,0.232726442614823,0.362553294141417,0.466512702078522,0.570767987188581,0.67706013363029,0.810655809902231,0.961275551502658,1.17000645638519,1.47132731368706
BM_CZ,MONTHLY,GENERAL,197102,1480,0.235327218851475,0.361773974585256,0.467239156533698,0.571148860159306,0.680397733016724,0.812940819596293,0.961423423329164,1.16932502028569,1.46463738217167
BM_CZ,MONTHLY,GENERAL,197103,1482,0.235595773004001,0.359283883092095,0.465328135672281,0.56822199004159,0.682433232122297,0.814703572845348,0.960838112235783,1.16907792756063,1.47119310956431
BM_CZ,MONTHLY,GENERAL,197104,1486,0.235638252269025,0.360599432551159,0.465364252752928,0.574237019421324,0.683890266940439,0.816104106641868,0.961981611809417,1.17124792013311,1.47452395796798
BM_CZ,MONTHLY,GENERAL,197105,1497,0.23564887208528,0.359860739990633,0.464076923697388,0.571238959164541,0.680699699002693,0.814703572845348,0.96082604257696,1.16983609736032,1.47832227915343
BM_CZ,MONTHLY,GENERAL,197106,1628,0.296215844219553,0.458563644718884,0.587424288769406,0.714310319887975,0.841738726524686,0.984156383464457,1.16473031335004,1.40435705975795,1.81026706837948
BM_CZ,MONTHLY,GENERAL,197107,1635,0.299185487523839,0.460055081767907,0.586953570469411,0.713152142757012,0.841429561698407,0.98065621059095,1.16099611346322,1.39919711213518,1.78395262677472
BM_CZ,MONTHLY,GENERAL,197108,1636,0.301182876679203,0.46023428360816,0.586918436781314,0.712936761499062,0.841042610112342,0.979972658275586,1.1635484256344,1.39938556067588,1.77951319436077
BM_CZ,MONTHLY,GENERAL,197109,1643,0.299619207333869,0.4596966780874,0.586050390342062,0.710216116979289,0.839444602767487,0.97184024377402,1.15813346440864,1.39717080799406,1.77930415971144
BM_CZ,MONTHLY,GENERAL,197110,1651,0.297517758799585,0.459338274406894,0.583655549854225,0.707252156844383,0.838706396457592,0.979972658275586,1.15919564306661,1.39805273846144,1.7794915050006
BM_CZ,MONTHLY,GENERAL,197111,1650,0.299290737212688,0.45919265342382,0.586089184300309,0.709003870924017,0.840491018220471,0.982146371450244,1.16163368154061,1.3998880967488,1.78699850628421
BM_CZ,MONTHLY,GENERAL,197112,1652,0.30569549588462,0.457866011691997,0.586429783344369,0.709620087330816,0.839675400837572,0.985200753667288,1.16919207447675,1.39893054769229,1.7795305458489
BM_CZ,MONTHLY,GENERAL,197201,1622,0.310442749973161,0.463212572459742,0.590568672824759,0.715158116460998,0.847104932606422,0.9918041594304,1.17258948623515,1.40053146816911,1.77939783235602
BM_CZ,MONTHLY,GENERAL,197202,1628,0.311379952761524,0.45854207552387,0.586953263604426,0.713766433739535,0.842721390628741,0.989204037275741,1.16764821984787,1.39929133640553,1.77737872934611
BM_CZ,MONTHLY,GENERAL,197203,1632,0.310442749973161,0.460713221196043,0.589575449375458,0.714732930785354,0.84820511511867,0.990280157880366,1.16572523499426,1.39968090573172,1.77130806652979
BM_CZ,MONTHLY,GENERAL,197204,1632,0.31260998364808,0.463090631629021,0.589575449375458,0.718203538818856,0.849701731737432,0.995320422897811,1.1722624906874,1.40053146816911,1.77130806652979
BM_CZ,MONTHLY,GENERAL,197205,1635,0.313350816789979,0.462971176795277,0.591173660918874,0.716441980070976,0.848314705934283,0.990040684874993,1.17003771827746,1.39970277439322,1.76912800281731
BM_CZ,MONTHLY,GENERAL,197206,1697,0.25640268386675,0.389160972371998,0.508637096949411,0.63499379718367,0.76768466787371,0.90190335347871,1.07189372847163,1.30858138271626,1.67752793013838
BM_CZ,MONTHLY,GENERAL,197207,1702,0.259190311319271,0.387824995576291,0.510801769513732,0.63499379718367,0.765949865658197,0.898232789425706,1.06931459566064,1.30473383714033,1.66620844279755
BM_CZ,MONTHLY,GENERAL,197208,1704,0.261125957604398,0.389976066034331,0.512629591020166,0.63564387598447,0.765949865658197,0.898392088735377,1.07226610501188,1.30457880460201,1.66461833266783
BM_CZ,MONTHLY,GENERAL,197209,1707,0.261431999712622,0.390553386563705,0.512963283488363,0.636620755362691,0.767212529029953,0.902801993923246,1.08389740521261,1.30473383714033,1.65811769480299
BM_CZ,MONTHLY,GENERAL,197210,1713,0.262108206543143,0.396704114128662,0.514428476805526,0.640414868953059,0.767212529029953,0.898878138506502,1.08095188905265,1.304249201328,1.65852190634507
BM_CZ,MONTHLY,GENERAL,197211,1717,0.261431999712622,0.395962562341143,0.515407515738,0.641483621673636,0.767212529029953,0.898158218872758,1.078774985426,1.29999220046558,1.65438722268836
BM_CZ,MONTHLY,GENERAL,197212,1727,0.261431999712622,0.399456589621019,0.518487782685386,0.643291961892743,0.76792598303778,0.896671289451873,1.07687471041441,1.30672761105961,1.64772661219097
BM_CZ,MONTHLY,GENERAL,197301,1688,0.269056132139308,0.405680816122202,0.519479225473458,0.646234740416874,0.773026692318052,0.903462712751018,1.08544482069278,1.3133643177182,1.65218608060737
BM_CZ,MONTHLY,GENERAL,197302,1697,0.268786498496491,0.405481127443626,0.519234171739588,0.647342856924679,0.774276764326516,0.909892201159096,1.08734861026853,1.30858138271626,1.65230905136353
BM_CZ,MONTHLY,GENERAL,197303,1700,0.271187525339155,0.407995493537124,0.522017788737416,0.65627519762995,0.777953798499637,0.914537970928819,1.09064221073872,1.31441378755387,1.65338196259744
BM_CZ,MONTHLY,GENERAL,197304,1700,0.271362938310164,0.408488943646077,0.525070300676447,0.657744487583235,0.777560651668938,0.914482138580143,1.09025765194074,1.31441378755387,1.65338196259744
BM_CZ,MONTHLY,GENERAL,197305,1708,0.271347973682189,0.411435191003481,0.524613887103968,0.657184003320832,0.774499209425203,0.910767085106121,1.08699131401435,1.3133643177182,1.64447124494479
BM_CZ,MONTHLY,GENERAL,197306,1776,0.254536694426195,0.41528136293237,0.543460784328946,0.679809052333805,0.814441763679634,0.959988215581211,1.13710409543311,1.36770265625767,1.73056163173267
BM_CZ,MONTHLY,GENERAL,197307,1785,0.254419399855567,0.413571597857548,0.544378230459927,0.68050833281987,0.815835422249114,0.958054597760233,1.13652981491834,1.36984789489172,1.73088926287817
BM_CZ,MONTHLY,GENERAL,197308,1789,0.256479722168642,0.412844499089721,0.54507877519456,0.6810553884288,0.815835422249114,0.957599180951494,1.13639740373534,1.369021046432,1.7244745287793
BM_CZ,MONTHLY,GENERAL,197309,1794,0.256921747224618,0.418487398701889,0.54429985595668,0.682314662828655,0.818308887239615,0.962245074713152,1.13870955402166,1.37577874748061,1.72305323504498
BM_CZ,MONTHLY,GENERAL,197310,1794,0.255192749185937,0.414888296409572,0.548056192221789,0.682843958386714,0.816627210226699,0.959172062737905,1.13708805676821,1.3740903332737,1.71500369080427
BM_CZ,MONTHLY,GENERAL,197311,1802,0.255146361248202,0.41116757573177,0.545871653227651,0.682548299052789,0.816137623520881,0.959077584334913,1.13567454463082,1.37237255289135,1.71630078359026
BM_CZ,MONTHLY,GENERAL,197312,1811,0.259461502277579,0.420419943213021,0.547303748598946,0.685569863589748,0.818709495632573,0.962809289496137,1.13600017018635,1.37574259856308,1.72457831325301
BM_CZ,MONTHLY,GENERAL,197401,1773,0.263742487817117,0.42758169132547,0.554463618615191,0.693284826531848,0.823370997014226,0.972152186918712,1.14293344232708,1.37768864481049,1.73104255297489
BM_CZ,MONTHLY,GENERAL,197402,1771,0.259461502277579,0.424966849936414,0.553242566964162,0.692595034058449,0.827003789663089,0.967296665958802,1.14186693065603,1.3780576689176,1.73560486757337
BM_CZ,MONTHLY,GENERAL,197403,1766,0.264526639206872,0.427485009793048,0.559169569778193,0.693189245718768,0.830001303227785,0.975704567541302,1.15116118764414,1.37884899825198,1.74270432872548
BM_CZ,MONTHLY,GENERAL,197404,1776,0.266436768014589,0.427542492252794,0.559169569778193,0.693189245718768,0.830001303227785,0.975704567541302,1.15235889114146,1.37840136054422,1.74270432872548
BM_CZ,MONTHLY,GENERAL,197405,1782,0.267449385175428,0.426659531170094,0.559025210795574,0.693002194014003,0.827752620668236,0.977473694869126,1.15149863583357,1.37787315686404,1.74930407515137
BM_CZ,MONTHLY,GENERAL,197406,2364,0.39450224544855,0.678556092005448,0.935068565838044,1.18855107106788,1.43016892055756,1.69964457610804,1.99865818209455,2.48276679912198,3.20994616363171
BM_CZ,MONTHLY,GENERAL,197407,2421,0.39757309540151,0.685837237549887,0.943313153549808,1.19392635102822,1.44038390550018,1.69541815964016,2.00381527839884,2.4881825144983,3.205078125
BM_CZ,MONTHLY,GENERAL,197408,2438,0.396700860668508,0.686841095917466,0.940413181665398,1.1935458463332,1.45000211590845,1.69668072640254,2.02087944576524,2.49004122291439,3.21946665499515
BM_CZ,MONTHLY,GENERAL,197409,2511,0.398559909217566,0.681818181818182,0.933597594313833,1.18689738258095,1.43257013330006,1.67981991808626,1.99308367202617,2.47412956027188,3.1808143547274
BM_CZ,MONTHLY,GENERAL,197410,2543,0.398026239544931,0.680232185001873,0.931717020792024,1.18640822770845,1.42462719241765,1.68000724624117,1.98348061036793,2.46763229729431,3.17695555742996
BM_CZ,MONTHLY,GENERAL,197411,2571,0.399173955296404,0.683481153349997,0.933236878064464,1.1883269671505,1.42462719241765,1.67963956801166,1.98483829758623,2.45696496056358,3.17612605241111
BM_CZ,MONTHLY,GENERAL,197412,2684,0.395537881024506,0.684537773259834,0.930111634292167,1.18693939714943,1.42286681850894,1.67961107746969,1.99221042411405,2.43271767492494,3.16707959131644
BM_CZ,MONTHLY,GENERAL,197501,2395,0.402691786235133,0.701904431200622,0.949573106638148,1.2054321209753,1.46277228937841,1.72056308598236,2.03000483451398,2.49749079509736,3.20394773056115
BM_CZ,MONTHLY,GENERAL,197502,2468,0.40751227894779,0.697557429510187,0.94268090275183,1.19563824970417,1.45000211590845,1.70341741940518,2.01602537273755,2.48175498513634,3.18420370042202
BM_CZ,MONTHLY,GENERAL,197503,2505,0.408145989557472,0.69752376375005,0.944299635788352,1.19596920856449,1.45254987515112,1.70447214180329,2.01672643795612,2.47746283380833,3.18459395777135
BM_CZ,MONTHLY,GENERAL,197504,2538,0.405170206310714,0.697557429510187,0.945465954433171,1.19563824970417,1.45096834234089,1.70220799887861,2.02111022218331,2.47928124508286,3.18911184231046
BM_CZ,MONTHLY,GENERAL,197505,2653,0.399242483616733,0.692320690690445,0.935271271998082,1.18960656884431,1.44246770647065,1.69667634942734,2.00544464076874,2.46747649048214,3.17569943795095
BM_CZ,MONTHLY,GENERAL,197506,2925,0.679426348067421,1.09749325890827,1.4299623140314,1.73189437883782,2.04563327989199,2.41078211750885,2.91293746414228,3.61340660760562,4.83799823445302
BM_CZ,MONTHLY,GENERAL,197507,2927,0.686474825347951,1.09995157009897,1.4387599538114,1.74127820365043,2.06104286104286,2.42613366570755,2.92778173636918,3.66380671629461,4.84332829853941
BM_CZ,MONTHLY,GENERAL,197508,2927,0.688099583307326,1.10671977249192,1.44238004053035,1.74815122008173,2.06600337397439,2.43956139710948,2.92878456827179,3.66380671629461,4.83777961222773
BM_CZ,MONTHLY,GENERAL,197509,2947,0.692205848447595,1.1113972752647,1.46171595230458,1.75296484200825,2.06705398208666,2.44210150853309,2.9367161788989,3.64625268230863,4.82841437075999
BM_CZ,MONTHLY,GENERAL,197510,2951,0.696784741144414,1.11373360837968,1.46075714415797,1.7581351689612,2.0677037037037,2.44119470855726,2.93117072156374,3.6289035299159,4.81429671725057
BM_CZ,MONTHLY,GENERAL,197511,2952,0.696491383788562,1.11824862970815,1.463850507418,1.76192863480173,2.07135810222102,2.44798107636662,2.93703553984036,3.62761264570041,4.81062095176275
BM_CZ,MONTHLY,GENERAL,197512,2961,0.699891280713199,1.12292135664684,1.47290274684484,1.77007627699691,2.09393023894534,2.46065167226802,2.93905553905554,3.62290264721222,4.80584725585395
BM_CZ,MONTHLY,GENERAL,197601,2892,0.707574154829498,1.13374829354369,1.48260600161781,1.78616927017558,2.10703216100853,2.46212552048269,2.93901274334584,3.62834219142759,4.81579437468064
BM_CZ,MONTHLY,GENERAL,197602,2909,0.70696727049476,1.13462805820118,1.48269749821051,1.78616445309599,2.10871794871795,2.46906305238992,2.93899847810928,3.62866578907074,4.82434439998204
BM_CZ,MONTHLY,GENERAL,197603,2908,0.711755250207798,1.14659610712782,1.49369002273522,1.79319398806297,2.1164129382874,2.49267722264138,2.94440092718479,3.62874503601913,4.81721912443748
BM_CZ,MONTHLY,GENERAL,197604,2896,0.712475950573802,1.15158636897767,1.49480538234373,1.79916436512995,2.12535016926505,2.49690011481056,2.95428488153466,3.62733612273361,4.81470793134509
BM_CZ,MONTHLY,GENERAL,197605,2907,0.709715907630014,1.15214580350177,1.49916475889652,1.80144210468247,2.13952195664258,2.50372277620191,2.9559346031199,3.62143234016516,4.80619153397413
BM_CZ,MONTHLY,GENERAL,197606,3015,0.483755420963182,0.764115975819955,1.01585850537608,1.25806569564358,1.47237960339943,1.72691551731761,2.01784399398324,2.43985340218234,3.20728140837498
BM_CZ,MONTHLY,GENERAL,197607,3010,0.487263685571203,0.767242718626673,1.02183975321199,1.2612313787215,1.47897944358711,1.73245803492721,2.02431976305541,2.45211268977213,3.21169904518936
BM_CZ,MONTHLY,GENERAL,197608,3001,0.489341412365195,0.769590643274854,1.02592807051406,1.26593476627998,1.48473740552113,1.73240170846567,2.02455800682733,2.45191269126913,3.18810748999428
BM_CZ,MONTHLY,GENERAL,197609,2992,0.488783530102881,0.774350697875657,1.03088616056607,1.27208120583804,1.48586049049471,1.73537644266848,2.02508408780612,2.47420029246081,3.20066418539818
BM_CZ,MONTHLY,GENERAL,197610,2986,0.493378446217287,0.775938711813109,1.03338019814771,1.27416888888889,1.48811780081279,1.73940345368917,2.02691179934941,2.47619047619048,3.19981902196436
BM_CZ,MONTHLY,GENERAL,197611,2980,0.496100558133159,0.778851171197502,1.03591280224272,1.27774449081498,1.49921267288102,1.74236003245185,2.03247656442297,2.47632985072531,3.20657059699216
BM_CZ,MONTHLY,GENERAL,197612,2985,0.496624872117787,0.789886071457653,1.04018808303539,1.2814747780601,1.51498046719286,1.75786000353379,2.04834289665978,2.47868351361916,3.21022015206897
BM_CZ,MONTHLY,GENERAL,197701,2955,0.505733726854579,0.796057706940445,1.05492796051292,1.29120325479462,1.52669869595058,1.76602305505876,2.0519769839072,2.48538910144928,3.2298445381651
BM_CZ,MONTHLY,GENERAL,197702,2941,0.503559350644059,0.797763207119932,1.05771932517148,1.29507844401461,1.52838487410978,1.76748952944075,2.05227042784016,2.4913790253647,3.23111413755173
BM_CZ,MONTHLY,GENERAL,197703,2937,0.511732024357728,0.808221782240676,1.06761151389652,1.3028472407891,1.53210743420488,1.79129736482757,2.06490261443667,2.49108156069434,3.2376878797812
BM_CZ,MONTHLY,GENERAL,197704,2926,0.514077934131389,0.807733147196311,1.07085407465423,1.31116832386364,1.53365005826434,1.79476117103236,2.06504484618909,2.49984011163115,3.23300587619352
BM_CZ,MONTHLY,GENERAL,197705,2933,0.512298460017438,0.805144837989617,1.06891969962882,1.31083578872659,1.53049289891395,1.79267512082456,2.06438465576889,2.48961614543981,3.2311029568792
BM_CZ,MONTHLY,GENERAL,197706,2969,0.439011377231986,0.63665051631155,0.822369067570507,0.990656943186265,1.16003644093532,1.34461302777911,1.56616199198397,1.8629619822085,2.3620403487652
BM_CZ,MONTHLY,GENERAL,197707,2965,0.440577989448819,0.642112796832044,0.829658962372456,0.994870283394735,1.16461538461538,1.34938078387341,1.57543867956846,1.86369290410119,2.37779503339258
BM_CZ,MONTHLY,GENERAL,197708,2960,0.438612785227809,0.641789432420645,0.826972591539347,0.993664596273292,1.16323239193296,1.34895047409353,1.57588757261378,1.86448395593906,2.37663297241884
BM_CZ,MONTHLY,GENERAL,197709,2959,0.442181479240145,0.64624551606811,0.829679790292462,1.00102667201434,1.16817717292107,1.350745465611,1.58242636593559,1.86693091854382,2.38517725680734
BM_CZ,MONTHLY,GENERAL,197710,2948,0.44706462956205,0.647310703285591,0.830976064573705,1.00143738545122,1.1717589992759,1.35529218682937,1.58330377206035,1.87355112768121,2.38595033894306
BM_CZ,MONTHLY,GENERAL,197711,2942,0.4483835492776,0.646856043331888,0.831196539071487,1.00255382065096,1.17355144640098,1.35351405147954,1.58128984946389,1.86963858731914,2.38340738525151
BM_CZ,MONTHLY,GENERAL,197712,2944,0.453860153880811,0.652967893638616,0.837086378025709,1.01391940213186,1.18746141486087,1.35917402110023,1.58909659368457,1.88453394229791,2.38049393490681
BM_CZ,MONTHLY,GENERAL,197801,2897,0.458908715295389,0.659072931290452,0.847885044540165,1.02205588479289,1.19149151427777,1.36214863519589,1.58443506418448,1.88989293810611,2.38130891952419
BM_CZ,MONTHLY,GENERAL,197802,2885,0.457218432635777,0.658845016088954,0.842966839798745,1.01461641262987,1.18274422602779,1.36210289223566,1.5841165120228,1.89999232187811,2.39650396773311
BM_CZ,MONTHLY,GENERAL,197803,2874,0.461862581454831,0.663212534207671,0.854263206072069,1.01978291822638,1.1916515671022,1.36758455944035,1.59700057965056,1.90744041299132,2.41899373625802
BM_CZ,MONTHLY,GENERAL,197804,2867,0.462092053486312,0.663820409380948,0.853224676812306,1.02485200465022,1.19510856065173,1.36772705525512,1.60291593055672,1.89643131246189,2.41534460058324
BM_CZ,MONTHLY,GENERAL,197805,2867,0.460997691489853,0.664489604956487,0.85469482775526,1.0301407542112,1.20026897942997,1.36803293231875,1.60455977226603,1.89699880054505,2.42057181756667
BM_CZ,MONTHLY,GENERAL,197806,2921,0.43308088458043,0.633707676835401,0.802082677512372,0.968332991229189,1.14012924148127,1.31581333185156,1.55177846888967,1.85174461402562,2.36584536958369
BM_CZ,MONTHLY,GENERAL,197807,2919,0.433638554513344,0.640594078280521,0.802842638560657,0.972984900682088,1.1475025142474,1.32627785102322,1.56020842207385,1.85554465823341,2.3687604908225
BM_CZ,MONTHLY,GENERAL,197808,2913,0.433847200939721,0.641358638531813,0.804788338829454,0.973759009477525,1.1462829736211,1.32849618151182,1.5633281478256,1.85788294265074,2.37460000191978
BM_CZ,MONTHLY,GENERAL,197809,2901,0.445355503712852,0.643861874559549,0.81230693947457,0.98312447786132,1.15087695069742,1.33715705092018,1.56859992456942,1.85735294117647,2.37619024524306
BM_CZ,MONTHLY,GENERAL,197810,2889,0.450554189179944,0.645625737509814,0.818446005254353,0.986561069016462,1.15193228745976,1.33961128324249,1.56978432301107,1.8602550867688,2.38172207489229
BM_CZ,MONTHLY,GENERAL,197811,2880,0.453216383529,0.651282534333037,0.820757415738886,0.987956677990072,1.15373304185714,1.34000197090286,1.5663261969632,1.85956449573033,2.38170009112291
BM_CZ,MONTHLY,GENERAL,197812,2882,0.467470428549472,0.659348544780053,0.83215375799298,1.00060590684753,1.16505957524243,1.34544222580936,1.5736732460848,1.86735187444292,2.38461265164759
BM_CZ,MONTHLY,GENERAL,197901,2831,0.481351037448598,0.673965606786312,0.838301326460296,1.00973246527928,1.17407694475761,1.34934925218601,1.57376252657152,1.87301867165048,2.38766553741916
BM_CZ,MONTHLY,GENERAL,197902,2818,0.480504904975284,0.674225594124616,0.840590498816883,1.01166415072745,1.17652339944436,1.35574937552552,1.58284441873916,1.88086421079021,2.39523517165623
BM_CZ,MONTHLY,GENERAL,197903,2803,0.484008957428336,0.680393766360365,0.846319867294561,1.01810138702225,1.18110755133801,1.35871335309667,1.58803454066992,1.89310945657129,2.40031479299221
BM_CZ,MONTHLY,GENERAL,197904,2798,0.487825633878953,0.686681850490904,0.849606118381705,1.0196452917534,1.19106192190115,1.36040321954929,1.58744413502223,1.90076387561208,2.40005025076191
BM_CZ,MONTHLY,GENERAL,197905,2802,0.488622496136416,0.687948350894634,0.85145325953057,1.02239047163123,1.19224549705907,1.36680649160513,1.59449300691787,1.91449896814728,2.40293290001799
BM_CZ,MONTHLY,GENERAL,197906,2830,0.415535326435942,0.623128446225613,0.78629563171778,0.964019968688103,1.13335002609306,1.32509655517277,1.55081462396288,1.82507484179293,2.35823468745414
BM_CZ,MONTHLY,GENERAL,197907,2826,0.420356209129924,0.629793195146853,0.795692674082501,0.971021590384373,1.13986281631639,1.33905215779719,1.56319474344154,1.84091931460353,2.36544551921797
BM_CZ,MONTHLY,GENERAL,197908,2811,0.420296742172237,0.631760465701632,0.795759893032322,0.973134087888186,1.14592602271944,1.34314599251953,1.56536025651218,1.84424728911421,2.37370136261237
BM_CZ,MONTHLY,GENERAL,197909,2801,0.422915333234865,0.6324675011456,0.803014662278129,0.975700322712942,1.14784371746397,1.34272766185853,1.56378140088167,1.84160570755357,2.36710578842315
BM_CZ,MONTHLY,GENERAL,197910,2792,0.425231441752609,0.634534692161873,0.803922361722772,0.976526211542195,1.15066901182981,1.34297866025513,1.56517171270682,1.84787347682624,2.35838478899738
BM_CZ,MONTHLY,GENERAL,197911,2785,0.425521318160833,0.638287117147069,0.805958437181853,0.984359053086238,1.1555470410837,1.34439532232555,1.56535625011323,1.85554423975609,2.36163257068379
BM_CZ,MONTHLY,GENERAL,197912,2782,0.438072196455165,0.65168754106726,0.819254962570057,1.00273121754411,1.17406312702793,1.35455773301701,1.57545455947268,1.8643658920322,2.37243428193789
BM_CZ,MONTHLY,GENERAL,198001,2727,0.443869484202568,0.65817845319515,0.823822011639637,1.01186771727008,1.17763062496979,1.36264998680357,1.58305661073207,1.86960530429845,2.39571659258932
BM_CZ,MONTHLY,GENERAL,198002,2707,0.443869484202568,0.656622410480803,0.826671369878065,1.01928610198912,1.17937325534809,1.36168931703101,1.58515236162171,1.86960530429845,2.39571659258932
BM_CZ,MONTHLY,GENERAL,198003,2701,0.452169924146857,0.66604375231739,0.832792380952381,1.0221911873055,1.18676691729323,1.36428379293393,1.59773723209306,1.87445058989296,2.40061302681992
BM_CZ,MONTHLY,GENERAL,198004,2688,0.453662310917995,0.667129488945009,0.836772255390598,1.02437687028881,1.19286659337219,1.3647411000503,1.60115770269894,1.88013923553246,2.40000093567854
BM_CZ,MONTHLY,GENERAL,198005,2698,0.453946826564847,0.667129488945009,0.840090491711565,1.02177299034045,1.19463883545778,1.3639055616997,1.60361614050922,1.88169700843872,2.40000093567854
BM_CZ,MONTHLY,GENERAL,198006,2833,0.324740023394578,0.489539165444068,0.658814573973296,0.836945889941285,1.01044080897828,1.18557911207817,1.42676570071372,1.7162005173016,2.23717425881248
BM_CZ,MONTHLY,GENERAL,198007,2838,0.325989691427209,0.495780777184517,0.663181210514661,0.846363109094917,1.01955251851252,1.20068011912875,1.43973365863214,1.74121332359807,2.26113545238484
BM_CZ,MONTHLY,GENERAL,198008,2841,0.32613267345862,0.497854129433077,0.663168514768896,0.846247769324693,1.02261512072833,1.20438050564184,1.44020071538762,1.74286751361162,2.26169590643275
BM_CZ,MONTHLY,GENERAL,198009,2844,0.335611475800933,0.501543941618706,0.67084296627235,0.851946942375528,1.02598357571113,1.21047917384412,1.44350832547228,1.7470733307444,2.26051302232717
BM_CZ,MONTHLY,GENERAL,198010,2826,0.341787301015022,0.507508771929825,0.672793981638872,0.854287590748531,1.02915278128399,1.21288692356286,1.44601250944469,1.74952943751368,2.26025819868337
BM_CZ,MONTHLY,GENERAL,198011,2828,0.347999419313505,0.510887796319733,0.674415922461999,0.855713085736665,1.03106116159073,1.21198147628158,1.44680986554821,1.74896029925435,2.26364032176583
BM_CZ,MONTHLY,GENERAL,198012,2861,0.345861599631332,0.512971971618775,0.683195728481732,0.86030565839004,1.03691514453404,1.21288692356286,1.4489387680877,1.75136753613174,2.2632770837899
BM_CZ,MONTHLY,GENERAL,198101,2762,0.361992432475522,0.528765394603613,0.692596027536163,0.869641128075927,1.04253891384815,1.22044851551834,1.45406696203236,1.75630867063291,2.26371419383437
BM_CZ,MONTHLY,GENERAL,198102,2755,0.359317516665872,0.532832641785546,0.694870877913015,0.872565989315425,1.0439302481556,1.21998794094182,1.45476036589249,1.75193698439951,2.2634728649549
BM_CZ,MONTHLY,GENERAL,198103,2742,0.364431689592422,0.543130558519166,0.701455422033671,0.878147129248685,1.04977042164117,1.22681003849475,1.45991192722016,1.76174642458258,2.26394982395351
BM_CZ,MONTHLY,GENERAL,198104,2736,0.372737324513207,0.547517499833687,0.704638602031871,0.881237759450442,1.05552448743916,1.23056824831973,1.45952443109517,1.75984323402402,2.26378901140407
BM_CZ,MONTHLY,GENERAL,198105,2771,0.364189068239627,0.543102179526632,0.700394463560508,0.879602556574996,1.05458672039649,1.23056824831973,1.46219036841444,1.75984323402402,2.2678653137028
BM_CZ,MONTHLY,GENERAL,198106,2966,0.199150293530325,0.348107319037552,0.509077864511834,0.685729182183822,0.872104048014672,1.0851294731781,1.33530479814099,1.63434054372528,2.14927688896193
BM_CZ,MONTHLY,GENERAL,198107,2965,0.200582679915206,0.348365121263331,0.509045710580701,0.688386226081798,0.87624969981926,1.09000885196587,1.33927854548892,1.64384498220416,2.15581762848853
BM_CZ,MONTHLY,GENERAL,198108,2962,0.199078408122012,0.348611599641534,0.50836959286194,0.688212224702036,0.875802968673336,1.09076777358094,1.34336633086468,1.65222653435236,2.16544511286372
BM_CZ,MONTHLY,GENERAL,198109,2980,0.200878548998938,0.347694190262017,0.508677230170609,0.689011994898028,0.872104048014672,1.09135747675415,1.34040016002014,1.65294212304374,2.15150147413757
BM_CZ,MONTHLY,GENERAL,198110,2981,0.201060593299852,0.347717958011543,0.507035283267161,0.68937434128581,0.870997319791226,1.09084738572489,1.33596076370643,1.65130973110291,2.1510595065312
BM_CZ,MONTHLY,GENERAL,198111,2977,0.198804023800351,0.348171769593997,0.506728882518522,0.688212224702036,0.868062166940739,1.08402139294936,1.33390394128285,1.64284400933902,2.14735952298623
BM_CZ,MONTHLY,GENERAL,198112,2984,0.208485262292952,0.3610350366255,0.518093821528978,0.693973148020922,0.875258166895108,1.09211033553638,1.33389984111875,1.64594577968534,2.15095451295586
BM_CZ,MONTHLY,GENERAL,198201,2867,0.226556292523633,0.383126302885593,0.537102830429085,0.716800476604533,0.885405001866368,1.10023420163091,1.34871800721963,1.67076696039906,2.18049678770046
BM_CZ,MONTHLY,GENERAL,198202,2887,0.221883897892008,0.379279288184585,0.535842501741403,0.716800476604533,0.885405001866368,1.10227625243837,1.34765567246191,1.66673385019432,2.16961715845196
BM_CZ,MONTHLY,GENERAL,198203,2887,0.226472738456882,0.387738121607843,0.541469942059358,0.725651774932112,0.886386635020515,1.10306200550427,1.354728137727,1.6864125722227,2.18203675867516
BM_CZ,MONTHLY,GENERAL,198204,2880,0.226233569414602,0.392521885706241,0.540962373896782,0.728509950472597,0.887032065477022,1.10121807255269,1.35546933458909,1.67502071329108,2.16640971813911
BM_CZ,MONTHLY,GENERAL,198205,2887,0.222165660366782,0.385682932170447,0.537102830429085,0.724410827965554,0.883410194406856,1.0962986506761,1.34871800721963,1.67473376379803,2.15282737695668
BM_CZ,MONTHLY,GENERAL,198206,3030,0.249687674676261,0.429121119614023,0.583886293899184,0.741517482473072,0.917779470771829,1.10526902254488,1.37340059716,1.66385045548365,2.1723630996964
BM_CZ,MONTHLY,GENERAL,198207,3011,0.249734114348718,0.42928808876225,0.58441668502856,0.742334739803094,0.919041422445089,1.11178985846409,1.37565107686762,1.66519092299033,2.17250602534383
BM_CZ,MONTHLY,GENERAL,198208,3008,0.255662203813453,0.431243671231365,0.5854481863701,0.747084769051486,0.922906378700202,1.11379447801047,1.37596838144533,1.6663250537697,2.17282134831784
BM_CZ,MONTHLY,GENERAL,198209,3034,0.255773229524554,0.429221824004912,0.580684430340357,0.735112614548217,0.909082531076074,1.10000478118373,1.36864313943308,1.66485055242909,2.17324177894985
BM_CZ,MONTHLY,GENERAL,198210,3019,0.257562973525621,0.430726844586502,0.582369922185196,0.733336164176559,0.91101188503011,1.10485696347406,1.37435463427506,1.66557295447372,2.18462102217197
BM_CZ,MONTHLY,GENERAL,198211,3028,0.257525638794876,0.431221667025565,0.583325740435338,0.731108517668908,0.910869634185938,1.10436647855593,1.36977602248182,1.66314804889116,2.17674023758739
BM_CZ,MONTHLY,GENERAL,198212,3059,0.2579560252512,0.42796437868624,0.580215302373492,0.729536763330309,0.906207858637526,1.0984368017583,1.35567191326476,1.6522812266741,2.15112148052456
BM_CZ,MONTHLY,GENERAL,198301,2919,0.280026987942439,0.451023316781389,0.601176887145876,0.761819676233332,0.942127113000375,1.13933600836678,1.38034675753131,1.67982800636874,2.18594552932429
BM_CZ,MONTHLY,GENERAL,198302,2926,0.279387007055192,0.445101123595506,0.597449861697878,0.754492419713158,0.929864788015639,1.12681912681913,1.37194101327133,1.66801063118118,2.17203749289292
BM_CZ,MONTHLY,GENERAL,198303,2921,0.279139218269653,0.446962288540437,0.597587171466123,0.752748317780301,0.934105744232326,1.12899283069121,1.37144044717119,1.67355426751029,2.171568960442
BM_CZ,MONTHLY,GENERAL,198304,2920,0.276490831412735,0.449392508217678,0.597160410903527,0.750874466972593,0.929005511431814,1.12166562671694,1.36326505978899,1.66840397369224,2.15197286650427
BM_CZ,MONTHLY,GENERAL,198305,2956,0.270599010399166,0.437837374202699,0.58753263823452,0.734694989106754,0.915321954229815,1.11280992105004,1.35474450997822,1.6646236387216,2.14180261850659
BM_CZ,MONTHLY,GENERAL,198306,3237,0.20077547020171,0.353369714149964,0.486322879429517,0.634740217003813,0.790994371482177,0.959421394065698,1.16860646593166,1.4403329544992,1.86059072674161
BM_CZ,MONTHLY,GENERAL,198307,3242,0.204286567907704,0.355946103936119,0.488945000965443,0.635875479780442,0.7905403805591,0.960659103338522,1.16513887177523,1.438606443722,1.86189024250104
BM_CZ,MONTHLY,GENERAL,198308,3237,0.203710123136077,0.355492814953163,0.487842081145348,0.634740217003813,0.788427434523257,0.956924250579462,1.16264365579405,1.43380235209572,1.85521130155183
BM_CZ,MONTHLY,GENERAL,198309,3263,0.202774457326288,0.351655912415246,0.481644885597428,0.624837943826818,0.775915684082225,0.948136106306708,1.14965606254401,1.42323922376711,1.83960256697372
BM_CZ,MONTHLY,GENERAL,198310,3260,0.20357544324769,0.35136362578969,0.480988558240507,0.622050567857398,0.773431979166014,0.944956755186263,1.14852259991824,1.42222727321751,1.83948209344697
BM_CZ,MONTHLY,GENERAL,198311,3262,0.203643279499615,0.353027753893121,0.483382865824078,0.621997107189217,0.769572767521227,0.942529901251551,1.14754688946346,1.41787376585451,1.82851492569227
BM_CZ,MONTHLY,GENERAL,198312,3299,0.207133724442387,0.353277331036807,0.484220466077593,0.613694506581886,0.76234495291124,0.941891141678386,1.14749846702909,1.41147089851207,1.82052275147318
BM_CZ,MONTHLY,GENERAL,198401,3135,0.225081928340471,0.375018315796838,0.503250544101916,0.63675505211525,0.781080398838824,0.953778018571556,1.16596761019536,1.42904542186277,1.836875387327
BM_CZ,MONTHLY,GENERAL,198402,3161,0.219161563824776,0.368922305764411,0.502870133560671,0.635113277557456,0.777829656433602,0.949675677821444,1.16303307783322,1.42346529356694,1.82429364887708
BM_CZ,MONTHLY,GENERAL,198403,3150,0.219522881516019,0.363717780316409,0.502885845242456,0.633934049853668,0.776011598359294,0.949133759321328,1.15354609105087,1.41512392482811,1.82105059372748
BM_CZ,MONTHLY,GENERAL,198404,3147,0.217310261863495,0.363697125135355,0.499451095330344,0.63410190359369,0.778160200250313,0.949616756106251,1.15352936435446,1.41513896201044,1.82030998156021
BM_CZ,MONTHLY,GENERAL,198405,3183,0.21403329905835,0.358602712288624,0.49366265237136,0.627710565700472,0.773145322529727,0.946275690625892,1.14915091840684,1.41147642076081,1.80820384448907
BM_CZ,MONTHLY,GENERAL,198406,3320,0.169352816423233,0.291839113277318,0.39798938121326,0.509214645236634,0.616979823735775,0.740702222956029,0.897910306702839,1.09355078081785,1.40336583232232
BM_CZ,MONTHLY,GENERAL,198407,3291,0.173468294135159,0.297140949121416,0.402123608182622,0.512758656346812,0.618520909748535,0.742586345739213,0.898218441484389,1.09485797221646,1.39774260826892
BM_CZ,MONTHLY,GENERAL,198408,3276,0.175175735145843,0.297572468789646,0.404128745237843,0.513375386296122,0.619099275748935,0.738741291479047,0.894169647932454,1.08769906486367,1.39280851545162
BM_CZ,MONTHLY,GENERAL,198409,3270,0.178037605640618,0.299338136399285,0.404721443163183,0.513367725877635,0.615822839788327,0.733305641806274,0.884319726356892,1.07250484429469,1.39212036374437
BM_CZ,MONTHLY,GENERAL,198410,3240,0.181479835282321,0.303273389430914,0.407023794884527,0.514339271488798,0.615822839788327,0.733937430631878,0.884190099491957,1.07235788236012,1.38745256959223
BM_CZ,MONTHLY,GENERAL,198411,3220,0.185861066751638,0.308373719021029,0.411042657506015,0.518463970837258,0.61739008955615,0.734755952974281,0.884590190841121,1.07127574215436,1.39012193743429
BM_CZ,MONTHLY,GENERAL,198412,3216,0.190859558588134,0.312588796355613,0.412224197909409,0.519063925262947,0.615822839788327,0.733785206477637,0.880161888943744,1.06809133489461,1.37624071905225
BM_CZ,MONTHLY,GENERAL,198501,3109,0.200206906745189,0.321470297688279,0.421973965027814,0.524846746331647,0.624207202412631,0.74235443328724,0.894691645711911,1.07283328606582,1.38232221116328
BM_CZ,MONTHLY,GENERAL,198502,3103,0.199837456929813,0.317763349666541,0.419426380482773,0.522978918931642,0.624207202412631,0.740679938576871,0.894158505864403,1.07469293504085,1.37804907379106
BM_CZ,MONTHLY,GENERAL,198503,3087,0.199354788904874,0.318037718313336,0.420147905792064,0.521980322934859,0.627473638595984,0.740848832284486,0.893349917606832,1.07094251966134,1.36717714753901
BM_CZ,MONTHLY,GENERAL,198504,3079,0.200860006117039,0.318139868127304,0.419595723083499,0.522009605402836,0.630509047762788,0.741950077096174,0.897495430286307,1.07161439379658,1.36628320024395
BM_CZ,MONTHLY,GENERAL,198505,3097,0.196943516175097,0.316257316548286,0.416914803821525,0.51985423284696,0.627263588817179,0.738141142170691,0.891323354221756,1.06711131535119,1.35811752783544
BM_CZ,MONTHLY,GENERAL,198506,3397,0.237897695107812,0.375168748328685,0.50020685041204,0.61853100501824,0.742863986586291,0.8869451003523,1.05431559894073,1.27538288186243,1.608638050258
BM_CZ,MONTHLY,GENERAL,198507,3392,0.238273114712682,0.375709999475689,0.502484774125592,0.618715630397421,0.743755507801887,0.884280503677613,1.05576019159974,1.27429747476767,1.59415650962062
BM_CZ,MONTHLY,GENERAL,198508,3385,0.240612044193867,0.378348019157986,0.503984096144451,0.619006266507245,0.74343174470089,0.884981353315669,1.05500131402237,1.27510795719061,1.59156112981674
BM_CZ,MONTHLY,GENERAL,198509,3407,0.238404634126651,0.374902988979711,0.501330989197927,0.616323979677852,0.740932419027904,0.878990484732658,1.04630740492778,1.26828562293645,1.57984155136527
BM_CZ,MONTHLY,GENERAL,198510,3400,0.240378804732531,0.376618699885728,0.502574599201993,0.616262244572065,0.739808939150093,0.87883201523273,1.0460393345471,1.26303348853962,1.57615692575298
BM_CZ,MONTHLY,GENERAL,198511,3397,0.237047638316495,0.376985423181052,0.501156849122985,0.615400438289232,0.738233801892142,0.876281651335618,1.04507010340154,1.25914909152902,1.57464578143295
BM_CZ,MONTHLY,GENERAL,198512,3434,0.232398222562193,0.378287330157963,0.502292287411741,0.61460565750704,0.732880823889674,0.867139600262358,1.02685674989248,1.24626997297986,1.55543538746739
BM_CZ,MONTHLY,GENERAL,198601,3233,0.248143611135468,0.399636625952775,0.521441465301543,0.631945084534029,0.747006526542988,0.881552829984201,1.04722821037763,1.26206255341194,1.57386216112873
BM_CZ,MONTHLY,GENERAL,198602,3267,0.2435232395318,0.393570378371891,0.518553015326101,0.628562867032711,0.744836057543764,0.878338725342818,1.04209571489316,1.25986705290366,1.57308700286136
BM_CZ,MONTHLY,GENERAL,198603,3264,0.238385670806728,0.393389345800227,0.518341478086754,0.629540349082696,0.748215509914564,0.880779049172208,1.04610807261987,1.25765777983555,1.55057495900691
BM_CZ,MONTHLY,GENERAL,198604,3296,0.237173669801951,0.391294729273823,0.515270837455621,0.627313635037005,0.74767778630211,0.881175647305808,1.04591906399865,1.25542521340535,1.54949595583208
BM_CZ,MONTHLY,GENERAL,198605,3336,0.231061242627532,0.382881438462726,0.507552017233628,0.623657090743274,0.741319433741068,0.872409148187309,1.03622525881854,1.24696460652823,1.54603120511383
BM_CZ,MONTHLY,GENERAL,198606,3531,0.179705862634915,0.306949089557785,0.412928617840899,0.512483596211874,0.626377398027385,0.753944608478403,0.907993257281744,1.10554496009041,1.45514284729794
BM_CZ,MONTHLY,GENERAL,198607,3519,0.186520877147346,0.312273181623303,0.416617065741414,0.515809091411322,0.631712396993571,0.758462733288069,0.90852504779273,1.10430453107902,1.44631456715349
BM_CZ,MONTHLY,GENERAL,198608,3498,0.187607695289243,0.314646020929744,0.417718096137766,0.518697884759305,0.6363510877114,0.758843977131867,0.908453449658363,1.09668827749976,1.43849349863759
BM_CZ,MONTHLY,GENERAL,198609,3496,0.190015818887406,0.318351575614724,0.421276147676838,0.518839315990893,0.633423075567579,0.753518844177787,0.899909735433641,1.08854439902918,1.41560400284884
BM_CZ,MONTHLY,GENERAL,198610,3472,0.19320722297209,0.320019643711021,0.420719053947911,0.518794234032971,0.63113434451042,0.752493763457126,0.898101598044296,1.08696174583772,1.40425760633466
BM_CZ,MONTHLY,GENERAL,198611,3440,0.189976438535498,0.320179254320155,0.420818393213567,0.516964866503588,0.625256437527284,0.749766243487625,0.893157588780081,1.08547857600489,1.40287331349541
BM_CZ,MONTHLY,GENERAL,198612,3453,0.185777765778385,0.317463209185146,0.424268647978652,0.516182459058601,0.624856011519078,0.748417925213867,0.888656543705793,1.07590592071262,1.38488511845398
BM_CZ,MONTHLY,GENERAL,198701,3289,0.193268631818044,0.322580728794113,0.426431698962406,0.523357375722435,0.631337680300336,0.751062279669241,0.888706893761325,1.07659063288372,1.3848952498001
BM_CZ,MONTHLY,GENERAL,198702,3283,0.191580341645638,0.320544514840495,0.425140453531251,0.523275524485414,0.629888268156425,0.749666980115221,0.887091439553692,1.07607468911728,1.38466848202094
BM_CZ,MONTHLY,GENERAL,198703,3279,0.191027464304393,0.321958757299882,0.426517743795362,0.527152266155588,0.633606664063517,0.752307265190852,0.886690321749439,1.07153065020219,1.3799452753801
BM_CZ,MONTHLY,GENERAL,198704,3269,0.19424237950655,0.321958757299882,0.425123434189601,0.525669756277175,0.630351990767455,0.750678395068364,0.884975984517167,1.06597370388089,1.37365551141337
BM_CZ,MONTHLY,GENERAL,198705,3293,0.190288043851536,0.319586708859294,0.423967989014545,0.525123611263252,0.62511013215859,0.749446301373039,0.880641111476057,1.06212592470665,1.36632331862166
BM_CZ,MONTHLY,GENERAL,198706,3495,0.160261936601491,0.30076506936225,0.408903072912466,0.518397893315037,0.626571179523382,0.757546108579254,0.896732059331987,1.10137572898558,1.43106752873078
BM_CZ,MONTHLY,GENERAL,198707,3489,0.164478579116461,0.301084423620083,0.411054523818486,0.519664626222301,0.628616160980758,0.758654100016192,0.899158081189117,1.09935029845046,1.42437484496363
BM_CZ,MONTHLY,GENERAL,198708,3481,0.165934120203467,0.301204576585287,0.409197140500413,0.518845453271683,0.629576473898973,0.758829198532612,0.897585632503016,1.09719029374202,1.4183749615908
BM_CZ,MONTHLY,GENERAL,198709,3491,0.166550019219909,0.304266784726315,0.41358745233613,0.518845453271683,0.629864717573892,0.754973313925279,0.894229741909503,1.08829945306819,1.41088904203997
BM_CZ,MONTHLY,GENERAL,198710,3468,0.167485585439858,0.307511804981576,0.417374579605023,0.521657101788261,0.62999726437485,0.75455580138465,0.893079677976026,1.08509054203029,1.39780225379728
BM_CZ,MONTHLY,GENERAL,198711,3444,0.166573113790636,0.311940995790525,0.418828439425803,0.522115365081687,0.630165951086372,0.757039909758093,0.894125767685754,1.08198105926622,1.39702245468667
BM_CZ,MONTHLY,GENERAL,198712,3470,0.165897494698447,0.310987918639806,0.417607010397447,0.519952925046935,0.630484246982809,0.750740738342045,0.888694086976182,1.07616041704091,1.36719391211466
BM_CZ,MONTHLY,GENERAL,198801,3316,0.174012016000014,0.321740557981241,0.425283212088926,0.532974976830398,0.637559739211596,0.757911115433239,0.897883479939375,1.08600086681939,1.39170497508337
BM_CZ,MONTHLY,GENERAL,198802,3325,0.170826967345763,0.31860793317395,0.425819955838716,0.534355911857965,0.637737579238335,0.757528504409646,0.896825115710826,1.08491777781732,1.38133274222496
BM_CZ,MONTHLY,GENERAL,198803,3292,0.176413680857984,0.32261121792841,0.431642522032398,0.536502608824092,0.639735129231253,0.759180789619396,0.901216391218762,1.08517692413677,1.3845464749011
BM_CZ,MONTHLY,GENERAL,198804,3280,0.184645885790072,0.326092658867001,0.433747618667014,0.537639783537482,0.642062846645801,0.761217101868271,0.906233127306138,1.08612501512502,1.39170120955181
BM_CZ,MONTHLY,GENERAL,198805,3301,0.178779812794162,0.322291571361,0.430438262676759,0.53507315382645,0.6386987593898,0.758541025917857,0.901219675646696,1.08228675436419,1.37845
BM_CZ,MONTHLY,GENERAL,198806,3579,0.1965304428525,0.345931331327149,0.479782757823938,0.606026112666885,0.749185341154058,0.895942169480264,1.07407269609545,1.302595085705,1.75389020129347
BM_CZ,MONTHLY,GENERAL,198807,3578,0.195655206742787,0.346587278466036,0.478355195778763,0.60593991234273,0.750857406119486,0.89828968559631,1.07748318641171,1.29447603474585,1.74496903497982
BM_CZ,MONTHLY,GENERAL,198808,3555,0.19515768264087,0.348893800653097,0.480785238335601,0.605625911230528,0.7520341697811,0.898253685966464,1.06891906927715,1.29315437765035,1.74027234260553
BM_CZ,MONTHLY,GENERAL,198809,3563,0.197411016707023,0.352803120311607,0.481850108848567,0.601268997919586,0.747157686604053,0.892814468584903,1.06648038870829,1.29080483950913,1.73780017474183
BM_CZ,MONTHLY,GENERAL,198810,3557,0.196979735539543,0.35185217305903,0.483384191946389,0.602847947291807,0.747651102495183,0.890552878168349,1.06555518985224,1.28433243834013,1.73277727555132
BM_CZ,MONTHLY,GENERAL,198811,3547,0.195653656585868,0.35185217305903,0.482276031966681,0.602942819069703,0.744399129364172,0.886814974890145,1.0628715552269,1.28130943124791,1.7211387012987
BM_CZ,MONTHLY,GENERAL,198812,3575,0.198717228984131,0.353565901693323,0.48069566720798,0.595918768308268,0.74396013279167,0.880500761354685,1.05628686904689,1.26394653420847,1.69211195417177
BM_CZ,MONTHLY,GENERAL,198901,3381,0.202502266545784,0.360399407818062,0.492640525873271,0.610294680236429,0.755635197585589,0.896539847392963,1.06776968498037,1.29133858267717,1.70872006416867
BM_CZ,MONTHLY,GENERAL,198902,3398,0.201225305267443,0.36012774719715,0.491745356510946,0.610722191879615,0.751417897175782,0.889420742411522,1.06455972444352,1.28399149206349,1.70567035827261
BM_CZ,MONTHLY,GENERAL,198903,3393,0.199811138054794,0.359065280813426,0.491642834926618,0.609734505512692,0.75590466328223,0.894205853083729,1.06471067816718,1.27869153511981,1.69131194280978
BM_CZ,MONTHLY,GENERAL,198904,3378,0.201225305267443,0.360292669934009,0.493528756264992,0.612206515026371,0.757963331574334,0.898247845257354,1.06455972444352,1.26962778750178,1.68416147291452
BM_CZ,MONTHLY,GENERAL,198905,3417,0.199006793380472,0.358777439675512,0.487239394031653,0.606206422314104,0.749680642457873,0.889035785250873,1.05668416295616,1.2645730032347,1.68103425845939
BM_CZ,MONTHLY,GENERAL,198906,3667,0.165806679871057,0.317258652342946,0.424122250450912,0.534685765072273,0.647825109130213,0.778402263541768,0.939890875525889,1.13680203908947,1.50401390210554
BM_CZ,MONTHLY,GENERAL,198907,3654,0.169603065149265,0.320259447853152,0.42785545167376,0.538123333396253,0.653632167779959,0.782969447221121,0.942536427496385,1.14277437225281,1.50417537169268
BM_CZ,MONTHLY,GENERAL,198908,3642,0.170181211704988,0.322199958897697,0.428759132025455,0.540130810328643,0.658584701092717,0.787598816884254,0.942283927397548,1.13698328834563,1.49668984279416
BM_CZ,MONTHLY,GENERAL,198909,3674,0.167465663743449,0.320588269905591,0.428911607383626,0.537270323706275,0.655726562052125,0.783341600178449,0.936709488790323,1.12791302758754,1.48114774748935
BM_CZ,MONTHLY,GENERAL,198910,3652,0.170181211704988,0.322718821426152,0.431450349538126,0.537960027774894,0.658197628265174,0.782960171037988,0.935396166099917,1.12516832025426,1.473431711146
BM_CZ,MONTHLY,GENERAL,198911,3634,0.170484631446661,0.322839094775884,0.434336744128977,0.539452495731251,0.658584701092717,0.783341600178449,0.933718625252776,1.11646636147079,1.4733796150939
BM_CZ,MONTHLY,GENERAL,198912,3642,0.163503753804994,0.321587815982382,0.434211214853963,0.539711276184828,0.657280750938249,0.779347184653607,0.927598585292171,1.10798431430681,1.45105133237219
BM_CZ,MONTHLY,GENERAL,199001,3494,0.173674783355649,0.33248081762071,0.440466102807747,0.552573014032955,0.667060283548899,0.789219773125982,0.935375077335556,1.11207377659741,1.46037085596554
BM_CZ,MONTHLY,GENERAL,199002,3522,0.169597270222105,0.331477857409602,0.437575438726165,0.545718946720493,0.663198067646038,0.784656016027022,0.931982119266403,1.10817741959645,1.4502194062757
BM_CZ,MONTHLY,GENERAL,199003,3515,0.169629913280097,0.330571669542492,0.440383024652403,0.547262088178367,0.663400550367664,0.787767850929279,0.931125008448216,1.10564054251165,1.456205048986
BM_CZ,MONTHLY,GENERAL,199004,3500,0.171003053938348,0.332605998045225,0.443723234390802,0.553284221622741,0.667912887499083,0.792860651120874,0.934170764228183,1.10870519982064,1.45392424820771
BM_CZ,MONTHLY,GENERAL,199005,3512,0.17133088303217,0.33179541780455,0.442557112182624,0.547725665465995,0.665965862333043,0.791198106215075,0.932070596721182,1.10687935532069,1.45343839599254
BM_CZ,MONTHLY,GENERAL,199006,3636,0.128031986659003,0.258537062663368,0.372445802741824,0.48679231143917,0.613729431276549,0.744408532643827,0.916524952440141,1.16985870608967,1.5778740326256
BM_CZ,MONTHLY,GENERAL,199007,3610,0.134600466273031,0.262751862353629,0.377918355082298,0.489001146577453,0.614423229066933,0.747612365613498,0.917115362957985,1.16548838035186,1.56548551479235
BM_CZ,MONTHLY,GENERAL,199008,3588,0.137590789837062,0.263135463491425,0.378917566725465,0.489777007403384,0.614656907417125,0.749131617559085,0.918833592738045,1.16492210664816,1.55681224446868
BM_CZ,MONTHLY,GENERAL,199009,3579,0.140978529616591,0.264897162811435,0.382735234476472,0.48899909530061,0.616838487972509,0.746276657779046,0.916470581519223,1.16151820042089,1.5364543827427
BM_CZ,MONTHLY,GENERAL,199010,3573,0.137065471799495,0.264883238543878,0.379986737953518,0.488606754471935,0.616730509095966,0.746970070393678,0.911319324074283,1.15578706363087,1.53326204024165
BM_CZ,MONTHLY,GENERAL,199011,3551,0.137254901960784,0.264754867988643,0.379374478454373,0.487704594120188,0.614277153318685,0.743977591036415,0.908756854542371,1.14991896272285,1.51820128479657
BM_CZ,MONTHLY,GENERAL,199012,3571,0.144489992765855,0.272339916217834,0.387075169784817,0.488874112135409,0.610302838450987,0.740943850348841,0.901518209294861,1.14566059395965,1.50291872097028
BM_CZ,MONTHLY,GENERAL,199101,3477,0.147316628824766,0.276816763693244,0.390938220588147,0.492599867195302,0.616730509095966,0.744593669491397,0.906213064377053,1.15388423736979,1.51931583260634
BM_CZ,MONTHLY,GENERAL,199102,3466,0.151527445522972,0.281142768619047,0.39264034505477,0.493254160205484,0.616878926242581,0.747492279701673,0.905596238674966,1.15383844377102,1.52507853499097
BM_CZ,MONTHLY,GENERAL,199103,3447,0.155140730539945,0.282661098441691,0.398375723131875,0.501890819595295,0.620176000379516,0.750006454934563,0.90836279980807,1.14553497985271,1.51045077484374
BM_CZ,MONTHLY,GENERAL,199104,3425,0.159941566280026,0.284471997597309,0.401467891543515,0.502802203326344,0.622502154466996,0.750745105024123,0.910733022134657,1.13717872650032,1.51987310651122
BM_CZ,MONTHLY,GENERAL,199105,3445,0.160961814774617,0.284113968236192,0.401467891543515,0.502392225664261,0.622158498686512,0.749275848709663,0.907064058625981,1.12937651153475,1.50312161308276
BM_CZ,MONTHLY,GENERAL,199106,3613,0.15186402006073,0.321488135905683,0.468796400724904,0.635872026614694,0.820785746277013,1.02536489511056,1.27852838062019,1.66480733092574,2.44695692665542
BM_CZ,MONTHLY,GENERAL,199107,3611,0.156090620067142,0.323688816464482,0.469448803073284,0.635409164104816,0.820785746277013,1.02039535250361,1.26471574270423,1.63608738623121,2.40317696621551
BM_CZ,MONTHLY,GENERAL,199108,3584,0.15841703188347,0.32688615730585,0.472311036130278,0.641575064387113,0.827192958259193,1.02296762568573,1.2658879072016,1.63476153815215,2.39849717647231
BM_CZ,MONTHLY,GENERAL,199109,3588,0.15771124221797,0.328393903387396,0.471855810145985,0.63890660294027,0.824564076779311,1.0180835861399,1.2593591019062,1.62464517164912,2.37832698924752
BM_CZ,MONTHLY,GENERAL,199110,3582,0.15748044420657,0.326873439309107,0.470504326508552,0.636266823545162,0.82082399596666,1.01458270189502,1.254149753178,1.62279695120245,2.37479019787307
BM_CZ,MONTHLY,GENERAL,199111,3558,0.157238004714128,0.328393903387396,0.471760884842114,0.635504736866302,0.820025669094379,1.01335031232584,1.25293046961646,1.61885022490634,2.37205425349317
BM_CZ,MONTHLY,GENERAL,199112,3569,0.151155294628025,0.324728020108602,0.468566232016411,0.635167417661732,0.816839725930635,1.00770249396101,1.24355461788943,1.59659151639996,2.29002982017564
BM_CZ,MONTHLY,GENERAL,199201,3464,0.15947117150439,0.33561562798175,0.477665034019118,0.646196263121796,0.824466859744971,1.01542072278923,1.25063875778938,1.60622970044904,2.29750562966745
BM_CZ,MONTHLY,GENERAL,199202,3462,0.157748562003708,0.334746942311377,0.477297346900468,0.645179230610015,0.821755081046143,1.01458270189502,1.24734973924091,1.60337070681257,2.29353753013705
BM_CZ,MONTHLY,GENERAL,199203,3450,0.157383675567262,0.334534508259056,0.472823778444765,0.646086068363768,0.823864328256749,1.01677097698233,1.24565326571451,1.59744343948425,2.28482954188419
BM_CZ,MONTHLY,GENERAL,199204,3443,0.15777332887448,0.337428480201691,0.476481848347872,0.643894211096472,0.82264791643598,1.01332069306283,1.24586232887184,1.59455805688646,2.26597128551418
BM_CZ,MONTHLY,GENERAL,199205,3449,0.157647976695753,0.337819509516434,0.477587416038183,0.640337088629357,0.820785746277013,1.01287406286661,1.24527956901288,1.58955433252964,2.26623670558298
BM_CZ,MONTHLY,GENERAL,199206,3591,0.0959658317432085,0.222840839616874,0.342351601624296,0.471655011655012,0.603484320557491,0.76780776191352,0.975452538631348,1.29824561403509,1.97638258530846
BM_CZ,MONTHLY,GENERAL,199207,3551,0.0978370088317732,0.225292929292929,0.346106953275937,0.469126769055217,0.601847776568062,0.759068888101146,0.960735265820779,1.27395035954535,1.93926305844244
BM_CZ,MONTHLY,GENERAL,199208,3516,0.0992562711079585,0.225801738622251,0.345394598601489,0.470521429281243,0.602740620880606,0.757848502559198,0.958804411612146,1.26666666666667,1.92899324963998
BM_CZ,MONTHLY,GENERAL,199209,3504,0.102249690539574,0.227982795044753,0.34935966905606,0.473359571140285,0.603582823809299,0.758005316881045,0.959166409453161,1.26132790426136,1.91027301708743
BM_CZ,MONTHLY,GENERAL,199210,3490,0.10259335353139,0.230106293064568,0.34949659236571,0.474468798056237,0.603663016467797,0.760635822815253,0.958297432502043,1.24919288433675,1.87840977893558
BM_CZ,MONTHLY,GENERAL,199211,3469,0.105714597672095,0.233382066921635,0.352361317033852,0.475899332147987,0.603616734513305,0.759035834822933,0.954158765047731,1.24200978576164,1.86940491984438
BM_CZ,MONTHLY,GENERAL,199212,3483,0.112880878905977,0.245501696410219,0.356374441546146,0.479371976851343,0.606808301615607,0.75705538330016,0.950172874945872,1.22304606950282,1.86156184190197
BM_CZ,MONTHLY,GENERAL,199301,3402,0.118492351531704,0.249573618528014,0.363434451244253,0.489361201294958,0.61871113672177,0.765118676161251,0.959044315120786,1.24161075389651,1.87014954875144
BM_CZ,MONTHLY,GENERAL,199302,3412,0.120092532602349,0.25023898960526,0.364854751775595,0.489361201294958,0.618823787040514,0.762750139800723,0.957027073576143,1.23537926552077,1.86497012135763
BM_CZ,MONTHLY,GENERAL,199303,3392,0.12711805338863,0.256428606497318,0.36757400170673,0.491418119954786,0.622833151027024,0.765118676161251,0.959409489336694,1.236733314913,1.85420232344491
BM_CZ,MONTHLY,GENERAL,199304,3371,0.128409490171422,0.257559344157669,0.370700491372415,0.492470156689281,0.62367580628491,0.76780776191352,0.959965677327008,1.23997713414634,1.86179270227393
BM_CZ,MONTHLY,GENERAL,199305,3394,0.128835045522681,0.256753613709445,0.369168664206111,0.48967019737812,0.620787596049725,0.764254571105711,0.96000629539701,1.23624836309611,1.861446411716
BM_CZ,MONTHLY,GENERAL,199306,3648,0.11672029031815,0.220549368527032,0.31584872375829,0.41624021238036,0.527684945170023,0.649753267632464,0.821322379031734,1.06489928759631,1.51433516333112
BM_CZ,MONTHLY,GENERAL,199307,3644,0.121560320044114,0.228098712006632,0.318490811436591,0.418457647033685,0.527468859251081,0.649098351525726,0.819696727932515,1.05962583430744,1.50935525578091
BM_CZ,MONTHLY,GENERAL,199308,3636,0.121894955284029,0.228467909804297,0.319065371233347,0.417672008191536,0.527468859251081,0.64947219501578,0.819227036076145,1.05691360631507,1.50155977912857
BM_CZ,MONTHLY,GENERAL,199309,3649,0.122843453640518,0.229305187073815,0.31879760054206,0.417470009325142,0.527761665003828,0.645831029793446,0.812194970467532,1.05066361288622,1.48687799196152
BM_CZ,MONTHLY,GENERAL,199310,3637,0.124018817375075,0.230123015632594,0.321220951883171,0.417939600053602,0.528894607054787,0.645437363737843,0.810617170187554,1.0515208456252,1.48040472971618
BM_CZ,MONTHLY,GENERAL,199311,3638,0.126045621860092,0.23120375595535,0.323087670448374,0.420687027411326,0.531203094274284,0.648372806674196,0.810042716101803,1.05146190234013,1.48028864586577
BM_CZ,MONTHLY,GENERAL,199312,3664,0.130161984744172,0.236235848323933,0.323818164608246,0.422155207125454,0.531981985502211,0.645831029793446,0.803993153362922,1.04466183342665,1.45202631920108
BM_CZ,MONTHLY,GENERAL,199401,3542,0.131663167127627,0.238687087523803,0.329725104698091,0.425931677370899,0.538606983068653,0.657472215816577,0.813534066213929,1.0488754167623,1.46346830443156
BM_CZ,MONTHLY,GENERAL,199402,3545,0.131816892277521,0.2386928348305,0.328812575997113,0.425654596975643,0.53751977879713,0.656963861627582,0.812805993131735,1.04643568781265,1.45174056303321
BM_CZ,MONTHLY,GENERAL,199403,3523,0.133750972700615,0.240459238934736,0.333099160205638,0.428142608772703,0.538924676855711,0.659415692831418,0.814932187349054,1.04871203683853,1.44997133813976
BM_CZ,MONTHLY,GENERAL,199404,3523,0.13504668971072,0.241772202173234,0.336613797417002,0.429928048650613,0.539760962580846,0.658074164594758,0.8165467211211,1.04932980316687,1.44943299065843
BM_CZ,MONTHLY,GENERAL,199405,3560,0.135069719508161,0.241693941320919,0.333030448739116,0.428403090009866,0.53669302161108,0.656138907151114,0.812802560140207,1.04561033153027,1.43782418692964
BM_CZ,MONTHLY,GENERAL,199406,3887,0.121239386782154,0.210328860715766,0.300438155669566,0.377658591556807,0.468777307252806,0.576497069520214,0.702296895158963,0.902906777944397,1.28160399130948
BM_CZ,MONTHLY,GENERAL,199407,3889,0.123649026546667,0.214563564427543,0.30436817202006,0.379944818073483,0.47086618840299,0.577379444824466,0.702779512562121,0.901924612001333,1.28100520594889
BM_CZ,MONTHLY,GENERAL,199408,3885,0.126886028268408,0.217590240016382,0.305702093917035,0.38105124145376,0.471726872514913,0.578023800508022,0.703251837576142,0.902223094245026,1.28225774874601
BM_CZ,MONTHLY,GENERAL,199409,3901,0.131138485333923,0.219965590810114,0.306689181281661,0.385362777942372,0.475021888821732,0.580779017420239,0.70426734763163,0.901995199678569,1.28541069540863
BM_CZ,MONTHLY,GENERAL,199410,3883,0.132541457210345,0.220919110364718,0.308433285851059,0.385752668755082,0.475253748187513,0.581646186141477,0.707212440489127,0.900806849734835,1.28372225387067
BM_CZ,MONTHLY,GENERAL,199411,3874,0.132795490232352,0.222312541120223,0.309217830676985,0.386028217653412,0.476905918608437,0.582050354807225,0.706263749270055,0.898533320426655,1.28050262172118
BM_CZ,MONTHLY,GENERAL,199412,3885,0.133300343594086,0.227323774601036,0.313357029285147,0.389129238507454,0.47817036276333,0.583470114565072,0.70788150994279,0.898916370535453,1.27992843034042
BM_CZ,MONTHLY,GENERAL,199501,3763,0.137045263754166,0.230846092982077,0.316918327229379,0.395223111654591,0.482857857857858,0.588751460578084,0.716054397602412,0.904870073544716,1.28355920841772
BM_CZ,MONTHLY,GENERAL,199502,3779,0.13635433384541,0.230622682747134,0.316579411627682,0.395287737296141,0.483337568768587,0.588590347597816,0.715331222866991,0.900567555813733,1.26941253724
BM_CZ,MONTHLY,GENERAL,199503,3767,0.137138223274933,0.232045874635518,0.31733750709987,0.39831501750393,0.486771112172989,0.591606820505939,0.721639802995914,0.905160533695342,1.26894015077886
BM_CZ,MONTHLY,GENERAL,199504,3733,0.140244471258129,0.234112826017845,0.318297107110231,0.400428654722743,0.489082222063752,0.593606429184699,0.726170489514782,0.911898916416179,1.26877687036733
BM_CZ,MONTHLY,GENERAL,199505,3751,0.137336161364927,0.234244279687266,0.318653318847328,0.399515937209065,0.488805695167067,0.593322157027103,0.722752606801028,0.907908133714585,1.26785925838171
BM_CZ,MONTHLY,GENERAL,199506,4182,0.159789924761693,0.256660036038575,0.349692455446035,0.438030186607122,0.538738556124395,0.647005399849107,0.783139469008532,0.993293458359951,1.35699152805781
BM_CZ,MONTHLY,GENERAL,199507,4183,0.16043307679498,0.257949983473326,0.353238614520421,0.441003536401673,0.539196622034558,0.649966724044797,0.785850509047475,0.994043847849897,1.3495027369135
BM_CZ,MONTHLY,GENERAL,199508,4157,0.162190233824381,0.259923056170742,0.354394691045957,0.443703650432331,0.54342552159146,0.651309196495688,0.785828094213353,0.995231331880456,1.35222025854836
BM_CZ,MONTHLY,GENERAL,199509,4172,0.162447732791929,0.262388419578148,0.354170414558166,0.442781721203581,0.54181123260527,0.649967647388819,0.779981908740658,0.991585202303934,1.33425546999858
BM_CZ,MONTHLY,GENERAL,199510,4151,0.163801511826384,0.262690712343988,0.354507969174508,0.444033832513303,0.542616046474788,0.650798258345428,0.782359486159345,0.991655211136711,1.32706242516264
BM_CZ,MONTHLY,GENERAL,199511,4135,0.162738506848546,0.262720815893491,0.355914025245218,0.444953271890138,0.544556701390707,0.650982814740367,0.781470148432761,0.990959784372753,1.33365867428507
BM_CZ,MONTHLY,GENERAL,199512,4153,0.162857593360494,0.267785818760316,0.358453110906665,0.449150367369033,0.547368421052632,0.653002281289066,0.78721914682878,0.993327734623163,1.32392459784509
BM_CZ,MONTHLY,GENERAL,199601,4012,0.165031867580791,0.268325929028284,0.361769161307663,0.453257096054868,0.548864013902649,0.654829120283646,0.790371283523698,0.994387844050901,1.32493028029847
BM_CZ,MONTHLY,GENERAL,199602,4018,0.166059849664555,0.272258200624968,0.363236082475654,0.454568932338697,0.55052126716582,0.656023896603306,0.789929086593544,0.993847977010148,1.3253207934069
BM_CZ,MONTHLY,GENERAL,199603,3993,0.170872372583657,0.275783789779612,0.366538252987324,0.458207223414645,0.558726516563889,0.665254949062193,0.792647386939216,0.996932513791956,1.33459364215393
BM_CZ,MONTHLY,GENERAL,199604,3980,0.16870258501751,0.27682435909714,0.367380246860498,0.459061533542411,0.559060223728627,0.668289670969498,0.79527880907673,0.997501119579152,1.32861872380458
BM_CZ,MONTHLY,GENERAL,199605,4015,0.168815604145149,0.278945748505323,0.371089663181761,0.459809558589581,0.560143626570916,0.667537981345129,0.793958604208095,0.997536884575994,1.32376828619661
BM_CZ,MONTHLY,GENERAL,199606,4389,0.116231771566409,0.208105508397595,0.290844075354129,0.37402128108134,0.466055705300988,0.573192621150967,0.722105455104614,0.935764812469859,1.33683891117151
BM_CZ,MONTHLY,GENERAL,199607,4386,0.11777984425961,0.208228423736641,0.292034154251307,0.37445714351308,0.468521902858466,0.575450531906228,0.723971877845605,0.935753169820055,1.33620334298191
BM_CZ,MONTHLY,GENERAL,199608,4364,0.119706120093314,0.209039440111711,0.291958147161662,0.374349560152171,0.467135297490104,0.575681555915859,0.723807713187633,0.935764812469859,1.33495473013278
BM_CZ,MONTHLY,GENERAL,199609,4381,0.120358237808285,0.210549849197478,0.293955471821084,0.374968458238708,0.467058557395609,0.573716124539222,0.719689521345408,0.933698534846311,1.31817662689681
BM_CZ,MONTHLY,GENERAL,199610,4360,0.120454286237021,0.210664195998151,0.294029307909958,0.375155235745188,0.466205575705765,0.571076383191564,0.716444807895053,0.932452417256141,1.30340617097733
BM_CZ,MONTHLY,GENERAL,199611,4347,0.121190795023403,0.210711101434948,0.294188784176579,0.376783976932857,0.466303671802575,0.573297839509288,0.717415201593109,0.928681800563296,1.29374307848712
BM_CZ,MONTHLY,GENERAL,199612,4354,0.126408113260374,0.215816232071568,0.299285983322338,0.382713472165359,0.4728947925135,0.578493458481966,0.720681897631019,0.928476140740659,1.28791743229604
BM_CZ,MONTHLY,GENERAL,199701,4184,0.127824103661365,0.219018571105262,0.300994676835973,0.383934471620359,0.475569992699813,0.583676300347484,0.724743043367583,0.934213021681936,1.29929798422074
BM_CZ,MONTHLY,GENERAL,199702,4203,0.128961193162656,0.220004178853836,0.302750235934155,0.384479093733507,0.475491033304868,0.582332415073027,0.721695210150273,0.933020404908438,1.29380068278455
BM_CZ,MONTHLY,GENERAL,199703,4177,0.131126962973571,0.222359066088065,0.307799527881356,0.391017860534452,0.481478978877522,0.589495696775612,0.725976310080339,0.934922431877201,1.29495977286056
BM_CZ,MONTHLY,GENERAL,199704,4160,0.130404670359935,0.223272583633709,0.309812993290381,0.392647202397834,0.482612343582113,0.590937489676622,0.728801368703826,0.940574667405623,1.29680747634493
BM_CZ,MONTHLY,GENERAL,199705,4176,0.132237239254391,0.223436875825563,0.309521819798011,0.393488466874104,0.483355324361006,0.591721385904983,0.731814877150299,0.941986794130628,1.29897796606795
BM_CZ,MONTHLY,GENERAL,199706,4562,0.119780490410361,0.212204082717586,0.289824226841037,0.369015323402676,0.460248243531271,0.560995819277244,0.69544121866075,0.889764107038061,1.25406190982928
BM_CZ,MONTHLY,GENERAL,199707,4548,0.123758644640714,0.215214840768064,0.291863076201127,0.372070826084636,0.463188973174652,0.564004171738868,0.699198787347004,0.892898778733841,1.25885717558759
BM_CZ,MONTHLY,GENERAL,199708,4506,0.125369735336747,0.217054156906316,0.294281076824143,0.372732426303855,0.462928626609557,0.564119978981158,0.69926855842486,0.890408842919547,1.25238815028297
BM_CZ,MONTHLY,GENERAL,199709,4499,0.130374403873852,0.217972683172631,0.295270205883939,0.374492088539467,0.462842797064138,0.563962152751238,0.695768067873051,0.887916884839296,1.24887234105691
BM_CZ,MONTHLY,GENERAL,199710,4472,0.130404552431733,0.217965679590577,0.295576910061222,0.375926987594183,0.463552807106138,0.564226396367287,0.69582166093759,0.88912695842488,1.24952649474522
BM_CZ,MONTHLY,GENERAL,199711,4442,0.130404552431733,0.217419516446057,0.295121433297229,0.3745320899052,0.463920728781369,0.564427308416725,0.69544121866075,0.888153496761298,1.24548556128514
BM_CZ,MONTHLY,GENERAL,199712,4465,0.131745780265756,0.217683363465219,0.298768312464305,0.379556448684575,0.465807429871115,0.566175381127174,0.6937101548527,0.889693367474324,1.24574279216206
BM_CZ,MONTHLY,GENERAL,199801,4283,0.132428950102107,0.221311278870739,0.301921913374763,0.383055843434669,0.46961929290169,0.568964096035812,0.696631027178261,0.891866547153349,1.24463355753805
BM_CZ,MONTHLY,GENERAL,199802,4274,0.133480311946142,0.221146108755839,0.301150306552079,0.382661596702594,0.468661743867029,0.56801546171124,0.695580578002933,0.890619359363351,1.24003012332726
BM_CZ,MONTHLY,GENERAL,199803,4242,0.132547524584824,0.224396562002362,0.302356641406996,0.384339580447233,0.473781392544493,0.572162282695634,0.700743054570209,0.89310724292151,1.2303057738694
BM_CZ,MONTHLY,GENERAL,199804,4202,0.133469083542935,0.224023880834908,0.303070620658273,0.385646065081925,0.474988298804484,0.573192305377072,0.699876290463371,0.892435931611376,1.22383079658676
BM_CZ,MONTHLY,GENERAL,199805,4230,0.133513997155761,0.221057280054132,0.301421412945389,0.383731201068984,0.472552842818901,0.570289211328597,0.699340210731744,0.892202885941701,1.22857523087423
BM_CZ,MONTHLY,GENERAL,199806,4778,0.111936579976296,0.197124001508451,0.266692930050939,0.347913576379281,0.427476003104171,0.525297926298026,0.635779694571153,0.805936018074908,1.15106775735904
BM_CZ,MONTHLY,GENERAL,199807,4750,0.113694647885498,0.199899891154501,0.270299658403198,0.34888022852447,0.427476003104171,0.525193649419701,0.635120351918963,0.806217604599897,1.14933924082472
BM_CZ,MONTHLY,GENERAL,199808,4701,0.113723763374606,0.199765947164677,0.270426797317467,0.348765217045081,0.426728380393494,0.523485004976432,0.633239710243008,0.804990847525598,1.14372834372834
BM_CZ,MONTHLY,GENERAL,199809,4699,0.114403343052062,0.200038914684838,0.272227366054553,0.349235803066843,0.42843498430891,0.524179352258568,0.634382798070817,0.802863907095293,1.13200121705748
BM_CZ,MONTHLY,GENERAL,199810,4649,0.11590308054401,0.202060348749868,0.273787814686642,0.350419555818454,0.429688947243098,0.525222450499873,0.63503208745071,0.802075894343604,1.13048822901317
BM_CZ,MONTHLY,GENERAL,199811,4568,0.120830317492823,0.204377267300405,0.275262343330961,0.351656577022806,0.431691200761915,0.527759718637529,0.634602723091508,0.80089446945742,1.12403971569377
BM_CZ,MONTHLY,GENERAL,199812,4544,0.120701154906014,0.207022443747495,0.276395261904607,0.352067110465766,0.434557050783597,0.52843153158941,0.63830099999239,0.800991092050394,1.11876846648501
BM_CZ,MONTHLY,GENERAL,199901,4377,0.125033003841719,0.210225281179805,0.280896510389457,0.358455278833153,0.436392545016809,0.530437039149851,0.640586021992972,0.801868658777997,1.12015660831926
BM_CZ,MONTHLY,GENERAL,199902,4354,0.126008683634779,0.210457400654342,0.280951930107896,0.356578533917052,0.435374883641192,0.52876413833324,0.637561813242451,0.798186599771937,1.11173875165144
BM_CZ,MONTHLY,GENERAL,199903,4308,0.129719742894257,0.213314655954938,0.281992437360306,0.357078400199647,0.435786882327304,0.528496487080857,0.637863376909342,0.795202316093169,1.10606276812019
BM_CZ,MONTHLY,GENERAL,199904,4237,0.130520749272736,0.214085461983969,0.283870568102066,0.359817318670045,0.437412912607357,0.530302656396089,0.639847628087903,0.798821291292623,1.10778172305744
BM_CZ,MONTHLY,GENERAL,199905,4220,0.128592630323644,0.213465641128495,0.282786182700481,0.358800101054257,0.436090557279577,0.529706745505085,0.640303374462059,0.799080911743205,1.11055679379486
BM_CZ,MONTHLY,GENERAL,199906,4570,0.10335483363211,0.199690950173586,0.297711460996758,0.400511455242889,0.513810625368617,0.652118687820851,0.813985535442147,1.0513634410901,1.49637686602186
BM_CZ,MONTHLY,GENERAL,199907,4540,0.104840461417417,0.200677027102342,0.301428432076284,0.403188197135813,0.518306168630792,0.657763933142316,0.816837331969824,1.05279286031817,1.48994332657863
BM_CZ,MONTHLY,GENERAL,199908,4491,0.106134707108302,0.20091088041325,0.301298433483823,0.403211723713876,0.518179844702346,0.65837753625217,0.817221206190308,1.0525203304505,1.49014621741894
BM_CZ,MONTHLY,GENERAL,199909,4455,0.10751450953375,0.203063777568063,0.30189780556377,0.405385206593333,0.515882127822426,0.658745465260595,0.818230229791943,1.05006579944274,1.48079726714051
BM_CZ,MONTHLY,GENERAL,199910,4399,0.10929113820476,0.205212398161986,0.304391405503004,0.407993723628745,0.51891075408847,0.660480696831092,0.818549949963583,1.0489914813132,1.46763835815851
BM_CZ,MONTHLY,GENERAL,199911,4361,0.109752691842244,0.206194941333452,0.306385181776346,0.409734864398077,0.519579640307648,0.662106947856855,0.821434012253685,1.05397100663867,1.46652414563111
BM_CZ,MONTHLY,GENERAL,199912,4317,0.112770233768063,0.210941771036463,0.30908087785229,0.412631492234498,0.522825445249331,0.666150162348945,0.82216339625484,1.04643142808167,1.45523397929956
BM_CZ,MONTHLY,GENERAL,200001,4208,0.113113615010624,0.211009555013158,0.309412487980583,0.413003574766981,0.522428625678286,0.663601878877398,0.818577084431665,1.04032676810199,1.45154974679074
BM_CZ,MONTHLY,GENERAL,200002,4188,0.114045112458089,0.210856949033459,0.309412487980583,0.413075563617003,0.521771564484188,0.663772247889328,0.817526169259388,1.03509308542597,1.44334593005781
BM_CZ,MONTHLY,GENERAL,200003,4141,0.115348936864377,0.215436455891317,0.31179997925096,0.417796586296926,0.525934342015415,0.670034227669206,0.822136310795101,1.03390696664239,1.44630573763859
BM_CZ,MONTHLY,GENERAL,200004,4101,0.115111245006806,0.215982924149841,0.313039045518103,0.419058722756258,0.528085200894913,0.670312785570553,0.822271738093793,1.03772020171619,1.45367248952906
BM_CZ,MONTHLY,GENERAL,200005,4096,0.11398437393453,0.215801620300887,0.311274187123134,0.4185213904952,0.527435662901517,0.670293674445552,0.822629936619825,1.03648014569482,1.45485579717828
BM_CZ,MONTHLY,GENERAL,200006,4335,0.0694623352892743,0.147732060309199,0.24013388644232,0.366070404658368,0.495802495749577,0.65829719135433,0.861181409483625,1.12783221688864,1.6859128450604
BM_CZ,MONTHLY,GENERAL,200007,4292,0.0714854702956465,0.149675839515955,0.243673986494925,0.365961383170877,0.496294945211576,0.664393138092185,0.865903308406915,1.12840436711864,1.68481156367389
BM_CZ,MONTHLY,GENERAL,200008,4257,0.0719483820131704,0.150950292034525,0.245389291905623,0.367623679965316,0.497087174361874,0.664996501498868,0.864743217892249,1.13287746013984,1.69054172869709
BM_CZ,MONTHLY,GENERAL,200009,4210,0.0747302957607712,0.154114870661108,0.251271865708081,0.368844744553455,0.503746873552791,0.66654828179113,0.871791670252333,1.14044032155792,1.69200143450972
BM_CZ,MONTHLY,GENERAL,200010,4163,0.074860374336478,0.154359252953341,0.252411951827521,0.368990756425469,0.50381767120351,0.667039315543882,0.874133453096301,1.14202474701974,1.6869156894321
BM_CZ,MONTHLY,GENERAL,200011,4093,0.0762290315830952,0.155685212368297,0.251007411008126,0.36787446291768,0.497198849055136,0.665557560225884,0.870202547332956,1.13963805463966,1.6629784968227
BM_CZ,MONTHLY,GENERAL,200012,4050,0.0783519718487377,0.159611603790711,0.255929932376241,0.370560175021856,0.50278348481145,0.666167052047174,0.871149448501761,1.14191787869941,1.65649735150517
BM_CZ,MONTHLY,GENERAL,200101,3952,0.0802252892162461,0.161779534446246,0.255803231170599,0.371318863691928,0.503945296095779,0.666842907708514,0.870573515915938,1.13762830348869,1.63902435358824
BM_CZ,MONTHLY,GENERAL,200102,3911,0.0801486502931482,0.161748610309856,0.256024958280472,0.3733406872947,0.505260192442991,0.666421214347326,0.869707922555648,1.13310083479789,1.64280239965467
BM_CZ,MONTHLY,GENERAL,200103,3869,0.0811019465168066,0.164844108454052,0.264549460132377,0.375716412552939,0.509807327416202,0.669646726159612,0.875364882675058,1.13437869822485,1.63751125057167
BM_CZ,MONTHLY,GENERAL,200104,3820,0.0817392208262292,0.165825182539413,0.265990164737354,0.377564718254513,0.509840814754319,0.672192728252099,0.875247512603884,1.13356545221134,1.62146350709214
BM_CZ,MONTHLY,GENERAL,200105,3774,0.0843107641780479,0.167528959592915,0.268403251779451,0.378364765008818,0.511419309283044,0.670587561356238,0.871740352408834,1.12985221942766,1.61644833175942
BM_CZ,MONTHLY,GENERAL,200106,4090,0.112299501397708,0.232872195808941,0.352634678869166,0.474344173055235,0.639325707130076,0.861990005239834,1.13542690473888,1.56935187334823,2.56856990994787
BM_CZ,MONTHLY,GENERAL,200107,4044,0.1142829322213,0.233460446202728,0.349424923279437,0.471343372063642,0.634956303241269,0.850748002432722,1.13017177572381,1.55771362776967,2.52888830056841
BM_CZ,MONTHLY,GENERAL,200108,4004,0.114680743695701,0.2360605097246,0.352235242497178,0.472183121711397,0.635652765672092,0.850958960680876,1.12746423909228,1.5463280589254,2.48629438468434
BM_CZ,MONTHLY,GENERAL,200109,3960,0.116253742770617,0.23754773762631,0.351935723592229,0.471388253134204,0.633124021491011,0.842994281801062,1.11363239420826,1.52691679988056,2.46593338216589
BM_CZ,MONTHLY,GENERAL,200110,3934,0.117990017345577,0.236934908888062,0.350156929030078,0.471343372063642,0.631265359545598,0.840210402592023,1.10593960063085,1.51104624095334,2.45971324808736
BM_CZ,MONTHLY,GENERAL,200111,3899,0.117778752808812,0.235796175080747,0.350568699702789,0.471963681404998,0.629129780663552,0.839358861576559,1.10470565322208,1.50755440816942,2.45010666195919
BM_CZ,MONTHLY,GENERAL,200112,3869,0.120249385190982,0.234399077483693,0.348979050579745,0.471526685404923,0.617922894516242,0.828931697030311,1.0931575338659,1.46928129447807,2.37893000135431
BM_CZ,MONTHLY,GENERAL,200201,3769,0.120638904506764,0.235982621786697,0.350741326820132,0.471526685404923,0.618643081578029,0.832315053821878,1.09762649032137,1.47383744985795,2.3728572331087
BM_CZ,MONTHLY,GENERAL,200202,3762,0.120765061663056,0.237535309479282,0.352727329655335,0.470630502925565,0.61745010181918,0.826852711829468,1.08910046641286,1.45972982719156,2.35647152372066
BM_CZ,MONTHLY,GENERAL,200203,3729,0.118809202987945,0.235484833165809,0.350497567508274,0.467743337717639,0.614355556291407,0.818368446927169,1.08346099463634,1.44402741956453,2.33112771581132
BM_CZ,MONTHLY,GENERAL,200204,3695,0.118666383316432,0.234992849161273,0.350560434251556,0.467674988345398,0.615132827324478,0.814996911599694,1.08018316484369,1.42809617859719,2.32562663360747
BM_CZ,MONTHLY,GENERAL,200205,3684,0.118728967080732,0.233235403252189,0.350789612044565,0.469628839178781,0.614034657351963,0.808855163152811,1.0749971260095,1.42455589350492,2.31218573744679
BM_CZ,MONTHLY,GENERAL,200206,3996,0.109524750060225,0.212323464945553,0.311661174694352,0.414524728656927,0.536836926913972,0.688878170374213,0.904425038418833,1.22345216636971,1.90007930564843
BM_CZ,MONTHLY,GENERAL,200207,3974,0.111943119644307,0.217503717625643,0.313644449528234,0.417028455005164,0.536836926913972,0.686333997886714,0.901215176028212,1.21054732867362,1.89178792383874
BM_CZ,MONTHLY,GENERAL,200208,3935,0.113093385735595,0.21856587917928,0.31370633839618,0.417175239839632,0.536600939772996,0.683795466231644,0.894998399452068,1.19853878762937,1.8727858692332
BM_CZ,MONTHLY,GENERAL,200209,3906,0.117555210766093,0.220799490364708,0.312958262723551,0.415279055422579,0.532596581840574,0.679495398978443,0.885313461192162,1.17965320788323,1.83421691871816
BM_CZ,MONTHLY,GENERAL,200210,3878,0.118912186205349,0.222101081361537,0.313856560779781,0.414801816517342,0.53018758346749,0.676948228659728,0.881280433229529,1.17503256876217,1.83278146902087
BM_CZ,MONTHLY,GENERAL,200211,3834,0.120981620352697,0.22296456858986,0.316187924511173,0.413993100490869,0.52862793904061,0.668105700161752,0.875042832703879,1.16413474172167,1.80134091837219
BM_CZ,MONTHLY,GENERAL,200212,3812,0.120636406554123,0.223446559700295,0.317190540578586,0.414250094550714,0.523913481962642,0.657474070110233,0.862283089254618,1.13104852918963,1.74833503319633
BM_CZ,MONTHLY,GENERAL,200301,3734,0.122806961388763,0.224547040198386,0.318293887306745,0.414900767847361,0.524138757867185,0.658062641435626,0.858106831584857,1.13383334974572,1.74467126328517
BM_CZ,MONTHLY,GENERAL,200302,3712,0.125582412143475,0.225032436274325,0.317820841769402,0.414050385707171,0.519954986795133,0.658014551649228,0.856950296323039,1.13035266756226,1.73056515874476
BM_CZ,MONTHLY,GENERAL,200303,3671,0.128107342583462,0.225370914777321,0.316558857724067,0.411648395195644,0.517133612606218,0.655195856785863,0.85601285378816,1.13163292391593,1.71333741679391
BM_CZ,MONTHLY,GENERAL,200304,3621,0.12908978463282,0.226683118358043,0.316162054566952,0.409535715631896,0.515354577215085,0.653943706646959,0.85601285378816,1.13196382176492,1.70690255114188
BM_CZ,MONTHLY,GENERAL,200305,3603,0.128222146603885,0.226383920342551,0.314407203093038,0.408213869289896,0.512692937828749,0.652292526778302,0.852636436446877,1.12743669431483,1.69094029496
BM_CZ,MONTHLY,GENERAL,200306,3679,0.164362921070786,0.299120602074179,0.423373089784111,0.548958142627843,0.675589201431846,0.827670194232938,1.02404873203264,1.3674040418763,1.97505723827591
BM_CZ,MONTHLY,GENERAL,200307,3640,0.166852376119888,0.301951392074942,0.427365399107303,0.547381665467374,0.673209756666206,0.823836269344888,1.02078984375606,1.3556335018251,1.93270501211477
BM_CZ,MONTHLY,GENERAL,200308,3614,0.169499809788218,0.302980000955819,0.428128601578978,0.549635820709059,0.673727517146063,0.823286048145097,1.02066574663935,1.35233394262847,1.92269365581873
BM_CZ,MONTHLY,GENERAL,200309,3585,0.17064624862792,0.30379332198981,0.427657010691003,0.548358029618793,0.670944435772096,0.820251798689785,1.01148563349897,1.32246999860157,1.88065666698035
BM_CZ,MONTHLY,GENERAL,200310,3560,0.170079093426623,0.302616002437964,0.424970945910294,0.544905953491528,0.667602117797855,0.816946871109811,1.00033216987324,1.3162553197865,1.86546090560404
BM_CZ,MONTHLY,GENERAL,200311,3533,0.170815023275878,0.304114118747543,0.42643687346044,0.544934898474901,0.66782068634417,0.815335809016432,0.997772890087705,1.30857655516101,1.8509220655472
BM_CZ,MONTHLY,GENERAL,200312,3508,0.17063899683642,0.307621487211046,0.428233357840657,0.543116327892631,0.66457961095352,0.812711624421202,0.987257741076224,1.28006327851795,1.81036552848538
BM_CZ,MONTHLY,GENERAL,200401,3463,0.171555577355825,0.305795557757097,0.42668886743541,0.541087510252078,0.659521622423968,0.809317026358504,0.982110431295481,1.27891347816834,1.80655463109103
BM_CZ,MONTHLY,GENERAL,200402,3446,0.171062115337345,0.305666225186017,0.426655395700435,0.539932060881986,0.658673530461849,0.808883143156559,0.98073643452166,1.27391352162916,1.80576835240655
BM_CZ,MONTHLY,GENERAL,200403,3422,0.173557964465991,0.307775009643688,0.426875737863914,0.539529510304817,0.657713189201158,0.808311651610587,0.977865678374415,1.27288772816831,1.79400747540363
BM_CZ,MONTHLY,GENERAL,200404,3400,0.173750762586111,0.311739570452948,0.427365399107303,0.541661800112581,0.659425028428557,0.808438240077845,0.981053016305505,1.27028834180095,1.79162067546526
BM_CZ,MONTHLY,GENERAL,200405,3388,0.173722593660162,0.312173950608841,0.427051656447318,0.539965402795797,0.658613186140562,0.80820014549868,0.976395467087665,1.26267636889135,1.78402811466815
BM_CZ,MONTHLY,GENERAL,200406,3440,0.112752457798752,0.19016380454443,0.267639289638599,0.339666215577785,0.42279758097218,0.520118353739033,0.627644147254121,0.789440280648992,1.111823063647
BM_CZ,MONTHLY,GENERAL,200407,3424,0.1148469650858,0.192061732592562,0.269591402346969,0.341816278522203,0.42279758097218,0.520217674406133,0.629228232925127,0.786485953079818,1.11614594061259
BM_CZ,MONTHLY,GENERAL,200408,3403,0.114966260490106,0.192181674166469,0.268699191116776,0.341327441198132,0.422278241945897,0.519671720705819,0.628137811551332,0.784964469722731,1.11485002541634
BM_CZ,MONTHLY,GENERAL,200409,3392,0.118348191921235,0.197387741884096,0.271274462530307,0.343206688499965,0.425468670366575,0.522010608007451,0.628627037043505,0.784965055990901,1.10801465881081
BM_CZ,MONTHLY,GENERAL,200410,3379,0.118433346881455,0.197567205333377,0.271285525291669,0.343987254829471,0.425627198688328,0.521243695463513,0.628576738424142,0.784963883454561,1.10795312407208
BM_CZ,MONTHLY,GENERAL,200411,3362,0.118348191921235,0.197553838554941,0.271437570291569,0.343895088214746,0.425795575159815,0.52071653495204,0.627986743857631,0.784543420293566,1.10289244983719
BM_CZ,MONTHLY,GENERAL,200412,3340,0.120974508514384,0.200978469443713,0.275972590703591,0.35086770915955,0.429380752332941,0.525629033807664,0.629292533504857,0.784656787043244,1.09647824681161
BM_CZ,MONTHLY,GENERAL,200501,3304,0.121428981221556,0.201308661638378,0.276354072557238,0.350823820287225,0.428529601733305,0.52446962241635,0.628793345413883,0.781663817707626,1.08899158562408
BM_CZ,MONTHLY,GENERAL,200502,3292,0.121032793610938,0.201670624621932,0.276411638099475,0.350304531382544,0.428671840382528,0.522913151452546,0.629188275513659,0.780844883919473,1.08928738464653
BM_CZ,MONTHLY,GENERAL,200503,3280,0.124297420247145,0.205509417904504,0.278772752461345,0.352711242583098,0.434340228060566,0.528156996224404,0.631441893323472,0.784892887491842,1.08810418855673
BM_CZ,MONTHLY,GENERAL,200504,3260,0.124297420247145,0.20630903996515,0.279576662839748,0.352582648007949,0.433751572833517,0.528084254518972,0.630468345391331,0.785019546508466,1.08170607267155
BM_CZ,MONTHLY,GENERAL,200505,3242,0.124981666229655,0.206747576252761,0.279011012770386,0.352267667326684,0.433261824300674,0.527623338526044,0.630338293841326,0.784820220860837,1.08492338872502
BM_CZ,MONTHLY,GENERAL,200506,3320,0.119393384766038,0.198313261712325,0.266974475776164,0.327057237834455,0.398626574165298,0.479614096589376,0.577006355202363,0.702533069180195,0.899765604260641
BM_CZ,MONTHLY,GENERAL,200507,3301,0.122545277912706,0.20005107841528,0.268969289912979,0.32802120303925,0.398711658999869,0.479108556485306,0.576283376786838,0.703446529302801,0.896246977239197
BM_CZ,MONTHLY,GENERAL,200508,3274,0.123282291933599,0.200335900251131,0.269188907227096,0.328471044995672,0.398700887829014,0.479558250706438,0.576963195102421,0.70294591854176,0.893997727889584
BM_CZ,MONTHLY,GENERAL,200509,3256,0.125804127305455,0.201998360513521,0.271244055649423,0.329881460634259,0.399945955788736,0.482334388834534,0.578761297799544,0.703195532113777,0.888825651171485
BM_CZ,MONTHLY,GENERAL,200510,3230,0.126995018457538,0.203835153439269,0.272642590237683,0.331935585730437,0.401237549195229,0.484649735086178,0.581982530413044,0.703533194872032,0.890893960511199
BM_CZ,MONTHLY,GENERAL,200511,3205,0.129124537304002,0.204752737714239,0.2733940906297,0.333483535058775,0.40195489613207,0.484783521910356,0.582546769522972,0.703881146367929,0.892606147838146
BM_CZ,MONTHLY,GENERAL,200512,3181,0.128640776699029,0.20599537324364,0.276369341117543,0.333738319065704,0.402811942192157,0.485047990875419,0.583960498904445,0.70388630324383,0.894292069498853
BM_CZ,MONTHLY,GENERAL,200601,3135,0.128301342784852,0.205862331107538,0.276639442735304,0.334003408467367,0.40195489613207,0.484649735086178,0.583147351768703,0.702997887296595,0.893625616036931
BM_CZ,MONTHLY,GENERAL,200602,3121,0.128652146344288,0.206269847732269,0.276848385378406,0.335071074221194,0.402267763205119,0.485384774961276,0.585922128152371,0.70482167888035,0.894537987679671
BM_CZ,MONTHLY,GENERAL,200603,3100,0.12982398502777,0.208442088271083,0.278298604519192,0.336857206398973,0.404566747250467,0.486562834714886,0.588969909705389,0.705315578731016,0.89177761667349
BM_CZ,MONTHLY,GENERAL,200604,3079,0.12852763206097,0.208178003138646,0.278263493554387,0.337676872366505,0.405360536454084,0.486982439092576,0.589067675302328,0.706641556184347,0.89200625995355
BM_CZ,MONTHLY,GENERAL,200605,3067,0.127090417739639,0.206640877692175,0.277749516697268,0.33768876861334,0.405333063718426,0.486586147206295,0.589198366605024,0.706194692339508,0.892463546513669
BM_CZ,MONTHLY,GENERAL,200606,3245,0.120741426059857,0.203148148173514,0.269105628309636,0.330072917899596,0.407897715173068,0.49582890748076,0.597960316168645,0.745882125843347,0.987119303723273
BM_CZ,MONTHLY,GENERAL,200607,3222,0.121580083141165,0.203815340004339,0.271572090299437,0.331382509449574,0.411101210226353,0.497850376362265,0.599033129662742,0.746764853741947,0.986867054816873
BM_CZ,MONTHLY,GENERAL,200608,3204,0.121956524105011,0.204890211787995,0.273847770089454,0.332036887445251,0.411988712081686,0.497796080400128,0.597997768293142,0.745355276375894,0.983491814726317
BM_CZ,MONTHLY,GENERAL,200609,3191,0.122667630917045,0.206180376309056,0.275838019463744,0.335531569210068,0.414234126301223,0.500348828269651,0.600856055256556,0.743704666507125,0.977525391715522
BM_CZ,MONTHLY,GENERAL,200610,3179,0.123429916693722,0.206890435723261,0.276087005776776,0.335053881172475,0.412993540533642,0.499811322880758,0.599198536679439,0.740749587642618,0.975637545187123
BM_CZ,MONTHLY,GENERAL,200611,3161,0.123696219035202,0.207206858198837,0.277682247633241,0.336338680611625,0.416489074350798,0.501593938110552,0.601296437080488,0.740733200054606,0.973156401958078
BM_CZ,MONTHLY,GENERAL,200612,3142,0.123743531568033,0.207628956736178,0.281098180022864,0.341687902987006,0.41907255583773,0.503484106601319,0.604247582014671,0.744324053155454,0.974324931187652
BM_CZ,MONTHLY,GENERAL,200701,3096,0.124341067852723,0.207684474282396,0.281174390804078,0.342299102809636,0.420893722246186,0.504016569906707,0.603750151471639,0.743929360472035,0.974975475593557
BM_CZ,MONTHLY,GENERAL,200702,3064,0.124752268687254,0.20905936757007,0.28233243667283,0.341806387415103,0.421180539405149,0.505845769253569,0.604068783810302,0.74553250244068,0.977432970811523
BM_CZ,MONTHLY,GENERAL,200703,3050,0.125481998162028,0.211683958343548,0.284072367237949,0.348111177008854,0.424691297177968,0.509979982587784,0.607460182547752,0.74912799617481,0.976825658823297
BM_CZ,MONTHLY,GENERAL,200704,3030,0.125481998162028,0.212143907430666,0.28352426289771,0.347796208202702,0.423842762021003,0.509177449904251,0.608291680156367,0.748423679332268,0.975523429464385
BM_CZ,MONTHLY,GENERAL,200705,3010,0.126547916895001,0.212769695657093,0.28352426289771,0.348034879313543,0.423573814497207,0.508665817248578,0.60886882403751,0.746927080079937,0.972811050374366
BM_CZ,MONTHLY,GENERAL,200706,3169,0.116537137831003,0.201220639846885,0.270912754586925,0.333282976087872,0.401616083795806,0.47957676228923,0.572244558265853,0.6952566828068,0.910027733229165
BM_CZ,MONTHLY,GENERAL,200707,3151,0.116399347198559,0.201987854782099,0.271176692927058,0.332538182418734,0.401804776418275,0.479594769790704,0.570811348007529,0.695220684251763,0.906591272907646
BM_CZ,MONTHLY,GENERAL,200708,3130,0.116038825632829,0.201254014617738,0.270685598632052,0.331934648483095,0.401650009002096,0.479380172036812,0.570590636308139,0.693578986670521,0.904215340781949
BM_CZ,MONTHLY,GENERAL,200709,3105,0.115479720882184,0.200428901535462,0.272007546306826,0.331934648483095,0.401466385705626,0.47796570437221,0.56789943926306,0.691984323585927,0.888856831161528
BM_CZ,MONTHLY,GENERAL,200710,3082,0.11558748222735,0.200953857966291,0.272426844092389,0.332202371426594,0.401811546494327,0.477795931315196,0.56983289402619,0.693986638914373,0.889080331829561
BM_CZ,MONTHLY,GENERAL,200711,3056,0.115748401383933,0.20094558166163,0.272822475188605,0.332875586911071,0.402557823067108,0.478080201483235,0.570674065036509,0.695310680639356,0.889376263839928
BM_CZ,MONTHLY,GENERAL,200712,3031,0.115949550329663,0.201120515534326,0.271918679078286,0.333558151150945,0.404379268478314,0.478732761243786,0.572044679660068,0.696493847151721,0.885465688979608
BM_CZ,MONTHLY,GENERAL,200801,2978,0.115398578209844,0.201336891359192,0.27237811347037,0.33365532712574,0.404599836579297,0.478678837354955,0.570526037450027,0.693891415041926,0.88244943330873
BM_CZ,MONTHLY,GENERAL,200802,2976,0.115374497119849,0.201770623534299,0.272621085489048,0.334974804843027,0.405506817851219,0.479848249849052,0.572068887704008,0.698425462374517,0.884686188532055
BM_CZ,MONTHLY,GENERAL,200803,2959,0.117280649589583,0.203462162059699,0.275560932820853,0.33912923901003,0.407455171355326,0.48066866803996,0.575202713143177,0.698314512451777,0.881649605894117
BM_CZ,MONTHLY,GENERAL,200804,2939,0.117280649589583,0.203045575889894,0.275560932820853,0.339449681228277,0.407186453332702,0.480862762130775,0.576469788787935,0.700332818491478,0.880890660751276
BM_CZ,MONTHLY,GENERAL,200805,2921,0.117358821273291,0.20370286251603,0.27565704382334,0.339622641509434,0.407455171355326,0.480570621250574,0.576129052270256,0.70037053494004,0.885465688979608
BM_CZ,MONTHLY,GENERAL,200806,3084,0.119440518440969,0.205798102608141,0.289389710169406,0.360242071999042,0.452993484785933,0.552882605178814,0.684049130992752,0.86617591002267,1.1924210533496
BM_CZ,MONTHLY,GENERAL,200807,3072,0.11946797911931,0.205541835669993,0.288607170818449,0.359477456951716,0.451906625601002,0.552731615784092,0.683137334922244,0.858677066689705,1.17659040738951
BM_CZ,MONTHLY,GENERAL,200808,3050,0.120543771406036,0.205817273215174,0.288894365052711,0.360517765352225,0.452591264519533,0.553166047338261,0.683123891627895,0.857784208945677,1.16861449007844
BM_CZ,MONTHLY,GENERAL,200809,3029,0.121968332474411,0.210503244898679,0.289346447980306,0.360710664017887,0.452021367898795,0.549074634090554,0.679014640744958,0.854441824620526,1.15674767602094
BM_CZ,MONTHLY,GENERAL,200810,3009,0.123161877854979,0.211028524740008,0.289346447980306,0.360710664017887,0.451228719258764,0.550099233823278,0.678160270983002,0.852838001208558,1.1547910784976
BM_CZ,MONTHLY,GENERAL,200811,2979,0.122907226463309,0.210503244898679,0.289173703185261,0.360090104433207,0.449885567623634,0.547614187664544,0.675114702295302,0.848733155413744,1.1475040985943
BM_CZ,MONTHLY,GENERAL,200812,2966,0.123923746611017,0.210937933192335,0.290057656181014,0.360233462910919,0.448848596226052,0.548815285937339,0.672922281224721,0.842978188019511,1.13561529949653
BM_CZ,MONTHLY,GENERAL,200901,2918,0.123131761810066,0.210598155370797,0.290256587795585,0.359844397241483,0.449696294273802,0.548819174955887,0.671850856910315,0.842746069514527,1.13487091517275
BM_CZ,MONTHLY,GENERAL,200902,2905,0.125551182929696,0.211058721922565,0.290773633323187,0.360113430013057,0.449680372778541,0.548726841852669,0.670700296304663,0.842074309934671,1.12742925555098
BM_CZ,MONTHLY,GENERAL,200903,2886,0.126679240202657,0.212573836672591,0.294851802205654,0.364945890227717,0.452993484785933,0.550918892428326,0.6668521404952,0.828510052037032,1.11555941012417
BM_CZ,MONTHLY,GENERAL,200904,2860,0.126694705752308,0.212855626121592,0.293240403804889,0.364870901140274,0.449903609700994,0.547575516499801,0.661725625505791,0.821244957557608,1.10788012774698
BM_CZ,MONTHLY,GENERAL,200905,2844,0.129721541939951,0.214523086511322,0.292684184259713,0.364704798311428,0.449168903306345,0.547057027417322,0.659856298555624,0.820163310273072,1.10610330265006
BM_CZ,MONTHLY,GENERAL,200906,3006,0.179076961227669,0.34242910647405,0.472797597485945,0.623567478677266,0.789799891839882,1.00293325664689,1.28233847161782,1.73750113918176,2.64428633602609
BM_CZ,MONTHLY,GENERAL,200907,2988,0.181504854778374,0.344278430799646,0.473081939359882,0.624085560038157,0.788369518345311,1.00041364354461,1.27190948240354,1.69954402868381,2.58395850319664
BM_CZ,MONTHLY,GENERAL,200908,2966,0.183818680923705,0.344301664120327,0.473460560613827,0.62421508037838,0.785359612584732,0.997748412662915,1.27036674011696,1.68936471559529,2.56419552547935
BM_CZ,MONTHLY,GENERAL,200909,2964,0.183673056339857,0.342702292517478,0.471488067836877,0.622874702495551,0.777350260757357,0.993655285414886,1.25252503179626,1.66827941656564,2.52108552503794
BM_CZ,MONTHLY,GENERAL,200910,2952,0.181275633966666,0.342656062979019,0.47178776973769,0.622708958235693,0.775922172876322,0.993002702950516,1.24686981353317,1.66405129324579,2.49425123946511
BM_CZ,MONTHLY,GENERAL,200911,2931,0.181112060281547,0.341010751338534,0.472474263143694,0.622474442672091,0.774219751821302,0.99148349200639,1.24521576551086,1.65770296103621,2.48841210483313
BM_CZ,MONTHLY,GENERAL,200912,2913,0.177601120557832,0.338656328052562,0.471095720622582,0.613012809460549,0.759076093065078,0.984198840418643,1.21737302411931,1.61559922956881,2.41625245275985
BM_CZ,MONTHLY,GENERAL,201001,2868,0.1792134843562,0.339944496037029,0.472365114322874,0.611357817481681,0.754002632100173,0.981644766929926,1.21629015292783,1.60996681178989,2.40362671247605
BM_CZ,MONTHLY,GENERAL,201002,2861,0.178735653406343,0.339837614220034,0.472474263143694,0.610039923763171,0.752124180915217,0.971602839896029,1.20907469248967,1.59949500139462,2.3745467783036
BM_CZ,MONTHLY,GENERAL,201003,2842,0.179858923159732,0.341115007095571,0.472718399501639,0.606862265002996,0.750814100641898,0.964378213879534,1.19691580663043,1.58344439208655,2.35671846625782
BM_CZ,MONTHLY,GENERAL,201004,2822,0.181008178368277,0.341115007095571,0.472718399501639,0.60963183260369,0.747310430421399,0.95716848950087,1.19119594933598,1.57378071638814,2.31494996539681
BM_CZ,MONTHLY,GENERAL,201005,2814,0.180111748220563,0.340991174007328,0.472462135496937,0.607232181005818,0.747071903400683,0.955700891855202,1.19050637433445,1.57445820324858,2.3100863196202
BM_CZ,MONTHLY,GENERAL,201006,2879,0.125898248042842,0.240430929521288,0.343554373941289,0.439552231351734,0.539602691602661,0.651316434891911,0.800430152833973,0.974609297239852,1.38518480454703
BM_CZ,MONTHLY,GENERAL,201007,2867,0.126869916456427,0.242694765168267,0.346484951468327,0.443816793102765,0.539909735713953,0.651458170157832,0.802634768754831,0.983342467963142,1.38362672244947
BM_CZ,MONTHLY,GENERAL,201008,2840,0.126957602627682,0.241563874334346,0.34693187857791,0.44381697398368,0.540217861605354,0.652130743467421,0.804437358380083,0.984004235644566,1.37730978685686
BM_CZ,MONTHLY,GENERAL,201009,2826,0.128656372178096,0.24248891326669,0.347053566012988,0.444284085011044,0.541054290576122,0.652430117963607,0.807252709977796,0.988429223815531,1.37273546463814
BM_CZ,MONTHLY,GENERAL,201010,2810,0.12961721735764,0.242327199053876,0.348259616190315,0.444722840529493,0.544067884094818,0.652332069081781,0.806429577084325,0.987738973075559,1.37068273487269
BM_CZ,MONTHLY,GENERAL,201011,2787,0.1302443821794,0.243325480737003,0.349295797243075,0.445526382363475,0.545087465369747,0.65374741145601,0.807005089705791,0.994088458603001,1.37247627450634
BM_CZ,MONTHLY,GENERAL,201012,2768,0.132981585211071,0.244949356060858,0.353359520101632,0.446713041874491,0.547217421735087,0.652299386121172,0.801647335229779,0.985040416840646,1.37072583965748
BM_CZ,MONTHLY,GENERAL,201101,2727,0.133652911282747,0.246050020438749,0.354902628189454,0.445993756466677,0.545660359923303,0.653752389484325,0.802444933240163,0.980945005246017,1.37247627450634
BM_CZ,MONTHLY,GENERAL,201102,2716,0.134721173583435,0.246195189800071,0.354517396373235,0.446731476179658,0.546611959348121,0.654945665844322,0.80358885380748,0.983767209746144,1.37076894444227
BM_CZ,MONTHLY,GENERAL,201103,2700,0.138103295273916,0.248019842764681,0.354774217584048,0.448990526604483,0.549694118132492,0.6622867492707,0.807858361888154,0.993070567200131,1.36039467973323
BM_CZ,MONTHLY,GENERAL,201104,2682,0.141221632702912,0.252005242914729,0.356281164218781,0.449871097978892,0.550416425053851,0.665537058141575,0.807417790159132,0.992012151469944,1.35863873874989
BM_CZ,MONTHLY,GENERAL,201105,2670,0.14364672077863,0.253240571119515,0.356873376344575,0.450267346715848,0.550416425053851,0.663591534306239,0.806197457720707,0.987697621701356,1.36039467973323
BM_CZ,MONTHLY,GENERAL,201106,2731,0.115964564938479,0.223726155295029,0.304826744422401,0.387371942176217,0.467990664984953,0.576726733415868,0.697966990614386,0.851776192013537,1.14469984359921
BM_CZ,MONTHLY,GENERAL,201107,2699,0.116402552962481,0.223788432735539,0.304627706633736,0.38796940060748,0.467990664984953,0.577650048430331,0.699176999226511,0.8554389519381,1.1407665060307
BM_CZ,MONTHLY,GENERAL,201108,2686,0.116543611927212,0.223395545194013,0.304778737146764,0.387758871713689,0.467975178799066,0.57676475825651,0.699158043567675,0.855677937981011,1.13933350845417
BM_CZ,MONTHLY,GENERAL,201109,2677,0.116671575280293,0.22495537912685,0.305515954452291,0.390502823051733,0.469870854301076,0.579970969054836,0.699101176591166,0.857118884475113,1.13733898775418
BM_CZ,MONTHLY,GENERAL,201110,2668,0.116673457539785,0.22582409226841,0.306896323190478,0.392464623024628,0.470116697416916,0.579526593924726,0.698971506309905,0.857519990856946,1.13515939438161
BM_CZ,MONTHLY,GENERAL,201111,2650,0.119381825874831,0.225630256591495,0.307338997798861,0.391772785236934,0.468960239334552,0.579065684548578,0.699694008136857,0.857175646543908,1.13489835614745
BM_CZ,MONTHLY,GENERAL,201112,2647,0.118480918689307,0.227393429812332,0.312317532854389,0.39396162611306,0.470226003026186,0.580155297410979,0.704412552883351,0.858178342029267,1.13462904368808
BM_CZ,MONTHLY,GENERAL,201201,2603,0.1205665305746,0.227505297424335,0.310782479244832,0.394042886201487,0.470226003026186,0.579948067556775,0.701783747041236,0.857519990856946,1.13369683570802
BM_CZ,MONTHLY,GENERAL,201202,2592,0.123282029970111,0.227658537571788,0.313435108469747,0.394273448089274,0.470447407439686,0.583720699863609,0.703396609430688,0.857522173000681,1.13214553750454
BM_CZ,MONTHLY,GENERAL,201203,2576,0.123813074031204,0.228419088437457,0.316818053460869,0.395474520223011,0.471550975874556,0.587546965132195,0.70545807127917,0.858104756120641,1.13170978201062
BM_CZ,MONTHLY,GENERAL,201204,2563,0.123714208710771,0.228577216587132,0.3176440476341,0.395430445094594,0.471719405826081,0.586103860979847,0.704773077636865,0.858159945552111,1.12635869046561
BM_CZ,MONTHLY,GENERAL,201205,2565,0.123780118924393,0.228352327074021,0.317871211257904,0.395484502169563,0.47192137815988,0.586682121408128,0.70559903755764,0.858048535146379,1.12617001186514
BM_CZ,MONTHLY,GENERAL,201206,2674,0.139589425248175,0.256735128069371,0.35785999230708,0.459927782831695,0.570016362408548,0.711092089332965,0.876000692525183,1.08723211752489,1.54140815588087
BM_CZ,MONTHLY,GENERAL,201207,2663,0.140689135245967,0.256447901520598,0.356112210914006,0.461276824794393,0.5702742828918,0.711431798119494,0.874518968955714,1.08372060133712,1.50630873570705
BM_CZ,MONTHLY,GENERAL,201208,2643,0.139247153670892,0.255093473659543,0.356112210914006,0.460597962370427,0.568346318898018,0.70819068960031,0.873755797576512,1.07832463641231,1.49355315881152
BM_CZ,MONTHLY,GENERAL,201209,2632,0.143134929320571,0.257551777289192,0.357773383630156,0.462579563399651,0.568262952244428,0.707468312773085,0.87134258360814,1.07174860250823,1.49094727991282
BM_CZ,MONTHLY,GENERAL,201210,2615,0.140815429767018,0.254862649132925,0.356098624631505,0.460590306759315,0.56602400441367,0.704299610329264,0.868736528484418,1.06943250538465,1.4797500014867
BM_CZ,MONTHLY,GENERAL,201211,2591,0.141228773900254,0.255101337629336,0.356091831490254,0.461180918164113,0.56602400441367,0.704706459034703,0.868090417629704,1.06698905198767,1.47157726356626
BM_CZ,MONTHLY,GENERAL,201212,2588,0.142536620339539,0.254139898528689,0.356151949594092,0.461276824794393,0.562886247986583,0.702220563926357,0.863326596789273,1.06226940631654,1.4385146088883
BM_CZ,MONTHLY,GENERAL,201301,2548,0.137583054627779,0.253868557828666,0.356095228060879,0.461210788918667,0.564404111360031,0.698309975656031,0.858049210096431,1.05613865358999,1.43198363560023
BM_CZ,MONTHLY,GENERAL,201302,2541,0.139273010875509,0.253752135914933,0.35816997249148,0.461673389411752,0.566693596649426,0.701321691249194,0.857375252830621,1.05528665833972,1.42802859591916
BM_CZ,MONTHLY,GENERAL,201303,2531,0.140755157558044,0.253752135914933,0.358639660544907,0.461673389411752,0.571503508139267,0.709089905717752,0.860675169136216,1.05498147766669,1.41698526901934
BM_CZ,MONTHLY,GENERAL,201304,2514,0.141204651501197,0.2543046270943,0.360550502841535,0.462447077205872,0.569148438470229,0.707483126640906,0.8608729708119,1.0551035499359,1.41608720069934
BM_CZ,MONTHLY,GENERAL,201305,2509,0.143782888207088,0.2543046270943,0.361687875234634,0.462447077205872,0.566693596649426,0.704242474957404,0.859665187113089,1.05569004591691,1.4135523827341
BM_CZ,MONTHLY,GENERAL,201306,2606,0.116502625899608,0.231432738758546,0.325841490012917,0.422745064210822,0.530749927212089,0.638062173319438,0.789622098551754,1.0063177524027,1.34548026386761
BM_CZ,MONTHLY,GENERAL,201307,2589,0.117392210709417,0.231917834519956,0.325894917730853,0.422514118103699,0.530854454474326,0.637992696901068,0.788399781628621,1.00071183127414,1.34426551374843
BM_CZ,MONTHLY,GENERAL,201308,2575,0.120141391249839,0.232270776292834,0.32594886514153,0.422061830626738,0.530645399949852,0.63664032928843,0.787205810092513,0.99989881911147,1.33991406991998
BM_CZ,MONTHLY,GENERAL,201309,2561,0.120628648169015,0.231497353463202,0.325812684714547,0.420876701043994,0.529770702174508,0.636752919376747,0.784467174066644,0.991917391598014,1.33073360972929
BM_CZ,MONTHLY,GENERAL,201310,2547,0.119236385161816,0.231511805378869,0.325999906485511,0.421007727763427,0.530016645912221,0.636677859317869,0.784055722227234,0.987070474786297,1.32686250397504
BM_CZ,MONTHLY,GENERAL,201311,2531,0.11891807507641,0.231637992980529,0.326016920266838,0.420598985530268,0.530243924311721,0.636084545522401,0.781039499919168,0.9837932458027,1.32749217725026
BM_CZ,MONTHLY,GENERAL,201312,2518,0.120907679685168,0.233192498570504,0.326745815229391,0.422172198421507,0.530285812536673,0.631309939696258,0.774844621906911,0.968372892236285,1.30621976929798
BM_CZ,MONTHLY,GENERAL,201401,2501,0.121549199925844,0.235030375129217,0.32759583585006,0.423904283553931,0.532100326302187,0.631846450813734,0.776578221336013,0.967995352899187,1.30432057496239
BM_CZ,MONTHLY,GENERAL,201402,2487,0.121556271724741,0.23462040798702,0.327897227078106,0.424237561397785,0.530645399949852,0.632199599775341,0.777911536457123,0.967972084102779,1.30318564216421
BM_CZ,MONTHLY,GENERAL,201403,2468,0.123249580552056,0.235592621798871,0.329118295940844,0.427287312878296,0.534261272608801,0.636656330551807,0.781232185475432,0.96794881530637,1.30367001351731
BM_CZ,MONTHLY,GENERAL,201404,2460,0.124359830204917,0.23697214403234,0.330498210298662,0.427819141762732,0.535170349927691,0.636051434097477,0.780860024489639,0.968885188412774,1.30428612660911
BM_CZ,MONTHLY,GENERAL,201405,2455,0.12311336695122,0.235774424355042,0.330331167118864,0.426865841398011,0.535155975983921,0.632442518058353,0.780149398591231,0.967902277713553,1.29981417479481
BM_CZ,MONTHLY,GENERAL,201406,2552,0.0925930833650874,0.175503521589503,0.250654037184261,0.316845633061786,0.391714395702344,0.483990610518801,0.602474601926831,0.758745695769542,1.01506758371356
BM_CZ,MONTHLY,GENERAL,201407,2552,0.0926923847282875,0.175855653181362,0.252319934520647,0.3166686306198,0.391411003716841,0.48108451094427,0.600539858396213,0.758745695769542,1.01203510820838
BM_CZ,MONTHLY,GENERAL,201408,2541,0.0939983977660108,0.176341341619042,0.252502812906768,0.316736497901701,0.391978075842781,0.480980847449094,0.600116581601247,0.757171140300781,1.00967855142781
BM_CZ,MONTHLY,GENERAL,201409,2534,0.0947063675242816,0.178183437001662,0.253809001710588,0.318455163348823,0.395566397328316,0.485163571885564,0.600052813672193,0.757545052827312,1.00881582126007
BM_CZ,MONTHLY,GENERAL,201410,2527,0.0954176900993047,0.179124162138932,0.256123359411404,0.318668898475753,0.395214530956615,0.485651116190664,0.600401040175749,0.75649168443196,1.0106756211223
BM_CZ,MONTHLY,GENERAL,201411,2509,0.095425237849704,0.180139069438446,0.255826457500533,0.318455163348823,0.39513427031991,0.484749822251982,0.599523721693114,0.752909802287528,1.00666189460678
BM_CZ,MONTHLY,GENERAL,201412,2504,0.0965322027742438,0.181961181165393,0.257051915614745,0.322057494524418,0.398763250138372,0.486058438042352,0.600923404924588,0.758425808693325,1.00677505320652
BM_CZ,MONTHLY,GENERAL,201501,2472,0.0961296980040587,0.180727169516668,0.256875759841602,0.322196507546134,0.399561005432639,0.485956704830649,0.60024794648244,0.753714714828798,1.00682031664641
BM_CZ,MONTHLY,GENERAL,201502,2460,0.0964352861217021,0.180546915356641,0.257045783253608,0.322335520567851,0.400423976936177,0.486023852412966,0.600428803819842,0.755666634174176,1.00964938599225
BM_CZ,MONTHLY,GENERAL,201503,2445,0.0978054930940515,0.182256210954572,0.262199869003737,0.326035528811145,0.402975788110841,0.487601345238295,0.601922234847549,0.75971034221475,1.01075786853315
BM_CZ,MONTHLY,GENERAL,201504,2428,0.0982628045285803,0.182680268827734,0.262538900241233,0.326082654940386,0.403269226369975,0.487719373416634,0.602603494064349,0.761676414305806,1.01129327830602
BM_CZ,MONTHLY,GENERAL,201505,2426,0.0984390032245015,0.182887721428245,0.262341884981807,0.326291997288508,0.40397444752072,0.489099831851011,0.604198802550874,0.762952865553427,1.01154055494014
BM_CZ,MONTHLY,GENERAL,201506,2579,0.0874635302112382,0.175735976158005,0.243722032954753,0.315696097889529,0.396956810996721,0.495216507366551,0.614561009165346,0.790231993514114,1.12516795797046
BM_CZ,MONTHLY,GENERAL,201507,2570,0.0863904106383388,0.173995731727848,0.243224800352127,0.31400076969652,0.394684380722017,0.493203578920352,0.609870057069733,0.784463045027235,1.12186736950265
BM_CZ,MONTHLY,GENERAL,201508,2550,0.0863904106383388,0.173995731727848,0.242976968340209,0.312916177892035,0.393700505548948,0.491162710635499,0.606603692580194,0.778638001132469,1.11484670511726
BM_CZ,MONTHLY,GENERAL,201509,2545,0.0861290281666614,0.174883281682294,0.243353544629876,0.315816039825517,0.394435258538223,0.491995346837547,0.607802468258113,0.776276247147513,1.11273445519365
BM_CZ,MONTHLY,GENERAL,201510,2529,0.0858834854660037,0.174432989268326,0.243038762546334,0.316063286308584,0.39423874742843,0.491045322121148,0.606028133394806,0.776445131765627,1.11012961379575
BM_CZ,MONTHLY,GENERAL,201511,2507,0.0862335811553324,0.17466660415505,0.24324487225784,0.316186048324683,0.39423874742843,0.49057946831581,0.605842499361086,0.775330676993006,1.11359008220264
BM_CZ,MONTHLY,GENERAL,201512,2503,0.0843670930419374,0.173526596138747,0.2434906017511,0.314356886205343,0.39392072336227,0.48908542390765,0.604147301161995,0.774076147826613,1.10556894251223
BM_CZ,MONTHLY,GENERAL,201601,2469,0.0855841012594666,0.174375336766903,0.243699109516758,0.314101222269224,0.39423874742843,0.48770933417394,0.602304022738381,0.769640792320885,1.10301899740902
BM_CZ,MONTHLY,GENERAL,201602,2451,0.0859199221893194,0.174594378312635,0.243806285483408,0.314442107517383,0.394592869747108,0.489196239778436,0.600022878078768,0.766086375320483,1.08924348944559
BM_CZ,MONTHLY,GENERAL,201603,2433,0.0860244751779904,0.174960432871138,0.243863491056256,0.314079436997127,0.39423874742843,0.48908542390765,0.599785523095118,0.766900208250793,1.08876252891015
BM_CZ,MONTHLY,GENERAL,201604,2423,0.0865679251576374,0.175728812493511,0.243863491056256,0.314372745215329,0.39423874742843,0.490648088051704,0.599222493844177,0.766900208250793,1.07141779128719
BM_CZ,MONTHLY,GENERAL,201605,2413,0.0855793488084976,0.174664590240587,0.243174372135877,0.312270184885908,0.391740702080644,0.490648088051704,0.599222493844177,0.767601721768088,1.08465412454971
BM_CZ,MONTHLY,GENERAL,201606,2639,0.0707612662239918,0.173273946198293,0.254591861750831,0.331750068393757,0.424588927662012,0.537036551484046,0.706829577029088,0.918608891363464,1.32305080481899
BM_CZ,MONTHLY,GENERAL,201607,2628,0.0707304283688111,0.174241803231727,0.25511670253901,0.331599700628481,0.425887615320832,0.530968188950113,0.702861177307163,0.912630784454868,1.30632098531983
BM_CZ,MONTHLY,GENERAL,201608,2608,0.0720571139729922,0.175472870981542,0.256402273923195,0.333592017357838,0.427237218269112,0.536861241479413,0.702861177307163,0.914540583813562,1.30510366022326
BM_CZ,MONTHLY,GENERAL,201609,2597,0.0731395055089146,0.17659171224962,0.257643169798484,0.334306649731901,0.42740712328426,0.537889192454409,0.699876090978833,0.908515290316759,1.29161234050563
BM_CZ,MONTHLY,GENERAL,201610,2570,0.073483286109314,0.177901280430095,0.257840087729615,0.333989998045285,0.42697096798781,0.538339940585284,0.701703775112149,0.90893706944339,1.28769580553412
BM_CZ,MONTHLY,GENERAL,201611,2556,0.0730249119754481,0.178178123568111,0.259356205311308,0.334842816565232,0.427541393209142,0.538653056143408,0.700682620407473,0.905969077653592,1.28647023732392
BM_CZ,MONTHLY,GENERAL,201612,2547,0.0702432687754069,0.176118601519714,0.257643169798484,0.333454517763977,0.42740712328426,0.535849103169342,0.695454232412895,0.903964639032725,1.27875571987406
BM_CZ,MONTHLY,GENERAL,201701,2516,0.0705403537928749,0.177626499899038,0.25943708103552,0.335674414595383,0.427440805411856,0.534915145443529,0.692762344749371,0.89879245359587,1.28113864669335
BM_CZ,MONTHLY,GENERAL,201702,2510,0.0708643497696858,0.177389853691525,0.25947273461475,0.335341775383323,0.427541393209142,0.535537783927404,0.692708377940734,0.904527857441427,1.28185209835671
BM_CZ,MONTHLY,GENERAL,201703,2491,0.0720860345146323,0.178436348456594,0.260491456251502,0.338113372177878,0.429969706228237,0.538706135862926,0.69597897227814,0.901735534759438,1.28061919255348
BM_CZ,MONTHLY,GENERAL,201704,2479,0.0720667541535389,0.178333058501201,0.260304555491121,0.337765980465612,0.43036786759471,0.538695519919023,0.699123836880242,0.904773414750234,1.27813456231425
BM_CZ,MONTHLY,GENERAL,201705,2468,0.0732775902111561,0.178669662057779,0.260506511094274,0.337913491742874,0.430168786911474,0.539696723108726,0.700143290703311,0.905387619528186,1.28093086503741
BM_CZ,MONTHLY,GENERAL,201706,2610,0.046102534487983,0.156977632239516,0.236592173945757,0.307365888988889,0.385601238103707,0.481766108087038,0.610137634120778,0.76160031916374,1.06951659718306
BM_CZ,MONTHLY,GENERAL,201707,2603,0.0469062379271152,0.15663575483791,0.236104388524427,0.305765781553749,0.386431970047912,0.479784018361604,0.606981829305502,0.761403470186711,1.05117857738659
BM_CZ,MONTHLY,GENERAL,201708,2592,0.0490743714802229,0.15785853044211,0.236534599467667,0.306101883085659,0.386557873652971,0.480782681066284,0.606458924883912,0.761430672910513,1.05441346898167
BM_CZ,MONTHLY,GENERAL,201709,2582,0.0486294938921125,0.15785853044211,0.236248811373799,0.306101883085659,0.387304369568751,0.482290134580665,0.60886043036229,0.761266498373151,1.04957050643316
BM_CZ,MONTHLY,GENERAL,201710,2566,0.0487769155671602,0.158168798122182,0.238616575091607,0.308237007884355,0.387747825162064,0.482566269552955,0.609545313696839,0.761045043804539,1.04912244518196
BM_CZ,MONTHLY,GENERAL,201711,2548,0.0503011889276267,0.15960686934761,0.23963888430947,0.308809280020348,0.387747825162064,0.482270101247817,0.609643803013035,0.758298614758897,1.05250621719172
BM_CZ,MONTHLY,GENERAL,201712,2527,0.0527273383223412,0.16091161052508,0.240069111433145,0.309674942567228,0.387476973867832,0.482713411522413,0.613304544852796,0.76008441808842,1.05572603929622
BM_CZ,MONTHLY,GENERAL,201801,2493,0.0559625568831955,0.163331571323017,0.241480766603131,0.311937585402281,0.388199842287871,0.482270101247817,0.611616231716832,0.759045955131417,1.04772313483002
BM_CZ,MONTHLY,GENERAL,201802,2492,0.0559339863573344,0.162982228521684,0.241424590707088,0.310386952793534,0.388220935921154,0.482095163367186,0.612884692178944,0.759229076872901,1.04794110261939
BM_CZ,MONTHLY,GENERAL,201803,2476,0.0600112137545912,0.165308229198495,0.242857467777989,0.314676744821376,0.389132942767437,0.483883934881252,0.615779356547026,0.760143515012044,1.04852936475928
BM_CZ,MONTHLY,GENERAL,201804,2465,0.059560704798668,0.165008844620741,0.243090294297551,0.314706980665899,0.389120684689526,0.483898137764309,0.616743861409915,0.759594522813946,1.04853596553102
BM_CZ,MONTHLY,GENERAL,201805,2456,0.0663414262255228,0.167004658372686,0.244425910203258,0.31590643300646,0.390781969770588,0.486990553032532,0.621468334588662,0.760143515012044,1.04912244518196
BM_CZ,MONTHLY,GENERAL,201806,2575,0.0505751175109626,0.13646885744507,0.203436594986337,0.27833743413052,0.360957228130445,0.462589877090122,0.582436669997579,0.737809464731061,1.06011113074701
BM_CZ,MONTHLY,GENERAL,201807,2565,0.0521884729330707,0.137686577736834,0.203436594986337,0.279208547778743,0.360957228130445,0.462870964758704,0.586189702618741,0.738953508338518,1.05884940888516
BM_CZ,MONTHLY,GENERAL,201808,2552,0.0521428560323507,0.137837956952317,0.204699108194053,0.280392105104168,0.360957671811959,0.463104459460416,0.58777290932471,0.740943178667791,1.05956165846632
BM_CZ,MONTHLY,GENERAL,201809,2546,0.0524567948880194,0.13851384995071,0.205939878348691,0.28300331071985,0.361267496084679,0.466195279346509,0.589104278289032,0.737712214238187,1.04968893208059
BM_CZ,MONTHLY,GENERAL,201810,2540,0.0536077593025045,0.139478683229792,0.206318544572734,0.283775662900931,0.362046702290924,0.466641454603434,0.589834498327699,0.738216830341129,1.04915536188745
BM_CZ,MONTHLY,GENERAL,201811,2521,0.0544944804625898,0.139498848363002,0.206357475665567,0.283822825927331,0.361898233008593,0.466815415640105,0.587967601141952,0.741606402110881,1.04954024840701
BM_CZ,MONTHLY,GENERAL,201812,2507,0.0550323096644004,0.139787205585984,0.206274171244141,0.280484671574108,0.360683525460197,0.464741560890274,0.587448422962641,0.738101216209681,1.0409464860291
BM_CZ,MONTHLY,GENERAL,201901,2478,0.0562012436036648,0.140808551619105,0.208040020363646,0.282922977987231,0.36095664739065,0.465149556690866,0.587902703869538,0.738003965716808,1.03646269595805
BM_CZ,MONTHLY,GENERAL,201902,2467,0.0570652118088945,0.14175559548925,0.208742449942232,0.28375208138773,0.360957228130445,0.464132178599867,0.587448422962641,0.740943178667791,1.0409464860291
BM_CZ,MONTHLY,GENERAL,201903,2455,0.0573164356917112,0.141598077673864,0.211269680539448,0.286284079161981,0.363550503744298,0.467554175011571,0.592873728722448,0.74166227568101,1.03525525636503
BM_CZ,MONTHLY,GENERAL,201904,2437,0.0575451541938184,0.14093444527682,0.211241597520026,0.286281745756953,0.363359964257571,0.466393400085996,0.591713644817118,0.736190665320583,1.03471270113448
BM_CZ,MONTHLY,GENERAL,201905,2429,0.058354088424252,0.140977664385412,0.210769085050517,0.286279412351925,0.364522196825823,0.467265040802604,0.593467869650426,0.741718149251139,1.04031431608687
BM_CZ,MONTHLY,GENERAL,201906,2584,0.067178618572741,0.159634787753551,0.256338242785311,0.349409835987661,0.467396963266861,0.60637088414468,0.7897010080659,1.00358752911122,1.44492902305783
BM_CZ,MONTHLY,GENERAL,201907,2581,0.0668348598587544,0.159575653619539,0.256266623259871,0.349519613877822,0.467557639068786,0.602167162449519,0.789647828125364,1.01046723441939,1.44418220425812
BM_CZ,MONTHLY,GENERAL,201908,2568,0.0664987593002924,0.159942238240395,0.256170046120986,0.350345961406551,0.467776693950069,0.602455740198597,0.789629696819137,1.00959297005122,1.44420362331673
BM_CZ,MONTHLY,GENERAL,201909,2565,0.0654085391817916,0.156346569818964,0.256115802708834,0.348565696635309,0.465888944598077,0.598875949118472,0.786181693109909,0.99995953970464,1.43460468677374
BM_CZ,MONTHLY,GENERAL,201910,2549,0.0651414080016425,0.156012541811637,0.255894641751006,0.347110903336223,0.463894031278597,0.596575669680855,0.785185685011569,0.998977100764847,1.43256932050193
BM_CZ,MONTHLY,GENERAL,201911,2529,0.0659095762219097,0.156800063723631,0.256133440985771,0.347959847705223,0.463894031278597,0.597085461946926,0.785945970024312,0.998758777880435,1.42851735007958
BM_CZ,MONTHLY,GENERAL,201912,2520,0.067855476969187,0.160210265971232,0.256234430880243,0.34964139155232,0.465307041510827,0.596276994375956,0.784122534379083,0.996332209785302,1.42488600795267
BM_CZ,MONTHLY,GENERAL,202001,2490,0.068691929475292,0.163178756215928,0.256234430880243,0.349170628713832,0.462926807792934,0.59115447093325,0.781385374287364,0.993424083219308,1.42041560086831
BM_CZ,MONTHLY,GENERAL,202002,2491,0.0681020315322331,0.161179938434044,0.255340289862545,0.347099187766712,0.460175318737138,0.59110728138717,0.781775629937684,0.992468039875621,1.41720544031576
BM_CZ,MONTHLY,GENERAL,202003,2478,0.0687989311261469,0.16571556668156,0.256355617084993,0.349492169405282,0.46162821218717,0.591114297065063,0.781018870037629,0.991648672912621,1.40493083156975
BM_CZ,MONTHLY,GENERAL,202004,2464,0.0687542581336959,0.165748705491214,0.257162686525075,0.349762527859506,0.463959318584056,0.591166582089863,0.780879718367456,0.992154054003608,1.39605205186207
BM_CZ,MONTHLY,GENERAL,202005,2457,0.0701195614221113,0.16659209796223,0.257281291838478,0.350203869531543,0.465390789645679,0.591920792522365,0.78107263557028,0.991796701500776,1.39524596065858
BM_CZ,MONTHLY,GENERAL,202006,2630,0.0484819700196554,0.127220835606863,0.205593585331248,0.292117244333835,0.389442518235345,0.517021623956242,0.686696538763137,0.895914975399022,1.33514968375432
BM_CZ,MONTHLY,GENERAL,202007,2627,0.0474685781904618,0.126767111693112,0.205834485574363,0.291764437723116,0.389297848244621,0.515318858245224,0.686152808500302,0.893959142531022,1.31560567108242
BM_CZ,MONTHLY,GENERAL,202008,2611,0.0486757426964236,0.127372076911446,0.205832006148329,0.291382843143362,0.388963100611103,0.513347447157686,0.6844503274294,0.888395504355746,1.29933917474894
BM_CZ,MONTHLY,GENERAL,202009,2609,0.0469274848895741,0.125958333972926,0.205833245861346,0.291424255605462,0.385796184564853,0.508305226180654,0.680733952171259,0.883745433863013,1.29051849506224
BM_CZ,MONTHLY,GENERAL,202010,2595,0.0468726385137209,0.125621248266997,0.205895609295163,0.291375016160865,0.385025460536825,0.507833399377655,0.680598310454165,0.880956155788972,1.28646273590058
BM_CZ,MONTHLY,GENERAL,202011,2587,0.0469000617016475,0.125772883942238,0.206548019832678,0.291374238136422,0.385025460536825,0.507732661336932,0.679705003657037,0.879387010893402,1.28083016017452
BM_CZ,MONTHLY,GENERAL,202012,2580,0.046190408962101,0.126197257827698,0.206496720447634,0.292831582847843,0.386131375914598,0.506032586689839,0.679815298743275,0.876332686904188,1.26818967502925
BM_CZ,MONTHLY,GENERAL,202101,2558,0.0460595551963164,0.125865608957582,0.205978911987465,0.291938969992369,0.385684257962847,0.505528355924721,0.674225404705456,0.873897128191438,1.26777868657482
BM_CZ,MONTHLY,GENERAL,202102,2556,0.0459854541074771,0.126210626283719,0.20604945099407,0.292362987249107,0.385684257962847,0.504637998454486,0.673331594845027,0.872425037621432,1.26601748954112
BM_CZ,MONTHLY,GENERAL,202103,2546,0.0482010175379802,0.126210626283719,0.209851133167397,0.292026236126996,0.389100833534612,0.504637998454486,0.675043327608501,0.869145679117981,1.26601748954112
BM_CZ,MONTHLY,GENERAL,202104,2538,0.0483762514286572,0.126918352997696,0.209654751691143,0.291938969992369,0.389100833534612,0.504332475369764,0.669417214251493,0.866754193802334,1.26531439467468
BM_CZ,MONTHLY,GENERAL,202105,2529,0.0484638683739957,0.127069594302279,0.210423874143297,0.293155087994282,0.391152357283239,0.50527886927905,0.670876948805532,0.866611212323715,1.26496284724146
BM_CZ,MONTHLY,GENERAL,202106,2671,0.0357669268265581,0.103825600524979,0.165502259030395,0.239939829847201,0.32402537297841,0.428132930254029,0.564696116607946,0.786594098046297,1.12396140830873
BM_CZ,MONTHLY,GENERAL,202107,2669,0.0358615118914504,0.102595375054622,0.165264322028869,0.239053786212792,0.322808038820646,0.425515324984629,0.561986083026538,0.781682228661409,1.10993693819997
BM_CZ,MONTHLY,GENERAL,202108,2661,0.0358776488407435,0.102281181322014,0.165262553003705,0.239404150059436,0.322549867563934,0.425945919865317,0.563496297133679,0.78146149698039,1.10963983050847
BM_CZ,MONTHLY,GENERAL,202109,2658,0.0372203645813534,0.103879427365331,0.165789091791546,0.240387290262235,0.323435639512347,0.427789798117748,0.564474301851095,0.784014699369699,1.11445870702978
BM_CZ,MONTHLY,GENERAL,202110,2649,0.0378498441577617,0.104276096199577,0.166204042350353,0.241396239940978,0.323734832624209,0.427655640636071,0.56616908219462,0.784009014609839,1.11432692153538
BM_CZ,MONTHLY,GENERAL,202111,2636,0.0379132646219562,0.105088005645269,0.165968134800467,0.239404150059436,0.324331870165726,0.427462142845644,0.56465608394895,0.78248038277512,1.1147222780186
BM_CZ,MONTHLY,GENERAL,202112,2627,0.0394547714051599,0.105694476190281,0.167767514489206,0.240765491146982,0.324337268750938,0.427961364185889,0.569077205198351,0.786419361532709,1.13361683953106
BM_CZ,MONTHLY,GENERAL,202201,2598,0.0391225054667507,0.106373710461997,0.169337329136205,0.242791415111782,0.325672820856641,0.429204264614173,0.569746425520228,0.786297738160316,1.12775526281275
BM_CZ,MONTHLY,GENERAL,202202,2601,0.0383913731489589,0.106189426604613,0.168909413190345,0.242829735502053,0.32580601553639,0.429330616546955,0.569974042107605,0.78496663518165,1.1288183236017
BM_CZ,MONTHLY,GENERAL,202203,2597,0.042284654271459,0.108174469801722,0.171576672909045,0.247798444768022,0.328131729387162,0.433830703115159,0.575403483073135,0.792383834296884,1.144806230798
BM_CZ,MONTHLY,GENERAL,202204,2583,0.0425726095810861,0.108181516145266,0.171878307048184,0.248757172949379,0.329993494515822,0.434587032758992,0.577183955572894,0.792771415666209,1.14666163155826
BM_CZ,MONTHLY,GENERAL,202205,2580,0.0436915707743413,0.108098037077145,0.171775032914869,0.247832213318122,0.328974521007956,0.434623586599576,0.577375120804797,0.793224477038486,1.14915851310746
BM_CZ,MONTHLY,GENERAL,202206,2779,0.0529949164115497,0.123776356795481,0.191707177683051,0.26900390274843,0.347720037308698,0.453310394005429,0.593997811091048,0.772120221141268,1.03826146423045
BM_CZ,MONTHLY,GENERAL,202207,2774,0.0518983804094895,0.124882141943344,0.192315115570701,0.270435247159651,0.348985406966588,0.455474536827684,0.596749155437598,0.773129302099757,1.03735789005635
BM_CZ,MONTHLY,GENERAL,202208,2765,0.0515776970036319,0.124539473383846,0.192084690946536,0.270398509087518,0.347720037308698,0.455183783149941,0.596827869714778,0.774351522810203,1.03857683295667
BM_CZ,MONTHLY,GENERAL,202209,2758,0.0520088981351145,0.12634056188382,0.19292596730942,0.272897000304123,0.349537970574563,0.459158756748393,0.597913468971267,0.775365530563762,1.038340306412
BM_CZ,MONTHLY,GENERAL,202210,2750,0.0520245244793205,0.126348317357566,0.193131908504616,0.272892659422964,0.350245117544022,0.458631335982322,0.597667126828443,0.772743112754101,1.03586611043438
BM_CZ,MONTHLY,GENERAL,202211,2737,0.0518227386292823,0.126969968827705,0.193512718255237,0.273608012607066,0.350831857599963,0.460500916470478,0.598942564082308,0.775128898545186,1.03661200024536
BM_CZ,MONTHLY,GENERAL,202212,2741,0.051419166929206,0.125523375429679,0.192348033374153,0.272879636779486,0.349312399013156,0.460708649192437,0.597825176699159,0.771962419629816,1.03810377986733
BM_CZ,MONTHLY,GENERAL,202301,2703,0.0512002654917541,0.126573754099842,0.192216362160344,0.272614335243677,0.349312399013156,0.459045853277164,0.598255445433359,0.770329742352137,1.03760651999334
BM_CZ,MONTHLY,GENERAL,202302,2693,0.0531916469267988,0.12729194806975,0.192674199615793,0.272614335243677,0.350215103031123,0.460941908571486,0.599006001522279,0.771846928775886,1.03760651999334
BM_CZ,MONTHLY,GENERAL,202303,2672,0.0521152953174904,0.127476992484892,0.193270836696825,0.272888318541804,0.350762354206565,0.45946673117637,0.597757441040281,0.769406096327338,1.02951810798422
BM_CZ,MONTHLY,GENERAL,202304,2657,0.0522328397582761,0.127700351370677,0.193502945247533,0.272888318541804,0.350597652162296,0.458762661123476,0.597385777487466,0.767332279603461,1.02744834313335
BM_CZ,MONTHLY,GENERAL,202305,2661,0.0523268753109047,0.12769627065536,0.193539997121687,0.272879636779486,0.350980524181821,0.459025311405784,0.596973580743661,0.767669723739623,1.03090593587313
BM_CZ,MONTHLY,GENERAL,202306,3058,0.045445847306721,0.164422686829224,0.270117644655692,0.379958806996086,0.507023477034504,0.641820359979167,0.85325768485632,1.11086158540814,1.75755945234215
BM_CZ,MONTHLY,GENERAL,202307,3059,0.0465016911344514,0.164017047553503,0.269855524675382,0.378702915244093,0.506433485156889,0.636391931949423,0.849257100584235,1.10672074365675,1.71961574952593
BM_CZ,MONTHLY,GENERAL,202308,3041,0.0454499183636293,0.163876367003773,0.269301210717682,0.37736702750159,0.505307058029191,0.636181211349229,0.845216450657726,1.10481364194488,1.71954909471769
BM_CZ,MONTHLY,GENERAL,202309,3027,0.0462664743849957,0.164972803815674,0.267653355955507,0.377107263492231,0.505191290427895,0.634256006974512,0.841750666067482,1.10431445087332,1.7056872076561
BM_CZ,MONTHLY,GENERAL,202310,3012,0.0488642757581605,0.165775144028699,0.267119974297574,0.377412037016563,0.503385908800384,0.633795712451546,0.842799810306252,1.10283908805004,1.69188019667884
BM_CZ,MONTHLY,GENERAL,202311,2990,0.0522304325656595,0.167351408412301,0.26724197986668,0.378434305356679,0.503582850787372,0.635344933827326,0.843891014533331,1.10088089823439,1.69093750326993
BM_CZ,MONTHLY,GENERAL,202312,2968,0.0529376721586451,0.166920396643395,0.267058971513021,0.377457046531535,0.503582850787372,0.635685399168457,0.844185970604261,1.09448748894559,1.66417339780315
BM_CZ,MONTHLY,GENERAL,202401,2926,0.0549420918485763,0.168621591095474,0.268790481132922,0.379188330865603,0.503711275003624,0.635163868781147,0.842556786501991,1.09379964864153,1.6576339899636
BM_CZ,MONTHLY,GENERAL,202402,2925,0.054147518675222,0.168333891583872,0.267876593132036,0.378858982079701,0.503574550255914,0.635754266940318,0.842921322208382,1.09362593544436,1.6539998176166
BM_CZ,MONTHLY,GENERAL,202403,2902,0.0559241567408596,0.169702832774237,0.267119974297574,0.377412037016563,0.501664199479956,0.636339251799375,0.841127908259201,1.09308064459958,1.6400798381704
BM_CZ,MONTHLY,GENERAL,202404,2882,0.0566907677558318,0.17122959724263,0.26876528323298,0.379772251164371,0.502156954812757,0.638855346012636,0.839706388360139,1.09069944408915,1.63463496145856
BM_CZ,MONTHLY,GENERAL,202405,2874,0.0564392058489041,0.170688704494569,0.268378035326887,0.377389532259076,0.499370732759415,0.636588914325566,0.838327213886224,1.08922772926994,1.63226070779767
BM_CZ,MONTHLY,GENERAL,202406,3000,0.0179330788882838,0.129047916932079,0.215822220845654,0.318577385058258,0.425964791188454,0.567198048858901,0.750074069935365,1.02204450980665,1.46017915437067
BM_CZ,MONTHLY,GENERAL,202407,2984,0.0179040753242052,0.129514007716098,0.215369978897261,0.319073743396718,0.424905846860217,0.566948958056275,0.749187688610172,1.02205618960043,1.45310323987866
BM_CZ,MONTHLY,GENERAL,202408,2961,0.0188049208231522,0.129725587472645,0.2158951633689,0.318628254670907,0.424253118092703,0.562509629880272,0.74565091711778,1.01473185127845,1.44141418439046
BM_CZ,MONTHLY,GENERAL,202409,2946,0.021036192282324,0.131320018678142,0.217162701083623,0.317440310898534,0.423081002223657,0.557177680747904,0.737411645780992,1.0064494893336,1.42555133632854
BM_CZ,MONTHLY,GENERAL,202410,2934,0.0210185100794187,0.131593369084307,0.21819374919472,0.317936689598107,0.42413638177782,0.562419641449165,0.73713444002489,1.00654283217075,1.42913726537455
BM_CZ,MONTHLY,GENERAL,202411,2912,0.0232145868731742,0.133348110831993,0.218501174138358,0.317976300570841,0.42413638177782,0.562329653018058,0.736190989463969,1.00458257626688,1.4280476231727
BM_CZ,MONTHLY,NYSE,196306,476,0.339078895972663,0.496279567336265,0.632269754488425,0.734385387033987,0.847989047003538,1.05751978891821,1.2055881191919,1.41395927250117,1.77744854536534
BM_CZ,MONTHLY,NYSE,196307,479,0.343404129433102,0.497937743420814,0.635966787089997,0.734181459253433,0.848411830763853,1.05706813362481,1.20261375263679,1.41157454519749,1.77526589425535
BM_CZ,MONTHLY,NYSE,196308,483,0.340473587861043,0.497385018059298,0.636909864570051,0.734334405088849,0.848411830763853,1.05457335224421,1.20165579428812,1.41236945429871,1.77292831978427
BM_CZ,MONTHLY,NYSE,196309,488,0.337941039580551,0.489450773045866,0.634552170869916,0.734334405088849,0.847867591242184,1.05110935350656,1.2040506901598,1.41236945429871,1.77072213545656
BM_CZ,MONTHLY,NYSE,196310,491,0.330655967903711,0.483654785433563,0.634080632129889,0.734130477308294,0.846687395359962,1.05028636383509,1.20452966933414,1.40998472699504,1.76939842485994
BM_CZ,MONTHLY,NYSE,196311,493,0.33154674588406,0.483692745493957,0.636909864570051,0.734031889221267,0.847323351720515,1.05110935350656,1.20537642922035,1.40920660366219,1.76756015349236
BM_CZ,MONTHLY,NYSE,196312,504,0.325958311034078,0.479938455225119,0.624019297577109,0.724467267557629,0.837445695992197,1.03887458540701,1.20468683306864,1.40587131660698,1.74917897305685
BM_CZ,MONTHLY,NYSE,196401,484,0.340962011456386,0.502600730694909,0.640347811899123,0.745920466092925,0.866715615541118,1.06005914751205,1.20759973403235,1.40881754199576,1.77248708291873
BM_CZ,MONTHLY,NYSE,196402,487,0.337701035682411,0.49905102458391,0.640259736302014,0.741983434866976,0.855646778042959,1.05491743234772,1.20621035915326,1.40397138853586,1.76304384205956
BM_CZ,MONTHLY,NYSE,196403,490,0.330423352085856,0.482289053387156,0.637381403310078,0.739313233940751,0.857171889891006,1.05193234317804,1.20626488539031,1.40191496590815,1.76750894529023
BM_CZ,MONTHLY,NYSE,196404,489,0.334219079825108,0.480828421189764,0.639099664328154,0.736933789099096,0.858697001739051,1.05357832252098,1.20642846410147,1.39583538048768,1.76771888746464
BM_CZ,MONTHLY,NYSE,196405,501,0.330655967903711,0.476446524597587,0.633193337067857,0.727061538510136,0.846687395359962,1.03935082865391,1.19454448056342,1.38429094676089,1.72178943424504
BM_CZ,MONTHLY,NYSE,196406,606,0.289998987517287,0.406188722172749,0.537120250850912,0.642696153642664,0.74559737549891,0.850662589194699,0.989710538896019,1.20955351469994,1.49185774770127
BM_CZ,MONTHLY,NYSE,196407,606,0.294819565386402,0.411395797094636,0.540729653177766,0.643471754582866,0.750483102575414,0.854585084851316,0.989710538896019,1.20955351469994,1.49185774770127
BM_CZ,MONTHLY,NYSE,196408,607,0.290300551211872,0.409039233275775,0.541073922795125,0.643006394018745,0.750685621536912,0.853016086588669,0.989671815312858,1.20854856933029,1.49140935053425
BM_CZ,MONTHLY,NYSE,196409,607,0.290300551211872,0.406640996202411,0.541073922795125,0.642085691507172,0.750685621536912,0.850493287445153,0.989671815312858,1.20424690235695,1.49140935053425
BM_CZ,MONTHLY,NYSE,196410,607,0.29548211726564,0.406640996202411,0.541162699245645,0.643888891002407,0.750873577788247,0.850493287445153,0.989671815312858,1.20424690235695,1.49140935053425
BM_CZ,MONTHLY,NYSE,196411,608,0.296144669144879,0.407093270232073,0.540852780647395,0.642492666264167,0.750779599662579,0.851447088326023,0.989762170340234,1.20396501686221,1.49096095336723
BM_CZ,MONTHLY,NYSE,196412,612,0.288792732738948,0.404594552503654,0.541496353573913,0.643888891002407,0.755232352578805,0.853834611638223,0.989736354618127,1.20424690235695,1.4891388569392
BM_CZ,MONTHLY,NYSE,196501,606,0.302515588605664,0.411395797094636,0.547614533074587,0.65071408304171,0.760575561721257,0.860255697609783,0.993165579032777,1.20452878785169,1.48723123723127
BM_CZ,MONTHLY,NYSE,196502,607,0.303392241370278,0.411950320162646,0.548661080405407,0.65029509793432,0.760195774374879,0.863166810949084,0.999062657968297,1.20854856933029,1.48675433230428
BM_CZ,MONTHLY,NYSE,196503,606,0.302515588605664,0.411395797094636,0.552688964908622,0.654502580914176,0.764731438452499,0.867981070540161,1.00015248518696,1.20955351469994,1.47682270029162
BM_CZ,MONTHLY,NYSE,196504,608,0.307147514891021,0.412504843230655,0.552168945464776,0.654336013700661,0.767949096923288,0.86901420966552,1.0089272227308,1.21802324614085,1.50749121910697
BM_CZ,MONTHLY,NYSE,196505,612,0.299008977547207,0.409490640284136,0.54691683485404,0.651896347763667,0.767949096923288,0.86683166359421,1.00876459250236,1.21439461268522,1.50870886620765
BM_CZ,MONTHLY,NYSE,196506,643,0.280073427930707,0.369318193325763,0.499413477227308,0.581320814623375,0.681997783659313,0.816223482229177,0.917554071936058,1.08803438777235,1.39437079884948
BM_CZ,MONTHLY,NYSE,196507,647,0.280480776020944,0.369290371192937,0.497813121066124,0.583086826347126,0.682362145048712,0.815958640862239,0.918863002906756,1.08845597914116,1.39427985504855
BM_CZ,MONTHLY,NYSE,196508,648,0.282909770551703,0.369318193325763,0.49747804121333,0.581320814623375,0.682179964354013,0.81574922461907,0.918633269067476,1.08891968682434,1.39151094632218
BM_CZ,MONTHLY,NYSE,196509,648,0.28353703605283,0.370884795832868,0.500623398637409,0.581320814623375,0.682179964354013,0.81574922461907,0.918633269067476,1.09612041957509,1.39151094632218
BM_CZ,MONTHLY,NYSE,196510,647,0.283457317918846,0.373158659282557,0.499915016914103,0.580874337253714,0.683396113370838,0.815958640862239,0.91712239308349,1.08893372559579,1.39188317501636
BM_CZ,MONTHLY,NYSE,196511,648,0.28353703605283,0.373207818569306,0.49815962801032,0.580206718311921,0.683391639239368,0.81574922461907,0.916473929243877,1.09612041957509,1.39151094632218
BM_CZ,MONTHLY,NYSE,196512,650,0.2836964723208,0.373811185144584,0.501864450856474,0.584723328027235,0.687805610903085,0.816278907352946,0.913211307636308,1.11317915510651,1.39525179877192
BM_CZ,MONTHLY,NYSE,196601,643,0.295633146360853,0.384062318463731,0.502818383024198,0.587616043683298,0.697351855408318,0.820227605802221,0.918876897319751,1.11485971314576,1.4003406722311
BM_CZ,MONTHLY,NYSE,196602,640,0.294676639412231,0.385882778984992,0.502682449741025,0.587454326534495,0.696665319556942,0.816278907352946,0.915493120309545,1.11317915510651,1.39525179877192
BM_CZ,MONTHLY,NYSE,196603,641,0.298238781546462,0.386678070131308,0.502852584420117,0.596910239331081,0.70180963413674,0.816168057105408,0.918918580558738,1.11537892112448,1.41061617813385
BM_CZ,MONTHLY,NYSE,196604,643,0.295633146360853,0.385280368866671,0.502654239344594,0.596803892083898,0.70180963413674,0.820227605802221,0.922332571742177,1.11852252509122,1.41470976803709
BM_CZ,MONTHLY,NYSE,196605,650,0.294781878549016,0.384472745320144,0.501864450856474,0.595468825213108,0.701266251759064,0.824722462231904,0.922182076363416,1.12073235676048,1.41587294900145
BM_CZ,MONTHLY,NYSE,196606,673,0.24180693360927,0.332795456121741,0.416865614217172,0.492247664482079,0.588302001608439,0.680370788113118,0.780899558288022,0.919682004953574,1.20365221800596
BM_CZ,MONTHLY,NYSE,196607,679,0.238530275650545,0.332333532471434,0.420770367997067,0.492118097275784,0.581247930512984,0.679059270861537,0.781276911456089,0.925556936786045,1.20094837770884
BM_CZ,MONTHLY,NYSE,196608,680,0.238681515317278,0.331905386474185,0.419016901024763,0.492421385476014,0.582492097124624,0.680910105260857,0.780710881703989,0.925332206673715,1.21489467899338
BM_CZ,MONTHLY,NYSE,196609,680,0.238681515317278,0.331905386474185,0.42364587421347,0.492716117258982,0.586019132672352,0.683365337024124,0.7824873213208,0.925332206673715,1.21489467899338
BM_CZ,MONTHLY,NYSE,196610,683,0.23924448590068,0.331857313918351,0.423065652380651,0.492785354092156,0.588302001608439,0.684360334366373,0.784226067662562,0.925781666898375,1.21260152402181
BM_CZ,MONTHLY,NYSE,196611,689,0.236752329366384,0.327510658017755,0.417449036550855,0.492118097275784,0.581247930512984,0.681988739556336,0.781276911456089,0.924256974822064,1.20661270496977
BM_CZ,MONTHLY,NYSE,196612,693,0.23924448590068,0.337806773039258,0.419260509331164,0.49324469420623,0.588553933277287,0.680370788113118,0.780899558288022,0.92636117671794,1.21697285267295
BM_CZ,MONTHLY,NYSE,196701,683,0.245981269308398,0.343155029279074,0.431298900685123,0.500090847943211,0.594466612365144,0.684827129634734,0.784226067662562,0.937043012047416,1.22490705153928
BM_CZ,MONTHLY,NYSE,196702,682,0.245900537959955,0.343622365729678,0.430914529170119,0.499843725676069,0.596592829340617,0.684490795935285,0.788811436509884,0.937134447391748,1.22582460590901
BM_CZ,MONTHLY,NYSE,196703,684,0.253202016201466,0.345743973798299,0.434803211183316,0.502206861234425,0.608143195922856,0.689822801526085,0.792352551886081,0.943407833801088,1.23351972410702
BM_CZ,MONTHLY,NYSE,196704,687,0.250454797902413,0.344942571811456,0.436451284912667,0.510214638183472,0.607297149330833,0.690916510374211,0.797831511464378,0.943247450328427,1.2306150538949
BM_CZ,MONTHLY,NYSE,196705,692,0.253071727471641,0.344248510653755,0.43262769086787,0.510214638183472,0.608143195922856,0.690916510374211,0.792654913562278,0.943075008524187,1.23841074404368
BM_CZ,MONTHLY,NYSE,196706,726,0.274013259991851,0.392251203206173,0.502049184446543,0.624117001828154,0.73775054295704,0.835556111039196,0.990704522386546,1.20214817602524,1.53786183751875
BM_CZ,MONTHLY,NYSE,196707,732,0.274745803227988,0.392824548909351,0.50199057142657,0.624173592802932,0.739149786660303,0.836837840536889,0.989424332488881,1.20774051425589,1.53435487706473
BM_CZ,MONTHLY,NYSE,196708,730,0.275776835220317,0.394544586018885,0.501442130028539,0.619316857193774,0.739149786660303,0.836751516647427,0.990629096592704,1.21029980236886,1.53422074642897
BM_CZ,MONTHLY,NYSE,196709,734,0.27534687098658,0.393666210867476,0.50016053327085,0.616924768077428,0.738577524971703,0.836374317302641,0.990553670798863,1.21146100592417,1.53353609762068
BM_CZ,MONTHLY,NYSE,196710,736,0.276191003451144,0.392251203206173,0.501135115449825,0.616726336011177,0.738577524971703,0.835556111039196,0.988696582213506,1.21494461659009,1.5330908426348
BM_CZ,MONTHLY,NYSE,196711,737,0.27901541676864,0.394711225791088,0.502137103976503,0.617123200143678,0.740670002145225,0.835370371421476,0.990591383695784,1.21378341303478,1.53033033030762
BM_CZ,MONTHLY,NYSE,196712,737,0.285679418035248,0.407132269703015,0.51393514480502,0.636875454161698,0.750299833602051,0.838011396997844,0.990591383695784,1.21814965607417,1.51884911068015
BM_CZ,MONTHLY,NYSE,196801,731,0.287750116333178,0.410855376159395,0.516372061237926,0.639685570360741,0.753533322160773,0.846484220907298,0.997690342360756,1.21875955819881,1.53197770517009
BM_CZ,MONTHLY,NYSE,196802,731,0.282573370588352,0.410855376159395,0.516722389524229,0.639685570360741,0.751767415998094,0.846484220907298,1.002503685833,1.23161978476584,1.5342039800995
BM_CZ,MONTHLY,NYSE,196803,734,0.295194104198854,0.416637453612443,0.518706541821659,0.640144097101798,0.762395654304174,0.855665814933637,1.01691948514514,1.23980564297466,1.53432134440579
BM_CZ,MONTHLY,NYSE,196804,736,0.295409318469509,0.41551970795718,0.519227255811829,0.64634222902797,0.763762365152227,0.870210824071617,1.02492480640978,1.24532583493661,1.53632664080908
BM_CZ,MONTHLY,NYSE,196805,738,0.295624532740164,0.415427196511398,0.519692035831592,0.646096133421197,0.765506639186565,0.874600961757374,1.02592393264648,1.24659127215205,1.53837977053103
BM_CZ,MONTHLY,NYSE,196806,769,0.203650361254087,0.299593268827749,0.375066122338865,0.456917760070753,0.531377134883355,0.628981648091891,0.743866377341988,0.86863319575261,1.13523748962292
BM_CZ,MONTHLY,NYSE,196807,775,0.204493266791471,0.30056533512372,0.379764948830209,0.460056527957347,0.533503972616423,0.629490359147672,0.748750384192305,0.87521635558865,1.13668489267138
BM_CZ,MONTHLY,NYSE,196808,775,0.203414220029658,0.300347129420706,0.37494485839641,0.458842541327644,0.531377134883355,0.630618509238366,0.748750384192305,0.881331041364394,1.13668489267138
BM_CZ,MONTHLY,NYSE,196809,780,0.203709396560194,0.299744852353201,0.375248018252548,0.459413305150702,0.531374119592383,0.628124970364872,0.745372237291725,0.881331041364394,1.14001951979044
BM_CZ,MONTHLY,NYSE,196810,782,0.20661592851074,0.299290101776845,0.375005490367638,0.458735996256754,0.530997497487551,0.62684962619347,0.743911312081641,0.880712102406632,1.13941231747832
BM_CZ,MONTHLY,NYSE,196811,784,0.206084867571141,0.298494019395438,0.374626718492756,0.458629451185864,0.529885257352363,0.624883977142279,0.743641703643727,0.879972223614038,1.13912786819866
BM_CZ,MONTHLY,NYSE,196812,788,0.21053123678674,0.304716925964466,0.375459398775012,0.461088557764382,0.533483863809659,0.62174107784699,0.748093952416988,0.880342163010335,1.13855896963934
BM_CZ,MONTHLY,NYSE,196901,786,0.211085412760793,0.304277719814095,0.38266988534405,0.462491719472455,0.538114571158864,0.639426834563613,0.750272738750261,0.881082041802929,1.138843418919
BM_CZ,MONTHLY,NYSE,196902,789,0.210633787928478,0.303049006063869,0.382389778354838,0.462505682581768,0.538103014220589,0.638420359170666,0.750430072240774,0.881723510796043,1.14048449746272
BM_CZ,MONTHLY,NYSE,196903,792,0.215516297993366,0.306763588835764,0.388809253472301,0.467196459922555,0.540682390961523,0.648749419219632,0.754997132435837,0.908289848543308,1.14373934116873
BM_CZ,MONTHLY,NYSE,196904,793,0.217639447231758,0.306776537933337,0.389236326515491,0.475618644102478,0.541388974201474,0.649418899531563,0.754522002840047,0.907863731241603,1.14916435048187
BM_CZ,MONTHLY,NYSE,196905,795,0.217748254369047,0.306718487118907,0.388977036567259,0.472829194674227,0.542203089797232,0.646593306806569,0.755155508967767,0.895823199473751,1.14578495960631
BM_CZ,MONTHLY,NYSE,196906,812,0.197028068717791,0.279636020801147,0.335428408803699,0.408749502076272,0.468601170855064,0.544795352902005,0.629706515251621,0.735713312635701,0.899951526463801
BM_CZ,MONTHLY,NYSE,196907,819,0.197344413485145,0.279567792559776,0.337745933311623,0.410427647471859,0.473794894134683,0.546314856084154,0.633096281595359,0.735257784818885,0.902992131814628
BM_CZ,MONTHLY,NYSE,196908,819,0.197344413485145,0.281293459547564,0.343529688698345,0.412356102756724,0.474082775470521,0.548191004488585,0.63582510771357,0.736964529624857,0.902992131814628
BM_CZ,MONTHLY,NYSE,196909,825,0.197888504762833,0.284163058048922,0.343450734463049,0.412957164381542,0.474082775470521,0.547402835668056,0.635067210118009,0.736452803084483,0.908642314720229
BM_CZ,MONTHLY,NYSE,196910,828,0.197516000921035,0.284617834784204,0.342317447341728,0.411761027044592,0.473793117809645,0.547008751257792,0.633587696831714,0.735485548727293,0.904404677541029
BM_CZ,MONTHLY,NYSE,196911,832,0.197941594092752,0.285569680964707,0.344313500830589,0.413842450591635,0.473938834802602,0.54654862579597,0.633260086674144,0.734777275476991,0.899951526463801
BM_CZ,MONTHLY,NYSE,196912,839,0.203572187554799,0.286907253537348,0.350382332790299,0.415352530333134,0.474109589589643,0.546510250309363,0.634738283066131,0.734727312426836,0.902992131814628
BM_CZ,MONTHLY,NYSE,197001,828,0.205845413143422,0.288663016384364,0.358208146698165,0.42294426606581,0.484924875396624,0.555325505190736,0.637724508323998,0.737476256165231,0.914415500009589
BM_CZ,MONTHLY,NYSE,197002,832,0.207446381492831,0.291189816586973,0.359341437148388,0.422908427617235,0.486512720502058,0.555732351626598,0.637402586527889,0.742304190778771,0.914661504777103
BM_CZ,MONTHLY,NYSE,197003,836,0.214987214670436,0.29180294990731,0.362187299296852,0.427454828713267,0.490545622254,0.560713159968479,0.637992872740692,0.747324037276542,0.917303333288862
BM_CZ,MONTHLY,NYSE,197004,837,0.217326358891625,0.295220265001461,0.363832432624721,0.428062385080654,0.493040399631408,0.56183699739239,0.637928430629508,0.748149191584985,0.921330382709727
BM_CZ,MONTHLY,NYSE,197005,843,0.217941706206755,0.295652511746109,0.36373947246826,0.427932763107475,0.493040399631408,0.560246535619062,0.638266286691742,0.746268063157548,0.916324763910366
BM_CZ,MONTHLY,NYSE,197006,881,0.239044045682132,0.373113616293474,0.481416603198781,0.582296650717703,0.680410301982093,0.810655809902231,0.976033536501282,1.17649792068397,1.47978495928178
BM_CZ,MONTHLY,NYSE,197007,883,0.241475522669759,0.373432212409505,0.481707605793405,0.582350512132284,0.682501395295129,0.812460597117681,0.976255047918714,1.18503451136246,1.47702243194614
BM_CZ,MONTHLY,NYSE,197008,886,0.241661661431443,0.373207100591716,0.479933037857453,0.586041907276027,0.684463834995959,0.813392857142857,0.968708781551352,1.18512892066611,1.47881274611802
BM_CZ,MONTHLY,NYSE,197009,888,0.241785753939232,0.374924866830836,0.480494465623239,0.5905544831989,0.684463834995959,0.815023875313387,0.976531937190503,1.18900335202001,1.47842386085252
BM_CZ,MONTHLY,NYSE,197010,889,0.24082660032775,0.373965569665415,0.481222349725338,0.586731523700191,0.682501395295129,0.814674133878352,0.97636580362743,1.1879797334756,1.4726299575405
BM_CZ,MONTHLY,NYSE,197011,894,0.241537568923654,0.373965569665415,0.482446221380467,0.581361295413851,0.679728748277235,0.814674133878352,0.977324741998727,1.1879797334756,1.46874074265952
BM_CZ,MONTHLY,NYSE,197012,904,0.239514525742199,0.373544768318399,0.480348420953866,0.581261966869607,0.682063741443719,0.811913187669556,0.976638923888652,1.18498730671064,1.46240431212135
BM_CZ,MONTHLY,NYSE,197101,896,0.246345487465149,0.379352347742725,0.491295709286155,0.591625502960516,0.69575267859775,0.819942888014201,0.982413621122509,1.1921479374111,1.4676106850674
BM_CZ,MONTHLY,NYSE,197102,900,0.252555360632841,0.376441327671193,0.491386632002388,0.594175682210012,0.69575267859775,0.820545945935349,0.983074058493031,1.19858764943691,1.46463738217167
BM_CZ,MONTHLY,NYSE,197103,900,0.256814237598677,0.376441327671193,0.491864051247035,0.593747056243244,0.700269051327893,0.820545945935349,0.983074058493031,1.19337403851051,1.47011947658226
BM_CZ,MONTHLY,NYSE,197104,902,0.258300786898503,0.377058418151585,0.491204786569921,0.594087930112174,0.701715573335863,0.820036760721045,0.983640243725308,1.19705234180877,1.47119310956431
BM_CZ,MONTHLY,NYSE,197105,909,0.255653268520924,0.376397719588586,0.490636839455995,0.591438455475667,0.698089758708453,0.820068051623327,0.981298041041389,1.19148952842974,1.47290680985169
BM_CZ,MONTHLY,NYSE,197106,953,0.289530721024607,0.435948355320361,0.556610351489018,0.689404656517305,0.808083941872887,0.942188667207771,1.10541523983737,1.32794543669124,1.71331166459444
BM_CZ,MONTHLY,NYSE,197107,956,0.289907816724141,0.435960889206344,0.561768921785673,0.686303267131223,0.80417342719,0.940786683630195,1.10252135144185,1.32028368644608,1.69130320738015
BM_CZ,MONTHLY,NYSE,197108,960,0.289042610503321,0.436023585888002,0.55671215361739,0.685524844392929,0.803207505912248,0.939820442928691,1.09861437825558,1.3187282650601,1.68078189651112
BM_CZ,MONTHLY,NYSE,197109,967,0.285892546652202,0.435976563376758,0.555634864732876,0.68464514124049,0.802986715529088,0.936921787070295,1.09653955616446,1.31316990873505,1.67109853033288
BM_CZ,MONTHLY,NYSE,197110,969,0.282816176093553,0.435826715374756,0.554143816358668,0.680870707162654,0.801367591903502,0.934883927393504,1.09413153968029,1.31258865678567,1.66995735416934
BM_CZ,MONTHLY,NYSE,197111,970,0.282914178546156,0.43595671124435,0.555452527739918,0.681508736588753,0.803207505912248,0.936347446529478,1.09861437825558,1.3186908021473,1.68078189651112
BM_CZ,MONTHLY,NYSE,197112,971,0.283012180998758,0.440701965805528,0.557017560002503,0.686303267131223,0.802986715529088,0.939381487572653,1.10323629169022,1.32009637188209,1.68028244919121
BM_CZ,MONTHLY,NYSE,197201,963,0.287385616785473,0.441326375972648,0.55826051494223,0.685456809147477,0.804502895101943,0.940207965315029,1.10404331913486,1.32554461396691,1.67913037111767
BM_CZ,MONTHLY,NYSE,197202,966,0.290281103254465,0.442262991223328,0.556508549360647,0.685578688023303,0.80417342719,0.940478875962747,1.10239224516351,1.32644300512169,1.67740225400737
BM_CZ,MONTHLY,NYSE,197203,970,0.29108252674477,0.445841855343448,0.563806016026387,0.686818096084172,0.809570573722881,0.942192271179281,1.10287837191455,1.32122046598384,1.68078189651112
BM_CZ,MONTHLY,NYSE,197204,971,0.293055454555208,0.446164887687633,0.563631300473406,0.692892610004754,0.809437505379577,0.949688073134635,1.10272497772498,1.32066186158258,1.68028244919121
BM_CZ,MONTHLY,NYSE,197205,972,0.294948079853041,0.453768577468653,0.567493601887448,0.695232359451439,0.808760723626232,0.947888733165819,1.10308289750065,1.32054876364248,1.67970641015444
BM_CZ,MONTHLY,NYSE,197206,989,0.245541373021789,0.357570704184744,0.490845017606098,0.615000389822897,0.747259705272715,0.871532394263907,1.02127544308988,1.26236588315536,1.60998397578819
BM_CZ,MONTHLY,NYSE,197207,994,0.251496367631152,0.361786615757592,0.492223722634952,0.613892889020653,0.742908919399141,0.867663818045942,1.01516450666754,1.2554990246704,1.60004359238261
BM_CZ,MONTHLY,NYSE,197208,996,0.249960788706704,0.363873723473056,0.49213674820939,0.613737681367805,0.7418542139978,0.867825230422852,1.01437893284143,1.25172116662529,1.59920034714121
BM_CZ,MONTHLY,NYSE,197209,998,0.248455835240913,0.362535776814564,0.489620868779718,0.613132993423535,0.740430693654491,0.866677162899556,1.01487472584169,1.24928177441908,1.5983571018998
BM_CZ,MONTHLY,NYSE,197210,998,0.250150070306366,0.362535776814564,0.489818037541608,0.613132993423535,0.737162690153068,0.860619584799215,1.01375262152222,1.24871030882625,1.5983571018998
BM_CZ,MONTHLY,NYSE,197211,1001,0.250433992705859,0.362555658252627,0.489572482804294,0.613737681367805,0.736361847616527,0.859447239845402,1.0137591915911,1.24817270314132,1.59577235093385
BM_CZ,MONTHLY,NYSE,197212,1006,0.251148531547428,0.368985678672227,0.492708859249245,0.614513719632047,0.739557166182969,0.860474223724106,1.01437893284143,1.26116581173806,1.59643229248577
BM_CZ,MONTHLY,NYSE,197301,997,0.252834155457714,0.375761171223909,0.493986756613311,0.615657218429214,0.740731510901594,0.860063430172624,1.01533033924333,1.24977885377476,1.59630030417538
BM_CZ,MONTHLY,NYSE,197302,1001,0.254282785395796,0.377871497544671,0.493592025631898,0.616318420995175,0.742976917094006,0.86225553126771,1.01499867409175,1.249423815621,1.59577235093385
BM_CZ,MONTHLY,NYSE,197303,1000,0.254189072260652,0.381320346336594,0.498620557045025,0.617453846291761,0.744545477792435,0.870008152385257,1.0168108027042,1.25358664617745,1.59590433924423
BM_CZ,MONTHLY,NYSE,197304,1000,0.253217779397696,0.378506698011942,0.498620557045025,0.619116952233581,0.744545477792435,0.870512690431248,1.02469451778782,1.25358664617745,1.59590433924423
BM_CZ,MONTHLY,NYSE,197305,1003,0.25232265687107,0.377322942977749,0.500545268775198,0.61941900414828,0.745195284108732,0.870321921487875,1.0289496724589,1.25731760528179,1.59552183137163
BM_CZ,MONTHLY,NYSE,197306,1023,0.224892044924391,0.37053457842567,0.509679406925293,0.63513421198206,0.775102037338423,0.890105792209701,1.06558257196106,1.28699103744918,1.66205708182798
BM_CZ,MONTHLY,NYSE,197307,1030,0.222490632375799,0.368865448441909,0.509255744733492,0.633154740653438,0.774499636936429,0.887445678452282,1.06107951142705,1.28810948361101,1.65664790890313
BM_CZ,MONTHLY,NYSE,197308,1034,0.222323932079816,0.368769589697088,0.509301434472667,0.63315055173254,0.772966689337505,0.887239403232766,1.05968403586821,1.28609366686498,1.65038928926215
BM_CZ,MONTHLY,NYSE,197309,1034,0.225034784337281,0.36822528192459,0.509071746555791,0.633653273791379,0.774988610180412,0.887239403232766,1.06092007626374,1.28609366686498,1.65038928926215
BM_CZ,MONTHLY,NYSE,197310,1037,0.22546300257595,0.363944189852236,0.50927858960308,0.634147618008423,0.774875183022401,0.886391920209334,1.05981251618086,1.28540224916752,1.64508309636825
BM_CZ,MONTHLY,NYSE,197311,1038,0.230110627781663,0.364786280342222,0.509360592316992,0.635136306442509,0.774499636936429,0.886138990800467,1.05823272111863,1.28619521448848,1.6446157681271
BM_CZ,MONTHLY,NYSE,197312,1041,0.232911016835354,0.367510414114188,0.508854989740478,0.635630650659552,0.776396203915334,0.887388041636408,1.05492711812937,1.28589057161797,1.65146167073943
BM_CZ,MONTHLY,NYSE,197401,1032,0.233434624468387,0.3713815723407,0.51410126270361,0.638777707987912,0.77905831786315,0.889475480805122,1.05937247042103,1.28718861335375,1.6557803324914
BM_CZ,MONTHLY,NYSE,197402,1035,0.235005447367485,0.372477359795046,0.511095085810273,0.6395137662911,0.781557072895312,0.892712216277432,1.05887621948698,1.28659588564005,1.65434077857408
BM_CZ,MONTHLY,NYSE,197403,1037,0.238452114577197,0.3713815723407,0.517013679286371,0.643589949103511,0.784453872517168,0.900678276660049,1.06746190781298,1.29027936666911,1.64508309636825
BM_CZ,MONTHLY,NYSE,197404,1038,0.232870435707242,0.370577470482263,0.520030487780598,0.646472412156099,0.785003189688367,0.903367009948166,1.07585648215658,1.29289317145076,1.6446157681271
BM_CZ,MONTHLY,NYSE,197405,1039,0.237099877899615,0.370211661942549,0.518429451537267,0.643629177791332,0.781654466696057,0.900928806172413,1.08260789263398,1.29226300130778,1.64956168941155
BM_CZ,MONTHLY,NYSE,197406,1066,0.355507748949917,0.636549795836256,0.856318818252274,1.08767147357456,1.33707005400656,1.55674927360093,1.84700120118069,2.23874515652255,3.02070225173424
BM_CZ,MONTHLY,NYSE,197407,1073,0.354058328201856,0.6386613810281,0.856330665969962,1.08851763428262,1.33710012463648,1.55041843450244,1.84165131883602,2.23870244349128,2.99703068694265
BM_CZ,MONTHLY,NYSE,197408,1076,0.355507748949917,0.641828758815866,0.857976848440324,1.08767147357456,1.33707005400656,1.55499073921256,1.84069797669294,2.23863837394438,3.00505857637615
BM_CZ,MONTHLY,NYSE,197409,1080,0.361025283644853,0.636136700313166,0.853061283093054,1.0883060941056,1.33105164513895,1.55375326296908,1.83344377446012,2.22820075762432,2.94825321465224
BM_CZ,MONTHLY,NYSE,197410,1081,0.362143213040074,0.636549795836256,0.851269329364095,1.08767147357456,1.32533133283321,1.55183748602985,1.82276476410426,2.21956002533326,2.9455270416117
BM_CZ,MONTHLY,NYSE,197411,1080,0.362036956929196,0.644140089214888,0.850520190786527,1.09755191120533,1.33105164513895,1.55227380314061,1.82209242353508,2.22114291030013,2.94825321465224
BM_CZ,MONTHLY,NYSE,197412,1085,0.364099486316971,0.651982950506587,0.856283275099211,1.09726179714194,1.3328792098251,1.55609141705011,1.83555950091436,2.22114291030013,2.94089459728808
BM_CZ,MONTHLY,NYSE,197501,1070,0.361025283644853,0.650844093446553,0.86608646933013,1.09862864247427,1.33707005400656,1.56593227104196,1.85708032345495,2.2356530315397,2.97546574978937
BM_CZ,MONTHLY,NYSE,197502,1075,0.364099486316971,0.649140091975167,0.855482811445771,1.09082002983586,1.3328792098251,1.5666714149853,1.85559686876207,2.23865973046001,2.96188407985493
BM_CZ,MONTHLY,NYSE,197503,1076,0.364588554636195,0.650245634515297,0.854558941326931,1.09221393342001,1.33707005400656,1.57790862142693,1.86384846586888,2.23874515652255,2.93973648620717
BM_CZ,MONTHLY,NYSE,197504,1074,0.368110458293859,0.651735639924782,0.856162483636577,1.0958396440439,1.33971720096677,1.5881819662999,1.87034508631325,2.24253621450534,2.93301102615991
BM_CZ,MONTHLY,NYSE,197505,1081,0.370622436437459,0.652230261088393,0.853829263262608,1.09221393342001,1.33929712460064,1.58788170748026,1.8747673069378,2.24349260739895,2.93082958199357
BM_CZ,MONTHLY,NYSE,197506,1088,0.596883054107306,1.03467414580325,1.39316179827675,1.67416642596856,1.95087394734058,2.28741590548235,2.68791050445923,3.3737698177193,4.53860660560686
BM_CZ,MONTHLY,NYSE,197507,1091,0.59726332083468,1.04114307414792,1.39754527512823,1.68108963413246,1.95511180331516,2.29594206793293,2.70491403635573,3.38307689545593,4.53368394690709
BM_CZ,MONTHLY,NYSE,197508,1089,0.597009809683097,1.05218882351685,1.39803547778892,1.6867142580039,1.95371896338732,2.29000512125872,2.6994531516515,3.37381079274295,4.53376652885044
BM_CZ,MONTHLY,NYSE,197509,1091,0.610404314024774,1.05515718253857,1.39828872226842,1.68889765562788,1.9723515566382,2.32375893501213,2.68961048606096,3.37628021302745,4.46446446446447
BM_CZ,MONTHLY,NYSE,197510,1092,0.610528439584322,1.04394589582605,1.39764168703054,1.6872601074099,1.97267057549506,2.32049199202332,2.6907664230349,3.37173245499404,4.46164923695855
BM_CZ,MONTHLY,NYSE,197511,1091,0.611645569620253,1.05515718253857,1.39828872226842,1.68616840859791,1.9723515566382,2.32375893501213,2.69126182459516,3.37000422475708,4.46287530907806
BM_CZ,MONTHLY,NYSE,197512,1093,0.638486731942671,1.05859479594441,1.40429801921004,1.70134175839751,1.9723515566382,2.33201215459728,2.71943487172202,3.3883523697244,4.46042316483904
BM_CZ,MONTHLY,NYSE,197601,1092,0.638387682701859,1.05746744966274,1.40383863723804,1.70395172159633,1.97267057549506,2.3314056668042,2.71983982668801,3.37173245499404,4.44947246480047
BM_CZ,MONTHLY,NYSE,197602,1092,0.638387682701859,1.04326327572761,1.4020491580876,1.70247290428093,1.96646680355378,2.3314056668042,2.71818708215842,3.39155328186188,4.46164923695855
BM_CZ,MONTHLY,NYSE,197603,1089,0.642714163237832,1.05972214222607,1.4180729022529,1.71400820604646,1.97494697442296,2.34029439521856,2.72980318745226,3.40265755202307,4.49110676006473
BM_CZ,MONTHLY,NYSE,197604,1089,0.642714163237832,1.05972214222607,1.42001766478802,1.71400820604646,1.98026621531056,2.34842580826021,2.74125803461074,3.41387137758198,4.48491556037687
BM_CZ,MONTHLY,NYSE,197605,1088,0.643853796932363,1.05859479594441,1.41934299037203,1.721681586246,1.98612008378659,2.35095923864582,2.75817797518654,3.42102382890198,4.48532526207607
BM_CZ,MONTHLY,NYSE,197606,1091,0.468897414038079,0.727565359194811,0.930336285037867,1.18304756107639,1.39413178362318,1.60889281879619,1.89901960784314,2.3015663124754,2.97481295190192
BM_CZ,MONTHLY,NYSE,197607,1097,0.470112097508373,0.727696909520397,0.928131554908171,1.18214191777754,1.39487203221178,1.60801557829898,1.89614370374929,2.30100396573124,2.98396751332535
BM_CZ,MONTHLY,NYSE,197608,1096,0.468231070996525,0.726671739361659,0.923753933888422,1.17838760601657,1.39577694143637,1.60349923158766,1.89289484772734,2.29875457875458,2.97678662332851
BM_CZ,MONTHLY,NYSE,197609,1098,0.468497608213147,0.733806986977786,0.930710657714048,1.17920289962802,1.39577694143637,1.59718581736575,1.8736769714269,2.29410141811138,2.98266570868279
BM_CZ,MONTHLY,NYSE,197610,1102,0.469099861283128,0.731967248540274,0.929940263749702,1.1781276261171,1.39360664490491,1.58943943019628,1.87015413246402,2.28893753608647,2.97836556046978
BM_CZ,MONTHLY,NYSE,197611,1105,0.471491639090878,0.730958158916931,0.929190964356079,1.17821428608359,1.39487203221178,1.59508220091721,1.8703984650968,2.29166466633466,2.98143467345759
BM_CZ,MONTHLY,NYSE,197612,1107,0.477081757830411,0.74438663754364,0.950986343903851,1.19184447616124,1.4002362376053,1.61495934005821,1.8711319302463,2.2901897936606,2.98742636721238
BM_CZ,MONTHLY,NYSE,197701,1105,0.48103836233339,0.747424803718319,0.954846498406208,1.189811628474,1.40147462961441,1.61477265937641,1.86765071765715,2.28825872479241,2.98143467345759
BM_CZ,MONTHLY,NYSE,197702,1099,0.483234186552953,0.7499891468611,0.959794290144752,1.18906348387861,1.40477642276423,1.61211145918173,1.86742654493137,2.28848499522376,2.98532197990249
BM_CZ,MONTHLY,NYSE,197703,1096,0.48524738395394,0.754008109497249,0.96454070557471,1.19284803647577,1.41062208577069,1.62179624129876,1.90257455106379,2.29875457875458,2.98746543837711
BM_CZ,MONTHLY,NYSE,197704,1098,0.486910687406622,0.752684044841193,0.977129952483506,1.20342427440892,1.41415386533382,1.62415324724323,1.91358688163936,2.30044161898707,2.98009748410634
BM_CZ,MONTHLY,NYSE,197705,1097,0.48533294592927,0.751180905350096,0.9647024807771,1.20012985588013,1.41053766400587,1.62264853952154,1.9215369668549,2.30100396573124,2.97639188904319
BM_CZ,MONTHLY,NYSE,197706,1110,0.438716436862762,0.614940443568046,0.766257847876979,0.921225702025185,1.06225191003358,1.21534567210302,1.38327981828154,1.67774017734043,2.12513564562798
BM_CZ,MONTHLY,NYSE,197707,1113,0.441510130233498,0.61869363206474,0.77232740514088,0.923457510743564,1.07086573312683,1.21710386622662,1.38765114032618,1.67188564615227,2.10458670930563
BM_CZ,MONTHLY,NYSE,197708,1111,0.441438296386804,0.614497583921794,0.770770026124089,0.922485425175192,1.07043880762822,1.21640934173123,1.38441085326331,1.67027702928797,2.10461047955674
BM_CZ,MONTHLY,NYSE,197709,1111,0.448360278654048,0.615051158479609,0.774342629482072,0.924548882189757,1.07086573312683,1.21666414599718,1.38482709224238,1.6660080791432,2.10461047955674
BM_CZ,MONTHLY,NYSE,197710,1110,0.448866060042738,0.620188619304603,0.779173767640355,0.924205527138156,1.07251321435861,1.21563700534422,1.38149660488555,1.65401182161728,2.1024063775739
BM_CZ,MONTHLY,NYSE,197711,1111,0.448922257974814,0.619007330625204,0.775745396128344,0.923954116059379,1.07453913779215,1.21640934173123,1.38441085326331,1.6536644214336,2.10041357639611
BM_CZ,MONTHLY,NYSE,197712,1109,0.458139469272599,0.633563017160259,0.780392279184447,0.938140291359198,1.08381766250871,1.22287984616302,1.38836071684684,1.65649160359593,2.10451539855227
BM_CZ,MONTHLY,NYSE,197801,1105,0.454268423664022,0.631905734483419,0.784451992324079,0.938879434713679,1.08456200772358,1.22285901164967,1.38264091137917,1.66686186917216,2.10552546260693
BM_CZ,MONTHLY,NYSE,197802,1103,0.453869137562033,0.633106831146523,0.78075649662881,0.938216644576522,1.08322567153747,1.2204612997673,1.38233255613024,1.65470662198465,2.10583045695699
BM_CZ,MONTHLY,NYSE,197803,1106,0.459046602478451,0.641175560058539,0.79046264751762,0.939878218900508,1.09014111268332,1.2242682897834,1.38994921780803,1.6581268754618,2.11442321876675
BM_CZ,MONTHLY,NYSE,197804,1109,0.458139469272599,0.64133971737287,0.791226364223439,0.940076270699395,1.09277927897622,1.23054882300476,1.39266418910982,1.66264557338635,2.11129032001148
BM_CZ,MONTHLY,NYSE,197805,1108,0.458925540161579,0.641850139169232,0.792009679900461,0.93960542601115,1.09369013201699,1.23952355816709,1.39809752835125,1.66856944923006,2.12070223989899
BM_CZ,MONTHLY,NYSE,197806,1110,0.49663960026092,0.674066904397118,0.823442837075017,0.955812124331831,1.09613216856168,1.22551422722735,1.41443473837452,1.70683868911625,2.13444431395594
BM_CZ,MONTHLY,NYSE,197807,1110,0.498292565057071,0.673917521319793,0.823921784533698,0.958263454980504,1.09850882769827,1.22615413444455,1.41379223761731,1.70683868911625,2.14767944342424
BM_CZ,MONTHLY,NYSE,197808,1109,0.498206427298281,0.673869435853273,0.823370611389449,0.956979619451915,1.09823257500227,1.22719027244337,1.41468199936938,1.71481966060685,2.14851642849471
BM_CZ,MONTHLY,NYSE,197809,1112,0.503166159872599,0.674228787250299,0.826380081816366,0.959555114262553,1.09850882769827,1.24087314862199,1.414764419701,1.7178873011022,2.1441695661731
BM_CZ,MONTHLY,NYSE,197810,1111,0.507875613599519,0.674092228799819,0.830852658024393,0.963728908833832,1.10091145648992,1.24343826599466,1.41501168069586,1.71820723746994,2.14439631991647
BM_CZ,MONTHLY,NYSE,197811,1109,0.509079987360304,0.674163850941829,0.831033952638639,0.966854562303139,1.10148246782068,1.24465838813523,1.41576427661374,1.71608527683801,2.13604103976401
BM_CZ,MONTHLY,NYSE,197812,1114,0.516147803530525,0.674232591668674,0.845211948296093,0.978417956950017,1.11078616534872,1.2577632760676,1.4374977371089,1.7192167037893,2.14610861682258
BM_CZ,MONTHLY,NYSE,197901,1112,0.519034960303409,0.679651416219587,0.846567285136718,0.98373497656503,1.11587225363182,1.26560985813581,1.44037866487406,1.7178873011022,2.14135950462868
BM_CZ,MONTHLY,NYSE,197902,1104,0.519874240009351,0.681548786604407,0.846881016493414,0.986818400224717,1.11698533754135,1.27052462439896,1.44434070614469,1.72119127202417,2.14371605868637
BM_CZ,MONTHLY,NYSE,197903,1097,0.530108925523203,0.696956496094912,0.855200953298978,0.994275786986032,1.12564768157989,1.27858022266356,1.45345157529127,1.73195941717004,2.15821574292012
BM_CZ,MONTHLY,NYSE,197904,1096,0.525536918914615,0.698745285428782,0.848062316827483,0.995950554134698,1.12772373754478,1.27272491313761,1.44923056484597,1.7282593565479,2.16315639431253
BM_CZ,MONTHLY,NYSE,197905,1097,0.523570898508859,0.699235238673971,0.84760920212981,0.993265214477289,1.12770352505053,1.27318043534915,1.45345157529127,1.72175382690323,2.16530159250703
BM_CZ,MONTHLY,NYSE,197906,1101,0.493664429110141,0.674750134295723,0.821656308816093,0.984743465057236,1.12945489155086,1.29484726070315,1.4824773216733,1.75536060141737,2.19509394239051
BM_CZ,MONTHLY,NYSE,197907,1099,0.501584617921709,0.691790617880674,0.828271680702134,0.999898321507485,1.1342302017954,1.309486885411,1.50337801984224,1.75681699901146,2.20814069104169
BM_CZ,MONTHLY,NYSE,197908,1096,0.504404794104003,0.692975691533948,0.83007971706622,1.00303297744662,1.13537421266799,1.31126564366848,1.50324820109808,1.76979004699403,2.21651773231931
BM_CZ,MONTHLY,NYSE,197909,1095,0.507029915938247,0.694736172743036,0.835631000942882,1.00324777022665,1.14304742135567,1.31846419622396,1.51200812179486,1.78079366862245,2.21692499241927
BM_CZ,MONTHLY,NYSE,197910,1096,0.507170454395764,0.697083758048878,0.836004243114745,1.00224028578781,1.14594372457003,1.31777911448736,1.51892608127474,1.79013086150491,2.21651773231931
BM_CZ,MONTHLY,NYSE,197911,1099,0.506269522624397,0.694606777311988,0.834067101148441,1.00305738812861,1.1443713205103,1.31517473895868,1.51147272526083,1.7743988759646,2.21529595201943
BM_CZ,MONTHLY,NYSE,197912,1100,0.509594338487937,0.700484214646175,0.852186890564281,1.00934071020098,1.1547275174831,1.31952670534337,1.51863839493686,1.79035092149893,2.22611150332526
BM_CZ,MONTHLY,NYSE,198001,1098,0.516055313975742,0.701598959735094,0.853504149890941,1.01630665822358,1.15523907332475,1.32034479083022,1.51950145395049,1.79062510471106,2.22647241470135
BM_CZ,MONTHLY,NYSE,198002,1092,0.516715277006311,0.708695550431082,0.853650481389934,1.01928610198912,1.15597658862984,1.31880673709226,1.51174042352785,1.79076219631713,2.22755514882964
BM_CZ,MONTHLY,NYSE,198003,1089,0.526078579258383,0.715128076376903,0.858548953727924,1.0211790013551,1.16873928000671,1.32545582204447,1.51594152658958,1.79357931588028,2.27340853303215
BM_CZ,MONTHLY,NYSE,198004,1086,0.525408715331738,0.713727693501351,0.871846346864975,1.02000760745531,1.16919024520613,1.32967665561594,1.51892608127474,1.79431392168635,2.29262424865351
BM_CZ,MONTHLY,NYSE,198005,1082,0.530254282841496,0.713866822838916,0.876024705381491,1.01928610198912,1.1743815973613,1.33351748748324,1.51968355867066,1.79792991348492,2.27536221347809
BM_CZ,MONTHLY,NYSE,198006,1086,0.412061304361508,0.550538551438769,0.702542414927186,0.859899437366617,1.00888964527873,1.13528240028758,1.33978901045481,1.62164761105361,2.04997202393236
BM_CZ,MONTHLY,NYSE,198007,1089,0.41598795443649,0.556413401272411,0.713685877728482,0.868435900461376,1.01044080897828,1.13885958170897,1.36402767338555,1.64563676902667,2.06365408294222
BM_CZ,MONTHLY,NYSE,198008,1090,0.416178668855383,0.556840152298853,0.710975890754766,0.870122360374315,1.01082642338995,1.14097749788804,1.36686362834372,1.64774362521555,2.06792240273371
BM_CZ,MONTHLY,NYSE,198009,1092,0.424227355350889,0.557914512059012,0.7108843782687,0.869732703806268,1.01139079260345,1.14221251220092,1.36250948705805,1.64378189791962,2.06694126351108
BM_CZ,MONTHLY,NYSE,198010,1085,0.427340268180868,0.561099011626934,0.711568341979059,0.870122360374315,1.01550976593992,1.15216311918759,1.36254969999981,1.64497728494914,2.05854067884535
BM_CZ,MONTHLY,NYSE,198011,1088,0.427213842869487,0.561322553019262,0.713669176495647,0.868824018117974,1.01478719961692,1.14147792112729,1.35579593422238,1.64180784210032,2.05672953902929
BM_CZ,MONTHLY,NYSE,198012,1088,0.434807879059998,0.586910062171923,0.730051062593397,0.88159074312285,1.0263544853182,1.15930111964969,1.37067214159046,1.63541007957141,2.05672953902929
BM_CZ,MONTHLY,NYSE,198101,1083,0.435161515222651,0.590548759564056,0.730426652316366,0.88159074312285,1.02671453270579,1.15576196182717,1.36238884823276,1.62914870976482,2.05303176495466
BM_CZ,MONTHLY,NYSE,198102,1079,0.435436503507135,0.590603823541371,0.731672523688287,0.880261244658595,1.02736956690771,1.15252780980135,1.35577515183386,1.62799264314052,2.04348489927852
BM_CZ,MONTHLY,NYSE,198103,1075,0.441461196679808,0.602378542330366,0.739919748202393,0.886571830509497,1.03274959669812,1.15615828788461,1.35572287185801,1.63832712696471,2.04984947639595
BM_CZ,MONTHLY,NYSE,198104,1071,0.440618887534964,0.605640070086784,0.744329588014982,0.884356254634783,1.0294595980495,1.15536563576973,1.35573358705683,1.6380429039434,2.0403026107198
BM_CZ,MONTHLY,NYSE,198105,1068,0.453235098117041,0.607198918661305,0.747547928363545,0.886573577887955,1.03320331084147,1.15766218370647,1.36258991294157,1.64099338333567,2.05823650870588
BM_CZ,MONTHLY,NYSE,198106,1074,0.327215440240883,0.473453207403839,0.614762288735518,0.771435170880624,0.933246431720231,1.09015284427572,1.29466155206815,1.565013822848,2.02494420724719
BM_CZ,MONTHLY,NYSE,198107,1074,0.327215440240883,0.472276858791598,0.618699490099411,0.771435170880624,0.934537665427159,1.0938270564904,1.29890571735802,1.57629574940837,2.01787140753061
BM_CZ,MONTHLY,NYSE,198108,1071,0.324319710471508,0.472308970274334,0.616700523623344,0.769299809900477,0.935310048301086,1.09422076587302,1.29869573681137,1.5806704084313,2.02792498304431
BM_CZ,MONTHLY,NYSE,198109,1071,0.328369460202922,0.472946697535656,0.618866499840871,0.772132125288123,0.936359337153741,1.10030569121534,1.30079554227787,1.58282730540714,2.02792498304431
BM_CZ,MONTHLY,NYSE,198110,1070,0.328204600208345,0.473127305941414,0.619550939048603,0.774930053543637,0.943762681699493,1.10269074051818,1.29932567845132,1.5950172253864,2.01898265565294
BM_CZ,MONTHLY,NYSE,198111,1066,0.334848398654855,0.478390071704835,0.621198619819779,0.780230772519064,0.939759652882151,1.10323371098966,1.29687252389846,1.58282730540714,2.00362903835972
BM_CZ,MONTHLY,NYSE,198112,1068,0.339544527824906,0.482339009743637,0.630025711108236,0.784830933178145,0.949409661602047,1.11459585858786,1.29500622666139,1.58979829014097,2.02154790870533
BM_CZ,MONTHLY,NYSE,198201,1060,0.344493757202181,0.483277697578929,0.630312509750547,0.784656479540077,0.945616373381004,1.10988946505294,1.28936729894971,1.58342544940441,2.0264386264238
BM_CZ,MONTHLY,NYSE,198202,1058,0.34571357482157,0.483067757402285,0.630549770214053,0.784830933178145,0.944844429842206,1.10877386475245,1.277437804774,1.57721427379928,2.02154790870533
BM_CZ,MONTHLY,NYSE,198203,1053,0.353769429614183,0.487346232066937,0.641036981358382,0.793360383911484,0.951741293532338,1.11861557612998,1.28509358229041,1.58059216675945,2.02759468157309
BM_CZ,MONTHLY,NYSE,198204,1047,0.35651101610676,0.488400012229978,0.643081291951157,0.79313224097995,0.951741293532338,1.11812749100994,1.29470463639231,1.58212807886295,2.02693407863064
BM_CZ,MONTHLY,NYSE,198205,1046,0.357672703861013,0.488341652361895,0.64561583898883,0.792904098048416,0.950407800960377,1.11801779329841,1.29186486786025,1.5790513225811,2.02709922936625
BM_CZ,MONTHLY,NYSE,198206,1053,0.417268965328379,0.559579295320472,0.698830743942522,0.837194921863335,0.987311524481228,1.15568543594795,1.37228187162512,1.65281502820822,2.07517743946276
BM_CZ,MONTHLY,NYSE,198207,1048,0.417412715016474,0.559579295320472,0.702043326780946,0.833592584180989,0.987729499202191,1.1567916456977,1.37523717007788,1.65281502820822,2.07381010556548
BM_CZ,MONTHLY,NYSE,198208,1044,0.417932119994237,0.559975449248309,0.705114917210174,0.833819758063481,0.987729499202191,1.15793151109971,1.37988140556146,1.66318201767983,2.0749039726833
BM_CZ,MONTHLY,NYSE,198209,1038,0.422719364617148,0.559676734195434,0.704353284341681,0.835859685663113,0.992068787549373,1.15568543594795,1.38015528370095,1.66389595388232,2.07381010556548
BM_CZ,MONTHLY,NYSE,198210,1032,0.421589796780163,0.559577162424464,0.702535494214762,0.836757780043184,0.995000282591131,1.15755155596571,1.38008681416607,1.6646098900848,2.05094309853057
BM_CZ,MONTHLY,NYSE,198211,1029,0.422952273306627,0.560578245452669,0.70544193224214,0.836539209133109,0.995403458617113,1.16403668322355,1.38309553392947,1.66318201767983,2.05717786928267
BM_CZ,MONTHLY,NYSE,198212,1027,0.428600789328135,0.571207381752024,0.708502433851746,0.846616836441855,0.995403458617113,1.17464854331402,1.37663201797355,1.66166389119598,2.03953403970062
BM_CZ,MONTHLY,NYSE,198301,1022,0.43676494892694,0.571868729004412,0.706711084743626,0.846616836441855,0.995990741883284,1.1761682764374,1.38357986983965,1.6646098900848,2.05094309853057
BM_CZ,MONTHLY,NYSE,198302,1018,0.431864985591992,0.571357474483168,0.702043326780946,0.847791196287486,0.997427686132005,1.17552293842397,1.38878789274194,1.66674110886446,2.05915434877572
BM_CZ,MONTHLY,NYSE,198303,1014,0.437131726135652,0.571990681660035,0.699717635870121,0.850537189884714,0.998780046416216,1.18904663990606,1.39573215358455,1.66647628816077,2.07365023129384
BM_CZ,MONTHLY,NYSE,198304,1011,0.436581560322583,0.572112634315658,0.701797243064038,0.85067681895093,0.991502471311902,1.18213977899842,1.38920511664991,1.66175414527487,2.05322491029655
BM_CZ,MONTHLY,NYSE,198305,1016,0.435420259116893,0.573333991590761,0.705499884972991,0.853138927266857,0.996840402865835,1.18213977899842,1.38711899711005,1.66130287488045,2.06310730776184
BM_CZ,MONTHLY,NYSE,198306,1027,0.351651603394119,0.470242028189911,0.599176370153668,0.744632019925504,0.884396276824959,1.03727795531297,1.2196350367277,1.45831013921979,1.77859740423434
BM_CZ,MONTHLY,NYSE,198307,1030,0.353078491350749,0.475056586102368,0.606581512636337,0.749310830717676,0.890382180264152,1.03939423530243,1.22291009366078,1.46037288062071,1.76498661871191
BM_CZ,MONTHLY,NYSE,198308,1026,0.355871624170379,0.475084355722728,0.605240951355811,0.750060377889686,0.885958732660443,1.03993799257402,1.22075660562632,1.45909558881761,1.77206765457946
BM_CZ,MONTHLY,NYSE,198309,1021,0.356533774099035,0.474945507620932,0.599698400209809,0.738216205389852,0.882477034081779,1.0374054144947,1.21211737720478,1.45417771958357,1.75189478849217
BM_CZ,MONTHLY,NYSE,198310,1019,0.357702890164643,0.47762037612771,0.601295952783434,0.738737014039472,0.880873258085872,1.03662470521161,1.21153065520662,1.45003258351734,1.74804395113173
BM_CZ,MONTHLY,NYSE,198311,1016,0.359416585042143,0.478096685302156,0.601677495656236,0.740820248637955,0.879792325281359,1.03638774183197,1.21138397470708,1.45126994920203,1.7494880151419
BM_CZ,MONTHLY,NYSE,198312,1021,0.363872780766514,0.488597144180879,0.603585210020243,0.744509353313318,0.880873258085872,1.03262423920109,1.21543244482952,1.44147683969854,1.74188563638313
BM_CZ,MONTHLY,NYSE,198401,1020,0.363856832465149,0.497073412375202,0.604315205698203,0.746715647301124,0.881272940414288,1.02465142267381,1.211090613708,1.44203587841395,1.73986864510924
BM_CZ,MONTHLY,NYSE,198402,1017,0.368187729789487,0.503286985408633,0.608475011143625,0.750827090735945,0.881672622742703,1.03488234077962,1.21596509115234,1.44438178066661,1.74259084104263
BM_CZ,MONTHLY,NYSE,198403,1011,0.370144089043172,0.503456906386001,0.613583423009907,0.750920598145698,0.880873258085872,1.0374054144947,1.20844505466857,1.44427203327563,1.74517736520392
BM_CZ,MONTHLY,NYSE,198404,1010,0.376505105452557,0.503414426141659,0.612965924928077,0.755518320955919,0.882074828412241,1.0369725334318,1.20860218894469,1.44466212965651,1.74522857111994
BM_CZ,MONTHLY,NYSE,198405,1007,0.376871244049552,0.503978481379799,0.61858805599944,0.756444363830674,0.88511687261717,1.03711682711943,1.21094393320846,1.4459974483654,1.7442601349007
BM_CZ,MONTHLY,NYSE,198406,1013,0.319679445898038,0.412173806459485,0.513122150494496,0.618416567128745,0.718314453951427,0.822088988986852,0.935946710931989,1.09690488919031,1.35560718335257
BM_CZ,MONTHLY,NYSE,198407,1009,0.320224514957175,0.422151966665935,0.514442635020907,0.621673531058564,0.715830568026547,0.825953475650876,0.938717013840972,1.09245877648202,1.33236702579283
BM_CZ,MONTHLY,NYSE,198408,1008,0.322349443239734,0.424871160894351,0.516121820091046,0.628598832585766,0.714251832846549,0.825606434346574,0.937606734123534,1.08685600673387,1.33264729389392
BM_CZ,MONTHLY,NYSE,198409,1010,0.325076183969339,0.427836492872126,0.516801374756454,0.627331461139252,0.715231599546947,0.826111230211677,0.937975207880278,1.07630495660949,1.33953026729664
BM_CZ,MONTHLY,NYSE,198410,1006,0.326138599951913,0.427186713207891,0.517925961415082,0.623529346799711,0.717072510988987,0.826174341400728,0.940016885076321,1.09196189190085,1.33320783009609
BM_CZ,MONTHLY,NYSE,198411,1002,0.332137880199661,0.429233023770251,0.522292457294602,0.626064089692738,0.719627786392443,0.8283021428955,0.942479085112042,1.09296590584621,1.33432890250045
BM_CZ,MONTHLY,NYSE,198412,996,0.33815927952189,0.435581280887387,0.529587158762173,0.630509047762788,0.721732292860875,0.828901705240556,0.943138987154521,1.09201311581589,1.32664929019311
BM_CZ,MONTHLY,NYSE,198501,989,0.338178966754838,0.437763935728161,0.528371625909187,0.631855978674497,0.723040256776784,0.828601924068028,0.94321866011761,1.09198238146687,1.31865885965122
BM_CZ,MONTHLY,NYSE,198502,988,0.340722330087335,0.43832190335895,0.527984409170492,0.63435814562994,0.723067258845454,0.829210071160039,0.945871792022961,1.09272770833863,1.32474886248605
BM_CZ,MONTHLY,NYSE,198503,983,0.340795041154436,0.435814867914448,0.527167445986372,0.634595684372445,0.724043768597691,0.828932219419333,0.946605063421497,1.09094087059492,1.32092002855033
BM_CZ,MONTHLY,NYSE,198504,981,0.340593350221993,0.432395240522835,0.529146059386577,0.638789259018267,0.72879878170933,0.828901705240556,0.947609481719566,1.09937207974799,1.3297676460514
BM_CZ,MONTHLY,NYSE,198505,979,0.340740755782384,0.432389368815239,0.529429707626131,0.638046249393286,0.726592276088346,0.827136070719461,0.946842008006711,1.09198238146687,1.32200494617239
BM_CZ,MONTHLY,NYSE,198506,994,0.359302365534193,0.482691211623467,0.590833685868142,0.701705191807442,0.809842449902405,0.944427553221895,1.07655498443406,1.26484251767418,1.53203695307817
BM_CZ,MONTHLY,NYSE,198507,992,0.35993860104447,0.489817826068988,0.591184575416073,0.71035907004413,0.809842449902405,0.944448839607086,1.09060284937079,1.26508380773937,1.50899146922287
BM_CZ,MONTHLY,NYSE,198508,990,0.364627204826152,0.490012185514418,0.591069852654925,0.714434495690619,0.811393245873808,0.948037619556019,1.09355442154599,1.27281836022733,1.51821566837993
BM_CZ,MONTHLY,NYSE,198509,990,0.364023116362912,0.489684842615138,0.592987308556521,0.714434495690619,0.809842449902405,0.946145910891651,1.08689681791718,1.27281836022733,1.52568233348901
BM_CZ,MONTHLY,NYSE,198510,984,0.36169529414606,0.489947399032608,0.591300546017554,0.710707661359609,0.809842449902405,0.947749832543949,1.08504380219038,1.26716796300925,1.52234409281486
BM_CZ,MONTHLY,NYSE,198511,982,0.360977807929039,0.489817826068988,0.596528014441341,0.716886028042279,0.809381404041242,0.944448839607086,1.08325540745871,1.26508380773937,1.51660137271287
BM_CZ,MONTHLY,NYSE,198512,980,0.369923242461984,0.495157178076625,0.600404343581794,0.715050075991977,0.811393245873808,0.93576521590576,1.0827057295675,1.26472187264159,1.50609906504077
BM_CZ,MONTHLY,NYSE,198601,966,0.370792659959353,0.495290059003488,0.602484026306957,0.717942368382664,0.816664892947337,0.947012421904516,1.08389248010204,1.27011322836517,1.50754526713182
BM_CZ,MONTHLY,NYSE,198602,965,0.372333915603006,0.493651131412774,0.60134475937324,0.718291669377241,0.814778979687933,0.943889140969092,1.08222123384001,1.26830817567213,1.50196902401541
BM_CZ,MONTHLY,NYSE,198603,963,0.376293657013758,0.491702085499976,0.600574624359964,0.723336361848245,0.817696155214032,0.947985902379913,1.09357526238182,1.27155865249163,1.50385326926671
BM_CZ,MONTHLY,NYSE,198604,957,0.379979873116615,0.490727562543577,0.605641261893567,0.723756179792245,0.819622244927748,0.948089336732125,1.09397237046956,1.26755507551087,1.50718371660905
BM_CZ,MONTHLY,NYSE,198605,952,0.375703137631689,0.488681331693556,0.605014412688846,0.720284749240138,0.818502217602886,0.947290848972553,1.09424180536082,1.27204046053379,1.50899146922287
BM_CZ,MONTHLY,NYSE,198606,968,0.295331755458789,0.393071993154365,0.488593525936743,0.582053160972324,0.691205066837392,0.783914840453083,0.923491891832141,1.05458049455727,1.30973072954469
BM_CZ,MONTHLY,NYSE,198607,962,0.299622879157457,0.399964975726309,0.491191963714399,0.583855861040239,0.693325442419322,0.785291937315148,0.924501652230908,1.05293527816446,1.30694147837912
BM_CZ,MONTHLY,NYSE,198608,961,0.301699347461891,0.40223124608506,0.492616461255887,0.583878871745743,0.695233385064038,0.787789492655673,0.923536152552861,1.05147540008329,1.30588079645432
BM_CZ,MONTHLY,NYSE,198609,964,0.306462079662245,0.405333163329418,0.492896556233967,0.583830983312284,0.691398125998085,0.786894076768281,0.920253446544322,1.04649762821147,1.29396756693925
BM_CZ,MONTHLY,NYSE,198610,960,0.306762052740619,0.407821526378411,0.4924993216984,0.582164673903309,0.691205066837392,0.786685411672832,0.920670753966673,1.04433885806479,1.29376475098574
BM_CZ,MONTHLY,NYSE,198611,950,0.306301233315408,0.404147481567734,0.491782839342893,0.579892791846579,0.691205066837392,0.784459036330882,0.920670753966673,1.04640584519928,1.29376475098574
BM_CZ,MONTHLY,NYSE,198612,952,0.306362088636121,0.404614909731706,0.492343135621751,0.58173814187378,0.692354340870862,0.785291937315148,0.925915874093786,1.04582026115651,1.29319470046147
BM_CZ,MONTHLY,NYSE,198701,932,0.306214354854208,0.403822577472383,0.492343135621751,0.583880555732168,0.691205066837392,0.785025836430954,0.919196370221947,1.03928409655056,1.29403517225708
BM_CZ,MONTHLY,NYSE,198702,927,0.304412073423209,0.403007021995588,0.490321310951296,0.584087341504472,0.691417499774606,0.785291937315148,0.91944733430228,1.03928409655056,1.29051346113474
BM_CZ,MONTHLY,NYSE,198703,926,0.306257794084808,0.404255782932851,0.499360230443442,0.587251958449805,0.694823520860592,0.784641650689309,0.913383044206194,1.04348485710493,1.27827078744362
BM_CZ,MONTHLY,NYSE,198704,926,0.309355748748553,0.404255782932851,0.499993035065726,0.589133358550834,0.691398125998085,0.783809227210037,0.909075537812989,1.03761588820622,1.26223691440557
BM_CZ,MONTHLY,NYSE,198705,923,0.313303124335872,0.4039308788375,0.500025493600888,0.5923605750085,0.691417499774606,0.781433248423319,0.896793295731186,1.03355924411879,1.25528085381162
BM_CZ,MONTHLY,NYSE,198706,931,0.267987774214852,0.376999101527403,0.475917340475424,0.553206490283943,0.642100835704859,0.756704680564741,0.879827527154951,1.00512081734372,1.1956517789362
BM_CZ,MONTHLY,NYSE,198707,926,0.267078927323718,0.376968188078931,0.478687546612094,0.556913782016933,0.643450425406473,0.759187380899987,0.881517173559254,1.00865738557874,1.19109645487794
BM_CZ,MONTHLY,NYSE,198708,924,0.266715388567265,0.376986736148015,0.480483026400086,0.557935238629553,0.647565212912654,0.763645432442837,0.883054332249869,1.01531751957115,1.19705688930411
BM_CZ,MONTHLY,NYSE,198709,925,0.266897157945491,0.379413005691296,0.475753337623029,0.557488081603665,0.648990984388384,0.758799567910709,0.882014279268397,1.01752648256525,1.19585379969823
BM_CZ,MONTHLY,NYSE,198710,923,0.268615783146408,0.382741757455336,0.482247027507355,0.560296425793217,0.645225333553321,0.75678714601583,0.880171981910577,1.01197686116422,1.19675643958
BM_CZ,MONTHLY,NYSE,198711,917,0.269657353938796,0.385972386224277,0.482375400019288,0.561881877483526,0.648990984388384,0.757971418678788,0.882447289776385,1.01630209221147,1.19495115981645
BM_CZ,MONTHLY,NYSE,198712,917,0.281009303228929,0.389182523098554,0.484565644294333,0.567814607710659,0.653147668749444,0.757971418678788,0.883234320512236,1.01276127131409,1.18845703718241
BM_CZ,MONTHLY,NYSE,198801,914,0.28056528487439,0.38970678961235,0.486178480200479,0.573168307786675,0.659241565700568,0.762810881590887,0.88481460720556,1.01458541553753,1.19630511963912
BM_CZ,MONTHLY,NYSE,198802,915,0.28310052872606,0.389968922869248,0.487601199368496,0.574494221238719,0.662373061428328,0.766656958717185,0.887041077000442,1.01904561341833,1.19961113308976
BM_CZ,MONTHLY,NYSE,198803,911,0.281601327701647,0.398652437748483,0.489650530675641,0.574845220591913,0.659555096215365,0.763785553999386,0.887281838111779,1.01813349115129,1.20091250217507
BM_CZ,MONTHLY,NYSE,198804,910,0.285191000173572,0.400049622252339,0.491436917209694,0.576284369465683,0.660964078821847,0.762124255823476,0.886439174222099,1.01904561341833,1.20110510787518
BM_CZ,MONTHLY,NYSE,198805,905,0.282467208369625,0.399660946185736,0.490489288398264,0.57547505983678,0.659555096215365,0.759955163649742,0.882870218506793,1.01904561341833,1.2100634329223
BM_CZ,MONTHLY,NYSE,198806,918,0.281617379727515,0.385814413431544,0.522359612158688,0.631495004386477,0.724256753013051,0.840669490688363,0.986177297011442,1.14800879442939,1.47006428976449
BM_CZ,MONTHLY,NYSE,198807,909,0.278830477665172,0.385529573063614,0.517937037240523,0.624722777833831,0.722109349627269,0.836289360794555,0.977423583426278,1.14262714416531,1.43327991502585
BM_CZ,MONTHLY,NYSE,198808,905,0.277977424169517,0.385823061633577,0.522732675532119,0.625175195428034,0.722109349627269,0.835280107051493,0.976422068934205,1.14229304759521,1.43027650670816
BM_CZ,MONTHLY,NYSE,198809,904,0.277764160795603,0.391901729266633,0.51906941199379,0.623429145226248,0.71484688143418,0.831605460556066,0.975512164707761,1.14214465509761,1.42530564658716
BM_CZ,MONTHLY,NYSE,198810,905,0.276404258537443,0.389798917424998,0.51954183563639,0.622176203567852,0.715166934263545,0.832887387509722,0.974360376499562,1.14212123663192,1.42510301057866
BM_CZ,MONTHLY,NYSE,198811,899,0.27578605829874,0.389117775130223,0.521370321921983,0.623429145226248,0.715166934263545,0.831605460556066,0.964695088252471,1.13832056421474,1.42154831792314
BM_CZ,MONTHLY,NYSE,198812,893,0.279573764958765,0.395951396379485,0.529316346553265,0.623040935436928,0.724197873324087,0.841501950703784,0.972416556283023,1.1404457246362,1.41692044013712
BM_CZ,MONTHLY,NYSE,198901,881,0.280840807141831,0.396206655647462,0.530210952256949,0.624713415344018,0.720305778397861,0.841373193784175,0.965349849170676,1.14163142734571,1.41943802606569
BM_CZ,MONTHLY,NYSE,198902,880,0.280682426868948,0.397740367128457,0.531721584279902,0.626594020340041,0.723918548356887,0.842538471436721,0.965713417471709,1.14172470550982,1.42125595834757
BM_CZ,MONTHLY,NYSE,198903,879,0.282054151639117,0.397356939258208,0.530298463080733,0.624898550338067,0.724197873324087,0.840999067047783,0.962315826806002,1.13704893906736,1.40430815362679
BM_CZ,MONTHLY,NYSE,198904,878,0.278617214291258,0.398362582239901,0.527207527346059,0.624604101788871,0.722676369884039,0.837039784380385,0.962009364809712,1.12851757633616,1.39856706249982
BM_CZ,MONTHLY,NYSE,198905,879,0.278830477665172,0.398481975860499,0.523478802278981,0.624164695171431,0.721740521972593,0.839432105574028,0.966076985772741,1.1300000454323,1.39846973611398
BM_CZ,MONTHLY,NYSE,198906,900,0.265186094972034,0.382507785802357,0.463337089361381,0.566668497134075,0.658766296699709,0.754362029100219,0.86669979796367,1.00525671210822,1.20974388140887
BM_CZ,MONTHLY,NYSE,198907,905,0.264668136615369,0.381753263542824,0.461976431800195,0.570135959385937,0.659771253134022,0.752579983537466,0.866092435214633,1.00723325030725,1.20957492683099
BM_CZ,MONTHLY,NYSE,198908,899,0.265850397071226,0.380451950876051,0.462690479383415,0.569792049067563,0.659771253134022,0.752388307791843,0.865363460821842,0.999937367757786,1.20650888489727
BM_CZ,MONTHLY,NYSE,198909,897,0.266039630338311,0.380338670223156,0.467940912692728,0.572156243184092,0.663036666686978,0.75107160046721,0.863790811170611,0.992793925665767,1.19204625663341
BM_CZ,MONTHLY,NYSE,198910,894,0.266015102508251,0.381179174222888,0.471069655744084,0.577193207109436,0.663198067646038,0.7475290474216,0.85973064419437,0.99124135481347,1.19023450573197
BM_CZ,MONTHLY,NYSE,198911,894,0.267110008878208,0.381712064995164,0.473633816933517,0.577193207109436,0.663586879727009,0.74910621207656,0.865077283637805,0.989690437221975,1.18901365620323
BM_CZ,MONTHLY,NYSE,198912,890,0.265734752736698,0.384259754326879,0.477072554162619,0.575011993649083,0.660151350097143,0.746942489126923,0.859985700663356,0.970538748365224,1.17422743601657
BM_CZ,MONTHLY,NYSE,199001,885,0.273896038966573,0.389118934707811,0.477877462100923,0.575956566676599,0.660531447060263,0.746942489126923,0.862976118445343,0.970538748365224,1.1744361796758
BM_CZ,MONTHLY,NYSE,199002,879,0.27726908629736,0.385311399552329,0.477910338280211,0.573289745349791,0.660531447060263,0.746278554514786,0.857168706480553,0.971068558300457,1.17426918474842
BM_CZ,MONTHLY,NYSE,199003,879,0.26601470819435,0.390136937244237,0.4775892564523,0.571853701282115,0.653263364271554,0.746824282550474,0.851623294728826,0.973665504429732,1.17153176602691
BM_CZ,MONTHLY,NYSE,199004,877,0.275185865977652,0.397327248585696,0.48081360284608,0.57745785773392,0.663778590654552,0.747209917914797,0.855475253062669,0.986456834996052,1.1626264727007
BM_CZ,MONTHLY,NYSE,199005,872,0.284195171173196,0.398820921905932,0.481041419851342,0.57745785773392,0.663355900445688,0.746869887490758,0.852189612877487,0.96968750177902,1.15886264619324
BM_CZ,MONTHLY,NYSE,199006,896,0.209885471462484,0.323047406220367,0.404993041249129,0.494813751423394,0.598817492584309,0.690450438249084,0.814376343427531,0.990603399782131,1.26024678480377
BM_CZ,MONTHLY,NYSE,199007,898,0.211533267066285,0.319485502425122,0.403219854761742,0.494475734889798,0.594530186552397,0.691575492800488,0.810275480589128,0.989776383623106,1.2550284673528
BM_CZ,MONTHLY,NYSE,199008,902,0.210273045703268,0.323099694183517,0.403476371446084,0.493877996692648,0.59414957055511,0.690777892150913,0.808825031425027,0.988508198276656,1.25674836611842
BM_CZ,MONTHLY,NYSE,199009,899,0.212018628797901,0.321715435215474,0.405167569489846,0.497768427300092,0.602534667891504,0.69370411431247,0.811017159442726,0.988452876060832,1.25831972346912
BM_CZ,MONTHLY,NYSE,199010,901,0.212967766049227,0.324356174650144,0.405390994079774,0.498782420833871,0.60914396093208,0.696420249451704,0.811408059749903,0.988397553845009,1.25703501591269
BM_CZ,MONTHLY,NYSE,199011,900,0.212887327219084,0.325268505267406,0.408382808847359,0.502852172786908,0.610028110255358,0.695903215645209,0.810723984212344,0.987616273091217,1.25767736969091
BM_CZ,MONTHLY,NYSE,199012,899,0.212662139439048,0.329852136590984,0.417030610092907,0.503098561786983,0.610633493356244,0.694395402383486,0.807448353555615,0.970193788796497,1.2352475245153
BM_CZ,MONTHLY,NYSE,199101,900,0.210027501340042,0.329102384332265,0.418344412490505,0.502745661662386,0.610552059511335,0.694286412898312,0.808019059056147,0.969041322733251,1.23915350800279
BM_CZ,MONTHLY,NYSE,199102,900,0.210027501340042,0.329102384332265,0.419672941014281,0.503169569203331,0.611259865539249,0.694893348851996,0.808600186809275,0.962922045310508,1.23915350800279
BM_CZ,MONTHLY,NYSE,199103,901,0.209707934115536,0.330022787878788,0.422021095327293,0.509614179573788,0.613884780072979,0.699833356478267,0.810430808981962,0.961373182307541,1.21236879874116
BM_CZ,MONTHLY,NYSE,199104,907,0.212356512828868,0.330193453169711,0.421995275102776,0.509229754874498,0.613622268781802,0.697576796743499,0.80820291369236,0.961202509773823,1.19930460149881
BM_CZ,MONTHLY,NYSE,199105,908,0.212509326133958,0.331444231354177,0.422142385920995,0.509486038007358,0.614080966695832,0.694671622989034,0.805123822567353,0.958321660230249,1.19673516862906
BM_CZ,MONTHLY,NYSE,199106,932,0.223822404342273,0.386351251008859,0.510723283724635,0.642330338683991,0.783783489143604,0.932349781031298,1.13354922230782,1.38636106110682,1.89774692236681
BM_CZ,MONTHLY,NYSE,199107,935,0.223935025946926,0.390500202666243,0.51069139574285,0.639254817628918,0.784040041276573,0.928312072836022,1.13074494260428,1.37337346472351,1.8386058362954
BM_CZ,MONTHLY,NYSE,199108,939,0.223727200947516,0.388473940048418,0.510003493044943,0.637056856379106,0.790950604580738,0.928692992768394,1.12923586826194,1.36667425232171,1.83345165438819
BM_CZ,MONTHLY,NYSE,199109,938,0.224868328792137,0.391079896600729,0.509971879781387,0.640353798253824,0.794096116642069,0.928121612869836,1.13089471963519,1.36696406588418,1.82971568421568
BM_CZ,MONTHLY,NYSE,199110,937,0.224767177415579,0.390923184892738,0.510045644063017,0.638155837004012,0.793641294003417,0.927604725049303,1.12984628041884,1.36588959989034,1.82551146614707
BM_CZ,MONTHLY,NYSE,199111,936,0.226462707383647,0.392263225580323,0.516821579466337,0.642106482146944,0.795038833823843,0.930267149971676,1.13139041315765,1.37136836205689,1.83042136416542
BM_CZ,MONTHLY,NYSE,199112,947,0.230879495068145,0.398722504060349,0.516169727615633,0.641714260186016,0.789448560139489,0.920435543833243,1.12243772274161,1.35344522654109,1.7989852991735
BM_CZ,MONTHLY,NYSE,199201,934,0.23614432310996,0.402617174773352,0.518707577226322,0.644987146116792,0.795038833823843,0.924411857656583,1.12746430523875,1.36340776344989,1.81290188085225
BM_CZ,MONTHLY,NYSE,199202,936,0.238584660309563,0.402625787650702,0.515273804059334,0.644591579653051,0.790199582360113,0.921562825710866,1.12369319796946,1.36089829749104,1.80966138205345
BM_CZ,MONTHLY,NYSE,199203,939,0.237115820870242,0.399448881280162,0.513629817605993,0.642237903464772,0.787899409813021,0.915653927142331,1.12536464185429,1.36443206590943,1.81850177685957
BM_CZ,MONTHLY,NYSE,199204,939,0.237115820870242,0.400562546768617,0.511979618660362,0.638243693165816,0.785824836552261,0.912606308470784,1.11926557211935,1.36667425232171,1.82360380728484
BM_CZ,MONTHLY,NYSE,199205,942,0.237720468041397,0.40264282155633,0.513604687518296,0.635447338932256,0.777094899718105,0.908690787751355,1.11358742265152,1.3638073283095,1.82108879419154
BM_CZ,MONTHLY,NYSE,199206,972,0.174777387756985,0.301309844996877,0.420628964183937,0.51710167747112,0.618528382904361,0.734213060672766,0.854083517491513,1.02214685594452,1.45220176441952
BM_CZ,MONTHLY,NYSE,199207,974,0.176433149988684,0.304351715822019,0.417510035830709,0.517957992470052,0.614524804799404,0.73141975524242,0.847574203133255,1.0159867568104,1.43191024431651
BM_CZ,MONTHLY,NYSE,199208,975,0.170714089132334,0.302906782877845,0.41904277250365,0.518782725369078,0.615179892571197,0.732138786860592,0.844907821531657,1.01400717413602,1.42784873354718
BM_CZ,MONTHLY,NYSE,199209,978,0.17683669918723,0.303145158130256,0.419038454018156,0.522058954076198,0.614524804799404,0.733289345293651,0.859116376846628,1.01503984488169,1.43150491411358
BM_CZ,MONTHLY,NYSE,199210,979,0.180218081370296,0.306654213634887,0.422176104654554,0.5235618787337,0.615179892571197,0.733406383358194,0.859899271374017,1.01499134837154,1.43024528533309
BM_CZ,MONTHLY,NYSE,199211,974,0.186035661688295,0.312761424697345,0.422180949947876,0.523063502933245,0.613394268257483,0.733406383358194,0.854901917895666,1.01422896943982,1.42848837479751
BM_CZ,MONTHLY,NYSE,199212,983,0.202694931874604,0.320276606442647,0.425419397522225,0.52388207749203,0.618825473291715,0.731793317236736,0.856078691239669,0.997196895277803,1.4131684260631
BM_CZ,MONTHLY,NYSE,199301,979,0.203374630086422,0.320769375154206,0.430782945885638,0.526998374400162,0.621173900423348,0.733727841181266,0.856863206802338,1.00116312519347,1.41700188133625
BM_CZ,MONTHLY,NYSE,199302,983,0.203641958685522,0.320613610290727,0.433245440818714,0.526784760784837,0.62101399763208,0.733241321692082,0.856078691239669,1.00174014284464,1.4131684260631
BM_CZ,MONTHLY,NYSE,199303,981,0.202468365803998,0.325474376962651,0.431611514662362,0.527064214401357,0.621580497911878,0.731471859413665,0.858432237927676,1.00220717576221,1.4036188909571
BM_CZ,MONTHLY,NYSE,199304,978,0.199294311817545,0.320613610290727,0.430368661497276,0.527047754401058,0.621959908319876,0.731793317236736,0.860197767095268,1.00211298881992,1.4033115414547
BM_CZ,MONTHLY,NYSE,199305,983,0.204332434388159,0.328340188372632,0.425990036801747,0.523382757783901,0.620731929696596,0.726921463278228,0.851597994579497,0.999610597970485,1.38133103046697
BM_CZ,MONTHLY,NYSE,199306,1019,0.174155296429548,0.273743919798029,0.37175520723425,0.45380884470169,0.544764269284945,0.627893946396872,0.735485959934004,0.920072481743416,1.2272789176048
BM_CZ,MONTHLY,NYSE,199307,1024,0.179148755267109,0.276855911553738,0.37901247223792,0.457345807368591,0.546710314781279,0.628002275277856,0.73534639144342,0.918041656668543,1.25473183636998
BM_CZ,MONTHLY,NYSE,199308,1023,0.179082450253179,0.276647537074781,0.378964260509017,0.457268245410081,0.549366250384727,0.627754159455362,0.73045559931068,0.911747002147222,1.25633887821847
BM_CZ,MONTHLY,NYSE,199309,1029,0.178379580417351,0.276167389939435,0.376264851341154,0.457156177482907,0.550675481859317,0.630031935026427,0.73051138747206,0.90909407236733,1.26092760377367
BM_CZ,MONTHLY,NYSE,199310,1032,0.180309641282655,0.279437339116527,0.374846618019549,0.457640829843671,0.55146912658888,0.630845080176101,0.726248724275411,0.903300424253769,1.24141852858734
BM_CZ,MONTHLY,NYSE,199311,1031,0.182019509252399,0.280522908763936,0.378867837051211,0.458040141676505,0.552364985374902,0.633085225323944,0.727009011233181,0.908502635867698,1.2224133354182
BM_CZ,MONTHLY,NYSE,199312,1039,0.183211903804746,0.283205071089881,0.38355808047278,0.461731522642619,0.554706238025061,0.630085239701838,0.723954815687844,0.897002106041101,1.21687077582794
BM_CZ,MONTHLY,NYSE,199401,1027,0.185536946251123,0.284923637206454,0.38431681592512,0.462121444371003,0.554706238025061,0.631181013735523,0.722991831805968,0.887374785466323,1.21729152277084
BM_CZ,MONTHLY,NYSE,199402,1026,0.188535224881361,0.286017953591826,0.385427331524334,0.461637128303795,0.555874535066913,0.631739140583059,0.723963648107985,0.900005225105808,1.21960171183681
BM_CZ,MONTHLY,NYSE,199403,1023,0.190200475246494,0.286341538303978,0.38481956960377,0.461440318165672,0.551197058084763,0.63132534405593,0.724046477046344,0.903695683703145,1.22023048077918
BM_CZ,MONTHLY,NYSE,199404,1027,0.188842063950699,0.28700174967432,0.386203076464327,0.462121444371003,0.551048678177739,0.628631229184131,0.721947925658372,0.909685508866961,1.21939212218936
BM_CZ,MONTHLY,NYSE,199405,1032,0.183706842146689,0.285788718922104,0.38444424114231,0.461825916981444,0.550862080018528,0.629200156942246,0.714238602808554,0.908092588363017,1.21618755371711
BM_CZ,MONTHLY,NYSE,199406,1082,0.170416323433004,0.263948146267038,0.337437022069343,0.412095315267742,0.476009643314708,0.55178005394255,0.651629514408892,0.793854514337036,1.06334720362677
BM_CZ,MONTHLY,NYSE,199407,1086,0.177811736532394,0.270245930529481,0.340502366549195,0.413437035561899,0.476463322842409,0.563520492622412,0.655471311103752,0.794561119143558,1.06365372220468
BM_CZ,MONTHLY,NYSE,199408,1086,0.177811736532394,0.270245930529481,0.339315790714011,0.412584547113767,0.475474137079386,0.560616870455697,0.655471311103752,0.789707268090481,1.06365372220468
BM_CZ,MONTHLY,NYSE,199409,1090,0.17517206420899,0.272002729026637,0.340769295379959,0.411847517317379,0.476463322842409,0.559351632678488,0.655379791091361,0.789971433494573,1.06358253559582
BM_CZ,MONTHLY,NYSE,199410,1088,0.177558053392864,0.271124329778059,0.342654789314543,0.413266537872272,0.476463322842409,0.558929886752752,0.65523792748549,0.790499764302758,1.06172442100475
BM_CZ,MONTHLY,NYSE,199411,1093,0.18123939405102,0.271124329778059,0.343108670403615,0.41509087915084,0.482961506932631,0.565451074123892,0.654283401012449,0.787183912209098,1.04339592517484
BM_CZ,MONTHLY,NYSE,199412,1107,0.182306666648723,0.275453108118694,0.347190865434888,0.417053763477687,0.488149727255627,0.568925979575077,0.661804640779572,0.787349681250121,1.06198732356744
BM_CZ,MONTHLY,NYSE,199501,1094,0.186003219855154,0.275573270384224,0.34727491367573,0.418061107362404,0.488477737026068,0.569487127063758,0.662660243846823,0.787018143168074,1.06277603125553
BM_CZ,MONTHLY,NYSE,199502,1092,0.185307746875791,0.274001253330437,0.345827476119303,0.41757386610548,0.486943425908231,0.568925979575077,0.658322599351237,0.780821963770828,1.04367761578851
BM_CZ,MONTHLY,NYSE,199503,1094,0.188770960420516,0.28140421392632,0.347255291074084,0.42202850600927,0.490386172072004,0.571252841823438,0.661155598937905,0.77792195698913,1.03782907191794
BM_CZ,MONTHLY,NYSE,199504,1091,0.189797162662259,0.281390728278855,0.347919375350797,0.422236397310897,0.493301973616934,0.573022764609247,0.665745601915815,0.791976820263576,1.03203135171863
BM_CZ,MONTHLY,NYSE,199505,1095,0.186140419019136,0.280548848529301,0.347396035963531,0.420080479434612,0.493258155271612,0.573090093473914,0.665095675540615,0.786852374127051,1.02822431943167
BM_CZ,MONTHLY,NYSE,199506,1143,0.192750307841002,0.296642538001111,0.370323747623765,0.442839540692835,0.524263478214036,0.610631920366775,0.7226478179659,0.861708562831301,1.09599272859218
BM_CZ,MONTHLY,NYSE,199507,1145,0.194062660220777,0.296988779705925,0.369790400765512,0.441828144581465,0.521010301436408,0.609495147960649,0.720586508187223,0.86235321682754,1.09576727355311
BM_CZ,MONTHLY,NYSE,199508,1144,0.193987599190761,0.296815658853518,0.37016213136601,0.444180077043551,0.524565287767401,0.611480143270364,0.719851311141737,0.862659188140556,1.09588000107264
BM_CZ,MONTHLY,NYSE,199509,1146,0.195567792613051,0.2972746646479,0.371048109592926,0.445991781311417,0.524565287767401,0.610965308961279,0.717876816473811,0.860400297474699,1.09565454603358
BM_CZ,MONTHLY,NYSE,199510,1145,0.196515918858651,0.297554928219516,0.370966340846439,0.443882828159422,0.524263478214036,0.609292489304333,0.716855889618176,0.860560345741052,1.09497859861439
BM_CZ,MONTHLY,NYSE,199511,1144,0.194801492411458,0.297831554592389,0.371886401915388,0.446073214816728,0.525201809352112,0.608596628246182,0.715501120680098,0.859321705453827,1.09332227695114
BM_CZ,MONTHLY,NYSE,199512,1149,0.20244625168716,0.303937974023142,0.377975940177431,0.45624685902828,0.532038312246546,0.616206587791254,0.720158711437283,0.862659188140556,1.09531636347498
BM_CZ,MONTHLY,NYSE,199601,1140,0.202465915800844,0.30412636532613,0.376718048176938,0.45649559830721,0.533317020905724,0.616368753308466,0.719799639871964,0.86235321682754,1.09520363595545
BM_CZ,MONTHLY,NYSE,199602,1140,0.202465915800844,0.308932342178458,0.382595528512945,0.45744350781016,0.53547333173985,0.616368753308466,0.719988210065855,0.86235321682754,1.09483821133748
BM_CZ,MONTHLY,NYSE,199603,1137,0.206344729591869,0.31230599575927,0.386594145840769,0.461366147891117,0.542616046474788,0.626150275515265,0.726044795961383,0.867847826506124,1.10699575080956
BM_CZ,MONTHLY,NYSE,199604,1133,0.204425720260422,0.3120201345084,0.385951107733375,0.460596208906607,0.542560579350646,0.629930115025374,0.72609486422942,0.868728267865645,1.10793246843458
BM_CZ,MONTHLY,NYSE,199605,1135,0.204139620852117,0.312112680244379,0.386115217510706,0.461635679013778,0.542616046474788,0.630265726489682,0.726195000765494,0.869592213315149,1.10746410962207
BM_CZ,MONTHLY,NYSE,199606,1179,0.171495862743293,0.263644939060286,0.326778875193032,0.390755376679912,0.472077202974213,0.544238313423071,0.660378483240945,0.826234531022039,1.06349853140673
BM_CZ,MONTHLY,NYSE,199607,1186,0.170434825765253,0.264518004656275,0.32811782840596,0.392811806676795,0.473025115796556,0.543783903521642,0.659421768404541,0.824782177095344,1.05914330673646
BM_CZ,MONTHLY,NYSE,199608,1182,0.171094659904835,0.264630196856153,0.327789355041784,0.394009948191942,0.472456849510693,0.545862857384685,0.660429102091088,0.829029087672518,1.06608664200456
BM_CZ,MONTHLY,NYSE,199609,1183,0.170050210525765,0.267914163652646,0.32929457959118,0.396717857127218,0.473213735545939,0.546232873134419,0.6608158899049,0.82612817196235,1.06244389792546
BM_CZ,MONTHLY,NYSE,199610,1179,0.170862845790361,0.269455850082878,0.329434747859931,0.396774522700337,0.472836496047173,0.544238313423071,0.65955236875165,0.824985726987485,1.05791936796817
BM_CZ,MONTHLY,NYSE,199611,1185,0.170321088947297,0.267059713190369,0.330589978065575,0.397270190532967,0.472022418301838,0.544011108472356,0.66105082116828,0.82384328201262,1.04735573805645
BM_CZ,MONTHLY,NYSE,199612,1194,0.171269526161168,0.268337969272171,0.335744505718575,0.402587681593783,0.473981109012888,0.550390378058015,0.662166056785979,0.819651141363454,1.06228631127022
BM_CZ,MONTHLY,NYSE,199701,1175,0.173634426610839,0.269545939940097,0.336870092075099,0.401436413968776,0.474103914630625,0.550362041121066,0.663507057007753,0.82079891471267,1.06497745174835
BM_CZ,MONTHLY,NYSE,199702,1178,0.174591043925817,0.27044961193659,0.33736234606057,0.402480955679035,0.474303574506318,0.551462465194151,0.666864273182708,0.82612817196235,1.06386826149213
BM_CZ,MONTHLY,NYSE,199703,1177,0.175303464629569,0.275482365902447,0.339309723161462,0.406186321914083,0.479207717720137,0.553548307228358,0.669920443835154,0.829029087672518,1.05477327172954
BM_CZ,MONTHLY,NYSE,199704,1178,0.179833937447817,0.278412751307339,0.34075081950253,0.408923090523506,0.480401484717301,0.556089495551104,0.673052503411213,0.832611080070959,1.05438491555291
BM_CZ,MONTHLY,NYSE,199705,1179,0.180082311215086,0.277848143983027,0.340605081707723,0.409419393067217,0.479927353335077,0.553554051115582,0.673973375011928,0.832546714376994,1.06149837799406
BM_CZ,MONTHLY,NYSE,199706,1228,0.160326092163189,0.242064717112984,0.30684871669327,0.375569606408442,0.447612611772429,0.525303561349368,0.63071741145328,0.773765243345759,1.0219188146092
BM_CZ,MONTHLY,NYSE,199707,1231,0.163609720385957,0.245243769974007,0.308565532685012,0.376817590269558,0.450246114082809,0.526768603465851,0.630709646307096,0.773821060639558,1.01473407633876
BM_CZ,MONTHLY,NYSE,199708,1227,0.16519552923307,0.248666760467208,0.31132470834425,0.382220775735984,0.45367966278356,0.530858669064064,0.631112935596098,0.775603328449246,1.01665738781236
BM_CZ,MONTHLY,NYSE,199709,1218,0.165266393882155,0.250136054546194,0.31351681702563,0.38340222016513,0.450620431678959,0.529219128198935,0.630663067918953,0.771595952987974,1.01371892057965
BM_CZ,MONTHLY,NYSE,199710,1217,0.165692209345304,0.250155004832447,0.313547997966221,0.383043129972948,0.450246114082809,0.530008531312002,0.630711371895137,0.773793151992658,1.01386394283095
BM_CZ,MONTHLY,NYSE,199711,1212,0.165484967175868,0.248666760467208,0.313525725865799,0.380672625064685,0.450620431678959,0.528617278756425,0.63089799771338,0.774488700687723,1.01458905408746
BM_CZ,MONTHLY,NYSE,199712,1221,0.168272554964494,0.250426841471942,0.313583021414533,0.383642921454063,0.45367966278356,0.53101073541497,0.630709646307096,0.773821060639558,1.02127041824621
BM_CZ,MONTHLY,NYSE,199801,1202,0.170384510628842,0.252850838071877,0.314415268247188,0.385041469716367,0.454660380600763,0.535410560873474,0.630687188766768,0.774488700687723,1.02061678405546
BM_CZ,MONTHLY,NYSE,199802,1195,0.171351458114482,0.256638309295634,0.314517302696356,0.384585288917671,0.454394669625239,0.531152951864682,0.630556602756601,0.773173963667229,1.00596916433403
BM_CZ,MONTHLY,NYSE,199803,1196,0.1728025803567,0.257315178062798,0.315851487109264,0.388553363960255,0.455908139127595,0.537556190394665,0.636783237699818,0.775736693943536,1.02153860767818
BM_CZ,MONTHLY,NYSE,199804,1193,0.178320860470473,0.259299925637314,0.320383954396808,0.391371624040904,0.457419980601358,0.541678461976746,0.636754412272553,0.780095190369978,1.02169952133736
BM_CZ,MONTHLY,NYSE,199805,1196,0.178070196604517,0.258948251748252,0.318492911445313,0.390100992577355,0.455908139127595,0.541254624139756,0.636389575122834,0.778441102573187,1.02172530350993
BM_CZ,MONTHLY,NYSE,199806,1279,0.140500096642361,0.216960787889041,0.275477625068395,0.340414531484735,0.406860762335555,0.475265451170776,0.568751092044153,0.683367006732354,0.936914718696731
BM_CZ,MONTHLY,NYSE,199807,1274,0.145096812510681,0.218887763178888,0.277601436801165,0.338571018609183,0.403399129283581,0.472868492659877,0.564946948703922,0.678485443005629,0.928907031778401
BM_CZ,MONTHLY,NYSE,199808,1267,0.145160686944946,0.21956936183689,0.277720467748023,0.340346391474075,0.406860762335555,0.475023367062932,0.565214622244038,0.67887770692929,0.926136247748415
BM_CZ,MONTHLY,NYSE,199809,1264,0.146213407171246,0.218887763178888,0.28146119431843,0.343453353677198,0.41245411544181,0.477151019848885,0.569650969748647,0.68133026247936,0.928907031778401
BM_CZ,MONTHLY,NYSE,199810,1261,0.145821782650427,0.21958182085081,0.281007349826335,0.341439425500631,0.412419681310574,0.477178486852216,0.565304142825569,0.679738539679818,0.925338815789474
BM_CZ,MONTHLY,NYSE,199811,1255,0.145310769450315,0.21957870609733,0.281671338774227,0.345548196907871,0.413647665545916,0.478297562512741,0.568814473106781,0.685326416623303,0.928682083765319
BM_CZ,MONTHLY,NYSE,199812,1257,0.145343227746823,0.221247911492597,0.282544633062732,0.347890433455178,0.418892777962757,0.484256244485625,0.574861667235234,0.697566615841427,0.936612698773446
BM_CZ,MONTHLY,NYSE,199901,1235,0.149365008197115,0.222043008072121,0.284060463798249,0.348052478299412,0.417856233891524,0.483107196492979,0.570533648725576,0.695153560221201,0.933139270249572
BM_CZ,MONTHLY,NYSE,199902,1226,0.154332900248093,0.225547199678141,0.284893186721587,0.348721875029907,0.418990248630501,0.486110899580493,0.573854414765568,0.695194615328943,0.929864949836473
BM_CZ,MONTHLY,NYSE,199903,1219,0.160301438634592,0.229081480361722,0.28731934061276,0.349525372854601,0.420657629825419,0.49433964754736,0.577635432679075,0.696226064158086,0.926187427795109
BM_CZ,MONTHLY,NYSE,199904,1210,0.160570983481008,0.230105800676636,0.287665199986232,0.349598576874937,0.420808296302711,0.495385308553027,0.581907415346748,0.696150938193095,0.935262046022684
BM_CZ,MONTHLY,NYSE,199905,1206,0.160986776534502,0.229776995694036,0.287614040117676,0.349671780895273,0.420047906390443,0.494366759209733,0.579897223165905,0.696075812228103,0.930236125150947
BM_CZ,MONTHLY,NYSE,199906,1271,0.127102136607523,0.223070255730263,0.311751428589194,0.399957549147987,0.491358530564045,0.594550508981733,0.728616487187623,0.917993144574353,1.25476656615745
BM_CZ,MONTHLY,NYSE,199907,1262,0.129363038483546,0.224962287677266,0.315605325562456,0.402005168889515,0.491352273877303,0.595236939123721,0.741129556471894,0.9225611777417,1.25491178452857
BM_CZ,MONTHLY,NYSE,199908,1250,0.130442031042421,0.22564708498325,0.316240429309436,0.403023801383495,0.492860424761319,0.595749715456943,0.741559239995401,0.918319373596254,1.25525057613684
BM_CZ,MONTHLY,NYSE,199909,1248,0.130795167510295,0.232207281316343,0.314219851384164,0.402704401993026,0.491109685640383,0.594751993788661,0.741160893880984,0.929667880576277,1.25847203842251
BM_CZ,MONTHLY,NYSE,199910,1240,0.130999840015416,0.232860248875505,0.317092190918274,0.404542607951581,0.491352273877303,0.594250642398319,0.741066881653714,0.931241424839196,1.25826033430096
BM_CZ,MONTHLY,NYSE,199911,1228,0.130969221895286,0.232207281316343,0.316738232679058,0.403860642310261,0.491109685640383,0.593726529601241,0.740206153669611,0.930401721498766,1.26068146284603
BM_CZ,MONTHLY,NYSE,199912,1215,0.131392201914558,0.231357549528521,0.316759708238445,0.404542607951581,0.49516162891475,0.596005921356302,0.741360525508903,0.930124760650506,1.25878959460484
BM_CZ,MONTHLY,NYSE,200001,1202,0.131099336779013,0.230767256842542,0.316781183797832,0.402929840218304,0.493844558804743,0.594350597926124,0.734435824766306,0.919298060661956,1.25024304128915
BM_CZ,MONTHLY,NYSE,200002,1195,0.132973742344719,0.230560271600078,0.316977420772037,0.404235868144991,0.495072733727538,0.595612583497176,0.740406887753917,0.926012827942869,1.24896923972193
BM_CZ,MONTHLY,NYSE,200003,1181,0.130982964549673,0.235684893108189,0.317161053006017,0.404652436184582,0.495600717561934,0.59626612866857,0.737954936609265,0.928900439308433,1.25750496234916
BM_CZ,MONTHLY,NYSE,200004,1170,0.1318803104738,0.238636249461689,0.320500512516341,0.410003559416014,0.501084324679167,0.597174997790484,0.741066881653714,0.927001399258175,1.25518562414774
BM_CZ,MONTHLY,NYSE,200005,1161,0.130982964549673,0.235684893108189,0.319274023435119,0.410182689427973,0.500714746955342,0.59626612866857,0.737954936609265,0.92159730457351,1.24642163658749
BM_CZ,MONTHLY,NYSE,200006,1210,0.121051711614177,0.22573694438322,0.342689685844466,0.441354920681237,0.559073187497008,0.680429870615999,0.866680390490973,1.10064029935989,1.57953714118949
BM_CZ,MONTHLY,NYSE,200007,1195,0.124766760185753,0.22573694438322,0.342393425700115,0.440420138761787,0.559277649179227,0.680610190406694,0.855093581366242,1.08929065416085,1.55364108150419
BM_CZ,MONTHLY,NYSE,200008,1185,0.130346281731838,0.226753380046996,0.344558632019361,0.442077286598483,0.564633537936218,0.684287593108145,0.866267759042709,1.10064029935989,1.55686092678314
BM_CZ,MONTHLY,NYSE,200009,1175,0.130346281731838,0.226753380046996,0.342393425700115,0.440420138761787,0.56271862880763,0.684287593108145,0.866267759042709,1.10646251156158,1.55364108150419
BM_CZ,MONTHLY,NYSE,200010,1167,0.127852692277912,0.227795017926058,0.342980876434553,0.440220101232025,0.562800079547715,0.688807587936222,0.869004296636469,1.10552508861936,1.55308491604094
BM_CZ,MONTHLY,NYSE,200011,1161,0.135006297456277,0.229386323657399,0.344609373830752,0.44171139192119,0.562800079547715,0.689201632358578,0.871627697841727,1.10575811078324,1.5547534124307
BM_CZ,MONTHLY,NYSE,200012,1143,0.138606823709571,0.229725214062742,0.344871790819051,0.441533156301214,0.56271862880763,0.684211532739456,0.87293499862609,1.10964053604135,1.54756499953707
BM_CZ,MONTHLY,NYSE,200101,1128,0.137512649580939,0.228527053868355,0.343256200890376,0.442199251490914,0.558436250844015,0.67837329360572,0.855343145363302,1.09794631257919,1.51978816342496
BM_CZ,MONTHLY,NYSE,200102,1119,0.140720091579298,0.230553008203597,0.343707258537168,0.442660141764968,0.56271862880763,0.680245281609985,0.864073368862421,1.09700285466412,1.5178770243234
BM_CZ,MONTHLY,NYSE,200103,1107,0.137726537441944,0.23034003584837,0.345167443910648,0.441955321706052,0.562800079547715,0.675141483655281,0.854682017772662,1.09473507814685,1.51768577383253
BM_CZ,MONTHLY,NYSE,200104,1104,0.135435251079674,0.231961156570978,0.344459021281822,0.441833356813621,0.559073187497008,0.675319149749219,0.852330722255462,1.09700285466412,1.51678420287676
BM_CZ,MONTHLY,NYSE,200105,1104,0.133938379692174,0.231961156570978,0.342527874871504,0.440020063702264,0.559073187497008,0.674159070502189,0.850231135284899,1.09890676328594,1.51678420287676
BM_CZ,MONTHLY,NYSE,200106,1135,0.142375934794524,0.256787852041099,0.358758539454994,0.451295284379618,0.568044146890809,0.729131846494115,0.973658348555101,1.32596253682662,2.28559810928266
BM_CZ,MONTHLY,NYSE,200107,1130,0.142111598970216,0.254735346148758,0.358951704037515,0.450046917924429,0.564002715347338,0.731448673494528,0.964614856121434,1.33056383269037,2.26799919520841
BM_CZ,MONTHLY,NYSE,200108,1135,0.142055108665651,0.256787852041099,0.359795499627167,0.453050770302844,0.567944897902741,0.735231052178993,0.973658348555101,1.33402440571532,2.28559810928266
BM_CZ,MONTHLY,NYSE,200109,1128,0.142856846518721,0.259197950905915,0.366307067322339,0.456010481805333,0.571206146744077,0.736748904492143,0.970490809002372,1.34032062566846,2.28185412471257
BM_CZ,MONTHLY,NYSE,200110,1125,0.142055108665651,0.258090768891688,0.362701982494935,0.455861307160173,0.571046220278842,0.741934769005377,0.961304599647924,1.33402440571532,2.27361638683844
BM_CZ,MONTHLY,NYSE,200111,1117,0.141536316991722,0.258502978027201,0.366171176238557,0.455957044096249,0.570678798237835,0.742174009865336,0.959673132275124,1.33025986587553,2.2515507373033
BM_CZ,MONTHLY,NYSE,200112,1104,0.141181117419014,0.258800741495774,0.365333158068442,0.453424632242008,0.567602546596402,0.735239439357134,0.937281355219877,1.28590167087916,2.13780383079558
BM_CZ,MONTHLY,NYSE,200201,1089,0.141773116706861,0.258800741495774,0.361777753225408,0.452714250483227,0.562736222136202,0.735239439357134,0.943615014722414,1.29189938261731,2.14297161973537
BM_CZ,MONTHLY,NYSE,200202,1086,0.141417917134152,0.265915738450059,0.365997875259059,0.45338729012246,0.565446248736351,0.735243632946204,0.931674060723847,1.27274407304318,2.13108068572731
BM_CZ,MONTHLY,NYSE,200203,1082,0.143485986238933,0.266061998218634,0.365882341272727,0.452882510393036,0.562036827926498,0.730823656521139,0.930325169353345,1.27405730061765,2.13491575241625
BM_CZ,MONTHLY,NYSE,200204,1075,0.143999560147044,0.259297396847484,0.366451856289987,0.453499316481105,0.560600017352184,0.73330072451721,0.921080502616825,1.27151580836421,2.13203945239954
BM_CZ,MONTHLY,NYSE,200205,1071,0.145026707963265,0.259347119818269,0.366520114607824,0.454756332776135,0.566430138675659,0.735548420769608,0.92007164824766,1.26525291331735,2.12628685236613
BM_CZ,MONTHLY,NYSE,200206,1100,0.143290724135243,0.270283646764315,0.359217323000117,0.452697858669585,0.563888479968511,0.681584871129716,0.846887390739335,1.09560801170596,1.65990232316973
BM_CZ,MONTHLY,NYSE,200207,1097,0.143579400729043,0.26966828817682,0.361614836349129,0.45368791719571,0.565584913475275,0.681640656826052,0.844914189082327,1.09423898779751,1.61340649987025
BM_CZ,MONTHLY,NYSE,200208,1094,0.14407033794145,0.269253656227701,0.361628689135336,0.453834699036205,0.566865657764793,0.681326942866662,0.837394360997586,1.08771598710284,1.57072398216595
BM_CZ,MONTHLY,NYSE,200209,1093,0.144000876204535,0.272999087657606,0.362315908919434,0.453508142333252,0.567639460264265,0.680574850550089,0.836798857305378,1.0882598065469,1.55336579131531
BM_CZ,MONTHLY,NYSE,200210,1090,0.146601775893616,0.272811849731357,0.361600983562923,0.449751423501142,0.556733031471911,0.679805799269033,0.829239222163056,1.08078493760413,1.55894398298077
BM_CZ,MONTHLY,NYSE,200211,1087,0.149542890807831,0.273316740054209,0.361204065767284,0.449535383847772,0.556007788941437,0.679050891567006,0.824535435587464,1.07452518513541,1.52889894159022
BM_CZ,MONTHLY,NYSE,200212,1083,0.153033388768291,0.27415380106805,0.362746766451428,0.448337261657896,0.555592959093052,0.670584589336166,0.822583555171126,1.06138576984483,1.51916793601949
BM_CZ,MONTHLY,NYSE,200301,1074,0.153642531156158,0.278136820040959,0.363055912788235,0.448987875514133,0.555440757260226,0.670390711731852,0.820907758046304,1.06700741240055,1.52085350194757
BM_CZ,MONTHLY,NYSE,200302,1073,0.159123096327815,0.279824668493871,0.363664317477001,0.449884595984445,0.5552885554274,0.670855986129429,0.822583555171126,1.06842934626268,1.51725015783653
BM_CZ,MONTHLY,NYSE,200303,1068,0.15699679192181,0.279824668493871,0.364599702705364,0.450281413902623,0.556460430283424,0.672160633019836,0.820571460446194,1.06842934626268,1.49329188630232
BM_CZ,MONTHLY,NYSE,200304,1060,0.152779698624151,0.278277153343969,0.362991225557819,0.448554701751276,0.556460430283424,0.672360361946819,0.82244916326703,1.06558547853841,1.49328309004991
BM_CZ,MONTHLY,NYSE,200305,1059,0.151964870512311,0.275116022680433,0.362073399453536,0.447768190835164,0.556913071625412,0.671794503950916,0.821540107773214,1.05504041135109,1.49016615791518
BM_CZ,MONTHLY,NYSE,200306,1091,0.187973806483167,0.3166804934984,0.416282504126941,0.524198863215957,0.621106330191242,0.746594505598416,0.896616717108339,1.14019462811955,1.59664938500073
BM_CZ,MONTHLY,NYSE,200307,1088,0.195194117207721,0.3195813206985,0.42371454566554,0.52571809831218,0.622131174206884,0.752077905107682,0.896612202531997,1.15190721403586,1.58142381401028
BM_CZ,MONTHLY,NYSE,200308,1088,0.198557498584043,0.318903271750944,0.423281321960513,0.524550424233273,0.622131174206884,0.746884274283551,0.896513065398265,1.15190721403586,1.57679318200153
BM_CZ,MONTHLY,NYSE,200309,1085,0.195117566850796,0.319254088429942,0.422663564821766,0.524193646971468,0.62213791114706,0.744286708176362,0.896302292025667,1.13791082348424,1.57272203442314
BM_CZ,MONTHLY,NYSE,200310,1083,0.200129976656745,0.3195813206985,0.419175258412981,0.522553200238518,0.622124437266708,0.740484570586875,0.894543976931349,1.12917904738666,1.56899084030541
BM_CZ,MONTHLY,NYSE,200311,1083,0.200129976656745,0.320813769130972,0.419175258412981,0.522553200238518,0.621666056789638,0.739695603986803,0.893711599389026,1.12354714259213,1.56184140385805
BM_CZ,MONTHLY,NYSE,200312,1078,0.201399204404442,0.325495803421692,0.421865566593227,0.520878073977394,0.62138619349044,0.739462141268488,0.89264720971607,1.10767435984909,1.53783686654714
BM_CZ,MONTHLY,NYSE,200401,1069,0.201486901964257,0.3237598835513,0.422012890650416,0.517772972196199,0.615765497711522,0.736533516814965,0.881838565121177,1.08730515010161,1.53056139531055
BM_CZ,MONTHLY,NYSE,200402,1067,0.20174042401968,0.323006243164619,0.420880800187236,0.516017859233892,0.615428913154223,0.734571201164207,0.879932254689549,1.0853472911648,1.52643092783201
BM_CZ,MONTHLY,NYSE,200403,1063,0.201831532047007,0.328075100404005,0.422206597457568,0.518884644294837,0.615765497711522,0.736924262359934,0.880100731959651,1.0981827376215,1.52213656719301
BM_CZ,MONTHLY,NYSE,200404,1061,0.201987625660874,0.329812736226267,0.42325073268598,0.523964321558129,0.619874335084273,0.737377332583774,0.881756266055808,1.10436703368533,1.50747234181735
BM_CZ,MONTHLY,NYSE,200405,1059,0.201948602257408,0.33180430589855,0.423373089784111,0.521749217588234,0.618270402049363,0.737264065027814,0.881296225141468,1.10515897493648,1.50580099365659
BM_CZ,MONTHLY,NYSE,200406,1071,0.161478509249898,0.258838125107222,0.332560214845041,0.401225804425113,0.483706185124679,0.558050464969605,0.649693507339136,0.784965642259071,1.04757744582731
BM_CZ,MONTHLY,NYSE,200407,1070,0.163639043971272,0.262216684444129,0.334988320824539,0.405402999726547,0.484017812900069,0.563472534733811,0.652745936694664,0.788437843850147,1.07503373605228
BM_CZ,MONTHLY,NYSE,200408,1067,0.164334673207013,0.260547543406001,0.335006464721361,0.402846590367142,0.484189999097369,0.563683068686765,0.652695325773746,0.787985695937766,1.06883133148664
BM_CZ,MONTHLY,NYSE,200409,1063,0.164701358295736,0.260662566154481,0.335883580373208,0.405946876248989,0.485333207831325,0.566714776959041,0.654030542835752,0.789901145842926,1.07295003084838
BM_CZ,MONTHLY,NYSE,200410,1064,0.166023100217055,0.260777588902961,0.338610546854813,0.406782783184304,0.486240347216154,0.569297628356209,0.654215036337984,0.790827191981764,1.07517986919047
BM_CZ,MONTHLY,NYSE,200411,1060,0.164398551525891,0.260892611651442,0.338613268064489,0.409841683338123,0.487490372045763,0.568818801960399,0.654011613347078,0.786870757395461,1.07026103796813
BM_CZ,MONTHLY,NYSE,200412,1057,0.167319308962756,0.26346804961474,0.338654331795052,0.413424418347906,0.493717845718857,0.570591458131406,0.653992683858403,0.786128016038278,1.06372601846718
BM_CZ,MONTHLY,NYSE,200501,1054,0.168696976203939,0.265501168157435,0.338267569327527,0.413899389684374,0.493944919427761,0.569595096445827,0.653615067005918,0.787322905307842,1.06202873005777
BM_CZ,MONTHLY,NYSE,200502,1053,0.16825093663204,0.265311592576662,0.338572204333926,0.416134537435615,0.494171993136665,0.571384356573297,0.655092887909308,0.789901145842926,1.06438376090566
BM_CZ,MONTHLY,NYSE,200503,1050,0.172112769937517,0.268847186900969,0.345125531733356,0.41912011036995,0.497501512339953,0.574118527542157,0.664631895406963,0.79648795410731,1.06521471334743
BM_CZ,MONTHLY,NYSE,200504,1045,0.17194970508736,0.268847186900969,0.345262014859096,0.418514192547872,0.497308166449228,0.576570388895777,0.666322921878832,0.798493876231689,1.06405488968642
BM_CZ,MONTHLY,NYSE,200505,1042,0.172151495832914,0.269277940669279,0.344179880758196,0.417501090064562,0.497501512339953,0.578828422695151,0.668350431337904,0.802809920850059,1.06454819651528
BM_CZ,MONTHLY,NYSE,200506,1054,0.168839665520616,0.259800286003183,0.317645064632427,0.382657812132234,0.452603198664154,0.520304376696952,0.601164076146114,0.713396586921651,0.888502622372421
BM_CZ,MONTHLY,NYSE,200507,1050,0.167960758738509,0.260894228266025,0.316600237509964,0.3812751099257,0.451773933202541,0.517143979372785,0.598676130056064,0.719147624988597,0.883873373524444
BM_CZ,MONTHLY,NYSE,200508,1045,0.16686700791557,0.260679832364273,0.31676060703423,0.3812751099257,0.451698912565864,0.517143979372785,0.597875794639377,0.711324898944475,0.882362162144244
BM_CZ,MONTHLY,NYSE,200509,1038,0.167523258409334,0.260816222040521,0.316699144613356,0.382265551095502,0.452048235472832,0.522052963404104,0.601021110738446,0.712462665110923,0.881979441046889
BM_CZ,MONTHLY,NYSE,200510,1033,0.17126292706544,0.261009103435699,0.316587755949125,0.382616824437558,0.452247517106446,0.522806731838732,0.602654562551961,0.716600038618986,0.88261730954248
BM_CZ,MONTHLY,NYSE,200511,1028,0.171881709012108,0.2624433278069,0.318398275362964,0.382861828988659,0.452603198664154,0.524321500068954,0.605565047748764,0.719688404340154,0.88668361235931
BM_CZ,MONTHLY,NYSE,200512,1024,0.172107277723645,0.264877848879335,0.321662936773307,0.38305378700684,0.454820671559344,0.52589670227971,0.609080523778264,0.719418014664375,0.886968032332538
BM_CZ,MONTHLY,NYSE,200601,1014,0.171951748445367,0.264877848879335,0.320761043212746,0.38249485746218,0.452396499253438,0.522523717170567,0.602223397396827,0.712013930075918,0.88339806136695
BM_CZ,MONTHLY,NYSE,200602,1010,0.171978959176544,0.264279158999247,0.320164844883932,0.382658476204668,0.452048235472832,0.524517565195218,0.605539658880241,0.71446355520731,0.883873373524444
BM_CZ,MONTHLY,NYSE,200603,1009,0.173685690314648,0.263911262685098,0.322700797411801,0.385692660838189,0.455127001790121,0.533639281195568,0.610420216402585,0.719418014664375,0.883022629633926
BM_CZ,MONTHLY,NYSE,200604,1000,0.172354844574122,0.264137055044276,0.324311401480647,0.386078067813157,0.455850853502605,0.535192656027729,0.612289466326548,0.720914776685681,0.882947543287321
BM_CZ,MONTHLY,NYSE,200605,996,0.172189800007138,0.264362847403454,0.324133269185181,0.385991177161304,0.455440384725051,0.534840939697281,0.615697235458659,0.723834766270994,0.882306976441764
BM_CZ,MONTHLY,NYSE,200606,1023,0.170640317497084,0.248925914631722,0.305710373841044,0.379518719592844,0.445999681275034,0.517244196765414,0.592978605204198,0.74707395373007,0.995751483514379
BM_CZ,MONTHLY,NYSE,200607,1017,0.174435106296694,0.248546830488345,0.305768161043721,0.379695512826104,0.445430121439221,0.518251001143173,0.592895467309501,0.744279114362472,0.989072561064549
BM_CZ,MONTHLY,NYSE,200608,1018,0.175119304625615,0.249268576462607,0.31031642401893,0.381128910239055,0.447697437745276,0.519840330722242,0.593186449940941,0.744135502398635,0.984023542701668
BM_CZ,MONTHLY,NYSE,200609,1015,0.175027499482693,0.248362442861484,0.312005589745377,0.380738552892593,0.44823248227551,0.519931921311539,0.595513721245656,0.739550214202832,0.978127959532568
BM_CZ,MONTHLY,NYSE,200610,1015,0.175867996265711,0.247669049267559,0.312005589745377,0.380738552892593,0.447815175006258,0.519610461416712,0.593482403601766,0.73912728050068,0.975768870797917
BM_CZ,MONTHLY,NYSE,200611,1013,0.176924195342105,0.248144825121024,0.31316951235627,0.382210152845623,0.449154699505003,0.520229753964518,0.596866722672836,0.738256042196077,0.974195094606588
BM_CZ,MONTHLY,NYSE,200612,1008,0.177248027390522,0.250926938332554,0.319174855723971,0.386341171542143,0.452963947412865,0.522396251740152,0.60016577226854,0.740162191613733,0.975111819283316
BM_CZ,MONTHLY,NYSE,200701,998,0.177248027390522,0.249268576462607,0.318824761679236,0.385754432714509,0.452832736176621,0.522396251740152,0.595759686428846,0.738256042196077,0.975111819283316
BM_CZ,MONTHLY,NYSE,200702,989,0.177507364743222,0.249366193133988,0.318149304879731,0.383953837681696,0.452887504724225,0.526064318491499,0.595021790879276,0.739156516749855,0.974892802111783
BM_CZ,MONTHLY,NYSE,200703,991,0.178586479794371,0.251731389094805,0.321430464564628,0.385794542844728,0.453040390101505,0.532918856876495,0.59923356452604,0.739244225497381,0.967788456338414
BM_CZ,MONTHLY,NYSE,200704,981,0.179823723400455,0.251915002924847,0.322277571178644,0.386773427541581,0.453839520250333,0.538435748127912,0.605279604246255,0.741092242806174,0.967788456338414
BM_CZ,MONTHLY,NYSE,200705,982,0.18044306961934,0.252361482100151,0.3224650555879,0.386811575288235,0.454582416383696,0.540491333813509,0.610243661548122,0.744279114362472,0.967527974326069
BM_CZ,MONTHLY,NYSE,200706,1014,0.155719190436231,0.237102601165728,0.307167089341161,0.359548606884639,0.428217007168598,0.500472272743999,0.589233877811766,0.705311560220198,0.881575078624898
BM_CZ,MONTHLY,NYSE,200707,1008,0.155370442141295,0.240905183212559,0.309898767051167,0.360687280735258,0.428756403035565,0.49965006478323,0.587876037830697,0.702012629582959,0.877071286397058
BM_CZ,MONTHLY,NYSE,200708,1002,0.155594210609828,0.240811607110496,0.309405794441906,0.361240557278847,0.428756403035565,0.500451883666634,0.588643572152429,0.701704999357912,0.864689659123709
BM_CZ,MONTHLY,NYSE,200709,996,0.155844170262635,0.240718031008434,0.30953299244985,0.360279303691336,0.429123724606769,0.500390716434539,0.58624757482276,0.702410768822921,0.86343268830617
BM_CZ,MONTHLY,NYSE,200710,993,0.15565670052303,0.240905183212559,0.308867508137004,0.360096629489661,0.43016511943235,0.500411105511904,0.586846860686118,0.705001276766945,0.86309978271565
BM_CZ,MONTHLY,NYSE,200711,986,0.155844170262635,0.240718031008434,0.307438015444768,0.360279303691336,0.432662390259613,0.500390716434539,0.588264694877172,0.704913111877047,0.862906331240102
BM_CZ,MONTHLY,NYSE,200712,975,0.157238260437075,0.239722020417432,0.307602633899561,0.364666700087563,0.435439329676707,0.501649099676305,0.589387806036933,0.704666101670114,0.862970815065285
BM_CZ,MONTHLY,NYSE,200801,963,0.156697440132859,0.240905183212559,0.308867508137004,0.36169330020128,0.435439329676707,0.500743781376682,0.587604615236631,0.701706143055264,0.863555051070263
BM_CZ,MONTHLY,NYSE,200802,964,0.156967850284967,0.242346826330999,0.309128125106744,0.366067914487794,0.436987285754482,0.502650596239217,0.590410478453386,0.703411706044572,0.863514263482232
BM_CZ,MONTHLY,NYSE,200803,962,0.156256599169523,0.240811607110496,0.307626263517797,0.368952495785108,0.434384626741808,0.500946204102176,0.59055421411103,0.701130426636078,0.86184750456985
BM_CZ,MONTHLY,NYSE,200804,960,0.157056433896566,0.239722020417432,0.307484959132097,0.368964948760141,0.434384626741808,0.501649099676305,0.59054124294871,0.702076897297529,0.86101338772169
BM_CZ,MONTHLY,NYSE,200805,960,0.157056433896566,0.240621407451494,0.307720781990741,0.370464139848175,0.434384626741808,0.500844992739429,0.58972135886945,0.700696066002646,0.86101338772169
BM_CZ,MONTHLY,NYSE,200806,992,0.165055758937579,0.247448514479349,0.320367125621663,0.385158700018976,0.473040969237292,0.578339650034423,0.689699251046634,0.8564068626399,1.1465627832239
BM_CZ,MONTHLY,NYSE,200807,993,0.16517437695684,0.244952367167046,0.319969381233987,0.384121380668413,0.469625039936534,0.575259911208111,0.692493407854933,0.849912792856237,1.13762054576143
BM_CZ,MONTHLY,NYSE,200808,988,0.165767467053148,0.244587044776604,0.320109552148293,0.384909525021036,0.469718000040494,0.577630476695029,0.690634750824144,0.848610835816721,1.13723563172069
BM_CZ,MONTHLY,NYSE,200809,988,0.166310383948217,0.24354192304046,0.318475590935553,0.384121380668413,0.469718000040494,0.57400269245277,0.686422392565013,0.842035213942815,1.13529891931286
BM_CZ,MONTHLY,NYSE,200810,987,0.166283660685748,0.244229804915077,0.318241011071572,0.385027870234494,0.469810960144454,0.575192505563239,0.687360501602857,0.842506700981163,1.12795865243079
BM_CZ,MONTHLY,NYSE,200811,977,0.165648849033887,0.241464183769874,0.317849999413949,0.384784713139852,0.468699225883954,0.571566460863335,0.677508527450515,0.827286754359463,1.10558721143464
BM_CZ,MONTHLY,NYSE,200812,970,0.166004703091671,0.24432507955988,0.317127446534267,0.385055839870927,0.467761716569103,0.569639579107658,0.675309460965938,0.819965926817133,1.10140939526875
BM_CZ,MONTHLY,NYSE,200901,960,0.164899254373789,0.24432507955988,0.317835609284548,0.386770643266464,0.467761716569103,0.569639579107658,0.672080189942773,0.814355876162387,1.08469785662893
BM_CZ,MONTHLY,NYSE,200902,956,0.166516471685519,0.249046103909474,0.31773189235977,0.387123879986837,0.467813021176337,0.569025346785502,0.671373242737268,0.814147671427575,1.08084016411605
BM_CZ,MONTHLY,NYSE,200903,950,0.168297091319883,0.248223354183437,0.31773308676736,0.388335777700415,0.469090612773109,0.569229917668325,0.670246642305689,0.805312690593688,1.0699908113284
BM_CZ,MONTHLY,NYSE,200904,944,0.166466104505561,0.2447021482775,0.31752841973862,0.386616918919755,0.468272063896879,0.568878098427254,0.668214225612569,0.799493773751489,1.06016915629259
BM_CZ,MONTHLY,NYSE,200905,942,0.166642916893013,0.244471941275709,0.314952219326046,0.386340544372736,0.467606557924975,0.564987107366045,0.665144779359334,0.796615720948189,1.05973374273052
BM_CZ,MONTHLY,NYSE,200906,982,0.210807355877269,0.371745442208906,0.480458578183299,0.601725038274116,0.741026129122075,0.942831052044555,1.16034869435355,1.49872265144461,2.01343316196496
BM_CZ,MONTHLY,NYSE,200907,982,0.21278035969808,0.372142515982487,0.480458578183299,0.601725038274116,0.734950398550323,0.933362707647533,1.15363671589048,1.46576026170123,1.98262437503306
BM_CZ,MONTHLY,NYSE,200908,978,0.210992764433958,0.371748145612697,0.480187866584878,0.600207529950625,0.732483292175326,0.923553657351236,1.13769061939534,1.45595712114565,1.95291734320338
BM_CZ,MONTHLY,NYSE,200909,979,0.211023665860072,0.371520833917518,0.479288350038331,0.599645997963788,0.730186793944597,0.917022277939646,1.14165452546413,1.43311152394204,1.94709099151097
BM_CZ,MONTHLY,NYSE,200910,980,0.212155964776161,0.371631786361317,0.479723021092392,0.600138442967317,0.72985695918768,0.916116604273198,1.13979207085299,1.42317465393742,1.94684463861076
BM_CZ,MONTHLY,NYSE,200911,975,0.211561244740683,0.370852419198987,0.480394389329735,0.60227211342575,0.730186793944597,0.916116604273198,1.14289616187156,1.43283564951863,1.9480764031118
BM_CZ,MONTHLY,NYSE,200912,969,0.212037020769065,0.36901025934633,0.480522767036864,0.601177963122481,0.729527124430762,0.908762996803129,1.1142861446538,1.41098635780614,1.93074421544256
BM_CZ,MONTHLY,NYSE,201001,963,0.213285810612904,0.37140988147372,0.482216472094359,0.606059931257016,0.730186793944597,0.909645801905249,1.1355332371532,1.4130840774782,1.94431870717238
BM_CZ,MONTHLY,NYSE,201002,964,0.213791261527729,0.371520833917518,0.481684930596264,0.601177963122481,0.72907178692181,0.908762996803129,1.11700771984636,1.41098635780614,1.94317891790329
BM_CZ,MONTHLY,NYSE,201003,959,0.211023665860072,0.370016931507734,0.483469855258995,0.60071487920055,0.729431360446567,0.908762996803129,1.12576178999083,1.4063340471607,1.90074122568078
BM_CZ,MONTHLY,NYSE,201004,956,0.208741029572269,0.364817714755509,0.481347240462784,0.599399775462023,0.724246828821287,0.901019779121725,1.11299131406666,1.40288113407042,1.8593202770812
BM_CZ,MONTHLY,NYSE,201005,955,0.208333944596492,0.364940525960794,0.481093972862674,0.597335078020464,0.721684027911313,0.898492264126278,1.11081564863986,1.40340227318335,1.88006269397434
BM_CZ,MONTHLY,NYSE,201006,972,0.148980521023789,0.27598195907556,0.385398793869154,0.447928004363579,0.559010335865133,0.650274710950818,0.766070889777982,0.931971572385855,1.12641531507726
BM_CZ,MONTHLY,NYSE,201007,968,0.150753232813214,0.274584588057906,0.3871880564685,0.449288448906517,0.561973072652839,0.651188346586806,0.767975250331368,0.9322607049034,1.1286723002201
BM_CZ,MONTHLY,NYSE,201008,963,0.149084591860479,0.273110404712066,0.388652346934689,0.45337010796742,0.562828357829359,0.652679446241618,0.771036587567819,0.93588971395485,1.13128609998951
BM_CZ,MONTHLY,NYSE,201009,960,0.148641956218519,0.273498535634904,0.389179396631344,0.454797275138552,0.563178034006498,0.654425477898246,0.779788732770685,0.936528768763661,1.13299669323437
BM_CZ,MONTHLY,NYSE,201010,958,0.147985437174205,0.27411805634671,0.391240623113741,0.455676332417884,0.564002288912506,0.658412571278206,0.780874576446898,0.937752955489032,1.13432683990855
BM_CZ,MONTHLY,NYSE,201011,956,0.147391428498943,0.274756239222291,0.392241783099907,0.4557496760538,0.564002288912506,0.65820051171045,0.779457841446789,0.937933466832948,1.14148083033211
BM_CZ,MONTHLY,NYSE,201012,949,0.145712249126148,0.276100740226119,0.393582568931996,0.460371892482791,0.563527710183638,0.659048749981473,0.774587000151466,0.938857713618804,1.15228554731731
BM_CZ,MONTHLY,NYSE,201101,946,0.147391428498943,0.276219521376678,0.392689698159977,0.459662920517342,0.561973072652839,0.659260809549229,0.769228576166161,0.936290413836287,1.14148083033211
BM_CZ,MONTHLY,NYSE,201102,944,0.146797419823681,0.276100740226119,0.392709006731305,0.459797641998413,0.560270147597406,0.659483476110493,0.76847902511515,0.936947635034952,1.14248022115767
BM_CZ,MONTHLY,NYSE,201103,939,0.148282441511836,0.278096170502756,0.393582568931996,0.461087337206088,0.562943783887959,0.667725781702648,0.763066740674554,0.941585300234124,1.14542908101136
BM_CZ,MONTHLY,NYSE,201104,933,0.152749849786287,0.280542705326181,0.393952798217807,0.46160235620295,0.562943783887959,0.669701203743169,0.76268888719128,0.945452044295525,1.15545766285092
BM_CZ,MONTHLY,NYSE,201105,934,0.155023975968733,0.28780158909158,0.395633138916497,0.462088991284382,0.562854829375631,0.669528380620328,0.762542033684419,0.947233011563547,1.15492897692865
BM_CZ,MONTHLY,NYSE,201106,947,0.142692142498941,0.249472818699814,0.335593070867532,0.402011262257439,0.474146168512436,0.574213537951719,0.666634008392685,0.784434586743005,1.00500355647794
BM_CZ,MONTHLY,NYSE,201107,944,0.142300521255522,0.250650559791937,0.335850825921428,0.404526384142992,0.47520207040146,0.574554292681934,0.675903554345221,0.785996720710811,1.00704612270201
BM_CZ,MONTHLY,NYSE,201108,940,0.14824823041111,0.253043162489769,0.336171870037524,0.406145231900008,0.476059483634908,0.573872783221504,0.675211894703742,0.787191474026749,1.00206468602215
BM_CZ,MONTHLY,NYSE,201109,938,0.146060233967789,0.25259844284059,0.338990983135099,0.407286697053289,0.477317192835179,0.57727549256115,0.675773923306662,0.788398177523951,1.00711761589031
BM_CZ,MONTHLY,NYSE,201110,934,0.144433988361529,0.252375671386412,0.339147345626348,0.407824304181281,0.482549691122974,0.578921769996999,0.675903554345221,0.790313441626271,1.01032110724469
BM_CZ,MONTHLY,NYSE,201111,934,0.144433988361529,0.252375671386412,0.34205121937117,0.405617361013661,0.477317192835179,0.575381985779457,0.675024551836102,0.792261399034711,1.01032110724469
BM_CZ,MONTHLY,NYSE,201112,931,0.147279918172485,0.25709840369026,0.342164151352007,0.413927253431113,0.48224488381264,0.581222388875732,0.679497531014524,0.80361577737671,1.01065722133159
BM_CZ,MONTHLY,NYSE,201201,921,0.148355820659846,0.265044786215057,0.343142857649152,0.417357809709146,0.482854498433308,0.581222388875732,0.678349186386341,0.7960996424126,1.00608080511104
BM_CZ,MONTHLY,NYSE,201202,921,0.149407430153112,0.265536885781278,0.345434209443307,0.420870609524519,0.48698797192644,0.582560581213663,0.678349186386341,0.798901950559826,1.00953684104194
BM_CZ,MONTHLY,NYSE,201203,918,0.150237347114903,0.26585432791068,0.34338035862357,0.422163869206725,0.486882273103742,0.584794763567395,0.679695814151452,0.798611930792208,1.01083017404912
BM_CZ,MONTHLY,NYSE,201204,917,0.151313677769904,0.267280368619873,0.345781903854059,0.424668296139705,0.484529547008844,0.585404353896426,0.679992157445469,0.798756940676017,1.0099849931578
BM_CZ,MONTHLY,NYSE,201205,915,0.151828404027395,0.267638198742726,0.349451955102679,0.425015227870774,0.486776574281044,0.587036868009542,0.682271310866322,0.802622253413275,1.01100312676666
BM_CZ,MONTHLY,NYSE,201206,951,0.163765610172338,0.287631486286414,0.386109446076658,0.476740299152348,0.56369467942206,0.684196899184756,0.804897759846923,0.962470461687545,1.22422152078015
BM_CZ,MONTHLY,NYSE,201207,951,0.16313508045404,0.28516781990119,0.384897415907224,0.477893433626451,0.563039568346687,0.68021352535511,0.802623436337713,0.959163663161145,1.21448219734497
BM_CZ,MONTHLY,NYSE,201208,950,0.163087607012652,0.286959971383352,0.386415572367205,0.477022017304908,0.562004813304303,0.67604128365428,0.8015855276998,0.95978284708168,1.21545612968849
BM_CZ,MONTHLY,NYSE,201209,951,0.163765610172338,0.288688000663511,0.387318486659821,0.478279436672592,0.56273292762648,0.676452501508,0.799697859431537,0.962470461687545,1.21176965896925
BM_CZ,MONTHLY,NYSE,201210,947,0.163513398285019,0.287842789161834,0.386632451861487,0.477808249034071,0.561276698982126,0.677934219498681,0.799986429487654,0.958573328445764,1.21053274643825
BM_CZ,MONTHLY,NYSE,201211,943,0.1632611863977,0.289189656765976,0.387217576335914,0.477865038762325,0.56273292762648,0.679558023709329,0.800274999543771,0.957982993730382,1.22173114841797
BM_CZ,MONTHLY,NYSE,201212,943,0.162755292922935,0.289189656765976,0.388544957432871,0.477865038762325,0.56273292762648,0.682231614930901,0.80374634624142,0.956579297169585,1.22663770455408
BM_CZ,MONTHLY,NYSE,201301,930,0.158585872849281,0.288084830415989,0.387242803916891,0.478125035454136,0.565220899249762,0.67604128365428,0.802834554591241,0.953327635805892,1.22764853337074
BM_CZ,MONTHLY,NYSE,201302,928,0.161438027485969,0.288427621689312,0.391297913621897,0.482468937300816,0.569148438470229,0.679558023709329,0.804845495845164,0.956579297169585,1.22846209911708
BM_CZ,MONTHLY,NYSE,201303,925,0.155394222988985,0.288084830415989,0.392856396466794,0.48347934050847,0.573726686521217,0.687916216891557,0.814058182955336,0.95695922326596,1.23177517341934
BM_CZ,MONTHLY,NYSE,201304,921,0.158585950859526,0.289942140919674,0.395985391702359,0.483535728050016,0.57283848526057,0.689054067604432,0.814323160388718,0.957499440757195,1.23130957922929
BM_CZ,MONTHLY,NYSE,201305,921,0.162660346040158,0.289942140919674,0.395857057374938,0.483394759196151,0.56995055804244,0.68715764974964,0.81394487306192,0.959163663161145,1.23130957922929
BM_CZ,MONTHLY,NYSE,201306,947,0.137611587057905,0.263112916011833,0.344139755451144,0.426837951330704,0.518539558266401,0.59512643121097,0.716954842484935,0.881964808489247,1.18318069935252
BM_CZ,MONTHLY,NYSE,201307,945,0.136658877032883,0.263153260221541,0.346172550483404,0.426989720077301,0.518539558266401,0.597008441628768,0.717746141203067,0.87422248766525,1.18172944075445
BM_CZ,MONTHLY,NYSE,201308,942,0.138243375577449,0.263522773353595,0.348804937010815,0.426869860470287,0.518804951034743,0.597570820595079,0.717614258083378,0.873533345023126,1.18054794118445
BM_CZ,MONTHLY,NYSE,201309,939,0.135311857897017,0.263139812151638,0.345201038683275,0.423946791384083,0.515527771788242,0.594337612386925,0.716666771602426,0.871271650424509,1.16681471300235
BM_CZ,MONTHLY,NYSE,201310,931,0.138211192619888,0.263166708291443,0.347397971420252,0.424116822704695,0.517919744618736,0.594561554135457,0.716691076245558,0.870645612143291,1.16501370622125
BM_CZ,MONTHLY,NYSE,201311,925,0.137311784276914,0.263153260221541,0.347663651810209,0.423614995304798,0.518539558266401,0.593314587865943,0.714598473732833,0.865863394820036,1.14837084385967
BM_CZ,MONTHLY,NYSE,201312,923,0.138275558535011,0.263878838415746,0.34542275753858,0.432904453409236,0.518539558266401,0.593665787141328,0.710811479522775,0.867430368865978,1.13973329735313
BM_CZ,MONTHLY,NYSE,201401,920,0.13850083923794,0.265227580530915,0.345533616966233,0.433680937076005,0.519538591246745,0.597008441628768,0.716648543120078,0.870121326935131,1.14109490240275
BM_CZ,MONTHLY,NYSE,201402,916,0.138372107407695,0.264947033602201,0.348193111796443,0.430256841899944,0.516755738246331,0.598695578527701,0.71127853333932,0.865079907797065,1.13001756538124
BM_CZ,MONTHLY,NYSE,201403,914,0.138307741492572,0.265299041666882,0.350096853258087,0.435826228841072,0.521997493163055,0.604418588329019,0.718064717923374,0.874580971013177,1.1391015913732
BM_CZ,MONTHLY,NYSE,201404,912,0.13869126411844,0.266182092498716,0.351124165667228,0.435529927385518,0.522508831996636,0.603731221783124,0.716969089081377,0.873533345023126,1.14036500333307
BM_CZ,MONTHLY,NYSE,201405,912,0.13869126411844,0.26656422657538,0.352916672988716,0.436495192997673,0.52594717215921,0.605522757315563,0.716672847763209,0.871897688705727,1.13374723268717
BM_CZ,MONTHLY,NYSE,201406,944,0.117204349593504,0.215888752768719,0.286406632431339,0.344347720759874,0.405998123302077,0.478032872445344,0.575953363617725,0.701420926616638,0.933534630784693
BM_CZ,MONTHLY,NYSE,201407,946,0.116780450166514,0.215679973363461,0.286575706268276,0.341364452928356,0.407664142701111,0.478122232700063,0.571807181672637,0.701120711876505,0.932171449114759
BM_CZ,MONTHLY,NYSE,201408,942,0.117073949404138,0.215618099955928,0.28656412596549,0.341616849719233,0.408637589491812,0.477943512190624,0.572194251676614,0.702810103800692,0.934897812454625
BM_CZ,MONTHLY,NYSE,201409,941,0.116654591623202,0.215679973363461,0.286763606311291,0.341364452928356,0.409781087738649,0.478270058753443,0.572774856682579,0.703232451781738,0.937461426099512
BM_CZ,MONTHLY,NYSE,201410,940,0.116644347563239,0.216915311352218,0.286883791929337,0.341743048114672,0.410366065002552,0.478522546696917,0.576215488181707,0.703758016532205,0.938590881009306
BM_CZ,MONTHLY,NYSE,201411,935,0.117349331766951,0.217252858684978,0.287054640742824,0.342239134097239,0.409781087738649,0.478141878323263,0.572387786678602,0.701543059857552,0.923238121614868
BM_CZ,MONTHLY,NYSE,201412,933,0.118394824503423,0.219310979442696,0.287548476143347,0.344117289851984,0.413131146243187,0.479924116539741,0.576346550463698,0.707422174818084,0.926000808277398
BM_CZ,MONTHLY,NYSE,201501,925,0.119152129544818,0.219340601689212,0.289642812611183,0.347088737561874,0.413428080919341,0.479970851663339,0.575212812405103,0.704494982602073,0.923238121614868
BM_CZ,MONTHLY,NYSE,201502,921,0.119662033011582,0.219355412812471,0.289631226885319,0.346894450737501,0.410951042266454,0.478901278612128,0.575822301335734,0.701120711876505,0.928763494939925
BM_CZ,MONTHLY,NYSE,201503,914,0.119710081963053,0.217398429869328,0.288608183526185,0.345846192465473,0.413279613581264,0.480064321910536,0.573079601147895,0.706901541723414,0.945367610468074
BM_CZ,MONTHLY,NYSE,201504,907,0.119322097367073,0.217279498365684,0.287553967021565,0.344733656360291,0.412699539244925,0.479486940294537,0.571226576666671,0.707942807912755,0.948765162270478
BM_CZ,MONTHLY,NYSE,201505,907,0.119322097367073,0.217279498365684,0.289449923227413,0.347143640319355,0.413131146243187,0.480147028602544,0.577295257918321,0.709387903307708,0.948765162270478
BM_CZ,MONTHLY,NYSE,201506,949,0.102672513234736,0.195034609744997,0.262667904065457,0.329238876215402,0.39392072336227,0.490631791561076,0.606753146935126,0.766602465341049,1.09754585374955
BM_CZ,MONTHLY,NYSE,201507,950,0.102543504557461,0.19250191442587,0.26039552317334,0.327266935991898,0.391150538139739,0.486032059659099,0.597850268573856,0.760864544584984,1.09043294052353
BM_CZ,MONTHLY,NYSE,201508,944,0.0993776037979112,0.192406286375275,0.259020295195054,0.326852177462213,0.391150538139739,0.482161749648995,0.591953132911108,0.752137842849098,1.0530194600587
BM_CZ,MONTHLY,NYSE,201509,942,0.0992911781248853,0.192215030274085,0.259712768754708,0.327855112115281,0.391182920989069,0.481977074135006,0.594675616248859,0.747597801740754,1.05022427342553
BM_CZ,MONTHLY,NYSE,201510,935,0.100515400917598,0.193091737104489,0.260913705550377,0.328540336864774,0.391740702080644,0.481792398621017,0.595129363471818,0.758092704339743,1.04980869259253
BM_CZ,MONTHLY,NYSE,201511,929,0.0995936679804759,0.192406286375275,0.25811825646666,0.327952692610942,0.390049299133049,0.479185390535437,0.59085534009658,0.746424280345837,1.04872105567526
BM_CZ,MONTHLY,NYSE,201512,926,0.0994640294709371,0.192597542476465,0.261055283538173,0.328439226504507,0.390362663558946,0.478659450375332,0.589173261710572,0.748184562438213,1.04748598603902
BM_CZ,MONTHLY,NYSE,201601,920,0.0996368808169889,0.193101443544386,0.261102128232391,0.327684916491516,0.390074743176724,0.47744149036809,0.590372305902903,0.750186143517977,1.04686080030961
BM_CZ,MONTHLY,NYSE,201602,912,0.0998889204695259,0.192723517743445,0.261008438843954,0.326881329645672,0.390012197789831,0.47654975725667,0.586328397319715,0.743873090141601,1.02163791878014
BM_CZ,MONTHLY,NYSE,201603,905,0.100515400917598,0.194711495249186,0.261786692134454,0.326910481829131,0.389235088106796,0.472942648560828,0.585669025472083,0.738110301130097,1.02446681579944
BM_CZ,MONTHLY,NYSE,201604,902,0.102634991742205,0.195809282021373,0.262974767084961,0.326881329645672,0.388946000784129,0.473896364771781,0.585593702045895,0.739870750324613,1.02164331065602
BM_CZ,MONTHLY,NYSE,201605,894,0.102645712168642,0.196095999615225,0.263938069340222,0.325804588114991,0.38809644998994,0.470772565467573,0.58672236746925,0.742165328432193,1.02061016196251
BM_CZ,MONTHLY,NYSE,201606,947,0.0767123121513216,0.182910983975526,0.267030824993708,0.338773372254636,0.429540679936304,0.525570442032009,0.668047841227804,0.879621790639457,1.29519886642816
BM_CZ,MONTHLY,NYSE,201607,939,0.0752896028441159,0.185646560593216,0.268155416467914,0.337796122467462,0.428491807688113,0.52272893292652,0.654437890661068,0.872784532933929,1.27813456231425
BM_CZ,MONTHLY,NYSE,201608,935,0.076017870661727,0.185761018887186,0.268119454370921,0.339901993668157,0.428491807688113,0.523633664219726,0.658657063506788,0.873290557505925,1.27937687743386
BM_CZ,MONTHLY,NYSE,201609,937,0.0789595220117882,0.185982380302957,0.265935120013851,0.338773372254636,0.428183386156298,0.521649213229668,0.648418546729508,0.872727137965923,1.27492379205745
BM_CZ,MONTHLY,NYSE,201610,927,0.0779066098089182,0.186594547408597,0.2682273406619,0.339855786568695,0.429540679936304,0.523151484411401,0.651914082111503,0.872283387265626,1.25507055645815
BM_CZ,MONTHLY,NYSE,201611,924,0.0787531495764867,0.186963656645468,0.268245321710397,0.340028501900721,0.429742552420798,0.523249665337296,0.646568599002933,0.870328359026843,1.25050994315067
BM_CZ,MONTHLY,NYSE,201612,924,0.0774264843097179,0.186963656645468,0.268245321710397,0.340715948577973,0.428330203443647,0.52272893292652,0.645269681017747,0.862080495344777,1.25050994315067
BM_CZ,MONTHLY,NYSE,201701,912,0.0771064006435844,0.187458991073893,0.270631358881402,0.343227786644917,0.428484414209555,0.520700181191043,0.644743280871296,0.855549262384796,1.23975006809683
BM_CZ,MONTHLY,NYSE,201702,913,0.0769822957231409,0.186779102027032,0.269179444732797,0.341375394155698,0.428477020730996,0.520329264202909,0.644404914756835,0.86909457436911,1.25194067325135
BM_CZ,MONTHLY,NYSE,201703,906,0.0811410243536601,0.192085548833623,0.269765315685642,0.34670102338502,0.428914406348086,0.522856941633714,0.645609474828669,0.869630223168814,1.24764848294933
BM_CZ,MONTHLY,NYSE,201704,905,0.0795477747912218,0.192014889643721,0.269483947860172,0.345064313392543,0.428491807688113,0.52162138821002,0.64586432018686,0.869979291097828,1.2393300088249
BM_CZ,MONTHLY,NYSE,201705,899,0.0811960762060901,0.192510981673725,0.270387538253277,0.346125091606143,0.428491807688113,0.522445090492482,0.644692343514032,0.858890976513423,1.23395430584228
BM_CZ,MONTHLY,NYSE,201706,924,0.0542776743745078,0.169724791207269,0.241632818981721,0.302440133856019,0.371499377668182,0.448231621726662,0.558132713803963,0.69072605488452,0.933820829845907
BM_CZ,MONTHLY,NYSE,201707,923,0.0537803894315839,0.167976523763407,0.241612235676805,0.300688250533634,0.370074676907199,0.445723952873677,0.558363758754413,0.689209161485158,0.932223517089098
BM_CZ,MONTHLY,NYSE,201708,917,0.0675294460347951,0.170457687683858,0.242888639021569,0.302308611234663,0.37078031564769,0.448173410461165,0.559152741538506,0.689227090455804,0.931299194795026
BM_CZ,MONTHLY,NYSE,201709,912,0.069088208478931,0.170699285196038,0.243280403279893,0.302308611234663,0.372240468260733,0.45197358640554,0.565241561637374,0.688293121145835,0.930033172349935
BM_CZ,MONTHLY,NYSE,201710,909,0.0704432361115107,0.17053383307248,0.243404064422984,0.302440133856019,0.373923720359144,0.450713943812846,0.567228999357093,0.689191232514511,0.930688307717616
BM_CZ,MONTHLY,NYSE,201711,904,0.0708584640553832,0.169767919697425,0.242899029436096,0.302570530509457,0.37381217061646,0.449712802109819,0.566940797235528,0.686568614291069,0.929944675769393
BM_CZ,MONTHLY,NYSE,201712,902,0.0709661219351624,0.171162986139733,0.244327556641764,0.306131180598538,0.374267768533665,0.448545286071083,0.568086418269837,0.684777384009778,0.92885469605358
BM_CZ,MONTHLY,NYSE,201801,890,0.0713032773948672,0.172803264430124,0.246070789595324,0.306583796720913,0.374774236305357,0.448460135044775,0.563052768072254,0.683821682663447,0.922612762582273
BM_CZ,MONTHLY,NYSE,201802,890,0.0719336609845371,0.174038659408389,0.246437236957926,0.308543261513703,0.375701859287909,0.449214195116759,0.561120385281014,0.683821682663447,0.922457439639473
BM_CZ,MONTHLY,NYSE,201803,885,0.0761360871599989,0.178057925641333,0.250540053727572,0.312623645741992,0.37822729364754,0.453374330497861,0.561328090722013,0.685682738005427,0.92558203334504
BM_CZ,MONTHLY,NYSE,201804,883,0.0757595042200194,0.177457922132992,0.254268801569511,0.313618507819173,0.37822729364754,0.453031186132058,0.572873015157195,0.687419056289323,0.928664952428747
BM_CZ,MONTHLY,NYSE,201805,882,0.0772816672309842,0.180706505738029,0.254586798290071,0.315864425689094,0.379309957740069,0.457524337964599,0.574578853003788,0.688287215431271,0.929552520309601
BM_CZ,MONTHLY,NYSE,201806,908,0.0686335841295749,0.157387843101135,0.221975598363597,0.289222611374949,0.364969182167007,0.443982007368414,0.566963525715711,0.71756202128285,1.00293638698372
BM_CZ,MONTHLY,NYSE,201807,905,0.066347336425002,0.156854978466922,0.222829948959228,0.291059546159022,0.365096514672743,0.448749768896163,0.576043475955542,0.719742603277997,1.00161715415797
BM_CZ,MONTHLY,NYSE,201808,900,0.0667016557041288,0.1557932217389,0.22271553982054,0.289853438372076,0.364196176702785,0.44900231463231,0.576649355612482,0.724254400632967,1.0005553919372
BM_CZ,MONTHLY,NYSE,201809,898,0.0673678235070862,0.156367489272938,0.223145591916912,0.291352237064416,0.364196176702785,0.451578811677772,0.576892366491579,0.726745251896931,1.00293638698372
BM_CZ,MONTHLY,NYSE,201810,898,0.0688788552745151,0.157387843101135,0.22399397077077,0.291707944537202,0.364969182167007,0.449142009072956,0.576061416830929,0.726745251896931,1.00098009682551
BM_CZ,MONTHLY,NYSE,201811,891,0.0676229537701428,0.155880000078954,0.224639694689177,0.292277650268048,0.364841849661272,0.449127876745806,0.575899948952447,0.725111194717344,1.00034303949304
BM_CZ,MONTHLY,NYSE,201812,884,0.0670276498230108,0.15661123386993,0.224567947587132,0.292891857198497,0.364196176702785,0.448231572287311,0.570737591989661,0.720817002986466,0.965166085229462
BM_CZ,MONTHLY,NYSE,201901,879,0.0694283663399505,0.157532403119746,0.224752401286006,0.292891857198497,0.363550503744298,0.448862327336484,0.573605568080098,0.724468599154061,0.95657507759754
BM_CZ,MONTHLY,NYSE,201902,877,0.0694255494490601,0.157867303922808,0.224865107882835,0.293734812565536,0.365096514672743,0.447825934118782,0.571311187207748,0.730955804096782,0.978435347480691
BM_CZ,MONTHLY,NYSE,201903,874,0.0694213241127245,0.1587642349516,0.229042075988188,0.301348374499266,0.366503839422094,0.450558416327878,0.577195213723144,0.73277203697319,0.98452134073475
BM_CZ,MONTHLY,NYSE,201904,870,0.0688760114692489,0.158004646220328,0.226699839840034,0.301141251795649,0.366031762098365,0.449878477354717,0.576350360634737,0.731933725551156,0.954856876071155
BM_CZ,MONTHLY,NYSE,201905,867,0.0684583255695469,0.158089437806644,0.224865107882835,0.301550935372092,0.366353303364923,0.451826267892548,0.577407726645236,0.732819843324521,0.960011480650308
BM_CZ,MONTHLY,NYSE,201906,903,0.0727245952102446,0.177420092058879,0.265869530245378,0.362050169906821,0.472357623398341,0.5998477793316,0.782203470673915,1.00150213858918,1.44106082349645
BM_CZ,MONTHLY,NYSE,201907,906,0.068144079965178,0.179846340711631,0.265865168031867,0.362789415763242,0.472371469660849,0.599457333325915,0.786171608424041,1.00164316378188,1.42377578753952
BM_CZ,MONTHLY,NYSE,201908,906,0.0673882412151137,0.180280041866177,0.265865168031867,0.363592770895237,0.4764067109834,0.606491495682851,0.788042033152894,1.01069729168903,1.43627165706086
BM_CZ,MONTHLY,NYSE,201909,902,0.0668602638778093,0.173853616918064,0.264304830979006,0.361868026322274,0.47212327685603,0.599198822085317,0.78307887568205,1.00096004180387,1.41905621990131
BM_CZ,MONTHLY,NYSE,201910,898,0.0662750703690356,0.173387322948635,0.264282964312565,0.362050169906821,0.47212327685603,0.598832855252607,0.783662479020808,1.00062654110413,1.41782236684428
BM_CZ,MONTHLY,NYSE,201911,893,0.0655197384116228,0.171819715282528,0.264239428038201,0.362659780950412,0.471631113751553,0.598832855252607,0.782203470673915,0.999459452440852,1.41716868879369
BM_CZ,MONTHLY,NYSE,201912,885,0.0649066587046301,0.169243523812855,0.264293897645785,0.362980543215472,0.470424888085445,0.59366330580411,0.769104312859413,0.994115167592983,1.40736390133609
BM_CZ,MONTHLY,NYSE,202001,878,0.0650621321666439,0.166837474141591,0.264198674361773,0.362659780950412,0.46854288748092,0.591139678659443,0.75831536346863,0.984301230823439,1.37675944681141
BM_CZ,MONTHLY,NYSE,202002,879,0.0651139566539819,0.167348719657125,0.263524353583132,0.362270876511924,0.469243192451468,0.591236870476261,0.772740109618593,0.983579261623537,1.37651156267124
BM_CZ,MONTHLY,NYSE,202003,874,0.0648548342172922,0.172302853302678,0.264262413399514,0.362270876511924,0.470292682996674,0.591527559605906,0.773162428674674,0.980962330239934,1.3746106024446
BM_CZ,MONTHLY,NYSE,202004,865,0.0633429528613957,0.172785991322828,0.264395065483967,0.362980543215472,0.471359848831142,0.591811239204993,0.771909159881311,0.980938662542135,1.37430992275944
BM_CZ,MONTHLY,NYSE,202005,863,0.0655197384116228,0.174142620479008,0.265457572598725,0.36949017699514,0.471631113751553,0.593501290789193,0.772573073936342,0.980794592684475,1.37591516381272
BM_CZ,MONTHLY,NYSE,202006,888,0.0572562468647272,0.151913681068182,0.226611304243777,0.312913919941913,0.417669842075357,0.535673403707646,0.702631933064899,0.916163801777636,1.34705479616735
BM_CZ,MONTHLY,NYSE,202007,889,0.0592825236378373,0.152089425434413,0.226144479957985,0.312125147766073,0.419932410726801,0.533871629659286,0.701747448821408,0.909349806861227,1.31426313317221
BM_CZ,MONTHLY,NYSE,202008,881,0.059721776030825,0.15212963546846,0.225947438793399,0.311948573352536,0.416909673645205,0.534017820456651,0.692946432328319,0.885764690181629,1.29242861543279
BM_CZ,MONTHLY,NYSE,202009,882,0.0598283149140509,0.152049215400367,0.228305251435693,0.310777340637104,0.410099640697951,0.531309388938076,0.688828171306194,0.879562653824558,1.26416442519243
BM_CZ,MONTHLY,NYSE,202010,878,0.0596141283795388,0.15225157248862,0.228921004739245,0.31082150320122,0.411054716162501,0.532096665740345,0.689118560782359,0.879324365280915,1.26359246209693
BM_CZ,MONTHLY,NYSE,202011,874,0.0600413926805027,0.1523125409987,0.229533096726251,0.310964637084487,0.412681647390686,0.533395314487799,0.689409899489944,0.880262322195498,1.26397377082726
BM_CZ,MONTHLY,NYSE,202012,871,0.0589608160830362,0.15212963546846,0.228661281566334,0.310784229555897,0.402407217994893,0.52924345079184,0.680587364346937,0.866325249366478,1.2568733126855
BM_CZ,MONTHLY,NYSE,202101,867,0.0521025587530323,0.152760366583846,0.229419942892968,0.310802866378558,0.407133986192429,0.529593101224709,0.680898781882391,0.87549438902131,1.25944657983097
BM_CZ,MONTHLY,NYSE,202102,864,0.0549834879069819,0.152089425434413,0.230193273236777,0.310770649038816,0.404918764307342,0.5289260449636,0.677708410867356,0.863318845508266,1.25536220324161
BM_CZ,MONTHLY,NYSE,202103,865,0.0591216698604367,0.15237350950878,0.231187154096065,0.308832273630519,0.409501785668524,0.528291233307121,0.67994759690703,0.855532114257447,1.25485850009364
BM_CZ,MONTHLY,NYSE,202104,860,0.0593227370821874,0.15237350950878,0.231246723188152,0.308832273630519,0.406786686532942,0.527567057568805,0.669058088771489,0.853803182445052,1.25233998435383
BM_CZ,MONTHLY,NYSE,202105,856,0.0591618833047868,0.15212963546846,0.232037577641517,0.308872027447385,0.406786686532942,0.527507481514248,0.669173940055183,0.853732353367704,1.24973841071532
BM_CZ,MONTHLY,NYSE,202106,869,0.0338345593106284,0.125609083867374,0.199108223036843,0.275561895458978,0.366138096874143,0.470177708677116,0.606798308016019,0.82497607029482,1.1895347421016
BM_CZ,MONTHLY,NYSE,202107,869,0.0373902792823649,0.118916320697104,0.195546950234869,0.273845729515554,0.354848448890199,0.459710730063029,0.60370322418988,0.815828403743665,1.13059374612127
BM_CZ,MONTHLY,NYSE,202108,866,0.037899747159355,0.120425485722268,0.196180592603049,0.274482740324049,0.355650110616202,0.459794249261101,0.604544600888118,0.817529721546011,1.13553486730553
BM_CZ,MONTHLY,NYSE,202109,867,0.0379419837264241,0.120539483046733,0.195334302847949,0.275102311321373,0.358528778337772,0.460381517264148,0.603082550121874,0.817144413329522,1.1383785492381
BM_CZ,MONTHLY,NYSE,202110,862,0.0387445278378479,0.125387069221117,0.195518172224194,0.275102311321373,0.35746628486837,0.459627210864957,0.604632881940211,0.81534870882972,1.13403574882274
BM_CZ,MONTHLY,NYSE,202111,860,0.0415697653489598,0.125624824710562,0.195704171974491,0.275930339179895,0.361930654468822,0.461981670564696,0.604456319836025,0.814585293928181,1.13568278921749
BM_CZ,MONTHLY,NYSE,202112,858,0.0408634559711818,0.124991560938402,0.196914896424942,0.274405959958056,0.358765053381333,0.461377349915438,0.602607665471837,0.814222750277227,1.14559239605084
BM_CZ,MONTHLY,NYSE,202201,851,0.0383913731489589,0.124757020769374,0.195668130550819,0.27537767359852,0.364072998053232,0.46379463251247,0.601126736927529,0.814060642251564,1.12729966533177
BM_CZ,MONTHLY,NYSE,202202,853,0.0383669332586372,0.121233780573553,0.195236767503731,0.274831537240763,0.359001328424893,0.461377349915438,0.599358997891697,0.807597457701196,1.13328729510152
BM_CZ,MONTHLY,NYSE,202203,850,0.0436078821584628,0.124123865198898,0.196364982324699,0.276903967177069,0.364695785412131,0.466332248458967,0.601620379775631,0.80926389751068,1.13568278921749
BM_CZ,MONTHLY,NYSE,202204,845,0.0442541866560572,0.124123865198898,0.199387839119897,0.278086418961875,0.365083764763473,0.461981670564696,0.604013561223883,0.807130204076933,1.14017572258517
BM_CZ,MONTHLY,NYSE,202205,845,0.0442541866560572,0.124123865198898,0.199623199223402,0.276903967177069,0.364307806060789,0.46406267105996,0.605833121550791,0.80926389751068,1.15823128418392
BM_CZ,MONTHLY,NYSE,202206,876,0.0421673088774091,0.118182730285233,0.178621602644731,0.251358215032412,0.324278346282091,0.417190686964139,0.541395430048213,0.679033014613262,0.92611662214193
BM_CZ,MONTHLY,NYSE,202207,878,0.0421863925548909,0.115982459527039,0.174296294223973,0.251387014934438,0.327341797180069,0.416832294878079,0.540850516377054,0.679893602066929,0.921636766585832
BM_CZ,MONTHLY,NYSE,202208,878,0.0421863925548909,0.115982459527039,0.174296294223973,0.251387014934438,0.324798066180339,0.415273903067941,0.53988502515992,0.679365243877092,0.920630387478181
BM_CZ,MONTHLY,NYSE,202209,879,0.0424469576329023,0.116904342706975,0.179240397695816,0.254589842152326,0.328663117637952,0.420062990518965,0.544016363313707,0.691126907343428,0.925955221723356
BM_CZ,MONTHLY,NYSE,202210,880,0.0422054762323727,0.116967723242064,0.179399929166084,0.255472246697872,0.329782679015677,0.421033952389075,0.542933265908851,0.689525096672803,0.925901421583831
BM_CZ,MONTHLY,NYSE,202211,872,0.0421291415224456,0.119726852286046,0.180521073362122,0.256513692541414,0.330937383494206,0.423177468458726,0.546313493256764,0.690016551282535,0.925429981394763
BM_CZ,MONTHLY,NYSE,202212,867,0.0419511574716553,0.117565501600276,0.17945310632284,0.256386084446799,0.333417865785005,0.428164658866045,0.548771811291581,0.692073445201077,0.93133636320357
BM_CZ,MONTHLY,NYSE,202301,862,0.0417406047065935,0.117565501600276,0.179187220539059,0.25453904491562,0.3334344259951,0.424836111993927,0.551224296634961,0.690016551282535,0.925429981394763
BM_CZ,MONTHLY,NYSE,202302,863,0.0417827152596059,0.118099899423398,0.180016056073977,0.256417517650181,0.335189057568559,0.428059891902838,0.553113433694179,0.692902603376155,0.92501234134522
BM_CZ,MONTHLY,NYSE,202303,859,0.04203537857768,0.118634297246521,0.18106433028825,0.256370367845109,0.333450986205196,0.427310199563939,0.555140023797706,0.691126907343428,0.92163184453397
BM_CZ,MONTHLY,NYSE,202304,859,0.0424278739554206,0.123166806075415,0.184012644758514,0.257096342067965,0.335912514099899,0.429056716586967,0.557102057005964,0.69403628567138,0.92163184453397
BM_CZ,MONTHLY,NYSE,202305,857,0.0435689973280015,0.123663679430715,0.184198657781482,0.257558304160202,0.335912514099899,0.428724441692258,0.556170155665158,0.700037445552184,0.923341781147047
BM_CZ,MONTHLY,NYSE,202306,921,0.0539697401121104,0.168446532532021,0.245274075182659,0.330639733606976,0.427744013928701,0.544123923155895,0.662706691373235,0.886503704393019,1.21897151529842
BM_CZ,MONTHLY,NYSE,202307,928,0.0536137714529477,0.164422686829224,0.245035819062769,0.333011007866768,0.429735490190075,0.544387864637332,0.658725180257041,0.889559376635214,1.21861494395147
BM_CZ,MONTHLY,NYSE,202308,926,0.0518816463654043,0.163878009354615,0.242590069570279,0.330639733606976,0.428957440648768,0.545443630563084,0.657915411600158,0.891596491463343,1.21243837542909
BM_CZ,MONTHLY,NYSE,202309,922,0.0529018341346222,0.165044698511318,0.243088925853778,0.330904407651163,0.429777863735831,0.553257036048437,0.656331735300874,0.890577934049279,1.21725737721376
BM_CZ,MONTHLY,NYSE,202310,917,0.0534951152332268,0.16595150376368,0.24281950362571,0.330904407651163,0.429588631428589,0.553257036048437,0.655379292837239,0.891912204133605,1.21123362498292
BM_CZ,MONTHLY,NYSE,202311,918,0.0573690923570888,0.168516555957402,0.243011281726369,0.33116908169535,0.430417832399639,0.553884817302549,0.658725180257041,0.89183327596604,1.21861494395147
BM_CZ,MONTHLY,NYSE,202312,912,0.0561908172920424,0.168481544244712,0.241930365013131,0.330323575720115,0.431099049494951,0.553987421805752,0.663720465451405,0.891912204133605,1.21892057653457
BM_CZ,MONTHLY,NYSE,202401,906,0.0581309014007606,0.168621591095474,0.241587090050423,0.330639733606976,0.431147292885067,0.553833515050947,0.662540057505371,0.892049710717286,1.21243837542909
BM_CZ,MONTHLY,NYSE,202402,904,0.0580618327963012,0.168551567670093,0.241766630775528,0.33077207062907,0.431147292885067,0.554038724057353,0.665919077674185,0.892423861281456,1.21484787632143
BM_CZ,MONTHLY,NYSE,202403,900,0.0595279255810509,0.168586579382784,0.242088830421567,0.336000582345089,0.43519699031351,0.557500108718019,0.674260659937982,0.893397312642854,1.21851306642377
BM_CZ,MONTHLY,NYSE,202404,893,0.0620095207316896,0.170214313740423,0.242049214069458,0.336072566281071,0.434444185401512,0.557250210214516,0.67428628884796,0.89278333621178,1.21605262676759
BM_CZ,MONTHLY,NYSE,202405,893,0.0600354054565842,0.168516555957402,0.241333477588687,0.335216308717839,0.431426017013928,0.554606902460785,0.672522373958504,0.89202627935084,1.20522868751269
BM_CZ,MONTHLY,NYSE,202406,915,0.0471908145686743,0.148909449599341,0.21479229014494,0.295010976284414,0.4000905062913,0.494173776201448,0.650592714022481,0.836243862888882,1.13530915313147
BM_CZ,MONTHLY,NYSE,202407,912,0.0503265318853257,0.151749747435748,0.216756744641764,0.29911638859695,0.403191396582483,0.503923869164486,0.653822850958571,0.836502434055753,1.1361440598875
BM_CZ,MONTHLY,NYSE,202408,906,0.0508019374039992,0.151571599915492,0.216816931805202,0.296296399834641,0.400654498711012,0.494259659242057,0.648191273518107,0.828380253390436,1.1319337277757
BM_CZ,MONTHLY,NYSE,202409,907,0.0509207887836676,0.151572370255931,0.21931879589828,0.294362397724375,0.4000905062913,0.494202403881651,0.64779470697114,0.826873256030557,1.12417177729467
BM_CZ,MONTHLY,NYSE,202410,902,0.0503265318853257,0.151445641039436,0.218690512986083,0.292072919157112,0.398998192664736,0.493290690628146,0.644028379733909,0.826873256030557,1.12085495313557
BM_CZ,MONTHLY,NYSE,202411,898,0.0526323619522226,0.152544853027057,0.220049143359095,0.29448225246506,0.3993110393003,0.495580476377399,0.647242681391369,0.827837488891502,1.12125817091585
GP_CZ,ANNUAL,GENERAL,196306,730,0.150167747928848,0.206040148158553,0.254589472500281,0.299120909306095,0.33986470014627,0.38,0.447056360708535,0.543490061773837,0.717070034443169
GP_CZ,ANNUAL,GENERAL,196406,867,0.152094405594406,0.21112005803008,0.260456415328819,0.303525596994775,0.346612593383138,0.393328917826673,0.460558646046943,0.553096800065164,0.710384287200798
GP_CZ,ANNUAL,GENERAL,196506,962,0.167196551724138,0.222448637513717,0.26961943345668,0.315071605236171,0.355372416352139,0.406678821879383,0.46906547241598,0.573516530699871,0.738956149898927
GP_CZ,ANNUAL,GENERAL,196606,1082,0.171690860712771,0.229326596605567,0.276627176149953,0.325936383463152,0.371021768753495,0.411796243234639,0.47648745819398,0.575151515151515,0.731564264967029
GP_CZ,ANNUAL,GENERAL,196706,1318,0.174567155514121,0.236023069020173,0.281996739134613,0.32737700228833,0.37478192785599,0.424708450760132,0.487492739552554,0.583843011476592,0.738646616541353
GP_CZ,ANNUAL,GENERAL,196806,1396,0.158177925338871,0.221827078581796,0.265334901014667,0.314152770306617,0.361034658511723,0.413449245717208,0.488882315521629,0.578189749182116,0.734322213733979
GP_CZ,ANNUAL,GENERAL,196906,1527,0.157026226074338,0.225762917933131,0.26952182952183,0.315491413245739,0.368312757201646,0.416104658211887,0.477159998016759,0.568971638608945,0.725838090295797
GP_CZ,ANNUAL,GENERAL,197006,1666,0.161489855032651,0.221793320030096,0.266113028113718,0.312337924278223,0.360298374766776,0.410738355548899,0.470506349252694,0.555261044176707,0.708645311789387
GP_CZ,ANNUAL,GENERAL,197106,1706,0.146189434717122,0.20541182352206,0.252194013610755,0.29867283089554,0.338468907754356,0.392039833271162,0.456308564727613,0.545107901995781,0.696871962634963
GP_CZ,ANNUAL,GENERAL,197206,1789,0.14798885425477,0.202193259562081,0.248314256072985,0.294931098125095,0.341623352819984,0.389511725241517,0.453421141128466,0.536916170665059,0.68949956003255
GP_CZ,ANNUAL,GENERAL,197306,2349,0.158982104798461,0.220795980007651,0.267300659318506,0.317057191018454,0.364724916483347,0.412460854357739,0.473446961618085,0.556534614155975,0.707333295299199
GP_CZ,ANNUAL,GENERAL,197406,2954,0.172943056153148,0.236971477390321,0.290498840886552,0.336222757391125,0.387835733822002,0.440778472943311,0.498232793993059,0.583657715973349,0.737032234694885
GP_CZ,ANNUAL,GENERAL,197506,3040,0.177714791660002,0.250709461320962,0.30103083400885,0.345961221585343,0.389791665131264,0.440015682199657,0.498861903583741,0.583226360771185,0.725384915649909
GP_CZ,ANNUAL,GENERAL,197606,2990,0.172097722557743,0.238842135307135,0.294731533176818,0.344996179140658,0.398032897712014,0.447178902669345,0.512665397277005,0.601378769646548,0.750608963212757
GP_CZ,ANNUAL,GENERAL,197706,2993,0.178457867547263,0.249099195904335,0.308390982205336,0.359490113710357,0.409139812490394,0.464568013380574,0.527179303258821,0.619873407952852,0.767319734836473
GP_CZ,ANNUAL,GENERAL,197806,2924,0.178767736518366,0.251880049945237,0.310460378233645,0.363868531355087,0.412833773063437,0.465254151042082,0.530195006919946,0.623858004703095,0.769266129516616
GP_CZ,ANNUAL,GENERAL,197906,2922,0.186108787158254,0.260039367856347,0.318383081134866,0.370679573300349,0.41857347602574,0.473605133451832,0.538961902721464,0.62813885772547,0.779711602711441
GP_CZ,ANNUAL,GENERAL,198006,3043,0.174076324320967,0.253735051763059,0.310978072953324,0.368911275911987,0.413037225245092,0.473380716156256,0.541364928556219,0.626426072987339,0.759549357080374
GP_CZ,ANNUAL,GENERAL,198106,3142,0.1449106787918,0.230268386812721,0.293398599342021,0.349436575437016,0.406421282774048,0.461313197025601,0.536191790416374,0.624302665733238,0.761361483176575
GP_CZ,ANNUAL,GENERAL,198206,3364,0.114715157795572,0.195997159165514,0.270516114264744,0.330909607638759,0.386653486421825,0.448102082973942,0.51473318068215,0.605693187816081,0.752854298586821
GP_CZ,ANNUAL,GENERAL,198306,3459,0.0924424362704235,0.17315115622047,0.241056667497649,0.305965864665542,0.367080901301911,0.429164947744641,0.498768190154945,0.590303889831225,0.7450223676758
GP_CZ,ANNUAL,GENERAL,198406,3660,0.0849535496420782,0.161818807355502,0.224474094297703,0.286126070508374,0.347725541754075,0.408581726543907,0.480603762936951,0.577610314883965,0.718202632537618
GP_CZ,ANNUAL,GENERAL,198506,3802,0.0799576732255613,0.166306163124466,0.230667339824679,0.298381775054447,0.359605341288209,0.421468267685359,0.493352987634933,0.58338322289779,0.730357966557755
GP_CZ,ANNUAL,GENERAL,198606,3795,0.0625845875023677,0.156196791479099,0.226587634808272,0.293943583408468,0.352567576135427,0.41745369369749,0.485902389692032,0.579241071127273,0.736231243508816
GP_CZ,ANNUAL,GENERAL,198706,3889,0.0372608963047424,0.142082817117164,0.212964809567609,0.283584276821685,0.346346531224749,0.410196970727633,0.478788369261501,0.577304745841496,0.742777849471483
GP_CZ,ANNUAL,GENERAL,198806,4007,0.0648182533529749,0.154158126110897,0.22515210938863,0.287145371150191,0.351928783382789,0.414572236399865,0.49113654342223,0.581151580327944,0.733574766938945
GP_CZ,ANNUAL,GENERAL,198906,3915,0.068614658591463,0.164309959163605,0.235921336634237,0.30273452150795,0.367279228798408,0.429241999876411,0.507050729138005,0.610720742468418,0.760013124447201
GP_CZ,ANNUAL,GENERAL,199006,3830,0.0768290894193459,0.170938120416093,0.235950589499356,0.302676330251548,0.368070291093978,0.43442319732639,0.515526948206111,0.621819947285985,0.78681590971164
GP_CZ,ANNUAL,GENERAL,199106,3809,0.0756780070205571,0.171378192256686,0.243230970197048,0.308346511023637,0.377368984552065,0.442248816254619,0.525472926250953,0.627171102519092,0.786941784979861
GP_CZ,ANNUAL,GENERAL,199206,3829,0.0663933839249777,0.163148171759623,0.232531945534415,0.297570662290649,0.366352365115398,0.438020923038835,0.519817778851358,0.630196406587834,0.800764404689389
GP_CZ,ANNUAL,GENERAL,199306,4016,0.0661570803708164,0.161639852978377,0.230739920545886,0.298649999397859,0.367109667919193,0.439271109835713,0.514848977187953,0.62043444828912,0.783896764709414
GP_CZ,ANNUAL,GENERAL,199406,4399,0.0613397734437257,0.159148405993873,0.222754628096938,0.294679657718966,0.364818641772964,0.428987423914147,0.504667686399375,0.606192722702095,0.771345445921878
GP_CZ,ANNUAL,GENERAL,199506,4646,0.0646505542607087,0.160918696800704,0.229879170279937,0.298697587679721,0.362988511646949,0.430166447697119,0.504349453601738,0.602719497039257,0.756869030606496
GP_CZ,ANNUAL,GENERAL,199606,4874,0.0652937835750942,0.166511592550361,0.236366683074724,0.294259715243359,0.35865711691173,0.425953799568421,0.498789912052805,0.604570132287187,0.763122122802178
GP_CZ,ANNUAL,GENERAL,199706,5252,0.0372641694084155,0.147866174959144,0.224080111584638,0.285670479006226,0.350696032212725,0.42111482485969,0.495560032615148,0.590902454394146,0.746606034794781
GP_CZ,ANNUAL,GENERAL,199806,5268,0.0372922381330598,0.147968192597319,0.219336116488647,0.28400118992177,0.347279893997157,0.414540749640224,0.494694111381438,0.594852357187922,0.750369527006178
GP_CZ,ANNUAL,GENERAL,199906,4876,0.045103125244174,0.147797197921782,0.220747634230892,0.282143185507513,0.344548109027245,0.411496474098183,0.487149023226641,0.586228815938725,0.752001734609885
GP_CZ,ANNUAL,GENERAL,200006,4715,0.030418129825267,0.128165938692715,0.195843489993168,0.260773919188927,0.321525235298569,0.387926962729232,0.474566769962393,0.575814132162255,0.747233051758629
GP_CZ,ANNUAL,GENERAL,200106,4485,0.00489508374017302,0.114510976911346,0.18601864409198,0.248950455853654,0.311494230335592,0.381688532314721,0.455501541103088,0.562232393502424,0.727379776767777
GP_CZ,ANNUAL,GENERAL,200206,4085,0.0244426377348686,0.132398598591533,0.19744133607346,0.256598473918504,0.314775765524895,0.379753267926912,0.458142150846199,0.560325478940834,0.736314000170488
GP_CZ,ANNUAL,GENERAL,200306,3705,0.0524596708598005,0.149418535068892,0.209774389333597,0.264713048606813,0.323181196978451,0.382559732557881,0.461093028159207,0.570037077140435,0.741615448757275
GP_CZ,ANNUAL,GENERAL,200406,3499,0.0714735062922455,0.160275126148414,0.219792800042707,0.270131731079583,0.323826112199724,0.384763850393155,0.454504552064295,0.560758632328735,0.734228812956612
GP_CZ,ANNUAL,GENERAL,200506,3489,0.0686714782811484,0.162325528056263,0.226825906068334,0.280050384186535,0.327591684822077,0.387020741032928,0.454707260281852,0.546488513012057,0.699302696532897
GP_CZ,ANNUAL,GENERAL,200606,3392,0.0683541731273788,0.166584863084107,0.226837649188782,0.278695636774528,0.331594246866217,0.391810793488157,0.453826867087054,0.545839472890673,0.697435797300883
GP_CZ,ANNUAL,GENERAL,200706,3329,0.0600486192531152,0.167172034272078,0.227115261352802,0.278309665134486,0.326209512693318,0.385357277079639,0.449474109435858,0.535938342347636,0.688086204120882
GP_CZ,ANNUAL,GENERAL,200806,3247,0.0247989901274276,0.147741483539264,0.206483983680385,0.259802780243102,0.313855453984934,0.369121131148719,0.430958728913738,0.519618810099121,0.682323633435386
GP_CZ,ANNUAL,GENERAL,200906,3057,0.0226481667577558,0.160062449828036,0.22548718181398,0.281624351912563,0.337417898764008,0.395854410702247,0.464156331350002,0.557953459552094,0.711169984283343
GP_CZ,ANNUAL,GENERAL,201006,2919,0.049830441520948,0.144848152799412,0.202910397973661,0.253140568735416,0.308100145573469,0.368222725600677,0.440459433505135,0.535888783725633,0.686986934876526
GP_CZ,ANNUAL,GENERAL,201106,2804,0.0757818324617587,0.162057580342979,0.221030470012577,0.26721123707394,0.317686673028354,0.373584665440776,0.438967930653091,0.5310886790226,0.687442752804657
GP_CZ,ANNUAL,GENERAL,201206,2726,0.0666491562096666,0.163704689862812,0.220033341748612,0.267461729785675,0.319034287615291,0.373774726011447,0.440019183290518,0.527746925751332,0.690424603780059
GP_CZ,ANNUAL,GENERAL,201306,2636,0.0561328263687145,0.153289284619291,0.213653235823924,0.263607440362249,0.315966633080408,0.370713526620665,0.435011312924801,0.52306301008589,0.687489867220137
GP_CZ,ANNUAL,GENERAL,201406,2653,0.02605527556329,0.140556548925555,0.200056455694032,0.247500247204804,0.293048181909246,0.354106875021316,0.423429462617559,0.512885148403488,0.675203236002102
GP_CZ,ANNUAL,GENERAL,201506,2748,0,0.126534039444937,0.183507759033199,0.235050630309573,0.284025615292778,0.339015898042307,0.411949766950776,0.503064343347902,0.658715015780454
GP_CZ,ANNUAL,GENERAL,201606,2688,0,0.096063827253442,0.172595965102768,0.230222155912632,0.285445088525317,0.339698801386256,0.401867998731226,0.491031511795523,0.656025680563769
GP_CZ,ANNUAL,GENERAL,201706,2645,0,0.0799913475787507,0.158220483076324,0.22243059163383,0.274161466824919,0.332633518344616,0.401877081847759,0.497750038845571,0.663299210832232
GP_CZ,ANNUAL,GENERAL,201806,2625,0,0.0937024595018222,0.158608417515763,0.213793664074841,0.261513842916329,0.319605188192037,0.387540394673058,0.474608861610522,0.636383860789785
GP_CZ,ANNUAL,GENERAL,201906,2652,0,0.0838053442901593,0.164639108539714,0.214585076906635,0.263223351973493,0.313073144217941,0.386890917763964,0.470567883592521,0.631029941901734
GP_CZ,ANNUAL,GENERAL,202006,2650,0,0.0509736289554429,0.141971043342339,0.196423856443555,0.243803110763525,0.290112965140124,0.352034207479558,0.432466072874032,0.578790510814237
GP_CZ,ANNUAL,GENERAL,202106,2734,-0.0689780019377657,0,0.0921563318246615,0.157933765761009,0.204343200154663,0.253802500837417,0.312170844141644,0.386425128176686,0.511955013769735
GP_CZ,ANNUAL,GENERAL,202206,3051,-0.00545826700022743,0,0.0946490345826103,0.157239169053127,0.206635940849114,0.256743629978331,0.312821625681045,0.389177978623679,0.511127921711855
GP_CZ,ANNUAL,GENERAL,202306,3055,-0.00747067949666186,2.0003333888984e-05,0.11047388024838,0.170858592877302,0.224902906908321,0.28057607745962,0.34254314102675,0.419902182092142,0.553643200933114
GP_CZ,ANNUAL,GENERAL,202406,2920,-0.00255537943359269,0.0111549155345823,0.122589029285013,0.177059487715547,0.224879881120651,0.280464336438617,0.34885828006101,0.431345973318999,0.578232224547088
GP_CZ,ANNUAL,NYSE,196306,611,0.158709677419355,0.214462809917355,0.257916112655627,0.296734693877551,0.334545454545455,0.376470588235294,0.439583333333333,0.530662983425414,0.716915422885572
GP_CZ,ANNUAL,NYSE,196406,656,0.16048638921862,0.215976645435244,0.260834922653104,0.300456621004566,0.338546502065134,0.383643434971998,0.448049739223583,0.534522560335782,0.706762492925669
GP_CZ,ANNUAL,NYSE,196506,712,0.171410995741117,0.22351462520362,0.27148333130161,0.313281385281385,0.348743370670757,0.394540546357913,0.466369816338747,0.563725634841822,0.73850572161389
GP_CZ,ANNUAL,NYSE,196606,756,0.17518536082319,0.225670194875853,0.27547294507257,0.320284463894967,0.365376344086021,0.40103196859226,0.468975927914947,0.563555555555556,0.720312791074233
GP_CZ,ANNUAL,NYSE,196706,811,0.181081081081081,0.234381139489194,0.278894450185284,0.322105723892326,0.369073783359498,0.41511746680286,0.468702290076336,0.565525383707202,0.729963898916967
GP_CZ,ANNUAL,NYSE,196806,829,0.161360344367947,0.217552657474509,0.261542822587443,0.307556232129663,0.352911784975879,0.399464415450109,0.467686506512423,0.551891594848823,0.731349919160996
GP_CZ,ANNUAL,NYSE,196906,892,0.159683813576606,0.222960421955155,0.264830212743112,0.31261013215859,0.364268204927248,0.411636652475944,0.471619687594204,0.566479045561068,0.717244341692214
GP_CZ,ANNUAL,NYSE,197006,943,0.161080220744347,0.216437606575484,0.261826279177984,0.308961462242408,0.353073608564059,0.407671128237771,0.461861188798402,0.552830323614113,0.709496044808173
GP_CZ,ANNUAL,NYSE,197106,964,0.1493170858476,0.198549830019678,0.241544993794268,0.289536596400898,0.330282354460644,0.38313382259725,0.446308290842647,0.523568878589632,0.673310242891766
GP_CZ,ANNUAL,NYSE,197206,1004,0.149623902837443,0.20100082727824,0.245107211485803,0.289963349475178,0.335423946834654,0.381333986163301,0.442417893436603,0.52409207757626,0.688453407051965
GP_CZ,ANNUAL,NYSE,197306,1046,0.162677199471329,0.219908253180771,0.258006942051569,0.306296981537307,0.353107623769527,0.395844461061853,0.446594317857551,0.5259666208095,0.685824542353776
GP_CZ,ANNUAL,NYSE,197406,1069,0.179590334749833,0.233037173085309,0.276733850988104,0.321991134974843,0.362288857211338,0.406668474681328,0.459873479683931,0.521494974229702,0.676268391502876
GP_CZ,ANNUAL,NYSE,197506,1082,0.187918381800382,0.246813549114863,0.283440787756007,0.324563441798242,0.362668880056982,0.403847755513588,0.452204241127856,0.512901250151819,0.673405187228916
GP_CZ,ANNUAL,NYSE,197606,1080,0.171901963885384,0.232419938473477,0.277544194365657,0.321600458818287,0.361202347717241,0.413755573402185,0.461767175147714,0.538663826884748,0.678058381233468
GP_CZ,ANNUAL,NYSE,197706,1099,0.190869616155844,0.248006302398083,0.301652881632282,0.339605336658029,0.387072542766667,0.439025165198392,0.492500082539532,0.560137993319167,0.720046212696913
GP_CZ,ANNUAL,NYSE,197806,1096,0.190469421559287,0.251004318279171,0.300448351567883,0.346801457314472,0.390750867514747,0.443568606651234,0.503785890910355,0.585630701021187,0.734598477446025
GP_CZ,ANNUAL,NYSE,197906,1087,0.197154923233491,0.259171932565647,0.305701824825112,0.357261635214315,0.400203490871572,0.445943767544362,0.511688538693157,0.596541161631015,0.747148494764095
GP_CZ,ANNUAL,NYSE,198006,1071,0.192522089175451,0.25824640100146,0.305606291879026,0.352959404619196,0.396325048278105,0.449654258901711,0.517404595207573,0.59525818801682,0.731953597334767
GP_CZ,ANNUAL,NYSE,198106,1057,0.181054917786037,0.246506593856699,0.296271715961002,0.34408366308248,0.394832620129614,0.443602468163222,0.518066981163438,0.588268253070026,0.728915418161247
GP_CZ,ANNUAL,NYSE,198206,1042,0.172846304617559,0.238843031775091,0.294114953462949,0.342277804412544,0.388923299214129,0.450181335919069,0.512404397809669,0.593367221886513,0.733592295029245
GP_CZ,ANNUAL,NYSE,198306,1014,0.147612611656655,0.207513514909641,0.26685918228299,0.322743684239866,0.376247040355073,0.442220056893918,0.510745742287452,0.588243161467359,0.732750338123454
GP_CZ,ANNUAL,NYSE,198406,1010,0.145118310723935,0.199935640702803,0.257153042983203,0.315899588833126,0.367932050390164,0.424079697493879,0.491838360308401,0.595695541881076,0.728627943520436
GP_CZ,ANNUAL,NYSE,198506,992,0.156523863456449,0.210241760646914,0.273643630203451,0.3285133956471,0.387548956323129,0.443909253035804,0.509952790359452,0.597083302346623,0.727197681538664
GP_CZ,ANNUAL,NYSE,198606,958,0.136505951618562,0.196968275390863,0.253504547740067,0.305262303531404,0.357862139111963,0.418916012280286,0.481083525587703,0.563011124922249,0.716201215935692
GP_CZ,ANNUAL,NYSE,198706,936,0.120454422464392,0.186501531830175,0.248509847223966,0.302989238288559,0.35836870890325,0.419135022256416,0.472062662303749,0.562687815094746,0.728190396108786
GP_CZ,ANNUAL,NYSE,198806,927,0.143166094087986,0.198264338169209,0.246058686716487,0.306803600081794,0.362028474974314,0.41850969187572,0.484555386531238,0.559212346987191,0.696631439236909
GP_CZ,ANNUAL,NYSE,198906,903,0.135843116114943,0.202716194613406,0.261483080126041,0.315529545628915,0.369391954913563,0.418536883607057,0.485521219532275,0.570723599511413,0.728255644723191
GP_CZ,ANNUAL,NYSE,199006,896,0.136763931985054,0.195427230261506,0.250053109630065,0.297546666666667,0.35311225155982,0.41459822812293,0.474182052550933,0.574135557535023,0.711701411034006
GP_CZ,ANNUAL,NYSE,199106,942,0.13387605265029,0.194287679237075,0.241896986006815,0.291662916467184,0.349226178913605,0.408353035470091,0.475964381154827,0.579331279871023,0.706321055646474
GP_CZ,ANNUAL,NYSE,199206,984,0.119329159857228,0.176102077036673,0.227584781150068,0.282837136210653,0.340815794198976,0.40283743106476,0.466254487689191,0.567050075668484,0.708568197013966
GP_CZ,ANNUAL,NYSE,199306,1047,0.127353106087541,0.181325312074478,0.232166212446004,0.283404489035476,0.341164277077215,0.40459195880728,0.466881737684566,0.568276544467131,0.730695681986037
GP_CZ,ANNUAL,NYSE,199406,1116,0.125858807413237,0.179481549252821,0.224473951044827,0.281446426268483,0.335403597094479,0.401440883154704,0.463854477993246,0.554382308671993,0.705767650688972
GP_CZ,ANNUAL,NYSE,199506,1163,0.138353042051367,0.185803939720305,0.235888403824162,0.291316630146219,0.343209321734664,0.401732418528025,0.467330684322021,0.547592233599644,0.689932559841486
GP_CZ,ANNUAL,NYSE,199606,1207,0.14567977533815,0.200367854673818,0.249893822756796,0.293102400373595,0.347941489447463,0.400711899165798,0.465321481529746,0.554436524471732,0.699033477706333
GP_CZ,ANNUAL,NYSE,199706,1293,0.139101921349643,0.194349106695803,0.242837590015352,0.291533178893325,0.348905308443711,0.404682272619424,0.463707776888778,0.547886895354972,0.69532258767695
GP_CZ,ANNUAL,NYSE,199806,1328,0.136360607910372,0.18843696954089,0.237156472993054,0.287681381368965,0.336299684280968,0.392404946587511,0.451887495949432,0.536984302729854,0.677379058322134
GP_CZ,ANNUAL,NYSE,199906,1319,0.12309070019236,0.170759071943827,0.224298322384572,0.276006427980745,0.326052121938991,0.380642166252344,0.44283653397649,0.522659785172598,0.672202773754565
GP_CZ,ANNUAL,NYSE,200006,1228,0.121085980366274,0.174362383021078,0.223147936529443,0.269860904910514,0.315733014536231,0.368666018416871,0.435298724953158,0.524271455041942,0.676373031782143
GP_CZ,ANNUAL,NYSE,200106,1147,0.126245700786797,0.177510375097163,0.232437936680082,0.275351171534884,0.313477130887277,0.366533986686697,0.433494148901514,0.534400648738743,0.693349939251226
GP_CZ,ANNUAL,NYSE,200206,1112,0.121270194519174,0.171670671447603,0.220911673927843,0.260288632844329,0.302488436867393,0.352289425391985,0.426374797106092,0.526710254033737,0.689482026963961
GP_CZ,ANNUAL,NYSE,200306,1093,0.121928606841066,0.172243439855801,0.211972443792382,0.253354475628545,0.295940829444396,0.351900518362207,0.422519685059483,0.517075080200848,0.667232484967472
GP_CZ,ANNUAL,NYSE,200406,1072,0.127587922584586,0.173850704093418,0.220640975257712,0.259090636480432,0.297876311751792,0.346780081845622,0.408007840383848,0.501638624856515,0.653858905526676
GP_CZ,ANNUAL,NYSE,200506,1071,0.136557772422593,0.184897784945216,0.229101117062172,0.267174252037602,0.30921954006418,0.359073321910022,0.416642000149425,0.500110116099577,0.661099713136012
GP_CZ,ANNUAL,NYSE,200606,1047,0.141262139421964,0.191882509226469,0.231814973085433,0.266791182823833,0.307919804457415,0.361780883928526,0.422426732414981,0.499045014178806,0.65713357882055
GP_CZ,ANNUAL,NYSE,200706,1033,0.14394467589649,0.186365050478118,0.231439844052746,0.269457504551899,0.304274854378517,0.353753579995323,0.414429487842569,0.498203214695877,0.665427191528023
GP_CZ,ANNUAL,NYSE,200806,1012,0.136983971640098,0.18416379048485,0.21753022165106,0.260222355976329,0.300465048271319,0.346333632180909,0.411438585346987,0.4964094245925,0.670547358573823
GP_CZ,ANNUAL,NYSE,200906,983,0.130155567976064,0.178541149146594,0.225762009867961,0.273711559067097,0.316361303772602,0.364065346325338,0.430870223312188,0.516840224479413,0.664257344735708
GP_CZ,ANNUAL,NYSE,201006,976,0.106928456970712,0.154546827202297,0.197424065209693,0.234506714110222,0.275716976687395,0.325329358822154,0.397898363741124,0.493792052494837,0.639654887276455
GP_CZ,ANNUAL,NYSE,201106,967,0.120016569051312,0.167796468125185,0.203236249865048,0.243387629969366,0.283509341998375,0.336667497183829,0.400793712894254,0.478269632316374,0.62339023559854
GP_CZ,ANNUAL,NYSE,201206,969,0.122320636156797,0.174729661438879,0.2147767737334,0.24368214767552,0.286967858678213,0.339960116816306,0.398031838074751,0.481365761965641,0.622605141918808
GP_CZ,ANNUAL,NYSE,201306,972,0.121547661917015,0.172896484837519,0.210436393612846,0.247080336316721,0.287758398648404,0.337504830253645,0.396435872677288,0.490007479958409,0.631203805046664
GP_CZ,ANNUAL,NYSE,201406,984,0.122993272964184,0.168290031610508,0.204059678095788,0.239377911985105,0.274896975332212,0.326526234828562,0.390695468711184,0.472977887544367,0.62123445367907
GP_CZ,ANNUAL,NYSE,201506,1000,0.118961936370095,0.163997885388402,0.202722590506741,0.241182964501672,0.277076041246228,0.3269569818081,0.387617454465196,0.470357569972912,0.626218393789813
GP_CZ,ANNUAL,NYSE,201606,965,0.099317092134681,0.151455083219594,0.199643098982269,0.24065651461808,0.280991296259385,0.325218355327648,0.388583174699741,0.478422561711899,0.62783478440671
GP_CZ,ANNUAL,NYSE,201706,949,0.0915192676885601,0.140190975974524,0.192231198726678,0.235763569212987,0.273648648648649,0.321226506662345,0.382378941741296,0.480149826118342,0.628733627156681
GP_CZ,ANNUAL,NYSE,201806,937,0.117106346369991,0.151798244711177,0.19345975519032,0.227443992770823,0.26106634209969,0.308743823453691,0.370523089396606,0.457253311118563,0.614597111786231
GP_CZ,ANNUAL,NYSE,201906,929,0.128040080273852,0.168724666824537,0.201866168416084,0.235174700368685,0.27087770543013,0.311232923174076,0.373370000036268,0.465248454892074,0.610375639840596
GP_CZ,ANNUAL,NYSE,202006,900,0.116646904432973,0.154438280471985,0.186069058736284,0.22082870865328,0.252768947727804,0.289990457755453,0.339681903720508,0.419754172352996,0.589301999398406
GP_CZ,ANNUAL,NYSE,202106,896,0.0697129070589637,0.119571045576408,0.1592689093117,0.195056051026944,0.224421289244003,0.264480997299611,0.312102223693246,0.386549303877574,0.504636585842453
GP_CZ,ANNUAL,NYSE,202206,940,0.0979738674674751,0.142852503297124,0.17855633513324,0.210948966992564,0.247019960430859,0.283813267611513,0.333102477082317,0.401454113989129,0.533858982546869
GP_CZ,ANNUAL,NYSE,202306,932,0.121275388644411,0.16327555693954,0.195377875013119,0.232227920152584,0.270921691432385,0.315854799243114,0.370359071416909,0.458779556965575,0.584030730207818
GP_CZ,ANNUAL,NYSE,202406,916,0.119766160547155,0.163927732979484,0.190811861225508,0.220715955467394,0.256449363426515,0.301488661994748,0.360467043092318,0.440563211118379,0.578311420332527
GP_CZ,MONTHLY,GENERAL,196306,730,0.150167747928848,0.206040148158553,0.254589472500281,0.299120909306095,0.33986470014627,0.38,0.447056360708535,0.543490061773837,0.717070034443169
GP_CZ,MONTHLY,GENERAL,196307,743,0.147704815364658,0.205239526150609,0.25384789067142,0.29892149986512,0.339285714285714,0.383138863567305,0.448900592495063,0.541505733044325,0.71280374085855
GP_CZ,MONTHLY,GENERAL,196308,747,0.146947698135198,0.205764366219117,0.255541353449104,0.299169284827259,0.340443686006826,0.383236098450319,0.449544033829748,0.541897904690102,0.704580376804502
GP_CZ,MONTHLY,GENERAL,196309,755,0.145840073381656,0.205641468712717,0.256149432576788,0.299287108380429,0.340443686006826,0.383187481008812,0.451237359808788,0.542475277149104,0.717843092231152
GP_CZ,MONTHLY,GENERAL,196310,761,0.146247086247086,0.206132075471698,0.258185840707965,0.299536500579374,0.341121783664823,0.384000353793642,0.452445652173913,0.54321608040201,0.718461538461539
GP_CZ,MONTHLY,GENERAL,196311,765,0.146714160839161,0.206040148158553,0.258186192439186,0.300162162162162,0.341134113411341,0.385277884120907,0.45253397348411,0.552711989615319,0.717843092231152
GP_CZ,MONTHLY,GENERAL,196312,800,0.145363720073665,0.20720371395621,0.258255662095749,0.302296733370487,0.3420899222239,0.385853940226822,0.455483284683594,0.552711989615319,0.718944055944056
GP_CZ,MONTHLY,GENERAL,196401,800,0.145185617199014,0.206040148158553,0.258193984727254,0.301571847288215,0.341719316352615,0.385277884120907,0.452714049698237,0.556116285802709,0.718944055944056
GP_CZ,MONTHLY,GENERAL,196402,801,0.14537037037037,0.206132075471698,0.258280922431866,0.301679306608884,0.342241379310345,0.385651105651106,0.453082706766917,0.557851239669422,0.718461538461539
GP_CZ,MONTHLY,GENERAL,196403,805,0.14544971481077,0.206032446964868,0.258546764173023,0.302296733370487,0.341134113411341,0.384411840183162,0.45253397348411,0.554891383440574,0.713053315466278
GP_CZ,MONTHLY,GENERAL,196404,807,0.145975744336799,0.207922553636839,0.259703394890435,0.303327777453681,0.342074581289905,0.388127753303965,0.453683877590656,0.555774868981531,0.711122261756631
GP_CZ,MONTHLY,GENERAL,196405,809,0.145529059251169,0.20758041371725,0.258581856648204,0.302804412160344,0.341134113411341,0.385526698474373,0.454675558056029,0.555185878620893,0.709191208046985
GP_CZ,MONTHLY,GENERAL,196406,867,0.152094405594406,0.21112005803008,0.260456415328819,0.303525596994775,0.346612593383138,0.393328917826673,0.460558646046943,0.553096800065164,0.710384287200798
GP_CZ,MONTHLY,GENERAL,196407,873,0.155019283104275,0.215211375305572,0.2637748052332,0.30594370987236,0.348051948051948,0.394898148148148,0.463017304955149,0.557283493708364,0.721642579498558
GP_CZ,MONTHLY,GENERAL,196408,875,0.157872549019608,0.216040488062634,0.264938310948334,0.30666704049902,0.348051948051948,0.394900462962963,0.462664150943396,0.55798556998557,0.725909258418107
GP_CZ,MONTHLY,GENERAL,196409,877,0.157887254901961,0.216340304606654,0.263912853305889,0.306661210568024,0.34806396459821,0.394902777777778,0.463008652477574,0.558132756132756,0.725606172278738
GP_CZ,MONTHLY,GENERAL,196410,880,0.157683156507,0.216040488062634,0.263101340292154,0.306626879188977,0.34813435051912,0.394900462962963,0.46059222161711,0.558349604213009,0.722271630749437
GP_CZ,MONTHLY,GENERAL,196411,883,0.155019283104275,0.215211375305572,0.26224464517421,0.30646832738146,0.34806396459821,0.394946098836589,0.460625797187276,0.558083694083694,0.724393695722097
GP_CZ,MONTHLY,GENERAL,196412,891,0.154713271436374,0.214042553191489,0.259626168224299,0.305837952346876,0.347368421052632,0.396666666666667,0.460827250608273,0.558181818181818,0.726515430696845
GP_CZ,MONTHLY,GENERAL,196501,892,0.154866277270324,0.213709203478945,0.26004293214738,0.306219238317596,0.347609906520108,0.397553719008264,0.461172703484369,0.558132756132756,0.726216828803631
GP_CZ,MONTHLY,GENERAL,196502,894,0.156248369741009,0.213875878335217,0.259948663334058,0.306610037602916,0.348018304660827,0.397669913419913,0.461427485215432,0.558517390244199,0.726675559441612
GP_CZ,MONTHLY,GENERAL,196503,896,0.153798943410495,0.214042553191489,0.260592357684442,0.307946410073433,0.348553564292113,0.397693452380952,0.461854407209237,0.560477255779269,0.727538759689923
GP_CZ,MONTHLY,GENERAL,196504,901,0.152884615384615,0.213625866050808,0.261157024793389,0.307946410073433,0.350152387402641,0.398621345376753,0.461320754716981,0.560477255779269,0.726744186046512
GP_CZ,MONTHLY,GENERAL,196505,904,0.155172288938226,0.21453500284576,0.261938934892152,0.308350444900753,0.35117129978172,0.4,0.463078649067745,0.561139953957292,0.727856589147287
GP_CZ,MONTHLY,GENERAL,196506,962,0.167196551724138,0.222448637513717,0.26961943345668,0.315071605236171,0.355372416352139,0.406678821879383,0.46906547241598,0.573516530699871,0.738956149898927
GP_CZ,MONTHLY,GENERAL,196507,968,0.171212918918389,0.224469513641756,0.271851703047012,0.316710405831691,0.358846153846154,0.408839673885246,0.470193899750032,0.575310140498382,0.744193634268985
GP_CZ,MONTHLY,GENERAL,196508,970,0.17091171290145,0.224605693950178,0.27198605564178,0.316588324475874,0.358846153846154,0.409665071770335,0.471902665758564,0.575939770449509,0.745106250850032
GP_CZ,MONTHLY,GENERAL,196509,974,0.169831121823797,0.22412608929532,0.274925652218593,0.316892761403549,0.357609424103341,0.411805912371622,0.470403828197946,0.577587256137898,0.74631734006734
GP_CZ,MONTHLY,GENERAL,196510,979,0.170731614388508,0.22477495993525,0.275672115883321,0.318613891310666,0.358461538461539,0.411805912371622,0.474188927008163,0.576052058451675,0.747150951215774
GP_CZ,MONTHLY,GENERAL,196511,984,0.169175519253832,0.22477495993525,0.275881857279259,0.319005593270996,0.359258726494438,0.411805912371622,0.474775674682348,0.581561405216037,0.750413442970531
GP_CZ,MONTHLY,GENERAL,196512,996,0.169971500099007,0.22525,0.279945071400036,0.321488696488696,0.362839034062743,0.417279107386226,0.47611175023802,0.582107355864811,0.750121350611874
GP_CZ,MONTHLY,GENERAL,196601,1007,0.170107634861814,0.228000769830788,0.280632830485884,0.322265619050457,0.364372469635628,0.418472501788228,0.476830663615561,0.581306143974686,0.75253324738891
GP_CZ,MONTHLY,GENERAL,196602,1013,0.171269125641266,0.228249296067194,0.281669598824067,0.322348495799738,0.362715105162524,0.417702049617091,0.476344481605351,0.580140999437187,0.752379457813966
GP_CZ,MONTHLY,GENERAL,196603,1022,0.171266973887827,0.227216611183208,0.282491935368132,0.322359133126935,0.365859238695094,0.418472501788228,0.477331235697941,0.580393080363755,0.752431890040711
GP_CZ,MONTHLY,GENERAL,196604,1026,0.171275580901584,0.227710843373494,0.281546574340692,0.32253193960511,0.366416263475087,0.41875,0.486035173929911,0.580645161290322,0.751405790754258
GP_CZ,MONTHLY,GENERAL,196605,1030,0.171247521062388,0.227574080104201,0.283265248845773,0.322988909493595,0.366187571188633,0.417894371607723,0.486422331300616,0.581516397430907,0.752012432226746
GP_CZ,MONTHLY,GENERAL,196606,1082,0.171690860712771,0.229326596605567,0.276627176149953,0.325936383463152,0.371021768753495,0.411796243234639,0.47648745819398,0.575151515151515,0.731564264967029
GP_CZ,MONTHLY,GENERAL,196607,1093,0.172021044481982,0.230870968078225,0.278469442458899,0.327291716811319,0.371363636363636,0.413528202115159,0.480751527375647,0.58001793654538,0.74445261398902
GP_CZ,MONTHLY,GENERAL,196608,1100,0.172361301731419,0.230896383298802,0.279101949208724,0.328257468432399,0.371655006588327,0.414231519487441,0.481648535960219,0.579333507443197,0.736525786821199
GP_CZ,MONTHLY,GENERAL,196609,1107,0.173387852626744,0.231918442797948,0.279952704867578,0.32844812551957,0.372262773722628,0.414949360145943,0.481813288695603,0.577545419604786,0.729871739687735
GP_CZ,MONTHLY,GENERAL,196610,1112,0.173905846777658,0.232394287074198,0.280429196229869,0.328922696412861,0.372555549555858,0.415837200053029,0.481393826250716,0.579476886915644,0.729948539045429
GP_CZ,MONTHLY,GENERAL,196611,1117,0.173928354208546,0.232579555422833,0.280806317655192,0.329108088761632,0.372630078403421,0.41721579961014,0.482423112080257,0.578736192332684,0.730681999326568
GP_CZ,MONTHLY,GENERAL,196612,1126,0.176995817768403,0.233994076099339,0.280803672925859,0.329286605613249,0.373213125908515,0.425370439478988,0.488439634420808,0.580346774193548,0.729887099559274
GP_CZ,MONTHLY,GENERAL,196701,1129,0.174691332935424,0.233962740266378,0.280802791349415,0.329543145876738,0.373897338403042,0.425078960278843,0.491324456018363,0.581979690813707,0.729841019944657
GP_CZ,MONTHLY,GENERAL,196702,1135,0.174018609742748,0.233978408182859,0.280376329256473,0.32927928044112,0.374984555825543,0.427847268673356,0.492622216955113,0.585336913547707,0.729902459430813
GP_CZ,MONTHLY,GENERAL,196703,1150,0.17386315492983,0.233978408182859,0.279320315544695,0.328257468432399,0.373077181208054,0.423701379263674,0.488039998630966,0.58006935483871,0.727970522603759
GP_CZ,MONTHLY,GENERAL,196704,1163,0.174747707555185,0.234378580351086,0.281427271392925,0.32826485987065,0.373271889400922,0.422862342974798,0.488204168710712,0.581793882091213,0.731400099736168
GP_CZ,MONTHLY,GENERAL,196705,1167,0.174790063846359,0.23437772730505,0.280212404402624,0.328493210409418,0.373,0.42377193400187,0.489367576850256,0.584812012410782,0.734822752566095
GP_CZ,MONTHLY,GENERAL,196706,1318,0.174567155514121,0.236023069020173,0.281996739134613,0.32737700228833,0.37478192785599,0.424708450760132,0.487492739552554,0.583843011476592,0.738646616541353
GP_CZ,MONTHLY,GENERAL,196707,1324,0.174758296627979,0.237108976847884,0.282071570886505,0.327664728323271,0.375792336708358,0.426295101244581,0.490848226193652,0.587232142857143,0.752007104646517
GP_CZ,MONTHLY,GENERAL,196708,1323,0.174747707555185,0.236957282990117,0.28221615372598,0.32776417645098,0.376086956521739,0.426565546252477,0.491000266737797,0.588281853281854,0.753827558705859
GP_CZ,MONTHLY,GENERAL,196709,1329,0.174811241991946,0.237427455691191,0.281820611673605,0.327664728323271,0.37611060743427,0.427293389090616,0.491366607865518,0.588021235521236,0.754340122654153
GP_CZ,MONTHLY,GENERAL,196710,1336,0.174779474773566,0.237437516443041,0.280962532299742,0.327797325826883,0.375792336708358,0.427385967132501,0.49263986013986,0.588803088803089,0.752644270776801
GP_CZ,MONTHLY,GENERAL,196711,1336,0.174779474773566,0.237437516443041,0.280962532299742,0.326358695652174,0.376098781978005,0.426923076923077,0.49263986013986,0.588888888888889,0.752644270776801
GP_CZ,MONTHLY,GENERAL,196712,1344,0.174023432826968,0.235265669630129,0.281081395348837,0.325612666756502,0.375792336708358,0.426790640294463,0.493358250620348,0.591664145037172,0.755762279446916
GP_CZ,MONTHLY,GENERAL,196801,1345,0.174407781618644,0.234743653558985,0.281235969570922,0.325598411798071,0.375065479308538,0.426640577599806,0.491387361211995,0.59148715273249,0.75551307789014
GP_CZ,MONTHLY,GENERAL,196802,1344,0.174023432826968,0.235265669630129,0.281927711015125,0.325493214588926,0.37424743876018,0.426790640294463,0.491971041055719,0.591664145037172,0.753732403784049
GP_CZ,MONTHLY,GENERAL,196803,1346,0.174806187079228,0.23469387755102,0.281844858800553,0.325609756097561,0.372481451959041,0.425513446602308,0.493888191162376,0.59219512195122,0.755263876333363
GP_CZ,MONTHLY,GENERAL,196804,1347,0.175808890430846,0.234826774395765,0.281551113425806,0.325591470734103,0.372340425531915,0.426372853090472,0.495026040658845,0.591159716325079,0.755117675314652
GP_CZ,MONTHLY,GENERAL,196805,1349,0.175715521078211,0.234108242872594,0.281182533457089,0.32558537561295,0.372622478386167,0.42691159586682,0.495078121976534,0.59036951742908,0.752391041644054
GP_CZ,MONTHLY,GENERAL,196806,1396,0.158177925338871,0.221827078581796,0.265334901014667,0.314152770306617,0.361034658511723,0.413449245717208,0.488882315521629,0.578189749182116,0.734322213733979
GP_CZ,MONTHLY,GENERAL,196807,1405,0.15853282816712,0.222125233271197,0.266573700973701,0.31687214932305,0.363323288850624,0.415293993923814,0.490565458419306,0.583752094999801,0.743851929092805
GP_CZ,MONTHLY,GENERAL,196808,1404,0.158505825174086,0.222056588991373,0.266506498697838,0.315798576598729,0.362027220035607,0.415436472696113,0.490386947362654,0.582477287970246,0.740929658576718
GP_CZ,MONTHLY,GENERAL,196809,1413,0.158712633657016,0.222352506031775,0.267082837939981,0.316507783684566,0.361878274268105,0.414751524966262,0.490067155944431,0.581119347664937,0.728722352248245
GP_CZ,MONTHLY,GENERAL,196810,1418,0.158757102486246,0.222753032200407,0.267535190573084,0.316914803748562,0.361546219764744,0.413996555831909,0.48911052107534,0.582870861532834,0.729700447827496
GP_CZ,MONTHLY,GENERAL,196811,1424,0.159740182360947,0.223718174884936,0.268151318631073,0.317055899425166,0.361178978055528,0.413425220957847,0.488102887711855,0.579802424041176,0.727984556090623
GP_CZ,MONTHLY,GENERAL,196812,1436,0.159801283995742,0.224480369515012,0.269230769230769,0.318601735776278,0.363097232269372,0.412815049428928,0.487731972942699,0.580263157894737,0.728517290016585
GP_CZ,MONTHLY,GENERAL,196901,1439,0.159637643115194,0.224356452297493,0.26932317127728,0.319115147035531,0.363429137760159,0.411750101750006,0.487789923771608,0.579212741401862,0.727666283524187
GP_CZ,MONTHLY,GENERAL,196902,1439,0.160656618358401,0.224589060308555,0.269946034040391,0.318559056832675,0.364655172413793,0.411750101750006,0.486516301936037,0.578956073057252,0.725649638871154
GP_CZ,MONTHLY,GENERAL,196903,1450,0.159923487265334,0.22415615604521,0.269392472812162,0.318580396304476,0.364673827664755,0.411717014964301,0.484490376728795,0.578317316920836,0.7276026290109
GP_CZ,MONTHLY,GENERAL,196904,1457,0.15983183481314,0.224487521418461,0.269897717152059,0.31841935483871,0.365277777777778,0.412435975556135,0.483849265411584,0.578149110881505,0.728448935939365
GP_CZ,MONTHLY,GENERAL,196905,1458,0.159862385630538,0.224737631184408,0.269516267197671,0.317379668493293,0.365723886328725,0.411778580730758,0.482389494347797,0.578613922593493,0.727729938037474
GP_CZ,MONTHLY,GENERAL,196906,1527,0.157026226074338,0.225762917933131,0.26952182952183,0.315491413245739,0.368312757201646,0.416104658211887,0.477159998016759,0.568971638608945,0.725838090295797
GP_CZ,MONTHLY,GENERAL,196907,1533,0.157686090960698,0.225811550151976,0.269775554100814,0.31652825131087,0.368936170212766,0.417435640842143,0.477211562298577,0.569277443755671,0.727050064184853
GP_CZ,MONTHLY,GENERAL,196908,1539,0.158577985644891,0.225860182370821,0.270199435429147,0.317282348917073,0.370360996403357,0.419310574229692,0.481996190039711,0.571412203117269,0.726884467265725
GP_CZ,MONTHLY,GENERAL,196909,1547,0.158446864304812,0.22743255989436,0.270498249514752,0.31858527637608,0.371097683786506,0.419979274611399,0.481880407318335,0.571345749938226,0.732629856829903
GP_CZ,MONTHLY,GENERAL,196910,1554,0.158250182294694,0.227641550890714,0.270730240126226,0.320272785655307,0.371815157416423,0.42265786573037,0.481877703659168,0.571412203117269,0.735051892245605
GP_CZ,MONTHLY,GENERAL,196911,1557,0.158446864304812,0.227757507401664,0.270043301434088,0.31988925232869,0.371835443037975,0.422571370558484,0.479964660594231,0.571345749938226,0.734007247240422
GP_CZ,MONTHLY,GENERAL,196912,1572,0.158329173623741,0.225803454519386,0.268912385423874,0.317381367922423,0.371323977056732,0.421453283247772,0.481644396551724,0.567162389429234,0.721319793484179
GP_CZ,MONTHLY,GENERAL,197001,1574,0.158442279357036,0.22368749107198,0.267594223651063,0.316088489370485,0.370362953048711,0.419228969006958,0.477469026780225,0.566882165588404,0.720078822661947
GP_CZ,MONTHLY,GENERAL,197002,1580,0.157545514537938,0.224631747853744,0.267579894190311,0.317480386927774,0.371166209600173,0.419968911917098,0.480107368249838,0.565817338421449,0.720243018098079
GP_CZ,MONTHLY,GENERAL,197003,1596,0.154649111045597,0.223409232688709,0.267493739199437,0.31661101836394,0.372350484987944,0.422744360902256,0.48149066091954,0.565909090909091,0.720334760366598
GP_CZ,MONTHLY,GENERAL,197004,1600,0.155039637440413,0.22325637849586,0.267508139950733,0.316445484257801,0.372350484987944,0.420588460540781,0.481883110977503,0.565817338421449,0.720243018098079
GP_CZ,MONTHLY,GENERAL,197005,1602,0.155418478935118,0.223485876717005,0.267551235268806,0.316115662802512,0.371970867916118,0.420328767123288,0.482038265030615,0.564930711352405,0.719461041658798
GP_CZ,MONTHLY,GENERAL,197006,1666,0.161489855032651,0.221793320030096,0.266113028113718,0.312337924278223,0.360298374766776,0.410738355548899,0.470506349252694,0.555261044176707,0.708645311789387
GP_CZ,MONTHLY,GENERAL,197007,1671,0.161828712430172,0.222949061662198,0.268170103092784,0.313468294001081,0.362092087617345,0.412738242000415,0.473886791012803,0.558091495930396,0.708722264728386
GP_CZ,MONTHLY,GENERAL,197008,1667,0.161115609189739,0.22287134160573,0.268145821535246,0.313636531956204,0.362148846960168,0.412732338504528,0.473148899564869,0.557713218646554,0.709124545356079
GP_CZ,MONTHLY,GENERAL,197009,1670,0.161142150523782,0.221823031592982,0.268318677986659,0.313720650933766,0.362184605118597,0.412779499316139,0.470933826179679,0.558192221687684,0.709855646833994
GP_CZ,MONTHLY,GENERAL,197010,1675,0.161422083553147,0.221980041676488,0.269487662225632,0.314237643093394,0.362092087617345,0.412875998513831,0.473910067260777,0.558192221687684,0.710494049515869
GP_CZ,MONTHLY,GENERAL,197011,1670,0.161142150523782,0.221980041676488,0.270017202995345,0.314691878669559,0.362097159328116,0.413012225462548,0.476404533553233,0.563331867782727,0.711352221511762
GP_CZ,MONTHLY,GENERAL,197012,1673,0.162148124172407,0.221540304151141,0.267926774306796,0.313384862233559,0.360971199793362,0.412474889928571,0.47032038508562,0.55684481522839,0.70999773746
GP_CZ,MONTHLY,GENERAL,197101,1673,0.163566415710726,0.221808175811539,0.270345940856292,0.312563211125158,0.360152948279332,0.412474889928571,0.470653686903096,0.557982518888375,0.715368296433632
GP_CZ,MONTHLY,GENERAL,197102,1668,0.164966603248113,0.221214518643911,0.270359512294928,0.312256386699949,0.359712323226971,0.411744018377433,0.471834365626931,0.557982518888375,0.711635769092363
GP_CZ,MONTHLY,GENERAL,197103,1667,0.164855981115385,0.2218678550319,0.270453930458577,0.311006720171285,0.357349656712714,0.410498041040679,0.47224091078987,0.557690139199537,0.71059187205029
GP_CZ,MONTHLY,GENERAL,197104,1670,0.163051523621535,0.220896657155901,0.267976382734434,0.309120617277201,0.353801486157534,0.408923181052303,0.469999197330062,0.552857665935018,0.703520908816216
GP_CZ,MONTHLY,GENERAL,197105,1668,0.16162539799166,0.221119590556654,0.269480204365975,0.309157000764787,0.355532149720399,0.408869542125114,0.469988953623568,0.552873886657251,0.704899669885149
GP_CZ,MONTHLY,GENERAL,197106,1706,0.146189434717122,0.20541182352206,0.252194013610755,0.29867283089554,0.338468907754356,0.392039833271162,0.456308564727613,0.545107901995781,0.696871962634963
GP_CZ,MONTHLY,GENERAL,197107,1707,0.146774833902282,0.205866115182688,0.253956890057699,0.299656608883356,0.339117382630874,0.39390742426698,0.456911478072545,0.545477915318081,0.697285061117065
GP_CZ,MONTHLY,GENERAL,197108,1708,0.147350207007014,0.206531484287443,0.253961072819544,0.298997923993765,0.338575241722948,0.392140260934622,0.456377810917975,0.545787563174969,0.696790978503505
GP_CZ,MONTHLY,GENERAL,197109,1716,0.147273159689016,0.205244339045991,0.252770166724704,0.298686949559648,0.338047844939484,0.39080709373869,0.452437116428908,0.545107901995781,0.697325250329541
GP_CZ,MONTHLY,GENERAL,197110,1721,0.146193703918223,0.204856638271349,0.251604001379786,0.297141358510359,0.337533875338754,0.389602049793544,0.451407216797162,0.543669802578882,0.696648124604795
GP_CZ,MONTHLY,GENERAL,197111,1726,0.146698407029348,0.204488510621704,0.25172402387219,0.297017553219869,0.337984983406736,0.389110924134062,0.451001757517168,0.542623834272614,0.696633872803779
GP_CZ,MONTHLY,GENERAL,197112,1735,0.143683227360417,0.201786226103008,0.248861193208095,0.294680085373688,0.335064164379497,0.387196032138279,0.445915131411027,0.539355841485059,0.696933832402215
GP_CZ,MONTHLY,GENERAL,197201,1733,0.143982928377302,0.201734065226112,0.248990837353201,0.294773993714516,0.335064164379497,0.386350318552706,0.444517449773418,0.539429412142569,0.696642423884389
GP_CZ,MONTHLY,GENERAL,197202,1734,0.144963175772869,0.203138786827166,0.248866070624659,0.294712319078903,0.335323316141198,0.386758202277123,0.444843531653151,0.544354429838909,0.696981450368452
GP_CZ,MONTHLY,GENERAL,197203,1739,0.144684493936495,0.201510909953909,0.245901210509131,0.294593192525878,0.335056283023202,0.386758202277123,0.446136986299354,0.54352998380656,0.697204682692113
GP_CZ,MONTHLY,GENERAL,197204,1743,0.144063035860571,0.20146338080051,0.245812453294877,0.292850573391476,0.333700304127045,0.385700559539797,0.446308328769039,0.541086910547289,0.696440047597047
GP_CZ,MONTHLY,GENERAL,197205,1742,0.145620564028722,0.201204147587766,0.245574095802254,0.291998695707085,0.333707459913867,0.386488940278947,0.448347147214131,0.539449733561493,0.695410203455475
GP_CZ,MONTHLY,GENERAL,197206,1789,0.14798885425477,0.202193259562081,0.248314256072985,0.294931098125095,0.341623352819984,0.389511725241517,0.453421141128466,0.536916170665059,0.68949956003255
GP_CZ,MONTHLY,GENERAL,197207,1797,0.148059063898085,0.202356071115198,0.247998394180176,0.295564341030011,0.342693847233112,0.390880627453949,0.458036506880505,0.541882419567861,0.691979339164878
GP_CZ,MONTHLY,GENERAL,197208,1800,0.14806795712262,0.202439794603914,0.247840358609701,0.295509692509186,0.343628298829208,0.391032578912822,0.45705895899099,0.538522872448989,0.689254057008124
GP_CZ,MONTHLY,GENERAL,197209,1801,0.148070921530798,0.205914836176218,0.24906628360353,0.294592312918091,0.343630631176863,0.391017031107291,0.458103121368428,0.538519482298158,0.691700199995181
GP_CZ,MONTHLY,GENERAL,197210,1804,0.148919109050683,0.205959110076105,0.249183804303573,0.295488086116349,0.345067000833591,0.390995681893582,0.456871780556912,0.538378232717389,0.690884818999495
GP_CZ,MONTHLY,GENERAL,197211,1807,0.149916049280603,0.207181448298483,0.249170746448013,0.294732877290774,0.34550155905392,0.391145491710119,0.45594053466836,0.541505475050264,0.692481328266501
GP_CZ,MONTHLY,GENERAL,197212,1826,0.151744628657702,0.210702465722022,0.253249773414603,0.298271142131354,0.349178209754853,0.392605042016807,0.458581112991774,0.540160378598659,0.692962151191865
GP_CZ,MONTHLY,GENERAL,197301,1824,0.152494854308889,0.211558701536342,0.254184301859343,0.298919047987605,0.349657660746147,0.392728921265767,0.458744114256278,0.540832926824462,0.694559440251159
GP_CZ,MONTHLY,GENERAL,197302,1826,0.152618666191429,0.211728865194212,0.25381336617794,0.298852244660758,0.349877388503562,0.393037649186898,0.458256633467641,0.541415494530029,0.695739248482479
GP_CZ,MONTHLY,GENERAL,197303,1831,0.154904749384516,0.212025520396984,0.255575647980711,0.301967905718415,0.351491595176795,0.394592526463461,0.458343266176575,0.542151620006291,0.698960284981757
GP_CZ,MONTHLY,GENERAL,197304,1831,0.153256308410207,0.211728865194212,0.255787961041035,0.303319989183984,0.35206249347784,0.396157808617659,0.458170000758706,0.542980828695114,0.696332865896997
GP_CZ,MONTHLY,GENERAL,197305,1833,0.154610213130358,0.211820640430367,0.256495855182621,0.303284221522743,0.352050963795965,0.39602414649544,0.458040859379454,0.542649145219585,0.69609541893119
GP_CZ,MONTHLY,GENERAL,197306,2349,0.158982104798461,0.220795980007651,0.267300659318506,0.317057191018454,0.364724916483347,0.412460854357739,0.473446961618085,0.556534614155975,0.707333295299199
GP_CZ,MONTHLY,GENERAL,197307,2405,0.161459259655224,0.222509609487642,0.270426974746091,0.319716233840465,0.36982624168003,0.415463091666009,0.478234656366798,0.562664356948747,0.711319451979327
GP_CZ,MONTHLY,GENERAL,197308,2428,0.161757664915004,0.222663881168796,0.270755903481713,0.320832152513926,0.370565917319752,0.417489040456527,0.479895397636883,0.565369336518904,0.715995850615833
GP_CZ,MONTHLY,GENERAL,197309,2501,0.162144187283852,0.224362420115869,0.273812309852563,0.323327063947733,0.373887845295823,0.421443389016268,0.482686341718469,0.570438884407195,0.7180359085963
GP_CZ,MONTHLY,GENERAL,197310,2540,0.162458913237796,0.224659457854024,0.276435137596846,0.325237375162054,0.374567997517823,0.421822445258383,0.482964714602823,0.570715623602542,0.716104070558952
GP_CZ,MONTHLY,GENERAL,197311,2581,0.162371581118328,0.22566880116613,0.277887058437833,0.326315789473684,0.375812079798271,0.42190011397177,0.483347327176043,0.571123755334282,0.7180359085963
GP_CZ,MONTHLY,GENERAL,197312,2702,0.166217598420263,0.227209741836373,0.2788846823679,0.330742596152689,0.378916961917774,0.426990577921501,0.488654814211451,0.577668214688384,0.727978144173971
GP_CZ,MONTHLY,GENERAL,197401,2755,0.167443807720044,0.227401676315728,0.27912096578965,0.331434641280475,0.379919064461651,0.428354768030023,0.490350675091715,0.579654013002284,0.733378776580104
GP_CZ,MONTHLY,GENERAL,197402,2779,0.165962895587689,0.226502501925847,0.27898061735894,0.330728399049723,0.380093204423732,0.428133943473488,0.490226774434728,0.578709743913806,0.734144550815144
GP_CZ,MONTHLY,GENERAL,197403,2862,0.165961734489153,0.227313782668266,0.279739777270485,0.331814617993177,0.381644713553544,0.429759046788331,0.492139180578805,0.57973408750191,0.735627990934727
GP_CZ,MONTHLY,GENERAL,197404,2911,0.167754987705811,0.228200883002208,0.280674549331266,0.332927862668452,0.381755253839173,0.430146643309223,0.492885172045451,0.581963066025804,0.736745258279676
GP_CZ,MONTHLY,GENERAL,197405,2928,0.16789834284163,0.229168899275697,0.28160421722319,0.333928093680514,0.382262193049135,0.430321077891656,0.493281024947831,0.581773483565053,0.736026859737846
GP_CZ,MONTHLY,GENERAL,197406,2954,0.172943056153148,0.236971477390321,0.290498840886552,0.336222757391125,0.387835733822002,0.440778472943311,0.498232793993059,0.583657715973349,0.737032234694885
GP_CZ,MONTHLY,GENERAL,197407,2957,0.17343481176772,0.237882041314002,0.291188420659577,0.337286978393558,0.38853450418358,0.441507122918956,0.498284888771707,0.582791792015711,0.737376572470389
GP_CZ,MONTHLY,GENERAL,197408,2959,0.173559749906361,0.238170923941105,0.291629505780276,0.337791340697005,0.38853450418358,0.440871437013009,0.498325740695286,0.583657715973349,0.73765554789831
GP_CZ,MONTHLY,GENERAL,197409,2972,0.174812636229326,0.238261497514177,0.292687990966409,0.338589506931248,0.388430470684976,0.440707746912222,0.49866795693562,0.581221014977175,0.735629989202631
GP_CZ,MONTHLY,GENERAL,197410,2970,0.175762834614662,0.23910243353995,0.292622561021513,0.338630575856264,0.388540324940298,0.440637020881133,0.499007131780807,0.580322014751479,0.734189507205185
GP_CZ,MONTHLY,GENERAL,197411,2958,0.176560002524457,0.239431623783776,0.292794266180911,0.339247328763293,0.388846319817076,0.440854758484053,0.498874784151063,0.579355721394604,0.730840052070493
GP_CZ,MONTHLY,GENERAL,197412,2971,0.177191328934967,0.241314199395771,0.296189049758695,0.340786486940926,0.389704504279378,0.441095484826055,0.500344539416776,0.579954612201308,0.730334496203571
GP_CZ,MONTHLY,GENERAL,197501,2963,0.177993456417496,0.241938756922161,0.296913072484037,0.342191085357764,0.389888449082404,0.44327420974357,0.502503071675981,0.578927485399581,0.729325657522084
GP_CZ,MONTHLY,GENERAL,197502,2962,0.178637598213386,0.243690232588765,0.297295452884678,0.342280247225968,0.389738294542447,0.443378005369162,0.502776231195277,0.5793042605942,0.729186602327184
GP_CZ,MONTHLY,GENERAL,197503,2971,0.178613955703739,0.244238272811831,0.297234562139005,0.343444407542714,0.389888449082404,0.443742134229953,0.502127557850449,0.579066171923315,0.72638329744406
GP_CZ,MONTHLY,GENERAL,197504,2971,0.177911730958807,0.243546177894418,0.297437531291248,0.343555319457188,0.390561933052892,0.444602896007021,0.502470429705046,0.579766202509885,0.726011410788382
GP_CZ,MONTHLY,GENERAL,197505,2971,0.178028038004119,0.244133232399697,0.297635193066143,0.344380715095205,0.390809128338645,0.444602896007021,0.502610918385978,0.582856087197487,0.726127899434093
GP_CZ,MONTHLY,GENERAL,197506,3040,0.177714791660002,0.250709461320962,0.30103083400885,0.345961221585343,0.389791665131264,0.440015682199657,0.498861903583741,0.583226360771185,0.725384915649909
GP_CZ,MONTHLY,GENERAL,197507,3025,0.177713291567912,0.250567313319327,0.301200070256839,0.34555170508851,0.389823291462636,0.440231492172636,0.499061906221903,0.586212285944581,0.72883188433523
GP_CZ,MONTHLY,GENERAL,197508,3021,0.177442123094297,0.249565522689371,0.300756349952963,0.345597602098164,0.389856459330144,0.440015785319653,0.499412632157765,0.586669951952692,0.72638329744406
GP_CZ,MONTHLY,GENERAL,197509,3016,0.176117280854563,0.249565522689371,0.300625185135916,0.346184977336499,0.390017500926533,0.440212264150943,0.49877359272794,0.589334882120117,0.73154568104216
GP_CZ,MONTHLY,GENERAL,197510,3013,0.176461531074082,0.248889823769508,0.300440904650128,0.346189454882732,0.390809128338645,0.440215788332249,0.499883158439269,0.590691208454426,0.731587625333853
GP_CZ,MONTHLY,GENERAL,197511,3007,0.175964533315005,0.248431890659514,0.299051030294051,0.345513549447411,0.390742599096839,0.440863664468298,0.499882049335633,0.59140708134506,0.739018056156098
GP_CZ,MONTHLY,GENERAL,197512,3010,0.175658056695979,0.247100844247535,0.298263398251771,0.345998119211167,0.39144269459802,0.442471354281858,0.501428460228978,0.589941471583797,0.738380085314243
GP_CZ,MONTHLY,GENERAL,197601,3001,0.175697211155378,0.246658041143744,0.298437208807007,0.346412408278044,0.391432686176645,0.442105242581423,0.501772138894596,0.589818763326226,0.736239838866287
GP_CZ,MONTHLY,GENERAL,197602,2995,0.175937710652459,0.246143632389331,0.298395672306367,0.346323674674543,0.391432686176645,0.441930516884252,0.501763535708908,0.589566227221222,0.739967645755707
GP_CZ,MONTHLY,GENERAL,197603,2988,0.178014613249517,0.246823067548421,0.2995645041099,0.347571443687131,0.392372401955933,0.44314068532384,0.50330256563389,0.591659817814808,0.745304209501073
GP_CZ,MONTHLY,GENERAL,197604,2973,0.181160089132335,0.247819584512064,0.300678778990875,0.347673575060674,0.393281985451434,0.443549354024498,0.505461166578309,0.591485110746606,0.746913144638254
GP_CZ,MONTHLY,GENERAL,197605,2964,0.179995041204718,0.248120101544728,0.300736957212441,0.347614378215405,0.394169262053596,0.443976459816961,0.506087972388529,0.591704903152081,0.746883034148665
GP_CZ,MONTHLY,GENERAL,197606,2990,0.172097722557743,0.238842135307135,0.294731533176818,0.344996179140658,0.398032897712014,0.447178902669345,0.512665397277005,0.601378769646548,0.750608963212757
GP_CZ,MONTHLY,GENERAL,197607,2984,0.1720793895085,0.237725816883938,0.294146718803174,0.34471040653338,0.397725622154505,0.446597017981128,0.513305492950245,0.601383055911994,0.751713409374028
GP_CZ,MONTHLY,GENERAL,197608,2980,0.172166134391281,0.237409220374252,0.293781115709294,0.344996179140658,0.398326507945964,0.447300763381596,0.513649925678793,0.603158191778738,0.752198717990974
GP_CZ,MONTHLY,GENERAL,197609,2980,0.172097722557743,0.237799646943233,0.294221543318319,0.345112510891782,0.3980163923782,0.447300763381596,0.514198748200407,0.602240691206338,0.753675444348412
GP_CZ,MONTHLY,GENERAL,197610,2973,0.172139573661054,0.237840462845444,0.294287683051778,0.345144526756864,0.397732045359093,0.449053545362912,0.515333609399032,0.604128752242704,0.75803049957345
GP_CZ,MONTHLY,GENERAL,197611,2970,0.172368984660624,0.237867398619447,0.295626454163247,0.34571649121262,0.398153970642291,0.449332116139903,0.51610647907513,0.606019183287903,0.756240902465496
GP_CZ,MONTHLY,GENERAL,197612,2975,0.172659000400964,0.238910676468643,0.295584544699398,0.345529779800268,0.397977941176471,0.450702428659717,0.518024890829428,0.608038436646076,0.760445202739131
GP_CZ,MONTHLY,GENERAL,197701,2965,0.172659000400964,0.239347112721239,0.295253847288709,0.344996179140658,0.398271750240035,0.452725471159541,0.518987347939893,0.610734588701821,0.762839707237113
GP_CZ,MONTHLY,GENERAL,197702,2958,0.173118012931745,0.239426755350299,0.295576162806628,0.344941592296522,0.398262423972343,0.452427070401314,0.51853344077357,0.612026858727017,0.762784775825063
GP_CZ,MONTHLY,GENERAL,197703,2959,0.174819918328841,0.240686277511008,0.297519864256037,0.345680058674288,0.399203650680029,0.454475451274597,0.519930031582244,0.613507831643402,0.764528857916846
GP_CZ,MONTHLY,GENERAL,197704,2954,0.175215835776522,0.240295722279854,0.297526845516716,0.346710265880988,0.399271792336714,0.453602906512164,0.51978385341447,0.615164871921707,0.763642031340104
GP_CZ,MONTHLY,GENERAL,197705,2951,0.175020303090667,0.240522263532305,0.298884321785085,0.347969949847044,0.400596076654608,0.455294791070407,0.520342374388617,0.61461397789616,0.764032968594572
GP_CZ,MONTHLY,GENERAL,197706,2993,0.178457867547263,0.249099195904335,0.308390982205336,0.359490113710357,0.409139812490394,0.464568013380574,0.527179303258821,0.619873407952852,0.767319734836473
GP_CZ,MONTHLY,GENERAL,197707,3006,0.178050068665082,0.249070568903926,0.309074388000965,0.359719093940258,0.408735247310447,0.464607139245626,0.528598611335421,0.622903781164318,0.767825268615293
GP_CZ,MONTHLY,GENERAL,197708,2995,0.178986559515051,0.251115413895717,0.308991650975108,0.358503301018071,0.408280882687495,0.464377162861228,0.527254110892579,0.622589167634987,0.767196064626275
GP_CZ,MONTHLY,GENERAL,197709,2993,0.180533234164946,0.250672348611597,0.30933885242935,0.359053992002098,0.40978886756238,0.464568013380574,0.528667901624627,0.622078606877315,0.767618377891152
GP_CZ,MONTHLY,GENERAL,197710,2982,0.18149006295674,0.250883911364901,0.310022453945175,0.360149533566181,0.410185984580819,0.46478705044557,0.5291217644684,0.623741910157708,0.767640249496712
GP_CZ,MONTHLY,GENERAL,197711,2971,0.183594616579162,0.252639050669773,0.310157994522857,0.362094763092269,0.410873597738716,0.46476755726316,0.529124162491701,0.621076878779153,0.769734338128949
GP_CZ,MONTHLY,GENERAL,197712,2979,0.18172672866479,0.254437206669028,0.310519695985981,0.361159584635714,0.41132505700532,0.465823432909654,0.531209317381965,0.618289052301682,0.768002378055082
GP_CZ,MONTHLY,GENERAL,197801,2966,0.180828011023117,0.25431941031941,0.311371374279103,0.36030106777432,0.411108429295511,0.465310417397404,0.531163370034277,0.618321412166153,0.766693388064387
GP_CZ,MONTHLY,GENERAL,197802,2944,0.178717908861819,0.252797178749835,0.310532641807821,0.358904242555581,0.411108429295511,0.465411452933007,0.530176928068118,0.618289052301682,0.763807394029695
GP_CZ,MONTHLY,GENERAL,197803,2936,0.178764066749396,0.251459504540681,0.30943552727668,0.358444739469161,0.410349991363301,0.466240376614517,0.530026368520683,0.618671176968048,0.767243587548976
GP_CZ,MONTHLY,GENERAL,197804,2927,0.178787145693185,0.251853413476685,0.309113689550542,0.358484444313776,0.409799107142857,0.465712403143465,0.529266047324511,0.61860029545543,0.767820562966224
GP_CZ,MONTHLY,GENERAL,197805,2909,0.179638255449236,0.25408339650055,0.309727591784053,0.358904242555581,0.4092957870228,0.465804300252317,0.530046741842334,0.618289052301682,0.767741342034248
GP_CZ,MONTHLY,GENERAL,197806,2924,0.178767736518366,0.251880049945237,0.310460378233645,0.363868531355087,0.412833773063437,0.465254151042082,0.530195006919946,0.623858004703095,0.769266129516616
GP_CZ,MONTHLY,GENERAL,197807,2910,0.179288112209282,0.252222076454781,0.310467831317471,0.364494471163101,0.413503885737684,0.465758177735952,0.532143715965348,0.62689206458715,0.765245017769032
GP_CZ,MONTHLY,GENERAL,197808,2905,0.179083860297728,0.251748491008441,0.310477291828507,0.364580139387201,0.413184196404615,0.465758177735952,0.531721233419562,0.626881337055862,0.767846325802618
GP_CZ,MONTHLY,GENERAL,197809,2887,0.178833188911275,0.252437721022921,0.310865340042247,0.365683703387161,0.414244306418219,0.466381854496765,0.533619676387974,0.629202836299595,0.769978952293449
GP_CZ,MONTHLY,GENERAL,197810,2880,0.179505184486285,0.252877753323213,0.310861415628187,0.365460825698239,0.414020501835803,0.465676833424814,0.53086425374149,0.63037870207085,0.771169690374666
GP_CZ,MONTHLY,GENERAL,197811,2871,0.179328962591593,0.252306543651005,0.310597465639376,0.364445107102033,0.414441358684042,0.466800119255505,0.531895636262641,0.630238555770471,0.770271676902259
GP_CZ,MONTHLY,GENERAL,197812,2877,0.176734005273767,0.252767076606611,0.310786648911685,0.365291228474306,0.414726794584591,0.468468893677159,0.53278494839469,0.630576221956633,0.768430606539686
GP_CZ,MONTHLY,GENERAL,197901,2877,0.177512048703983,0.254015896155414,0.310467833793899,0.365027415476572,0.414470686003807,0.466891856333087,0.533349643129669,0.630576221956633,0.771636219362784
GP_CZ,MONTHLY,GENERAL,197902,2861,0.180307052983955,0.254371212146593,0.311218452870055,0.366695833613785,0.414728001124543,0.469081272084806,0.535095178910185,0.631922251893359,0.772113713769375
GP_CZ,MONTHLY,GENERAL,197903,2874,0.180700886992251,0.256420058551353,0.312449402498562,0.367273317028498,0.41778614321841,0.469135341982762,0.536622240697729,0.632324966379746,0.773931452950182
GP_CZ,MONTHLY,GENERAL,197904,2877,0.181142546001938,0.256920150164502,0.314484993328193,0.367904848793204,0.418020930826172,0.468854045250688,0.537934978629816,0.632525580427885,0.775650456998434
GP_CZ,MONTHLY,GENERAL,197905,2871,0.18106916417238,0.256787063105756,0.314532965404601,0.3682238951122,0.418138433789268,0.469332744144939,0.536757401152395,0.632124352331606,0.77516067645686
GP_CZ,MONTHLY,GENERAL,197906,2922,0.186108787158254,0.260039367856347,0.318383081134866,0.370679573300349,0.41857347602574,0.473605133451832,0.538961902721464,0.62813885772547,0.779711602711441
GP_CZ,MONTHLY,GENERAL,197907,2922,0.185817660440271,0.261885633186636,0.319414303415621,0.371367321602188,0.42014177694327,0.474770305801377,0.53953345967155,0.627588396972827,0.771648043391614
GP_CZ,MONTHLY,GENERAL,197908,2911,0.184938214035906,0.26278375515421,0.319502859033127,0.371694417238002,0.420408679876805,0.47553507548657,0.539667515213784,0.627659574468085,0.768523676880223
GP_CZ,MONTHLY,GENERAL,197909,2904,0.18587506606789,0.262737951351714,0.318917305531598,0.371705484914546,0.420561091829378,0.475483328874735,0.541055021012066,0.627573497627746,0.768928380157471
GP_CZ,MONTHLY,GENERAL,197910,2898,0.186627461860741,0.263123140287534,0.319112551770665,0.371502107893306,0.420561091829378,0.474655690165432,0.541151099261015,0.627634083338998,0.771875160946522
GP_CZ,MONTHLY,GENERAL,197911,2897,0.186272794126732,0.263298525723158,0.319459769327347,0.371952670983643,0.420756646216769,0.476227812420532,0.54206544169722,0.628730790513435,0.772792415073788
GP_CZ,MONTHLY,GENERAL,197912,2927,0.185682039348945,0.263273415369468,0.317840154600486,0.371472842048369,0.41948839804864,0.474080353223901,0.542852764704412,0.627724833653964,0.771209561458875
GP_CZ,MONTHLY,GENERAL,198001,2918,0.184253281147943,0.261597626694264,0.317372949151946,0.370757964790301,0.417494493889247,0.474120495173784,0.543155912507433,0.627423144233561,0.767031711009727
GP_CZ,MONTHLY,GENERAL,198002,2900,0.184176503503993,0.262272934043545,0.316690411401256,0.370260222254619,0.417393492395847,0.473857533232273,0.542896071533415,0.62645365840315,0.764269294073811
GP_CZ,MONTHLY,GENERAL,198003,2922,0.183415508210716,0.259983060678871,0.31632845317677,0.370253545792315,0.417192773475643,0.475201019362184,0.543524965438252,0.62720871076295,0.766575195584878
GP_CZ,MONTHLY,GENERAL,198004,2923,0.181889438950615,0.259765851847436,0.315161254983857,0.36984881958555,0.417069834173034,0.474120495173784,0.541689466484268,0.627423144233561,0.767290309051899
GP_CZ,MONTHLY,GENERAL,198005,2919,0.18164130439881,0.259421518086805,0.314844356490525,0.370291813072093,0.417450611476952,0.474142152089458,0.542169073009903,0.627186205969035,0.768488583742968
GP_CZ,MONTHLY,GENERAL,198006,3043,0.174076324320967,0.253735051763059,0.310978072953324,0.368911275911987,0.413037225245092,0.473380716156256,0.541364928556219,0.626426072987339,0.759549357080374
GP_CZ,MONTHLY,GENERAL,198007,3052,0.173907904126829,0.254371498143228,0.311773778020545,0.370850162478449,0.415601732092099,0.475074381598765,0.545624634868649,0.629114145869502,0.766500705562691
GP_CZ,MONTHLY,GENERAL,198008,3058,0.174459445298446,0.254445651676329,0.31200849622582,0.370740816851127,0.415601732092099,0.474886416322588,0.545636501214044,0.628525882249047,0.76584565444139
GP_CZ,MONTHLY,GENERAL,198009,3081,0.173598560739257,0.253596149686351,0.311746737387115,0.369938552805724,0.415020535888911,0.475053901850362,0.546758518458935,0.629985969132091,0.768269362109002
GP_CZ,MONTHLY,GENERAL,198010,3076,0.171117750217675,0.252364911633058,0.311166975608725,0.369938552805724,0.414858395429212,0.474150664697194,0.547087094573852,0.629151173227337,0.768901706144106
GP_CZ,MONTHLY,GENERAL,198011,3079,0.17078549250437,0.252503466099904,0.311782791565021,0.369747692788021,0.413228421435105,0.473675663777277,0.546423852863206,0.627556419482338,0.76959057605868
GP_CZ,MONTHLY,GENERAL,198012,3085,0.17049016253604,0.251298694562529,0.311657215008525,0.367337639197277,0.412848524376325,0.474047775886884,0.544344576828734,0.630071045828396,0.769703627817618
GP_CZ,MONTHLY,GENERAL,198101,3070,0.170086202696736,0.250316494567088,0.311713166495144,0.368127538161097,0.41325516929996,0.473959083362959,0.544176848136886,0.630479285067889,0.77021552194544
GP_CZ,MONTHLY,GENERAL,198102,3061,0.167841235834696,0.250498033406548,0.311030821087881,0.367287890392307,0.412149498364632,0.473494180613372,0.54444855806703,0.631431244153415,0.770172261298067
GP_CZ,MONTHLY,GENERAL,198103,3054,0.163706722842737,0.248626418880366,0.309378003839966,0.364793140741669,0.41167991917343,0.473337598381864,0.544443904405982,0.633144977171669,0.767014990692585
GP_CZ,MONTHLY,GENERAL,198104,3046,0.162149776479475,0.246375748327268,0.309553760966362,0.364289473264548,0.41194840921372,0.472333721350299,0.543941187131274,0.631431244153415,0.764949582278124
GP_CZ,MONTHLY,GENERAL,198105,3034,0.162450657781403,0.246797689890185,0.30898942018305,0.362828539315961,0.411571899671638,0.470097303926237,0.543462970974783,0.634014537277884,0.766303835260594
GP_CZ,MONTHLY,GENERAL,198106,3142,0.1449106787918,0.230268386812721,0.293398599342021,0.349436575437016,0.406421282774048,0.461313197025601,0.536191790416374,0.624302665733238,0.761361483176575
GP_CZ,MONTHLY,GENERAL,198107,3125,0.144824200881996,0.230752566709727,0.293439451209291,0.349454227357632,0.405738078846744,0.461080280083304,0.533886412709984,0.625440343768237,0.762118575100619
GP_CZ,MONTHLY,GENERAL,198108,3120,0.143924378683176,0.229196994183523,0.29278751745467,0.348670353254476,0.404903874780712,0.459707998198324,0.533646355282087,0.623950984499467,0.760053359250717
GP_CZ,MONTHLY,GENERAL,198109,3147,0.135702783812456,0.226447980726229,0.291066612347924,0.347117349084134,0.403046702041677,0.459483488056254,0.532713400075607,0.622424204391504,0.757951380914296
GP_CZ,MONTHLY,GENERAL,198110,3140,0.13576295993256,0.225270641101087,0.290162343255928,0.347048282557012,0.40281765087433,0.459483402506706,0.531635746944976,0.621459864986046,0.756840250618887
GP_CZ,MONTHLY,GENERAL,198111,3135,0.132259610214842,0.221217927191026,0.287873090498411,0.345399332152323,0.401493394600804,0.456997348180157,0.526506469273097,0.618347176951342,0.757120517423303
GP_CZ,MONTHLY,GENERAL,198112,3177,0.128275791342079,0.218845617487384,0.284440132595232,0.34335169117254,0.397987989529334,0.453562646782653,0.523553896086206,0.615167839410067,0.750673335245725
GP_CZ,MONTHLY,GENERAL,198201,3175,0.126682796122801,0.216973368806566,0.283301865011053,0.342166720338113,0.397483101610156,0.453210401864691,0.521314391853608,0.612394869649467,0.750243037362322
GP_CZ,MONTHLY,GENERAL,198202,3178,0.128151696751083,0.215916251982854,0.28322666417457,0.342182359277091,0.397483805498502,0.453284309666212,0.520964520910119,0.612194118931169,0.748781015229025
GP_CZ,MONTHLY,GENERAL,198203,3212,0.125898974472144,0.210742719144589,0.280137252501363,0.340691840194482,0.3953849021718,0.452877657284062,0.519583045541929,0.606497313800367,0.748621020066429
GP_CZ,MONTHLY,GENERAL,198204,3209,0.125590549406978,0.210602862149519,0.280149194234577,0.340089885840755,0.394832620129614,0.45254538661817,0.520237312975108,0.606738581976368,0.747660467677078
GP_CZ,MONTHLY,GENERAL,198205,3209,0.1259984129004,0.209501096379266,0.278793993766858,0.340089885840755,0.393689710610933,0.453435953350355,0.520270847093703,0.609568410619262,0.747660467677078
GP_CZ,MONTHLY,GENERAL,198206,3364,0.114715157795572,0.195997159165514,0.270516114264744,0.330909607638759,0.386653486421825,0.448102082973942,0.51473318068215,0.605693187816081,0.752854298586821
GP_CZ,MONTHLY,GENERAL,198207,3368,0.113207677261009,0.197228883017367,0.272009457864281,0.331724753428773,0.385551577713029,0.447969809338656,0.514721195362366,0.605802609171849,0.752566656875167
GP_CZ,MONTHLY,GENERAL,198208,3365,0.113300087569002,0.19879810963117,0.272362417026681,0.331868961347602,0.386607963342942,0.447972805197849,0.514908406619394,0.605839250896086,0.754166672206766
GP_CZ,MONTHLY,GENERAL,198209,3404,0.105565644663888,0.193414827884581,0.268077635386779,0.328676273795982,0.383928375974624,0.445532151524345,0.514213057240102,0.604672134321384,0.752854298586821
GP_CZ,MONTHLY,GENERAL,198210,3399,0.104543829208363,0.192870183265304,0.266895447900313,0.327951557069669,0.383663724497178,0.444956022320971,0.514578189735118,0.604544739537191,0.753631643389367
GP_CZ,MONTHLY,GENERAL,198211,3405,0.103899453884477,0.192675185259016,0.266542778321355,0.325882057185282,0.382920075519194,0.445270129138554,0.514152835243361,0.603165179127733,0.753301908036773
GP_CZ,MONTHLY,GENERAL,198212,3438,0.103907830239282,0.190016118659927,0.264816185097446,0.323459499680774,0.379829881905967,0.442960000279026,0.513870594468089,0.600883388329294,0.752156194286148
GP_CZ,MONTHLY,GENERAL,198301,3432,0.104624060237869,0.19259034711467,0.266249913326692,0.324021788063951,0.379564229980341,0.442500287988831,0.511854586292338,0.601777634969823,0.75293948192993
GP_CZ,MONTHLY,GENERAL,198302,3415,0.105641794468891,0.191414695737465,0.265912724892082,0.324971951153575,0.380141555140501,0.442809067543126,0.511434798372823,0.600086963193182,0.753981943206271
GP_CZ,MONTHLY,GENERAL,198303,3417,0.104661112238153,0.18800965133699,0.262589581779893,0.322872575311953,0.378109141031264,0.442094681774078,0.510424090120837,0.600305381769298,0.753806793297819
GP_CZ,MONTHLY,GENERAL,198304,3405,0.104568535290838,0.186271568523782,0.261990072411839,0.323306796413574,0.378800942691269,0.441100394705765,0.507856511151382,0.599050012744114,0.752547838108039
GP_CZ,MONTHLY,GENERAL,198305,3394,0.104560720876483,0.186318472967958,0.262457096356382,0.324507670379681,0.379451498431908,0.441274676458131,0.509254430232061,0.598529880690709,0.754332677015171
GP_CZ,MONTHLY,GENERAL,198306,3459,0.0924424362704235,0.17315115622047,0.241056667497649,0.305965864665542,0.367080901301911,0.429164947744641,0.498768190154945,0.590303889831225,0.7450223676758
GP_CZ,MONTHLY,GENERAL,198307,3445,0.0906764705150023,0.17295033816773,0.240040671259112,0.305856707119851,0.366718470218588,0.429345051660691,0.500796412871784,0.591715231251699,0.746510837403107
GP_CZ,MONTHLY,GENERAL,198308,3443,0.0903399734018548,0.173173603890629,0.240591798584671,0.3065713018861,0.368008744762252,0.430223504633398,0.501905689669268,0.592660658966114,0.748441905138917
GP_CZ,MONTHLY,GENERAL,198309,3442,0.0929821945015009,0.172255727816876,0.238231845852461,0.304752495653643,0.36643728033176,0.427645342230316,0.498785430557225,0.593271802731981,0.747331395798775
GP_CZ,MONTHLY,GENERAL,198310,3423,0.0938087671912375,0.172888039340364,0.238392608146578,0.305867878691626,0.367027027027027,0.428390378925123,0.499756443387746,0.597963011262534,0.748441905138917
GP_CZ,MONTHLY,GENERAL,198311,3420,0.0932295675111834,0.17292683912354,0.239254168257605,0.307092128286008,0.367138404670895,0.429233164024486,0.49971574323252,0.597147648591655,0.745911087233227
GP_CZ,MONTHLY,GENERAL,198312,3451,0.0915890230286568,0.171713905952509,0.234975562090699,0.299779110129378,0.360638521319051,0.423394859019364,0.495631385718758,0.589419907712591,0.742482285485365
GP_CZ,MONTHLY,GENERAL,198401,3441,0.0944687121730436,0.17295417528723,0.235690945504374,0.299411086529773,0.35979020979021,0.42236111758944,0.493741173449737,0.587230769230769,0.741909275558565
GP_CZ,MONTHLY,GENERAL,198402,3433,0.0930131161277112,0.172888039340364,0.233511541006921,0.296373818014152,0.357997254722531,0.421074834978841,0.494678661388138,0.587228695525272,0.738085872509143
GP_CZ,MONTHLY,GENERAL,198403,3448,0.0926550901687809,0.171065777376865,0.229920465617559,0.29611327496316,0.357161947443934,0.418077588970209,0.489542446070013,0.582880201723207,0.738935717970882
GP_CZ,MONTHLY,GENERAL,198404,3455,0.0941732527149418,0.171988844517142,0.233016902723499,0.296309489724206,0.356392932416727,0.416144314656702,0.489304702689159,0.578726767642108,0.735858373733732
GP_CZ,MONTHLY,GENERAL,198405,3453,0.0917004910690656,0.171387158554828,0.23265529365025,0.295783070983193,0.356343472658569,0.415705802979242,0.488760707341299,0.583170617527786,0.735347575533043
GP_CZ,MONTHLY,GENERAL,198406,3660,0.0849535496420782,0.161818807355502,0.224474094297703,0.286126070508374,0.347725541754075,0.408581726543907,0.480603762936951,0.577610314883965,0.718202632537618
GP_CZ,MONTHLY,GENERAL,198407,3667,0.0832418975946406,0.161406684298625,0.224430562632011,0.284820396316654,0.34648877119723,0.408162783649106,0.479467060818513,0.576937658013583,0.718558570660935
GP_CZ,MONTHLY,GENERAL,198408,3664,0.0833994992760723,0.160998989282708,0.224450930862833,0.284533307252047,0.346453325070893,0.405126115648115,0.479466832273783,0.575749150693518,0.718333513797798
GP_CZ,MONTHLY,GENERAL,198409,3696,0.0834970801216539,0.160199926750975,0.224022393904336,0.283315299129594,0.344598271242413,0.405249679897567,0.476747860930523,0.57379767827529,0.714861876884382
GP_CZ,MONTHLY,GENERAL,198410,3678,0.086757775274551,0.161996098042184,0.225841720370993,0.284667712686572,0.346228780895569,0.407518133680593,0.478416806515545,0.57462297129358,0.716800483127711
GP_CZ,MONTHLY,GENERAL,198411,3673,0.0851005610435051,0.161677998604266,0.224232077784621,0.284734947191742,0.34589827131799,0.407854333698737,0.478244274105795,0.576782655023779,0.718472342531865
GP_CZ,MONTHLY,GENERAL,198412,3708,0.0829832317709698,0.160494780269647,0.225784302417823,0.288338776843237,0.347753222129872,0.411494814280047,0.480489903109165,0.579292357146916,0.719141792582302
GP_CZ,MONTHLY,GENERAL,198501,3705,0.0841203469946891,0.161333630959883,0.227902464425191,0.289738965468542,0.351384998443822,0.413798528746551,0.4826977471101,0.581139125135893,0.721749388406903
GP_CZ,MONTHLY,GENERAL,198502,3689,0.0844934788605476,0.162244150617742,0.228948767751086,0.292304426370824,0.351156029350685,0.414638643459554,0.482895849376079,0.581010530867819,0.724517474241822
GP_CZ,MONTHLY,GENERAL,198503,3706,0.0834970801216539,0.161736510545056,0.229536505861755,0.291673904368442,0.351533402841234,0.414678879051539,0.484563091070853,0.582966249919026,0.724606752653276
GP_CZ,MONTHLY,GENERAL,198504,3699,0.08133916342723,0.161577723773805,0.229579115081096,0.292169684450012,0.351982097186701,0.414638643459554,0.484652934432076,0.583439209468521,0.725561506772455
GP_CZ,MONTHLY,GENERAL,198505,3688,0.0815505843514799,0.16126750416443,0.229523939527255,0.292189914174659,0.351824518155813,0.414653583742391,0.485455288332919,0.583274875523526,0.725366571189356
GP_CZ,MONTHLY,GENERAL,198506,3802,0.0799576732255613,0.166306163124466,0.230667339824679,0.298381775054447,0.359605341288209,0.421468267685359,0.493352987634933,0.58338322289779,0.730357966557755
GP_CZ,MONTHLY,GENERAL,198507,3770,0.0808300391186389,0.166323644786273,0.23144051881125,0.297955212736396,0.360119032146816,0.423829957807506,0.495000373024527,0.585361235124146,0.73299273918115
GP_CZ,MONTHLY,GENERAL,198508,3765,0.0792777586670029,0.166323644786273,0.231938206654647,0.296860173166896,0.361453330549175,0.424311642141928,0.494463772516347,0.585102093872947,0.73380150085463
GP_CZ,MONTHLY,GENERAL,198509,3748,0.0814068344456963,0.168621373909818,0.233957279934918,0.298525505482029,0.363742078226599,0.425931726346837,0.496154567428331,0.589378265467366,0.739444479261492
GP_CZ,MONTHLY,GENERAL,198510,3734,0.0783683299606523,0.16824016563147,0.233767741690697,0.298481583971913,0.365632069625022,0.427294937380025,0.497440874615134,0.589363962000567,0.743094966135907
GP_CZ,MONTHLY,GENERAL,198511,3715,0.0801458654967611,0.169343307030922,0.234383976206285,0.29938486825759,0.364736323628663,0.426621117495583,0.497379865564065,0.589531178148943,0.742733693471342
GP_CZ,MONTHLY,GENERAL,198512,3724,0.0779786679927525,0.166894827181984,0.233668323889182,0.30043112568459,0.365184884475372,0.428461986953584,0.498162686489565,0.590265425191516,0.742220189779911
GP_CZ,MONTHLY,GENERAL,198601,3703,0.0788208059197652,0.167933801684475,0.233652418244669,0.29997214654511,0.364222576947689,0.428410036961744,0.497478895225731,0.590290615714263,0.742341920009056
GP_CZ,MONTHLY,GENERAL,198602,3684,0.0796271277902091,0.167789375587295,0.232963050447458,0.299035051312984,0.36335774887276,0.428370143403109,0.497505693475031,0.590820280675998,0.743094966135907
GP_CZ,MONTHLY,GENERAL,198603,3697,0.0773532726174998,0.168226363008972,0.233588168721255,0.300463745765196,0.364222576947689,0.42780568319138,0.49627949262686,0.590374474842019,0.742834197133953
GP_CZ,MONTHLY,GENERAL,198604,3716,0.0803821283758778,0.167751265365148,0.233099659156651,0.301137954684729,0.364296522488347,0.428739693757362,0.497777860502039,0.590382844362584,0.742896401300605
GP_CZ,MONTHLY,GENERAL,198605,3692,0.0815104324229284,0.169291710203802,0.234665035813515,0.302180920148502,0.365184884475372,0.430772803438305,0.498268396585236,0.590981612121029,0.743567138384003
GP_CZ,MONTHLY,GENERAL,198606,3795,0.0625845875023677,0.156196791479099,0.226587634808272,0.293943583408468,0.352567576135427,0.41745369369749,0.485902389692032,0.579241071127273,0.736231243508816
GP_CZ,MONTHLY,GENERAL,198607,3784,0.0613001889997758,0.15707385835338,0.226766509003958,0.295193202718664,0.354008959496593,0.41796944094569,0.486555192513281,0.580267328777096,0.738895526737164
GP_CZ,MONTHLY,GENERAL,198608,3762,0.0635098561668443,0.157842734875068,0.227300387771566,0.295624765999538,0.353059736965132,0.4179530516952,0.485786590970356,0.580152117576695,0.738564415527341
GP_CZ,MONTHLY,GENERAL,198609,3778,0.0611024954869893,0.1557503255976,0.226327271595524,0.295529466375126,0.353240225826731,0.41834362445324,0.485554429088895,0.578083759428409,0.734064380538836
GP_CZ,MONTHLY,GENERAL,198610,3748,0.0619193885202857,0.156835169433187,0.226595427647428,0.29630067417721,0.354008959496593,0.418859061997795,0.486892140493468,0.580325715982447,0.733726537891255
GP_CZ,MONTHLY,GENERAL,198611,3716,0.0638929789765022,0.159899898498477,0.228074044425921,0.296851069043681,0.355228917171047,0.420712844653665,0.488079882630531,0.581240527491335,0.735684117880932
GP_CZ,MONTHLY,GENERAL,198612,3738,0.0600956974936979,0.157100820243013,0.22597566220707,0.294280671364002,0.354691962492873,0.419264966668327,0.485982610045515,0.578704562062663,0.739150573645979
GP_CZ,MONTHLY,GENERAL,198701,3679,0.0591682116500134,0.155865453607761,0.225015892353452,0.29397046570463,0.355137411586847,0.420642804519618,0.486529392451717,0.580428512453369,0.740768538282872
GP_CZ,MONTHLY,GENERAL,198702,3654,0.0602863830137909,0.155205352579675,0.225342072480414,0.294256547813736,0.354691962492873,0.420642804519618,0.486552474182428,0.581871815150207,0.741103897605187
GP_CZ,MONTHLY,GENERAL,198703,3696,0.0588342121588228,0.15277651016337,0.22524426575236,0.293991416309013,0.354524209055768,0.419622990797273,0.486844951020362,0.581812944977993,0.741855808790989
GP_CZ,MONTHLY,GENERAL,198704,3693,0.0571108438131999,0.153419198316969,0.226310637439472,0.294280671364002,0.354694890284562,0.420673665045998,0.486519838691915,0.583807151251192,0.747619996498845
GP_CZ,MONTHLY,GENERAL,198705,3682,0.0561417610742627,0.152645487775212,0.226053268539658,0.293928508581057,0.354169498653556,0.419108577059506,0.484784145850386,0.581546302743542,0.745372615085913
GP_CZ,MONTHLY,GENERAL,198706,3889,0.0372608963047424,0.142082817117164,0.212964809567609,0.283584276821685,0.346346531224749,0.410196970727633,0.478788369261501,0.577304745841496,0.742777849471483
GP_CZ,MONTHLY,GENERAL,198707,3901,0.0370901407387844,0.142091152815013,0.21351628289217,0.284973097617217,0.348413902262085,0.411423652166698,0.483402489626556,0.581841162839688,0.744932820614956
GP_CZ,MONTHLY,GENERAL,198708,3889,0.0367823551165714,0.142298448765567,0.213001775529643,0.284248023825874,0.348413902262085,0.411919383446643,0.484969134113182,0.582982038310099,0.742777849471483
GP_CZ,MONTHLY,GENERAL,198709,3898,0.0401523761409928,0.143784554973661,0.215098013936329,0.285832250414204,0.350231147044076,0.413111801470066,0.486125138053581,0.582223220254379,0.743599485075949
GP_CZ,MONTHLY,GENERAL,198710,3895,0.0405826160608598,0.143926003222624,0.216182398625548,0.28593004399911,0.349037924557039,0.412561454716147,0.484756183820157,0.581727709692121,0.742652188985552
GP_CZ,MONTHLY,GENERAL,198711,3872,0.0433076875120042,0.143351513527217,0.215400049320382,0.285798823058113,0.34956165020268,0.412580952363832,0.485323169368012,0.581812799552796,0.742012083785551
GP_CZ,MONTHLY,GENERAL,198712,3905,0.043724609468249,0.141736206144068,0.214184772975757,0.285823241086713,0.349305490817563,0.41131898185423,0.487112336369328,0.58347249893667,0.742095618388883
GP_CZ,MONTHLY,GENERAL,198801,3874,0.0449273610901185,0.143018299738911,0.21409791974494,0.28584181412604,0.349670492339973,0.412957090031997,0.489868319456449,0.583384206127032,0.74159636230886
GP_CZ,MONTHLY,GENERAL,198802,3854,0.0454413214926808,0.14327744337318,0.214032084359504,0.286011477318343,0.350714007935317,0.412957090031997,0.489819897630704,0.582982680911251,0.740751540998891
GP_CZ,MONTHLY,GENERAL,198803,3850,0.0491033745881551,0.145381329981926,0.21696874981369,0.28578125738857,0.350845732986095,0.413576345567296,0.48982410875492,0.584130170990259,0.740973163379673
GP_CZ,MONTHLY,GENERAL,198804,3846,0.0526373022563568,0.146599169262721,0.222647830451794,0.286265203203797,0.349670492339973,0.412625857063438,0.489986206523547,0.581918505942275,0.737849742973816
GP_CZ,MONTHLY,GENERAL,198805,3832,0.0527974121922392,0.146158138796286,0.222228965719364,0.285814753749996,0.349071439438142,0.412328627391736,0.489832531003351,0.581646289012417,0.73871769184664
GP_CZ,MONTHLY,GENERAL,198806,4007,0.0648182533529749,0.154158126110897,0.22515210938863,0.287145371150191,0.351928783382789,0.414572236399865,0.49113654342223,0.581151580327944,0.733574766938945
GP_CZ,MONTHLY,GENERAL,198807,3994,0.0646889631973934,0.154185093437526,0.225188593838365,0.287142844891711,0.351496283351012,0.416891957088609,0.49129454011424,0.579686952197406,0.73371378853943
GP_CZ,MONTHLY,GENERAL,198808,3974,0.0647708434540867,0.155060412367119,0.226066993583552,0.28780860150944,0.351787756039349,0.417868367504048,0.493307089458957,0.580652859347087,0.735766055884506
GP_CZ,MONTHLY,GENERAL,198809,4010,0.0628140796831705,0.155069487912664,0.226500494573036,0.287336233351387,0.353397033349302,0.419618122559268,0.494709411890312,0.581925699263353,0.739120280074466
GP_CZ,MONTHLY,GENERAL,198810,3982,0.0628542186759436,0.155300399934553,0.227118250789261,0.287756039729761,0.353538089690127,0.419684573934255,0.494649315653708,0.582205581638004,0.74165561585855
GP_CZ,MONTHLY,GENERAL,198811,3962,0.0628542186759436,0.155584961283506,0.226407006840493,0.286879722231851,0.352532053997431,0.419628188864028,0.494734718064419,0.582703986160052,0.741378655967139
GP_CZ,MONTHLY,GENERAL,198812,3954,0.0661452937398313,0.158033126910013,0.229008743668424,0.288339243686517,0.35538758022709,0.424171027721957,0.495453345040588,0.585381480717628,0.738287359555285
GP_CZ,MONTHLY,GENERAL,198901,3922,0.0651424104923331,0.159249623797646,0.229385380928574,0.289283531309396,0.355555585257036,0.421327290945338,0.495171272308813,0.58540614957242,0.736428630021331
GP_CZ,MONTHLY,GENERAL,198902,3892,0.0625270862948125,0.1613832539508,0.23038904369075,0.290958960103752,0.356298303514334,0.421647084450459,0.495663049581228,0.586273724535302,0.741146726749588
GP_CZ,MONTHLY,GENERAL,198903,3883,0.0626115316109668,0.163381410745259,0.230389114299304,0.292876703226016,0.358427293934681,0.426269592449984,0.498699981263818,0.591707953764771,0.74260593021845
GP_CZ,MONTHLY,GENERAL,198904,3855,0.0625284754050152,0.161642617459091,0.229466267840051,0.29267890438499,0.360851310759148,0.426411460498255,0.498997043974904,0.596610398599841,0.746683978292627
GP_CZ,MONTHLY,GENERAL,198905,3828,0.0663004435201756,0.164799965732356,0.231032305153983,0.294617075915908,0.362048617327415,0.428616989340005,0.500332946499608,0.59992349508976,0.748289859458833
GP_CZ,MONTHLY,GENERAL,198906,3915,0.068614658591463,0.164309959163605,0.235921336634237,0.30273452150795,0.367279228798408,0.429241999876411,0.507050729138005,0.610720742468418,0.760013124447201
GP_CZ,MONTHLY,GENERAL,198907,3887,0.0693015618952256,0.164610006252413,0.236576594240446,0.304670148868438,0.368262987012987,0.431064136307486,0.508329117843499,0.613616027616196,0.763094398505348
GP_CZ,MONTHLY,GENERAL,198908,3872,0.0748165654170441,0.165657793623722,0.238134129242447,0.306343360107664,0.369559375301645,0.4316482194696,0.510145607340319,0.61510594533791,0.764973225115378
GP_CZ,MONTHLY,GENERAL,198909,3852,0.0751777443852404,0.169763301838968,0.239950276801036,0.307895288402225,0.370272990472381,0.432069282450126,0.511351630586295,0.619661981489757,0.772304697697167
GP_CZ,MONTHLY,GENERAL,198910,3827,0.0752402773466828,0.169813200024919,0.240465807313777,0.309832162017899,0.36980742202407,0.433004224815235,0.512306929860381,0.618981685298862,0.771484581545364
GP_CZ,MONTHLY,GENERAL,198911,3810,0.0757714662429797,0.170982864877412,0.241530202268628,0.312071206318988,0.371308625662034,0.433547125276862,0.512824033790386,0.618740450836986,0.773644750877546
GP_CZ,MONTHLY,GENERAL,198912,3807,0.0746980453585615,0.171478045849808,0.241865134973644,0.311845779906621,0.370308226719612,0.434563580746227,0.513585830127699,0.618672115314653,0.775717454072978
GP_CZ,MONTHLY,GENERAL,199001,3789,0.0735279118837465,0.171436451924092,0.240968312079813,0.311421083752602,0.369499241274659,0.433412407745178,0.512751502553522,0.618666077332174,0.774569957386351
GP_CZ,MONTHLY,GENERAL,199002,3760,0.0758041657021654,0.172376621502726,0.241388299957415,0.310916097293411,0.371774181278402,0.435258604937878,0.513454156968944,0.618663058340934,0.772526734400264
GP_CZ,MONTHLY,GENERAL,199003,3763,0.077465669581677,0.172896685882479,0.240201987082502,0.307689581400531,0.369852478501014,0.437913347203267,0.513640518522324,0.621382452018277,0.775506437845491
GP_CZ,MONTHLY,GENERAL,199004,3745,0.0775331534849136,0.172806383727924,0.239873613970161,0.307613543676657,0.369791893896427,0.438400224262621,0.513995380925854,0.620792996785118,0.777656249456029
GP_CZ,MONTHLY,GENERAL,199005,3719,0.0778994398539485,0.172944720421456,0.240502431180281,0.307670866023037,0.370308226719612,0.438692673011765,0.514928465395583,0.620246387981996,0.779509069873345
GP_CZ,MONTHLY,GENERAL,199006,3830,0.0768290894193459,0.170938120416093,0.235950589499356,0.302676330251548,0.368070291093978,0.43442319732639,0.515526948206111,0.621819947285985,0.78681590971164
GP_CZ,MONTHLY,GENERAL,199007,3803,0.0773048219527347,0.171575970723825,0.235937039165873,0.303943380090011,0.369058294961278,0.435351459132516,0.515932570690943,0.621382452018277,0.785104021972389
GP_CZ,MONTHLY,GENERAL,199008,3780,0.0743035781175932,0.169667456739238,0.234090421291722,0.30103990328646,0.368231023944204,0.435077716746495,0.515116319844524,0.620033747920787,0.784574743716298
GP_CZ,MONTHLY,GENERAL,199009,3773,0.0743588024213838,0.169754986847409,0.235821181649129,0.300846229423638,0.369050932368494,0.436778435316683,0.517222194856954,0.622201637219668,0.786332285744781
GP_CZ,MONTHLY,GENERAL,199010,3766,0.0745479895294114,0.170627697748193,0.236681472786469,0.300161703274491,0.368972576714459,0.436613272311213,0.518370730110501,0.62286866904094,0.788453870795193
GP_CZ,MONTHLY,GENERAL,199011,3737,0.073588118454861,0.171003775634265,0.236199567789901,0.299573201411619,0.368106394153768,0.435374658321462,0.516524451164402,0.622380691782441,0.785556630441178
GP_CZ,MONTHLY,GENERAL,199012,3750,0.0777786155147873,0.171475436197198,0.236388550923591,0.300572324267663,0.369442221426965,0.438830680662836,0.518653027858229,0.624891717022714,0.783196902027563
GP_CZ,MONTHLY,GENERAL,199101,3735,0.0775919136875744,0.171845862034541,0.237094295496853,0.301112495479807,0.370204037568822,0.439180687177347,0.518333022446824,0.624196958953608,0.782653955968648
GP_CZ,MONTHLY,GENERAL,199102,3718,0.0789706083129867,0.171771987621044,0.237113315654084,0.301046999019576,0.370275186341802,0.439649220376762,0.519012155191545,0.624045325549886,0.783242050401857
GP_CZ,MONTHLY,GENERAL,199103,3727,0.079900138320751,0.171735050414296,0.23960706988723,0.303690539638877,0.373255839393333,0.439431605768929,0.523912538683406,0.624979394413805,0.786722146461829
GP_CZ,MONTHLY,GENERAL,199104,3705,0.0823360851114822,0.172847080055996,0.239954531477547,0.305518818330178,0.373632320760489,0.439905562509629,0.523732548718543,0.625240583534422,0.787011811514335
GP_CZ,MONTHLY,GENERAL,199105,3679,0.0828173426234469,0.173852820273701,0.240617182991313,0.308119819969125,0.374142932489452,0.440320041492833,0.523367953543196,0.62437832578735,0.786294438389333
GP_CZ,MONTHLY,GENERAL,199106,3809,0.0756780070205571,0.171378192256686,0.243230970197048,0.308346511023637,0.377368984552065,0.442248816254619,0.525472926250953,0.627171102519092,0.786941784979861
GP_CZ,MONTHLY,GENERAL,199107,3802,0.0774346296547089,0.171893254155258,0.244012488691637,0.309334081049367,0.378355527445582,0.443619658674767,0.52623191628561,0.630466111756175,0.791155872187746
GP_CZ,MONTHLY,GENERAL,199108,3765,0.0781418853454458,0.172241755825052,0.246062135517821,0.311494793275441,0.379295250601882,0.444409695573011,0.527568854117429,0.6318905925871,0.794697727170977
GP_CZ,MONTHLY,GENERAL,199109,3765,0.0766098951287477,0.172982380939848,0.245407799849682,0.310091134297224,0.379536364619058,0.444746885256666,0.528081921311566,0.632233656218858,0.798929098517066
GP_CZ,MONTHLY,GENERAL,199110,3757,0.0760448099570288,0.173647435573589,0.245436700827993,0.311023612947331,0.379536364619058,0.445211506818818,0.528207709510132,0.634761549665361,0.802665872675006
GP_CZ,MONTHLY,GENERAL,199111,3740,0.0772915004567161,0.17377357917388,0.244964276412339,0.310598613577681,0.379258780053494,0.445603912374224,0.528107970649538,0.634879175799658,0.802977508047596
GP_CZ,MONTHLY,GENERAL,199112,3739,0.0759410267024903,0.173707338325662,0.246979717589626,0.312140583169194,0.379105907716262,0.444561801223539,0.52788948346235,0.63363335258411,0.805508022395859
GP_CZ,MONTHLY,GENERAL,199201,3717,0.0760448099570288,0.173203692879265,0.246831159026449,0.30953738804809,0.377870300277568,0.444592011528258,0.528165666644036,0.633470946735759,0.805593117111791
GP_CZ,MONTHLY,GENERAL,199202,3691,0.078041311047507,0.175151189711177,0.247498516540573,0.310168910772979,0.378683535389104,0.446004853013808,0.528823967492847,0.634026417011394,0.805500331345262
GP_CZ,MONTHLY,GENERAL,199203,3688,0.0796554418372211,0.175540920655113,0.246881745317805,0.309211950142925,0.377823277086281,0.446009119697398,0.530358825625079,0.633450176507347,0.803419152186753
GP_CZ,MONTHLY,GENERAL,199204,3674,0.0794768882194863,0.174715483005071,0.246275887592111,0.309246358502641,0.377259276587619,0.445417365183372,0.531729477241651,0.63363335258411,0.800449119651648
GP_CZ,MONTHLY,GENERAL,199205,3649,0.0777163561444059,0.175298700557324,0.246475160895412,0.309246358502641,0.377368984552065,0.445823196190803,0.531499430763046,0.633918050412968,0.799182189138434
GP_CZ,MONTHLY,GENERAL,199206,3829,0.0663933839249777,0.163148171759623,0.232531945534415,0.297570662290649,0.366352365115398,0.438020923038835,0.519817778851358,0.630196406587834,0.800764404689389
GP_CZ,MONTHLY,GENERAL,199207,3792,0.0693125376597575,0.164098986991938,0.233575399840482,0.299526125563458,0.369154520812416,0.439345702147607,0.522999868929166,0.631007422576994,0.798801771873118
GP_CZ,MONTHLY,GENERAL,199208,3767,0.0706088635047952,0.164619468279527,0.235091836427183,0.299807048304028,0.368854906065278,0.438527318259565,0.522135761176398,0.630007065312792,0.797848338443203
GP_CZ,MONTHLY,GENERAL,199209,3755,0.0700114504255011,0.164144958153504,0.233775401151753,0.301766060171258,0.365688866082477,0.437018180039321,0.516681921878769,0.629407665709959,0.796486493977342
GP_CZ,MONTHLY,GENERAL,199210,3741,0.0697883836109861,0.16406626638033,0.233284426113443,0.301991774856866,0.365467029169163,0.43599898334065,0.515598178884848,0.628630136986302,0.792240300375469
GP_CZ,MONTHLY,GENERAL,199211,3725,0.0744886109061872,0.163738503134928,0.23356130310131,0.302534300333205,0.367076810699848,0.437508581300029,0.516180289347919,0.628666277899105,0.79178646704405
GP_CZ,MONTHLY,GENERAL,199212,3760,0.0698844753293595,0.163776647976311,0.235525310117714,0.304586681805089,0.365454908718087,0.436933161968819,0.518196304406571,0.628186051997506,0.79574434406463
GP_CZ,MONTHLY,GENERAL,199301,3753,0.0690317256691185,0.162219101419757,0.235487884733615,0.302587423526274,0.364852941176471,0.434770372191479,0.516328972340137,0.627640583077239,0.792086233098678
GP_CZ,MONTHLY,GENERAL,199302,3758,0.067037440031345,0.162111421986689,0.235029251383138,0.302464929121348,0.364983625497064,0.435850490236856,0.516069635960168,0.627925101631443,0.791074894161517
GP_CZ,MONTHLY,GENERAL,199303,3780,0.0689440894178696,0.163776647976311,0.235570352178944,0.302895699522413,0.365693562793839,0.438446882086642,0.517788397552193,0.627580958201332,0.793718740055387
GP_CZ,MONTHLY,GENERAL,199304,3771,0.0697883836109861,0.1644352767183,0.235587736258533,0.302726092067928,0.365467029169163,0.43760596356199,0.516511484200715,0.62649551780669,0.79146996399151
GP_CZ,MONTHLY,GENERAL,199305,3765,0.0694971286707876,0.164625324233621,0.235652432399334,0.302699833212486,0.365069577192658,0.437348953983898,0.516067016246413,0.626706643398028,0.791097655691277
GP_CZ,MONTHLY,GENERAL,199306,4016,0.0661570803708164,0.161639852978377,0.230739920545886,0.298649999397859,0.367109667919193,0.439271109835713,0.514848977187953,0.62043444828912,0.783896764709414
GP_CZ,MONTHLY,GENERAL,199307,4029,0.0676361616872497,0.16347487505562,0.232056489638834,0.299519860989323,0.368792087542088,0.440253319733118,0.515783504302632,0.622227065178493,0.786982983669259
GP_CZ,MONTHLY,GENERAL,199308,4017,0.0676259482449094,0.163605733215278,0.233238083207299,0.301169841878135,0.370040180813661,0.44128768538733,0.518454663837544,0.625222889790133,0.786202392225993
GP_CZ,MONTHLY,GENERAL,199309,4038,0.064772251025011,0.161406042282966,0.232099873745612,0.299021814905719,0.369309129913958,0.440762626925689,0.517476090687631,0.625034802784223,0.783426693154708
GP_CZ,MONTHLY,GENERAL,199310,4036,0.0634308758193628,0.160388714365403,0.23140176334027,0.298649999397859,0.368838867042975,0.439461883408072,0.515523272684683,0.624698668902631,0.783878026758598
GP_CZ,MONTHLY,GENERAL,199311,4029,0.063199412211554,0.160319915925743,0.231216505512024,0.298960574460669,0.369339523598442,0.438186854721289,0.515392342470056,0.625023201856149,0.784051915759172
GP_CZ,MONTHLY,GENERAL,199312,4045,0.0606402775731959,0.158553126524269,0.229683091569296,0.299311506124882,0.371522628862922,0.437949312573606,0.512527117876454,0.624709218126541,0.783902421406878
GP_CZ,MONTHLY,GENERAL,199401,4025,0.0616209411549027,0.158553126524269,0.229683091569296,0.300729741782129,0.372594979978514,0.437949312573606,0.512527117876454,0.623645321294914,0.783037654457548
GP_CZ,MONTHLY,GENERAL,199402,4009,0.0630829888605299,0.159033964167804,0.230184312433565,0.302043032275207,0.374084330891549,0.438926344017607,0.514440098203778,0.624719767350451,0.784039594293407
GP_CZ,MONTHLY,GENERAL,199403,4022,0.061758849917651,0.159204709947071,0.228211723736855,0.303019467211529,0.373531242175237,0.437844913653971,0.512641500179021,0.625219291235383,0.786038044396219
GP_CZ,MONTHLY,GENERAL,199404,4021,0.0616740088105727,0.159075842765597,0.229034046746781,0.304061215896386,0.374133949191686,0.438484028683795,0.513673876692378,0.625764705380454,0.786265697092772
GP_CZ,MONTHLY,GENERAL,199405,4009,0.0641600776741897,0.160101842767804,0.230136541951441,0.30438976919217,0.375061973227566,0.439102320789771,0.513813861716132,0.623908423962923,0.786125319869682
GP_CZ,MONTHLY,GENERAL,199406,4399,0.0613397734437257,0.159148405993873,0.222754628096938,0.294679657718966,0.364818641772964,0.428987423914147,0.504667686399375,0.606192722702095,0.771345445921878
GP_CZ,MONTHLY,GENERAL,199407,4403,0.0642426081167955,0.160889898089706,0.22428449540002,0.296352904646648,0.366650876361914,0.431608754500044,0.507253215239361,0.607192134868144,0.771086255827099
GP_CZ,MONTHLY,GENERAL,199408,4389,0.0640781531838417,0.160894710485635,0.223882899572351,0.296631416432858,0.366818882196386,0.431796485534018,0.507113690154053,0.607029067157333,0.769861194928278
GP_CZ,MONTHLY,GENERAL,199409,4411,0.0641806451612903,0.159973454343264,0.224218649208317,0.295440740879607,0.366582386667141,0.431819062003795,0.506299173124339,0.605444609324251,0.767272727272727
GP_CZ,MONTHLY,GENERAL,199410,4385,0.0661927091647831,0.161526919850744,0.225523151178797,0.295824658037987,0.366128315305971,0.431678263728315,0.507125197332887,0.605572332598078,0.766877934999078
GP_CZ,MONTHLY,GENERAL,199411,4370,0.0645665461728038,0.161820424699195,0.226398772804671,0.295824658037987,0.365495077813518,0.430595240483657,0.507096429385803,0.606901313631469,0.767430116173941
GP_CZ,MONTHLY,GENERAL,199412,4406,0.0643355525500532,0.161538683445466,0.224155180126652,0.293423482342079,0.361781417101118,0.427324742355558,0.505343815839431,0.606778406387141,0.766824007188565
GP_CZ,MONTHLY,GENERAL,199501,4389,0.0648190990555265,0.162150788266597,0.224152465705075,0.293556098955271,0.361391661773341,0.427897193608407,0.505351978537709,0.605700055871905,0.762483295980495
GP_CZ,MONTHLY,GENERAL,199502,4369,0.0659402036642389,0.162150788266597,0.224336101553818,0.293517306938876,0.361337275855064,0.427897193608407,0.505521936581037,0.60531746637121,0.76243381441294
GP_CZ,MONTHLY,GENERAL,199503,4385,0.067256528606816,0.160899522881565,0.225427868191676,0.293518097396812,0.360827176736498,0.427319238975937,0.505195423550328,0.605572332598078,0.763835782620503
GP_CZ,MONTHLY,GENERAL,199504,4364,0.0681675816801797,0.161752038838772,0.226435226051526,0.294957858682728,0.361197723235646,0.427081781315135,0.504210753673286,0.605281009051942,0.764324947908644
GP_CZ,MONTHLY,GENERAL,199505,4346,0.068329775796374,0.162318968644486,0.227291066717324,0.296021220159151,0.36287201927674,0.427531940096455,0.505164044141209,0.606974417607546,0.764827671512196
GP_CZ,MONTHLY,GENERAL,199506,4646,0.0646505542607087,0.160918696800704,0.229879170279937,0.298697587679721,0.362988511646949,0.430166447697119,0.504349453601738,0.602719497039257,0.756869030606496
GP_CZ,MONTHLY,GENERAL,199507,4636,0.0658497641349111,0.16195477534816,0.232884755955695,0.298840777361064,0.363780884487246,0.432042019180588,0.505544713215079,0.602643818648642,0.75748530585923
GP_CZ,MONTHLY,GENERAL,199508,4610,0.0693120449451004,0.162536057070734,0.233835689640181,0.299363200671369,0.364843984483502,0.433190845024216,0.506029502024745,0.602639307425706,0.756767064548266
GP_CZ,MONTHLY,GENERAL,199509,4631,0.0700028926815157,0.165430524973925,0.236821394992513,0.301455329189543,0.365247724114461,0.436315780593565,0.508566001436799,0.606974417607546,0.763479257954871
GP_CZ,MONTHLY,GENERAL,199510,4613,0.0702453504103037,0.164680744323491,0.236715618884998,0.300926948176866,0.365549493374903,0.436736069754647,0.509206934866121,0.608475573724705,0.763840750852815
GP_CZ,MONTHLY,GENERAL,199511,4594,0.0703327424846613,0.164603143609758,0.237047294630516,0.301782726429962,0.367225621031502,0.437988665204854,0.509615173957522,0.606816298451524,0.763815644940081
GP_CZ,MONTHLY,GENERAL,199512,4596,0.0724438777206721,0.166741578083916,0.238354922075072,0.302936630602782,0.369000198380451,0.439481592019461,0.509982006037763,0.60914497284175,0.76615404941518
GP_CZ,MONTHLY,GENERAL,199601,4574,0.0720590964743551,0.166713782826172,0.238393068730787,0.302723945179745,0.368467943996234,0.439435585077972,0.510811925005148,0.609757649347604,0.769621545756029
GP_CZ,MONTHLY,GENERAL,199602,4544,0.0720590964743551,0.16850819548431,0.238776728298091,0.302974010179918,0.368730630244396,0.437988665204854,0.509856135185787,0.609757649347604,0.767359164320087
GP_CZ,MONTHLY,GENERAL,199603,4549,0.0706234195259499,0.16850819548431,0.238277635041027,0.30201553897302,0.366722386524367,0.43712459835804,0.509586490231156,0.607921925370713,0.763310556872669
GP_CZ,MONTHLY,GENERAL,199604,4533,0.0700571779230647,0.168943630702623,0.238485310660468,0.302669549349231,0.367198723064645,0.437247668880215,0.509950538324769,0.607025280440339,0.761475599799931
GP_CZ,MONTHLY,GENERAL,199605,4516,0.0699693458414481,0.170293567501341,0.238237906067192,0.301927308395854,0.366641071335459,0.436900050934451,0.509526139096842,0.605838989000702,0.759862626311585
GP_CZ,MONTHLY,GENERAL,199606,4874,0.0652937835750942,0.166511592550361,0.236366683074724,0.294259715243359,0.35865711691173,0.425953799568421,0.498789912052805,0.604570132287187,0.763122122802178
GP_CZ,MONTHLY,GENERAL,199607,4866,0.0665867363904107,0.166841497954474,0.236652531461487,0.295873430109281,0.359009922765362,0.426881536087777,0.500858310865012,0.607195143175978,0.764401523841044
GP_CZ,MONTHLY,GENERAL,199608,4832,0.0655021648458507,0.166815165967451,0.236651885281227,0.295284341263638,0.358464946980233,0.427309944362139,0.502157442057311,0.60710699195316,0.764454378842283
GP_CZ,MONTHLY,GENERAL,199609,4839,0.0661878767540469,0.168223126078404,0.23820623093235,0.296677350822271,0.359976978447796,0.428541784127259,0.501275853856076,0.604550672504455,0.761264285266464
GP_CZ,MONTHLY,GENERAL,199610,4815,0.0653857879122313,0.168573047584072,0.238860022695804,0.297592136852191,0.360763251041713,0.429020358884028,0.502223745992796,0.603888335977381,0.761376748416842
GP_CZ,MONTHLY,GENERAL,199611,4798,0.0659079970196572,0.168451574617057,0.238386271770343,0.297102042355388,0.360744977773975,0.429298140741586,0.502891637370646,0.605323612680437,0.76182689332563
GP_CZ,MONTHLY,GENERAL,199612,4824,0.0632432548095147,0.16625800984175,0.238140220315986,0.296526789205523,0.360757059644038,0.430834050332683,0.504197657805821,0.603362587342101,0.761137573616557
GP_CZ,MONTHLY,GENERAL,199701,4788,0.0623173965894792,0.165853957464732,0.237363335587879,0.296113631246883,0.360183771524386,0.429584789251306,0.502506717700227,0.602552808788925,0.759058593248548
GP_CZ,MONTHLY,GENERAL,199702,4751,0.0615027382256298,0.164698002922552,0.236650916010837,0.295254953463142,0.359496508648201,0.428765364694772,0.501600676210823,0.601467500122088,0.760973120108881
GP_CZ,MONTHLY,GENERAL,199703,4761,0.0631967172262556,0.165183343907802,0.238379625240939,0.296559378468368,0.359697480046445,0.429071395240317,0.501362189688097,0.603230126953821,0.763589162327506
GP_CZ,MONTHLY,GENERAL,199704,4731,0.0648699467251645,0.164984535824744,0.23884844836079,0.296634281017513,0.360708288810869,0.430000975086539,0.502507099048886,0.60326091825308,0.762874562200026
GP_CZ,MONTHLY,GENERAL,199705,4704,0.065343517039657,0.165126237631641,0.239014643470174,0.297236655134019,0.36051711488569,0.429693695087527,0.50237591899802,0.602317560024596,0.763167685984193
GP_CZ,MONTHLY,GENERAL,199706,5252,0.0372641694084155,0.147866174959144,0.224080111584638,0.285670479006226,0.350696032212725,0.42111482485969,0.495560032615148,0.590902454394146,0.746606034794781
GP_CZ,MONTHLY,GENERAL,199707,5247,0.0390787994631378,0.148182718992341,0.224663025663849,0.287346574567588,0.351622644064875,0.421348939173797,0.496084379103472,0.592433434790157,0.746413023407209
GP_CZ,MONTHLY,GENERAL,199708,5203,0.0393775404544881,0.147928116090234,0.224445861526914,0.287179344193005,0.351541674955242,0.420738313568951,0.495110433592796,0.59121126340621,0.744591160065465
GP_CZ,MONTHLY,GENERAL,199709,5201,0.038704235578001,0.14711215368034,0.223052714398112,0.287358684480987,0.351343332783913,0.419616123190055,0.492703266157054,0.592581376434146,0.749174882354194
GP_CZ,MONTHLY,GENERAL,199710,5172,0.0387666628921905,0.147546175102514,0.223358617001839,0.288120802793994,0.351835188509075,0.420769855074211,0.494781758110283,0.593357099400501,0.750475115485434
GP_CZ,MONTHLY,GENERAL,199711,5130,0.0392660814057061,0.148614001568102,0.224623506527766,0.288836247276737,0.352513815438676,0.420918497453042,0.495698307255453,0.593503238945833,0.749868105087193
GP_CZ,MONTHLY,GENERAL,199712,5135,0.039633726978039,0.148614001568102,0.22455796590606,0.288582214900677,0.351837014993705,0.419552972504352,0.496461949168175,0.594911885922419,0.748810593482937
GP_CZ,MONTHLY,GENERAL,199801,5079,0.0403205937801972,0.150324731006595,0.225046571209645,0.289538668773146,0.35210097990367,0.420662080489684,0.496370516324914,0.594915878648525,0.748407430492724
GP_CZ,MONTHLY,GENERAL,199802,5033,0.0405309562158883,0.150489084161494,0.225047787005965,0.289358084209601,0.35210097990367,0.420369950102125,0.496508025056138,0.59491987137463,0.747341786824804
GP_CZ,MONTHLY,GENERAL,199803,5011,0.0425260718424102,0.152571289300512,0.225782056230847,0.289652579806397,0.35369212752973,0.420675796198308,0.496379143868684,0.593006681514477,0.744014732965009
GP_CZ,MONTHLY,GENERAL,199804,4962,0.0425345795526142,0.153586776374881,0.226250802707449,0.290664472237031,0.353715635998031,0.419319028487542,0.496242373923621,0.592537103292559,0.743991638046887
GP_CZ,MONTHLY,GENERAL,199805,4925,0.0426220496076635,0.153837235449282,0.226549552047519,0.291460718362834,0.354302422353649,0.420501501453893,0.496270988298,0.591940743802356,0.743580500439998
GP_CZ,MONTHLY,GENERAL,199806,5268,0.0372922381330598,0.147968192597319,0.219336116488647,0.28400118992177,0.347279893997157,0.414540749640224,0.494694111381438,0.594852357187922,0.750369527006178
GP_CZ,MONTHLY,GENERAL,199807,5224,0.0373257678107506,0.149091604960397,0.221228134720225,0.284153968747046,0.348216162555584,0.415044924110934,0.497002959865682,0.596269664049358,0.752273514979296
GP_CZ,MONTHLY,GENERAL,199808,5173,0.0373806681488732,0.14916821398438,0.220197644975112,0.284425990928292,0.348614104159172,0.416400232161931,0.498135440912313,0.596665179026983,0.752994757771573
GP_CZ,MONTHLY,GENERAL,199809,5145,0.0381953157621099,0.149170893075321,0.221526505237187,0.284672576587331,0.348628192999054,0.41644143428405,0.499336001531788,0.593485576756244,0.749648771018672
GP_CZ,MONTHLY,GENERAL,199810,5084,0.0417962095208033,0.151466062328162,0.222134975505249,0.284779599660377,0.349212407583082,0.418109616639977,0.498667835314006,0.593050237784721,0.749095262729138
GP_CZ,MONTHLY,GENERAL,199811,5000,0.043566687506491,0.153556447691378,0.224306165730476,0.286828825936935,0.350745501413224,0.419693918218415,0.499318135120547,0.59243947152803,0.74574804360832
GP_CZ,MONTHLY,GENERAL,199812,4965,0.0434308293255662,0.151564618355658,0.222542124788653,0.285110353743179,0.349502806592659,0.416966000595148,0.496495467746376,0.593418445085613,0.750528366770084
GP_CZ,MONTHLY,GENERAL,199901,4898,0.0434363837521733,0.150956718938603,0.222675877623102,0.284948933566406,0.35046091930002,0.417860472130915,0.495437996827523,0.590284866748918,0.744581749599405
GP_CZ,MONTHLY,GENERAL,199902,4833,0.0447666832226157,0.151505634151314,0.223646081763045,0.285118072266617,0.351010961728629,0.417860472130915,0.496734582850363,0.590005998224295,0.744083030269399
GP_CZ,MONTHLY,GENERAL,199903,4796,0.0450986842867698,0.150502371192026,0.224634808759305,0.287567245072047,0.351182139689924,0.418925796529408,0.497617954058798,0.590367210783912,0.748562917930697
GP_CZ,MONTHLY,GENERAL,199904,4718,0.0515052554007987,0.152759566956597,0.226237320767563,0.287875594792518,0.351565273081952,0.420652734135085,0.495531099929707,0.589250682110663,0.748797457434233
GP_CZ,MONTHLY,GENERAL,199905,4663,0.0559637265096994,0.153799095640168,0.226770260319875,0.287777203954884,0.351566774887827,0.420949162987264,0.498066436966709,0.590457588186951,0.749276302758583
GP_CZ,MONTHLY,GENERAL,199906,4876,0.045103125244174,0.147797197921782,0.220747634230892,0.282143185507513,0.344548109027245,0.411496474098183,0.487149023226641,0.586228815938725,0.752001734609885
GP_CZ,MONTHLY,GENERAL,199907,4834,0.0458156105591593,0.147912658794959,0.221545464580015,0.282510133113145,0.344548109027245,0.411447836724821,0.486130356056154,0.587863344074276,0.752955559401697
GP_CZ,MONTHLY,GENERAL,199908,4780,0.0450851233177047,0.147863729352849,0.221572439008719,0.282880317643319,0.343616041166461,0.410616368958922,0.485962418688571,0.587659086943951,0.755203338637432
GP_CZ,MONTHLY,GENERAL,199909,4731,0.0459571195077397,0.148226162794069,0.22197980993233,0.282581622275467,0.343415098833055,0.411496474098183,0.485923641918985,0.587979330976339,0.758113931302463
GP_CZ,MONTHLY,GENERAL,199910,4673,0.045251227085996,0.148254458101338,0.222750788284329,0.282979882765937,0.343637481338368,0.411629855514441,0.486256895419668,0.58782618546992,0.759294779450603
GP_CZ,MONTHLY,GENERAL,199911,4623,0.045251227085996,0.148010513910713,0.221204298304651,0.284436959140937,0.343637481338368,0.411522725356655,0.486336765252195,0.58768614681479,0.759806554169161
GP_CZ,MONTHLY,GENERAL,199912,4576,0.0461512668480347,0.148296901062242,0.22085873098475,0.282356429532422,0.340701720640713,0.409181912323093,0.486349713662172,0.587077009895802,0.760727445679701
GP_CZ,MONTHLY,GENERAL,200001,4516,0.0462120132224169,0.148125,0.22085873098475,0.282143185507513,0.340530904163612,0.408435155104505,0.486261574785104,0.58758482030661,0.762805258828806
GP_CZ,MONTHLY,GENERAL,200002,4483,0.0464028483100081,0.148523729968542,0.220115953988128,0.281309349414448,0.339503802135341,0.407730729203925,0.485647023514632,0.585886409743077,0.76227669468587
GP_CZ,MONTHLY,GENERAL,200003,4452,0.0435032741580835,0.145994348116025,0.21763862272134,0.279387091335469,0.338792664917566,0.406259297833821,0.483693435873981,0.582493021113818,0.757747676147535
GP_CZ,MONTHLY,GENERAL,200004,4415,0.043534080099905,0.145913528872338,0.217396788080845,0.279296633159751,0.339090081511787,0.405186355408893,0.483146235453865,0.582938226877428,0.752551080571553
GP_CZ,MONTHLY,GENERAL,200005,4383,0.042663383871554,0.145017659336933,0.217489314245262,0.279918281942668,0.340417259060026,0.406485423294417,0.483689770506266,0.584366723398196,0.755529874732639
GP_CZ,MONTHLY,GENERAL,200006,4715,0.030418129825267,0.128165938692715,0.195843489993168,0.260773919188927,0.321525235298569,0.387926962729232,0.474566769962393,0.575814132162255,0.747233051758629
GP_CZ,MONTHLY,GENERAL,200007,4675,0.0300468830626752,0.127492969645375,0.196002773475119,0.260971955711771,0.322314242339431,0.390062871726466,0.475085283928897,0.575892698965972,0.748097947162723
GP_CZ,MONTHLY,GENERAL,200008,4632,0.0297437310906235,0.126835455972189,0.194625987089674,0.260508527268791,0.322270684825676,0.390113188769992,0.474659422776472,0.575722831074283,0.748195238259184
GP_CZ,MONTHLY,GENERAL,200009,4610,0.0297325438248943,0.126032715587941,0.192302229489283,0.258960591545247,0.32077253881042,0.387134973849865,0.470655615403049,0.573896905466902,0.739658154473954
GP_CZ,MONTHLY,GENERAL,200010,4561,0.029466680396132,0.125880226833676,0.191907631198034,0.258180950731124,0.320907264408995,0.387113626469308,0.470939322433316,0.571607220259774,0.738486200167271
GP_CZ,MONTHLY,GENERAL,200011,4488,0.0291834597387533,0.125907483819193,0.191194291002591,0.256469128904134,0.320343637545885,0.387186975521513,0.468903283611995,0.571469445668594,0.738082731943709
GP_CZ,MONTHLY,GENERAL,200012,4453,0.0284573593126082,0.124753395338764,0.190729870634561,0.254208385193403,0.318360504104521,0.387895751988284,0.467908193175795,0.571198337153697,0.73691127640812
GP_CZ,MONTHLY,GENERAL,200101,4401,0.028328553019911,0.124688119762011,0.190299660179178,0.254292003461612,0.318447482742377,0.388936025793314,0.468485746665504,0.571458499781455,0.736901317904211
GP_CZ,MONTHLY,GENERAL,200102,4340,0.0289081813370481,0.124536756272447,0.190224607050976,0.253827486887605,0.318488457571287,0.388245452099294,0.469351948948559,0.571331671077414,0.736607137486109
GP_CZ,MONTHLY,GENERAL,200103,4310,0.0282661597647499,0.123672559835699,0.188850239876443,0.24983312859291,0.315580131660992,0.387350827460999,0.467820237035012,0.567963372046538,0.735527076377176
GP_CZ,MONTHLY,GENERAL,200104,4253,0.0284573593126082,0.122884894437412,0.188487023235855,0.251232922928078,0.315648513050364,0.388133023525683,0.468332225395553,0.569077782100679,0.733848325850729
GP_CZ,MONTHLY,GENERAL,200105,4179,0.0298294879213124,0.124246094221601,0.188928856379063,0.251849139415816,0.315624470428741,0.387506011040576,0.468776794627465,0.569628579186039,0.736642313825209
GP_CZ,MONTHLY,GENERAL,200106,4485,0.00489508374017302,0.114510976911346,0.18601864409198,0.248950455853654,0.311494230335592,0.381688532314721,0.455501541103088,0.562232393502424,0.727379776767777
GP_CZ,MONTHLY,GENERAL,200107,4436,0.00555608768174865,0.116025635697126,0.187084308458257,0.250498137994531,0.312547919800805,0.381041927845104,0.454666923294546,0.562157348076523,0.730236591831599
GP_CZ,MONTHLY,GENERAL,200108,4390,0.00765734448355523,0.118162165060413,0.188769646991859,0.252182326986021,0.313241168786273,0.381426874066297,0.457021172275817,0.560575113626883,0.724355098057938
GP_CZ,MONTHLY,GENERAL,200109,4334,0.0077693190184782,0.117499622463812,0.18846010137412,0.251916372615291,0.312659089888627,0.380852048393767,0.456975302470244,0.558249738968179,0.722547975809489
GP_CZ,MONTHLY,GENERAL,200110,4307,0.00796956188617127,0.117448892088533,0.187760809782722,0.252269717718099,0.313005206685269,0.380009206495762,0.456014484126624,0.558483314773616,0.72198565960474
GP_CZ,MONTHLY,GENERAL,200111,4271,0.00774753994679961,0.11712519042925,0.187182562976953,0.252286650520017,0.312711014358971,0.380443914469227,0.457326822052794,0.561230505386141,0.722632799980866
GP_CZ,MONTHLY,GENERAL,200112,4223,0.00802026726988692,0.11950375047777,0.188903662699424,0.254333070892636,0.317491216408698,0.383077037988097,0.458666833033235,0.558617328899989,0.724794065750403
GP_CZ,MONTHLY,GENERAL,200201,4179,0.00988205612891351,0.122291686415311,0.190823496060691,0.256082054086574,0.318748926824049,0.383142728619279,0.458511284080456,0.560420318071073,0.728283631538897
GP_CZ,MONTHLY,GENERAL,200202,4136,0.0102373519311153,0.122533959479193,0.191286579337557,0.256994802765726,0.318922917968918,0.383771314567162,0.458962364459291,0.560474815527751,0.729577290527761
GP_CZ,MONTHLY,GENERAL,200203,4101,0.0157987026633494,0.123828151910613,0.19348369388054,0.259252426960592,0.320124998650705,0.384725691553335,0.460092636722455,0.56140163778328,0.730687124913713
GP_CZ,MONTHLY,GENERAL,200204,4064,0.016157018438748,0.124221561425304,0.194474139889451,0.260630574366297,0.321525683720839,0.383686773554268,0.460409659161161,0.560420318071073,0.730640301860958
GP_CZ,MONTHLY,GENERAL,200205,4019,0.0172014026352556,0.125017136019581,0.198120101202191,0.262258870007959,0.322779766326737,0.385315018270184,0.461745306495137,0.562820646960671,0.730834145536299
GP_CZ,MONTHLY,GENERAL,200206,4085,0.0244426377348686,0.132398598591533,0.19744133607346,0.256598473918504,0.314775765524895,0.379753267926912,0.458142150846199,0.560325478940834,0.736314000170488
GP_CZ,MONTHLY,GENERAL,200207,4051,0.0253219836131483,0.132419135350152,0.197155716747944,0.256602073005859,0.314349594888933,0.379767016323351,0.458153476923983,0.558952981998556,0.736014543382558
GP_CZ,MONTHLY,GENERAL,200208,4013,0.028521981196052,0.133358408383619,0.198963114521636,0.256734001209716,0.316211250537508,0.380928804159392,0.458594010668873,0.559993621515052,0.735668902480618
GP_CZ,MONTHLY,GENERAL,200209,3969,0.0331707069546444,0.135613534625637,0.200519363417565,0.257247231818486,0.316311307382371,0.380895296285599,0.45950402387078,0.560340105813948,0.735600969036562
GP_CZ,MONTHLY,GENERAL,200210,3938,0.0335014040750627,0.135857190320817,0.201368064158783,0.257426237674886,0.31701070634811,0.381486291855542,0.460457101127469,0.561207584745807,0.735652665829812
GP_CZ,MONTHLY,GENERAL,200211,3890,0.0346343278866021,0.136055655490889,0.201800549876137,0.257414560424766,0.316040975334721,0.379951543725619,0.459496817547248,0.558987231277857,0.734545671307718
GP_CZ,MONTHLY,GENERAL,200212,3857,0.0362504820620198,0.137843119242351,0.201808779737956,0.257571235810809,0.315829528158295,0.378356958863137,0.458101437263879,0.560519056551578,0.73406855419368
GP_CZ,MONTHLY,GENERAL,200301,3822,0.0409339071414091,0.139773973613995,0.202453252644042,0.258996547720536,0.31647677489201,0.379721368457878,0.459202846523287,0.560519056551578,0.734159649060109
GP_CZ,MONTHLY,GENERAL,200302,3785,0.0422221417048499,0.140856391835163,0.203020930405887,0.260193246574786,0.317239472956786,0.37962702487313,0.459214646095266,0.560362903188686,0.732507634376116
GP_CZ,MONTHLY,GENERAL,200303,3752,0.0420492014626755,0.141215387256285,0.20302515099212,0.25999159043688,0.317180675694101,0.378356958863137,0.459202846523287,0.562340050657133,0.733546966776583
GP_CZ,MONTHLY,GENERAL,200304,3696,0.0443588121617297,0.142372126676685,0.20390413725813,0.260537936571658,0.317844398646057,0.379472662036275,0.45917924737933,0.562578572426317,0.733230820757113
GP_CZ,MONTHLY,GENERAL,200305,3663,0.0475128813108855,0.142713240832215,0.204451267991131,0.261802261140277,0.31948216019005,0.380257666791019,0.461017721694354,0.564846709815016,0.733712876208024
GP_CZ,MONTHLY,GENERAL,200306,3705,0.0524596708598005,0.149418535068892,0.209774389333597,0.264713048606813,0.323181196978451,0.382559732557881,0.461093028159207,0.570037077140435,0.741615448757275
GP_CZ,MONTHLY,GENERAL,200307,3672,0.0585587753828033,0.151879784871778,0.209989635026785,0.265633546870831,0.323465129887784,0.384861692701845,0.465397702629875,0.572621280703108,0.744335831623508
GP_CZ,MONTHLY,GENERAL,200308,3645,0.058584944400418,0.151937600230323,0.209963242817702,0.266183303583205,0.323457437510925,0.383499928972131,0.464145772975274,0.573067751060374,0.744848336716927
GP_CZ,MONTHLY,GENERAL,200309,3613,0.0602881400836354,0.151520296447957,0.210237051263911,0.266852502771855,0.324684716689081,0.384755815773778,0.462531552983237,0.573555800922961,0.745011264279664
GP_CZ,MONTHLY,GENERAL,200310,3594,0.0602413169359667,0.151918328444141,0.210263460874053,0.266950130195803,0.323851527951137,0.384494451644186,0.462366263109538,0.572784329322243,0.745575997514133
GP_CZ,MONTHLY,GENERAL,200311,3565,0.0613565636099083,0.151937600230323,0.210831815380852,0.267156381646404,0.323472822264644,0.383364475565549,0.461644748777332,0.572632655090238,0.745264749705229
GP_CZ,MONTHLY,GENERAL,200312,3533,0.0605358120299916,0.152606342088798,0.212312134217939,0.269005615279801,0.326044008447442,0.38627503659482,0.462531552983237,0.573713169747441,0.745918713052542
GP_CZ,MONTHLY,GENERAL,200401,3505,0.0613565636099083,0.152676475293809,0.212405490149555,0.269005431788319,0.326615324144663,0.386892418955721,0.463712092236604,0.573691982010432,0.745996577678691
GP_CZ,MONTHLY,GENERAL,200402,3485,0.0603131978902044,0.153415245639789,0.212405490149555,0.268937475517706,0.326615324144663,0.386384272920571,0.462198256681212,0.572632655090238,0.745558115747922
GP_CZ,MONTHLY,GENERAL,200403,3469,0.0602568636081808,0.154552384658234,0.213110296393227,0.269012170687344,0.326453882398503,0.386236523131742,0.458309710014143,0.568852801289714,0.745756878978445
GP_CZ,MONTHLY,GENERAL,200404,3452,0.0602750010016529,0.154526991538691,0.21291744344914,0.269088743972097,0.326534603271583,0.386702713098013,0.461030409860959,0.571783460378618,0.745428282595968
GP_CZ,MONTHLY,GENERAL,200405,3433,0.0599119991661162,0.154149207777978,0.212767052384632,0.268793764858075,0.326453882398503,0.386052013845508,0.459168606270593,0.570318999140716,0.745294935659505
GP_CZ,MONTHLY,GENERAL,200406,3499,0.0714735062922455,0.160275126148414,0.219792800042707,0.270131731079583,0.323826112199724,0.384763850393155,0.454504552064295,0.560758632328735,0.734228812956612
GP_CZ,MONTHLY,GENERAL,200407,3487,0.0719587540604091,0.161136045077318,0.220758695827738,0.270290491425827,0.324885359255884,0.384670321486377,0.452731613692683,0.560285008852356,0.732781302268313
GP_CZ,MONTHLY,GENERAL,200408,3468,0.0713721443674931,0.159835179740469,0.219549354019247,0.270199992085007,0.324483768134543,0.384507963707101,0.452436785365167,0.560594643414223,0.733750075644289
GP_CZ,MONTHLY,GENERAL,200409,3465,0.07266690719408,0.160275671894693,0.219098062445643,0.271128204990204,0.324329117772678,0.384567510560496,0.452230841999887,0.558022460273495,0.734129052868252
GP_CZ,MONTHLY,GENERAL,200410,3450,0.0732218264947643,0.160947981926116,0.219657240990526,0.271128204990204,0.324668903467631,0.384547267672404,0.451796184853214,0.556373321953415,0.733642053745161
GP_CZ,MONTHLY,GENERAL,200411,3437,0.0731766627138496,0.161528738454615,0.22047707776959,0.270692510583931,0.324885359255884,0.384781681376647,0.452351527391145,0.553008406217322,0.730412356522069
GP_CZ,MONTHLY,GENERAL,200412,3416,0.0740730063851887,0.160276217640973,0.219856954241572,0.270336957359858,0.324652374300878,0.384514721919302,0.451406199426905,0.549295774647887,0.724458497127553
GP_CZ,MONTHLY,GENERAL,200501,3392,0.0761240605286974,0.160444158712258,0.220745347465171,0.270692510583931,0.323458577900501,0.384563540548955,0.45144794631435,0.549955156611728,0.723966561018701
GP_CZ,MONTHLY,GENERAL,200502,3379,0.0756363834300975,0.161004156134673,0.220748017137685,0.271196906772316,0.323271331850512,0.384486295518553,0.451427072870628,0.549328597637758,0.726913903486678
GP_CZ,MONTHLY,GENERAL,200503,3372,0.0767982639400461,0.16205481655047,0.222181481200161,0.272294616577408,0.325768459833454,0.38521633467609,0.455274207466064,0.550283596419704,0.722207827582112
GP_CZ,MONTHLY,GENERAL,200504,3352,0.0776014694785448,0.163080715348231,0.223406352952208,0.27339474839878,0.3262978446356,0.386073037433526,0.454830378044678,0.550507789537547,0.722989993542509
GP_CZ,MONTHLY,GENERAL,200505,3331,0.0749091316819749,0.16264415708229,0.222827988952839,0.273419057812706,0.326121134020619,0.384775860905553,0.454459221267445,0.549377832122563,0.721689084846728
GP_CZ,MONTHLY,GENERAL,200506,3489,0.0686714782811484,0.162325528056263,0.226825906068334,0.280050384186535,0.327591684822077,0.387020741032928,0.454707260281852,0.546488513012057,0.699302696532897
GP_CZ,MONTHLY,GENERAL,200507,3471,0.0687457162440028,0.16258512605421,0.227162834164107,0.280118007319441,0.327679643471394,0.387800252844501,0.456709206765697,0.546912174780629,0.699280042758456
GP_CZ,MONTHLY,GENERAL,200508,3444,0.0688674829986107,0.162325528056263,0.226906448596648,0.280315363253944,0.328223300661665,0.387952854710355,0.456535470310572,0.546891212190491,0.6977483609139
GP_CZ,MONTHLY,GENERAL,200509,3415,0.0696291404672292,0.163069432266786,0.228032283100161,0.280384982738499,0.328406721452226,0.389283651829113,0.45656940175758,0.546666717558543,0.699348004081779
GP_CZ,MONTHLY,GENERAL,200510,3393,0.0684487643925855,0.163714181066739,0.228632334648381,0.280587381346239,0.328175446885581,0.389706286247643,0.45671509696268,0.546853541305398,0.699239891986284
GP_CZ,MONTHLY,GENERAL,200511,3365,0.0707114734236552,0.164627412883119,0.22900760453762,0.280768197902257,0.328406721452226,0.390082025892811,0.456486257202976,0.546666717558543,0.69711614762347
GP_CZ,MONTHLY,GENERAL,200512,3344,0.0731056203440064,0.165436472268781,0.229356432574734,0.280760706338649,0.328338153463927,0.391766862874022,0.456143280273188,0.546704537560881,0.697176243352647
GP_CZ,MONTHLY,GENERAL,200601,3324,0.0718781887366016,0.165134389990103,0.229356432574734,0.280775835713894,0.328424333544265,0.391181885642913,0.455545211769794,0.546488513012057,0.697176243352647
GP_CZ,MONTHLY,GENERAL,200602,3298,0.0734419424998775,0.165266086933896,0.229386487616922,0.280587381346239,0.328557234780607,0.391268013717633,0.455161413487983,0.546222142807071,0.6944654184021
GP_CZ,MONTHLY,GENERAL,200603,3279,0.0708728143534821,0.164292769359327,0.227034616870803,0.280095616327915,0.328406721452226,0.391181885642913,0.455072222922754,0.545277378543483,0.688982119014817
GP_CZ,MONTHLY,GENERAL,200604,3263,0.0713278714080733,0.16473560902915,0.227881990124749,0.280491983826363,0.328406721452226,0.391520498681048,0.455309093176633,0.544973456684584,0.690688630230375
GP_CZ,MONTHLY,GENERAL,200605,3249,0.0716585771782034,0.164610131929602,0.227481829643136,0.280463947623882,0.328618268810826,0.391743602650944,0.45577128147426,0.546102870438854,0.688982119014817
GP_CZ,MONTHLY,GENERAL,200606,3392,0.0683541731273788,0.166584863084107,0.226837649188782,0.278695636774528,0.331594246866217,0.391810793488157,0.453826867087054,0.545839472890673,0.697435797300883
GP_CZ,MONTHLY,GENERAL,200607,3378,0.0686469308901852,0.166547773840126,0.226799471312674,0.277692993383598,0.33005957506794,0.391315755645526,0.455215041636835,0.55008103742804,0.703567651347625
GP_CZ,MONTHLY,GENERAL,200608,3357,0.0682639187004659,0.166671023795967,0.226933093879052,0.278534407121365,0.329884126369176,0.390986474330168,0.45530054280159,0.550121708918531,0.703656559012076
GP_CZ,MONTHLY,GENERAL,200609,3350,0.0698936085108227,0.169161814718852,0.228265370512936,0.280072495733979,0.331134609757925,0.390163905796164,0.454279725686082,0.549845770050519,0.701465006920489
GP_CZ,MONTHLY,GENERAL,200610,3338,0.069754878989725,0.168847110866694,0.22790977735199,0.280114191169523,0.33133224868775,0.388676939163948,0.452164028152917,0.547680519881303,0.701577053437422
GP_CZ,MONTHLY,GENERAL,200611,3320,0.0712536488602428,0.170166469503325,0.228188793206419,0.280503876329686,0.331475231763917,0.388321618688681,0.450736671890343,0.546656333740033,0.70200451020126
GP_CZ,MONTHLY,GENERAL,200612,3299,0.0712065499864196,0.170158494147462,0.22873708185375,0.280700830563337,0.330414920429643,0.388390170867316,0.449776560032992,0.545926904596294,0.701250047916407
GP_CZ,MONTHLY,GENERAL,200701,3272,0.0713389349920224,0.169481631529124,0.229080857201682,0.281011144361201,0.330582413381701,0.388161192015984,0.449593869819551,0.544713894293261,0.697378897550248
GP_CZ,MONTHLY,GENERAL,200702,3233,0.071377122249979,0.169549947303468,0.229422671095118,0.281100257822942,0.330828381021094,0.388123602207237,0.449649937023895,0.544648103842461,0.699503849643265
GP_CZ,MONTHLY,GENERAL,200703,3222,0.074999898238624,0.170630961017966,0.23083404773529,0.281070938585249,0.331362216213577,0.388039848988797,0.449091685103782,0.541692358874662,0.69617140714477
GP_CZ,MONTHLY,GENERAL,200704,3204,0.0745510424567713,0.170740864051521,0.230856219914023,0.280379421381107,0.33190391093755,0.388319293083943,0.448947808035095,0.541896531397579,0.699630676358225
GP_CZ,MONTHLY,GENERAL,200705,3176,0.0746304293337297,0.170850767085077,0.231116646632084,0.279589102277803,0.330906140935579,0.387942411517697,0.448713618881886,0.540569277411383,0.701209823008207
GP_CZ,MONTHLY,GENERAL,200706,3329,0.0600486192531152,0.167172034272078,0.227115261352802,0.278309665134486,0.326209512693318,0.385357277079639,0.449474109435858,0.535938342347636,0.688086204120882
GP_CZ,MONTHLY,GENERAL,200707,3304,0.05782065501697,0.167039920971445,0.226678209311554,0.278364315733824,0.326690378535763,0.385459178036186,0.44749612815449,0.535410991586037,0.687064444581609
GP_CZ,MONTHLY,GENERAL,200708,3287,0.0576604305720647,0.167129495389953,0.227092090007879,0.278322610557366,0.327044518965276,0.385543096679387,0.447456396629952,0.535263093122431,0.687030768077623
GP_CZ,MONTHLY,GENERAL,200709,3263,0.0575161347759701,0.165761831747465,0.226175744013143,0.277590342210742,0.326690908501701,0.385011875778062,0.446374225993409,0.534754795696527,0.68741848990234
GP_CZ,MONTHLY,GENERAL,200710,3241,0.0551050036320851,0.165438898450947,0.225357493328889,0.276382027600279,0.326209512693318,0.383817859747838,0.444212729316876,0.534318251769775,0.687098121085595
GP_CZ,MONTHLY,GENERAL,200711,3213,0.0533158900939519,0.165397674854392,0.225632454836859,0.276482794085953,0.326043779718615,0.383244918875131,0.444934905379856,0.534483369077308,0.687185081114236
GP_CZ,MONTHLY,GENERAL,200712,3188,0.0505593980183179,0.165003494373491,0.224775713624667,0.276049271203573,0.326944907191243,0.382251605600569,0.444622333743777,0.532070143448415,0.687019542576294
GP_CZ,MONTHLY,GENERAL,200801,3162,0.0512017589087611,0.165138218456211,0.225629750915593,0.276617040772509,0.328646385810613,0.382648644923599,0.4452123454932,0.53209536239439,0.685290457086234
GP_CZ,MONTHLY,GENERAL,200802,3149,0.0512036774694957,0.16379475814767,0.224681807629043,0.275411851127755,0.326422328340449,0.381916139455813,0.444137066843068,0.532156615590488,0.685614084011184
GP_CZ,MONTHLY,GENERAL,200803,3138,0.050261859729758,0.162777300884514,0.222531114777568,0.275070712643841,0.326364266048426,0.382251605600569,0.442894599282589,0.532888001682041,0.686880925207593
GP_CZ,MONTHLY,GENERAL,200804,3118,0.0493781376762068,0.162101269538329,0.221606145636291,0.272485896076807,0.325117149765584,0.380282780995688,0.441710923196752,0.529114544290018,0.686880925207593
GP_CZ,MONTHLY,GENERAL,200805,3095,0.0462574470199208,0.161506596224066,0.221474884672585,0.272293700152059,0.324937779990045,0.378286508126211,0.438199854117175,0.52800164210147,0.685093652629737
GP_CZ,MONTHLY,GENERAL,200806,3247,0.0247989901274276,0.147741483539264,0.206483983680385,0.259802780243102,0.313855453984934,0.369121131148719,0.430958728913738,0.519618810099121,0.682323633435386
GP_CZ,MONTHLY,GENERAL,200807,3236,0.0258775429143793,0.148639575971731,0.206651524957033,0.259780732920516,0.313427153832068,0.368802704561209,0.43058246730377,0.519155373732208,0.680876500686077
GP_CZ,MONTHLY,GENERAL,200808,3214,0.0269159329861583,0.147921873938603,0.206368345704832,0.259089942593154,0.313261435023937,0.368986351104137,0.431192643911787,0.519650952262686,0.680253443756993
GP_CZ,MONTHLY,GENERAL,200809,3196,0.0322924186621669,0.149710797706072,0.206369226533133,0.258833524913789,0.312653163914434,0.368162257648707,0.431853399853738,0.519670737494751,0.681255107081253
GP_CZ,MONTHLY,GENERAL,200810,3174,0.033224773779324,0.150508320453397,0.206767111757738,0.259389179617136,0.312766575803902,0.369050272057678,0.432616726376619,0.519464748400694,0.680986720788142
GP_CZ,MONTHLY,GENERAL,200811,3145,0.0342896325833093,0.15144367604099,0.207450916762535,0.259849621061289,0.313123432711062,0.369490304510272,0.432736839388064,0.519946084469372,0.68340598859457
GP_CZ,MONTHLY,GENERAL,200812,3126,0.0367842218803035,0.152887520470442,0.207815804696202,0.2606823451474,0.314164080875085,0.371291800553878,0.433233119641788,0.520895764153236,0.686349524212132
GP_CZ,MONTHLY,GENERAL,200901,3103,0.0372906363700283,0.153613352685921,0.208196911445193,0.26181526702734,0.315305038455271,0.372623218231546,0.435041307969057,0.522100674492435,0.686968048145075
GP_CZ,MONTHLY,GENERAL,200902,3084,0.0438084391056,0.154221925474664,0.208566275283764,0.26241899962227,0.315672438213197,0.373741214023757,0.435869306441801,0.52220872042628,0.688159906852461
GP_CZ,MONTHLY,GENERAL,200903,3067,0.0438645156953067,0.153888077013449,0.210802558146803,0.263471500008561,0.316924586153885,0.374828004696159,0.43891991064996,0.525209771314861,0.690128261925207
GP_CZ,MONTHLY,GENERAL,200904,3042,0.0461760676453233,0.154686928951004,0.211855934792935,0.265082802809451,0.318081130272358,0.375056163497299,0.439203141788873,0.525446175898699,0.690787528240728
GP_CZ,MONTHLY,GENERAL,200905,3014,0.0495137380497294,0.156184592166049,0.212332790394063,0.265583755774807,0.318682687751631,0.375678056216417,0.439704362717204,0.525409802894662,0.689742261124963
GP_CZ,MONTHLY,GENERAL,200906,3057,0.0226481667577558,0.160062449828036,0.22548718181398,0.281624351912563,0.337417898764008,0.395854410702247,0.464156331350002,0.557953459552094,0.711169984283343
GP_CZ,MONTHLY,GENERAL,200907,3030,0.0253206796921791,0.160742406141485,0.225318750367232,0.281789106734418,0.337651806503691,0.395792879126581,0.463311056547962,0.556375170706513,0.709695346002262
GP_CZ,MONTHLY,GENERAL,200908,3009,0.0251786320931199,0.160589820861085,0.225393323259417,0.281666562316549,0.337178679796187,0.395666562279542,0.461117618237588,0.555719509826919,0.707818703978895
GP_CZ,MONTHLY,GENERAL,200909,2995,0.0266277547124037,0.161112747032276,0.226185475746335,0.282645842554521,0.337417898764008,0.396522321761201,0.462724792740876,0.558558932768345,0.708708469524941
GP_CZ,MONTHLY,GENERAL,200910,2985,0.0275304793934883,0.161112747032276,0.225998023248783,0.282804292330791,0.33790082916728,0.397273880057373,0.463229521108694,0.559233850306288,0.709717336268321
GP_CZ,MONTHLY,GENERAL,200911,2966,0.0324462869056521,0.161131886880245,0.226267479863874,0.282987743228622,0.337161867753156,0.395669815975248,0.462631688338407,0.557257959924778,0.708707042007631
GP_CZ,MONTHLY,GENERAL,200912,2942,0.0350540352688375,0.162113340251282,0.22688312216391,0.283162880071815,0.337340609831078,0.395663308583835,0.463800631249019,0.559077246796348,0.711768758570823
GP_CZ,MONTHLY,GENERAL,201001,2923,0.0379749566239294,0.16342759985039,0.227245509709141,0.282982901865671,0.337178679796187,0.397302553574417,0.464706757245968,0.559748521259786,0.711750087547125
GP_CZ,MONTHLY,GENERAL,201002,2904,0.0377281659417579,0.163039371581282,0.227057148247804,0.282797204045474,0.336723710077864,0.397125448547114,0.464136150465876,0.559694593221725,0.709870868998717
GP_CZ,MONTHLY,GENERAL,201003,2884,0.0377281659417579,0.162074665526481,0.225458434135163,0.279914902419568,0.334588940881394,0.393920842890977,0.461746250240546,0.557913624423709,0.710344058376395
GP_CZ,MONTHLY,GENERAL,201004,2862,0.0376769856281195,0.162063075362055,0.225288771445114,0.279492667626942,0.334243258931939,0.393525858541922,0.459625886988554,0.556130564129358,0.708712752076871
GP_CZ,MONTHLY,GENERAL,201005,2846,0.0360400671309282,0.16196448424818,0.224460601577754,0.27943520655958,0.333111737390527,0.392922488211698,0.458788543708788,0.554852096567451,0.709690307987923
GP_CZ,MONTHLY,GENERAL,201006,2919,0.049830441520948,0.144848152799412,0.202910397973661,0.253140568735416,0.308100145573469,0.368222725600677,0.440459433505135,0.535888783725633,0.686986934876526
GP_CZ,MONTHLY,GENERAL,201007,2910,0.0523646881009286,0.144890786229613,0.204161983040106,0.253877345013108,0.307996903609604,0.36811278288772,0.439723833338647,0.532317194654713,0.686940929293031
GP_CZ,MONTHLY,GENERAL,201008,2880,0.0483656218792571,0.144890786229613,0.204161983040106,0.253533884367459,0.30770963965473,0.366802521004185,0.440037545103642,0.532726718258452,0.686940929293031
GP_CZ,MONTHLY,GENERAL,201009,2869,0.0488721565111893,0.14389022024646,0.203442574191365,0.25302657683562,0.306604284106289,0.366516411103489,0.439809218451044,0.530578991423706,0.687544313859249
GP_CZ,MONTHLY,GENERAL,201010,2854,0.0493005232707312,0.144072603098776,0.204874920096874,0.253594118092162,0.306895870689032,0.366373145868292,0.438677216929991,0.529383816993364,0.684941959142788
GP_CZ,MONTHLY,GENERAL,201011,2830,0.0527137716626481,0.144709118900207,0.204526062322255,0.253649358418226,0.306895870689032,0.36645508654254,0.437413230311182,0.529105302724731,0.685157032271478
GP_CZ,MONTHLY,GENERAL,201012,2820,0.0549520832287793,0.145989850576917,0.205987490076047,0.253649358418226,0.305759924541549,0.364817275579321,0.434252092121466,0.526334322161248,0.685157032271478
GP_CZ,MONTHLY,GENERAL,201101,2789,0.0568765548289517,0.145510637330067,0.205943276468152,0.254027360500625,0.305783516477039,0.364523132453318,0.434030040415985,0.526412128982479,0.683762091052548
GP_CZ,MONTHLY,GENERAL,201102,2776,0.0554423402906644,0.145401020671578,0.20595801433745,0.254328460729388,0.305915464896583,0.364919006168214,0.434054074391672,0.526645549446171,0.685929428466171
GP_CZ,MONTHLY,GENERAL,201103,2763,0.0571481638431413,0.147913075985495,0.206996288452881,0.256468077194988,0.308172050299969,0.366215161467073,0.43444522175854,0.529116943555207,0.687525403910818
GP_CZ,MONTHLY,GENERAL,201104,2743,0.0579086716943492,0.147913075985495,0.206996288452881,0.256777979142893,0.307589444906692,0.364783365383024,0.43478503573282,0.528985919869272,0.687262968377494
GP_CZ,MONTHLY,GENERAL,201105,2716,0.0598937451610555,0.147880976958112,0.206777688276809,0.256667033921724,0.307497168805699,0.364563367323469,0.434857657136639,0.529099482309493,0.687461494773442
GP_CZ,MONTHLY,GENERAL,201106,2804,0.0757818324617587,0.162057580342979,0.221030470012577,0.26721123707394,0.317686673028354,0.373584665440776,0.438967930653091,0.5310886790226,0.687442752804657
GP_CZ,MONTHLY,GENERAL,201107,2778,0.0772187358286574,0.16321849609972,0.221215311587923,0.267772165830608,0.319395667860471,0.374251642243286,0.440464864138928,0.533825403491732,0.690449688808013
GP_CZ,MONTHLY,GENERAL,201108,2764,0.0769908429960803,0.163222549829274,0.22118307807299,0.267522949511069,0.318543312674472,0.374415428571043,0.441139478114619,0.534005218995652,0.693830107582611
GP_CZ,MONTHLY,GENERAL,201109,2758,0.0765827848084656,0.163072650344513,0.221206880732998,0.267852397183907,0.318543312674472,0.374494154633906,0.439492256718117,0.535263629858009,0.694577628757383
GP_CZ,MONTHLY,GENERAL,201110,2747,0.0759443335982591,0.162764037242351,0.221246988189694,0.267833129137268,0.318557790046439,0.373556065009135,0.439345793045138,0.53383602545456,0.693543105760266
GP_CZ,MONTHLY,GENERAL,201111,2728,0.07607695858588,0.162707359677411,0.22134540811288,0.267810093421607,0.318543312674472,0.373417383494438,0.439267804764248,0.533825403491732,0.694577628757383
GP_CZ,MONTHLY,GENERAL,201112,2715,0.0759225018671364,0.162926627920924,0.221754930239547,0.270450381853039,0.32024697110904,0.373871218746868,0.4393990503019,0.53179825049155,0.691570281136672
GP_CZ,MONTHLY,GENERAL,201201,2696,0.0759334177326978,0.163776025874267,0.221772152437827,0.270541887763306,0.320046704189691,0.37334804273709,0.440930175064629,0.53052373506919,0.688627282811439
GP_CZ,MONTHLY,GENERAL,201202,2683,0.0757305486451008,0.163851429330767,0.221548204643568,0.269752942249403,0.318557790046439,0.372650858696762,0.439898801998047,0.530157521401744,0.68896194183216
GP_CZ,MONTHLY,GENERAL,201203,2668,0.0759552494638205,0.163851429330767,0.221624678140867,0.269361246154429,0.319135782912711,0.373417383494438,0.440380829370643,0.530147947730804,0.683746696651518
GP_CZ,MONTHLY,GENERAL,201204,2654,0.0756920145211068,0.164065735654767,0.221566561881248,0.268315217212518,0.318747557267173,0.374047690969904,0.438400831579053,0.529886927517429,0.68430768012958
GP_CZ,MONTHLY,GENERAL,201205,2642,0.075422919107235,0.163417566345944,0.221195118711982,0.267726452000789,0.318029941515439,0.373137101571327,0.436637198390085,0.530165940537309,0.685214406917934
GP_CZ,MONTHLY,GENERAL,201206,2726,0.0666491562096666,0.163704689862812,0.220033341748612,0.267461729785675,0.319034287615291,0.373774726011447,0.440019183290518,0.527746925751332,0.690424603780059
GP_CZ,MONTHLY,GENERAL,201207,2717,0.0678095508169009,0.16390159921184,0.219952922138344,0.265878822407415,0.318968523846892,0.375075503307991,0.440776330083117,0.528424711847853,0.688302993664029
GP_CZ,MONTHLY,GENERAL,201208,2698,0.0679291310730753,0.163485013929879,0.21985633724406,0.266478432359003,0.318909798973892,0.37573530092784,0.441016989247681,0.529333012279328,0.689335780607
GP_CZ,MONTHLY,GENERAL,201209,2678,0.0702945703921507,0.16271662962427,0.220188783985093,0.265658135034694,0.318633945602719,0.37573530092784,0.441823141291732,0.528659631713017,0.692713356966289
GP_CZ,MONTHLY,GENERAL,201210,2665,0.0730712108705605,0.164043266438809,0.220430813801317,0.265649070598517,0.318266490023686,0.37533006367543,0.441821224346655,0.529721596060345,0.695836372296513
GP_CZ,MONTHLY,GENERAL,201211,2642,0.0742553788753959,0.164372279884567,0.220225873118407,0.265700466377609,0.318341653564115,0.376089276826721,0.442470386387087,0.529742073756228,0.699010591333161
GP_CZ,MONTHLY,GENERAL,201212,2629,0.074091089468077,0.165306203914963,0.220019865941629,0.265683832924239,0.318266490023686,0.375496823330366,0.44372149133781,0.531477528938705,0.697885772596132
GP_CZ,MONTHLY,GENERAL,201301,2609,0.0746708807388732,0.164870061827222,0.219926840987633,0.265233068676016,0.317822583898883,0.376042379859903,0.444489442246972,0.531498089218165,0.697327946512409
GP_CZ,MONTHLY,GENERAL,201302,2597,0.0745521659207369,0.165411883309508,0.220413045805293,0.265067207153383,0.318416817104544,0.376531421742828,0.444767036708208,0.531504048019783,0.69546211261573
GP_CZ,MONTHLY,GENERAL,201303,2589,0.0725070954406178,0.165306203914963,0.21866078555589,0.265606427082534,0.318761031989748,0.376610385769204,0.443415005419247,0.531900537735969,0.699651020610282
GP_CZ,MONTHLY,GENERAL,201304,2572,0.0759212142733262,0.16635992669604,0.218890283034088,0.267213636651583,0.319165643550193,0.377336345352197,0.444796114028501,0.533233382613885,0.701552156865327
GP_CZ,MONTHLY,GENERAL,201305,2560,0.0762766041354888,0.166981810947215,0.219183169585889,0.266629720331694,0.319113712976498,0.376077003006469,0.443284309523211,0.532599499643542,0.701235794848024
GP_CZ,MONTHLY,GENERAL,201306,2636,0.0561328263687145,0.153289284619291,0.213653235823924,0.263607440362249,0.315966633080408,0.370713526620665,0.435011312924801,0.52306301008589,0.687489867220137
GP_CZ,MONTHLY,GENERAL,201307,2627,0.0565828763479757,0.153737755777581,0.213703376922142,0.263571445613575,0.316559575703307,0.370600729541081,0.434938947373649,0.525927393673374,0.693949287176342
GP_CZ,MONTHLY,GENERAL,201308,2613,0.0560376052583411,0.153796717750808,0.213567746331744,0.262701239916901,0.316363636363636,0.370487932461498,0.434702024114065,0.525927321899383,0.696808667204184
GP_CZ,MONTHLY,GENERAL,201309,2602,0.0572754231965064,0.154068609219651,0.213233334577286,0.261947066836093,0.31440999214,0.370184077204386,0.432888739344888,0.526111467455155,0.694196999977114
GP_CZ,MONTHLY,GENERAL,201310,2593,0.0575734561506973,0.153796717750808,0.213105045269133,0.262701239916901,0.314666876549526,0.370340590859495,0.432993156821693,0.526252460867051,0.696884857234641
GP_CZ,MONTHLY,GENERAL,201311,2575,0.0601401371200427,0.154044423883752,0.21348219580524,0.26270093465409,0.314930992789618,0.370363326625048,0.433007737138414,0.526555175124174,0.692274350409079
GP_CZ,MONTHLY,GENERAL,201312,2559,0.0569423169729042,0.15367359987695,0.213213068617155,0.261270920457857,0.313578516636843,0.369789702248247,0.432581779002865,0.524208648682498,0.703813920082857
GP_CZ,MONTHLY,GENERAL,201401,2550,0.0569598536076098,0.153914641697262,0.213447230764369,0.261234678466521,0.314458451297065,0.369874769194313,0.432339544290695,0.527356289223545,0.706184714653515
GP_CZ,MONTHLY,GENERAL,201402,2539,0.0569423169729042,0.153491683187628,0.213424932442866,0.261270920457857,0.314576258428304,0.370214752423918,0.43236816116496,0.52672625717982,0.69780588455141
GP_CZ,MONTHLY,GENERAL,201403,2522,0.0607874322358051,0.153177455716277,0.212765153835266,0.26072540040873,0.312969820229585,0.368286895669221,0.4296958557084,0.522974689746222,0.695482106374146
GP_CZ,MONTHLY,GENERAL,201404,2517,0.0569072437034931,0.152048577685168,0.211751758172715,0.259043876519742,0.311937135793749,0.368158279877274,0.429371777158867,0.522974689746222,0.692716807177372
GP_CZ,MONTHLY,GENERAL,201405,2506,0.0568897070687875,0.151911560295665,0.211331539059943,0.258870545816708,0.311733870965452,0.368051341182182,0.429438492253093,0.521894990886554,0.692889192137097
GP_CZ,MONTHLY,GENERAL,201406,2653,0.02605527556329,0.140556548925555,0.200056455694032,0.247500247204804,0.293048181909246,0.354106875021316,0.423429462617559,0.512885148403488,0.675203236002102
GP_CZ,MONTHLY,GENERAL,201407,2651,0.0331250586039058,0.141611110090788,0.200781233196015,0.247513054351515,0.293861902264137,0.354103562671282,0.423047499826136,0.510953439334359,0.670598210437065
GP_CZ,MONTHLY,GENERAL,201408,2640,0.0263466804711261,0.141156911467746,0.200369295171978,0.247423286586847,0.293705921047832,0.353657082206569,0.422996227042476,0.510730884688521,0.668215503311844
GP_CZ,MONTHLY,GENERAL,201409,2633,0.0262699340043694,0.141690039204041,0.200087915098822,0.247806293769653,0.292656539786276,0.352626884829001,0.420527986081778,0.51064668944631,0.666508094947508
GP_CZ,MONTHLY,GENERAL,201410,2624,0.0331673455027653,0.141740956159304,0.200097518958282,0.247513576174011,0.293276046022197,0.352543836526282,0.420633031193247,0.510769610084728,0.665132759294168
GP_CZ,MONTHLY,GENERAL,201411,2610,0.0263466804711261,0.141750694246263,0.200094849912069,0.247352421538709,0.293276046022197,0.352485775667869,0.420515822592881,0.510601219600307,0.665626102255311
GP_CZ,MONTHLY,GENERAL,201412,2604,0.0259448970760112,0.141441582337272,0.198266094803636,0.245543490971439,0.291138443671158,0.351235749086301,0.417556881045156,0.510769610084728,0.664260611674757
GP_CZ,MONTHLY,GENERAL,201501,2587,0.0252306301415291,0.140748137670499,0.19796057173911,0.245745303268797,0.290639544906051,0.350923111017216,0.417577328056354,0.510669424369312,0.667270139821028
GP_CZ,MONTHLY,GENERAL,201502,2573,0.0251019142701775,0.14090305859539,0.198116791079116,0.245898329270046,0.291132851929498,0.350781535168774,0.417426978760399,0.508547513745798,0.665386805557074
GP_CZ,MONTHLY,GENERAL,201503,2560,0.0253271670450428,0.13909875370684,0.197195422154156,0.246088530827268,0.289798105797814,0.349606507447164,0.417103609248224,0.50480116906685,0.665498474219525
GP_CZ,MONTHLY,GENERAL,201504,2546,0.0256387938799834,0.139152272448855,0.196976526172526,0.245592277267547,0.290497459735072,0.349526511404301,0.416643338723225,0.501971924913319,0.663124073082953
GP_CZ,MONTHLY,GENERAL,201505,2534,0.0259448970760112,0.14017422620745,0.197089675285718,0.245543490971439,0.290761218409766,0.34951775578666,0.416817083568491,0.501967020454155,0.663828382848555
GP_CZ,MONTHLY,GENERAL,201506,2748,0,0.126534039444937,0.183507759033199,0.235050630309573,0.284025615292778,0.339015898042307,0.411949766950776,0.503064343347902,0.658715015780454
GP_CZ,MONTHLY,GENERAL,201507,2736,0,0.127047680324022,0.185182396108345,0.236423642848978,0.28517785196931,0.340528860553678,0.413585791409805,0.505427476181954,0.660103305358876
GP_CZ,MONTHLY,GENERAL,201508,2713,0,0.126867483676645,0.18443601083068,0.236082760219957,0.284364739834917,0.340610153119559,0.41320624116114,0.503932178934867,0.65733853090181
GP_CZ,MONTHLY,GENERAL,201509,2706,0,0.124421709616189,0.182636815916724,0.235572964191129,0.283926425752146,0.340053084414323,0.411094243584801,0.501883734309947,0.655698292948924
GP_CZ,MONTHLY,GENERAL,201510,2692,0,0.124347368103989,0.182633956411598,0.235984030057533,0.284239359476623,0.341559586393804,0.411181141268018,0.501076858604669,0.657565440116189
GP_CZ,MONTHLY,GENERAL,201511,2666,0,0.123884207891883,0.182082055137606,0.236423642848978,0.283620195410821,0.338850215072784,0.408622465409429,0.498100922409116,0.655248335177006
GP_CZ,MONTHLY,GENERAL,201512,2658,0,0.125824670582813,0.185920589993956,0.238101639248005,0.285906267608324,0.341343249068895,0.4087490711768,0.495915780640887,0.656025680563769
GP_CZ,MONTHLY,GENERAL,201601,2644,0,0.126898968272083,0.185945571550827,0.23804866106286,0.286459726560453,0.342564134157991,0.408495859642058,0.496110211795105,0.655774438171917
GP_CZ,MONTHLY,GENERAL,201602,2620,0,0.12708753494198,0.186417959305266,0.238989890412789,0.28863259847073,0.3432779545316,0.409580430095749,0.497454363443503,0.656480964040419
GP_CZ,MONTHLY,GENERAL,201603,2603,0,0.126901780821071,0.187740145394322,0.239297850557492,0.288846703550914,0.344229151499159,0.411993665026125,0.498057480819771,0.655708672897639
GP_CZ,MONTHLY,GENERAL,201604,2595,0,0.126999047156371,0.187648202592313,0.239605807297972,0.288688477405737,0.343962238054059,0.411224590109627,0.496788094867522,0.656162705121131
GP_CZ,MONTHLY,GENERAL,201605,2580,0,0.126714356138826,0.18678454261827,0.239242677933523,0.287021478868431,0.343368912389376,0.409707308920924,0.49603900715056,0.654194947238806
GP_CZ,MONTHLY,GENERAL,201606,2688,0,0.096063827253442,0.172595965102768,0.230222155912632,0.285445088525317,0.339698801386256,0.401867998731226,0.491031511795523,0.656025680563769
GP_CZ,MONTHLY,GENERAL,201607,2680,0,0.0962532180802384,0.172287266095437,0.230191721024604,0.285220644214332,0.340609386143251,0.402426614521118,0.492550146194758,0.664570640943435
GP_CZ,MONTHLY,GENERAL,201608,2659,0,0.0967791088346836,0.173123035677069,0.230303097168778,0.28531600350639,0.340881919325008,0.403336835694854,0.493136143836623,0.664775756301503
GP_CZ,MONTHLY,GENERAL,201609,2652,0,0.0964271034181609,0.174595679211312,0.228724298194113,0.284785361340116,0.340276812330856,0.401471325347393,0.49249246414293,0.663954555323192
GP_CZ,MONTHLY,GENERAL,201610,2632,0,0.0963128800367138,0.174845205662886,0.228408834297947,0.284007567736599,0.339465757401416,0.401145088530445,0.492313248065446,0.663954555323192
GP_CZ,MONTHLY,GENERAL,201611,2618,0,0.0965927667635972,0.175446093092036,0.229410154621216,0.285220644214332,0.341261542874412,0.402322118922304,0.494432057827955,0.663702291067996
GP_CZ,MONTHLY,GENERAL,201612,2602,0,0.0961411850123905,0.174018090557802,0.228584881110083,0.284321043606121,0.341341097869859,0.40311336473657,0.496230406446018,0.666508880436105
GP_CZ,MONTHLY,GENERAL,201701,2589,0,0.0951946247092903,0.173123035677069,0.228565436119976,0.283970030728142,0.341157433150411,0.403112608112545,0.496158681483879,0.666960806435705
GP_CZ,MONTHLY,GENERAL,201702,2577,0,0.0951881730245009,0.173340239239582,0.22864445911973,0.283970030728142,0.341093100924133,0.403109581616441,0.496679330578946,0.66700968285322
GP_CZ,MONTHLY,GENERAL,201703,2565,0,0.0944320517314277,0.169987629023704,0.228212204219851,0.281498655893051,0.33841717111453,0.397064140827672,0.494712641955448,0.663484126696263
GP_CZ,MONTHLY,GENERAL,201704,2552,-0.000487223906452998,0.0940178907971116,0.169712093427259,0.228003508152964,0.281412318568269,0.337638662180407,0.396363381241575,0.493613304077511,0.663553150879364
GP_CZ,MONTHLY,GENERAL,201705,2532,-0.000770272328248271,0.0945726080663585,0.169712093427259,0.228003508152964,0.282102202621551,0.337638662180407,0.396893591449872,0.494043210619076,0.663553150879364
GP_CZ,MONTHLY,GENERAL,201706,2645,0,0.0799913475787507,0.158220483076324,0.22243059163383,0.274161466824919,0.332633518344616,0.401877081847759,0.497750038845571,0.663299210832232
GP_CZ,MONTHLY,GENERAL,201707,2632,0,0.0810444667639747,0.158646092294418,0.222655490405361,0.274201494863976,0.332835641315873,0.402181529484288,0.496636293513212,0.661180376876829
GP_CZ,MONTHLY,GENERAL,201708,2621,0,0.0802069092011244,0.158623643462817,0.222170484236004,0.273648648648649,0.331924887551506,0.401259111994699,0.496266268927088,0.659737906297359
GP_CZ,MONTHLY,GENERAL,201709,2609,0,0.0773124509080705,0.158168783893448,0.22276602065711,0.27297294373298,0.331225751401388,0.40097361666305,0.494516751652604,0.659784156490594
GP_CZ,MONTHLY,GENERAL,201710,2592,0,0.0764847858695962,0.157689072280946,0.221882047256982,0.272361507164064,0.330356761120598,0.399536433455489,0.491807433022401,0.658756565995813
GP_CZ,MONTHLY,GENERAL,201711,2577,0,0.0761931278624761,0.157287183073421,0.221495241832054,0.271173542400112,0.328930747212143,0.398335621972022,0.488682592231765,0.658738314621929
GP_CZ,MONTHLY,GENERAL,201712,2557,0,0.0769957573550525,0.157768076507348,0.221218160144822,0.2704758535291,0.328005060594564,0.396705397939051,0.486055391984694,0.647489983241041
GP_CZ,MONTHLY,GENERAL,201801,2542,0,0.0792785029758954,0.158137635591892,0.221762429721692,0.270958561219305,0.3290823899721,0.398354263329608,0.486910713758711,0.6484533230799
GP_CZ,MONTHLY,GENERAL,201802,2536,0,0.0784562946789552,0.158102445818325,0.221323243396657,0.270491389156771,0.328850965957316,0.398602745926329,0.486472227275775,0.644289287906432
GP_CZ,MONTHLY,GENERAL,201803,2523,0,0.0800084299939228,0.157896534406688,0.219330611206925,0.269495728850923,0.328823121749429,0.398008465949109,0.483773539251287,0.643915496797129
GP_CZ,MONTHLY,GENERAL,201804,2515,0,0.0801407494653905,0.1577266246323,0.219324951247194,0.268946395563771,0.32792885064799,0.398155243905813,0.484298184870306,0.643801642345388
GP_CZ,MONTHLY,GENERAL,201805,2499,0,0.0808247193511661,0.157811579519494,0.218910579040819,0.268946395563771,0.32766503203896,0.398081854927461,0.485986882148761,0.643573933441906
GP_CZ,MONTHLY,GENERAL,201806,2625,0,0.0937024595018222,0.158608417515763,0.213793664074841,0.261513842916329,0.319605188192037,0.387540394673058,0.474608861610522,0.636383860789785
GP_CZ,MONTHLY,GENERAL,201807,2619,0,0.0937697417587032,0.15861168903674,0.214026239663902,0.262376237623762,0.319694949933329,0.388883616384861,0.48074500848957,0.638692300444763
GP_CZ,MONTHLY,GENERAL,201808,2609,0,0.0934020742119534,0.158436870806985,0.213726168561694,0.26196647658545,0.319641531761745,0.388290239900693,0.479632141539026,0.635431589833365
GP_CZ,MONTHLY,GENERAL,201809,2607,0,0.0922579029139908,0.157150336133853,0.212968009483474,0.26196647658545,0.319551405739471,0.38842771634725,0.477445164473259,0.632871676084613
GP_CZ,MONTHLY,GENERAL,201810,2603,0,0.0918291172704013,0.15710424884688,0.213678798612655,0.262119684478975,0.319041351161522,0.388872283270676,0.477406419962746,0.634102333719228
GP_CZ,MONTHLY,GENERAL,201811,2583,0,0.0916257371464817,0.15710424884688,0.212461377319568,0.261162668534407,0.318567219737173,0.388312826666011,0.475453501640573,0.631587470107854
GP_CZ,MONTHLY,GENERAL,201812,2563,0,0.0932632219964035,0.158521365425922,0.213949153656146,0.262346485497779,0.3196761125148,0.389115153203222,0.477330814477285,0.633247246728636
GP_CZ,MONTHLY,GENERAL,201901,2550,0,0.0919811056920908,0.158374392405374,0.213789944661741,0.262139230219289,0.318300000694928,0.388311257581432,0.475298835677502,0.631364017818658
GP_CZ,MONTHLY,GENERAL,201902,2538,0,0.0919157703333088,0.158331788070868,0.213494554817378,0.262139230219289,0.317448674309737,0.387578994240927,0.474704700992849,0.631553937161754
GP_CZ,MONTHLY,GENERAL,201903,2530,0,0.0951456167530396,0.159916283625608,0.214150936257228,0.262239141996002,0.316150847958655,0.387208778852796,0.474884732839334,0.633563028397353
GP_CZ,MONTHLY,GENERAL,201904,2513,0,0.0962758373421446,0.160331111022555,0.214655605958523,0.263309318039867,0.317166911818154,0.388872283270676,0.476617378900181,0.634112241194369
GP_CZ,MONTHLY,GENERAL,201905,2500,0,0.0964922023554423,0.160239460824358,0.215639931844345,0.263270813492469,0.317034043427597,0.388480453934131,0.475298835677502,0.632594951839165
GP_CZ,MONTHLY,GENERAL,201906,2652,0,0.0838053442901593,0.164639108539714,0.214585076906635,0.263223351973493,0.313073144217941,0.386890917763964,0.470567883592521,0.631029941901734
GP_CZ,MONTHLY,GENERAL,201907,2654,0,0.0851367505431433,0.164681217126611,0.215295673589121,0.263920261454042,0.313165226775381,0.385956730312777,0.471772587220901,0.632783551430997
GP_CZ,MONTHLY,GENERAL,201908,2644,0,0.0842320182018572,0.164603844888249,0.215547551244057,0.264139413236105,0.313700040838528,0.386407458956481,0.471856497805935,0.633661564926535
GP_CZ,MONTHLY,GENERAL,201909,2635,0,0.0818922994394334,0.164028913649689,0.214548843222975,0.26395411462089,0.314098749154147,0.387509365956107,0.470709577313119,0.632062377669474
GP_CZ,MONTHLY,GENERAL,201910,2619,0,0.081177582605911,0.164402586900067,0.215547551244057,0.264586669178362,0.315023993262736,0.38792006224451,0.470190792156012,0.631236116022097
GP_CZ,MONTHLY,GENERAL,201911,2600,0,0.080883042611917,0.164211703451697,0.214594861208911,0.264139413236105,0.313027571340897,0.386752905292557,0.469174988492522,0.629972632306338
GP_CZ,MONTHLY,GENERAL,201912,2592,0,0.0810764951493163,0.163941857915753,0.2147525184279,0.26435522832741,0.313073144217941,0.385638511224212,0.468465548485979,0.625121070030923
GP_CZ,MONTHLY,GENERAL,202001,2572,0,0.0821952126663456,0.16404054689948,0.2147525184279,0.264105560069257,0.313679523066417,0.385020678520854,0.468703229070875,0.625121070030923
GP_CZ,MONTHLY,GENERAL,202002,2566,0,0.0827932361970664,0.163371994630269,0.214614429813463,0.263790167566236,0.313165460976219,0.384983592352438,0.468756803831918,0.62503050066994
GP_CZ,MONTHLY,GENERAL,202003,2555,0,0.0815781220295438,0.162826181665075,0.214350250618965,0.263558289501055,0.312444754793542,0.384320655156023,0.466260455378805,0.624791596501211
GP_CZ,MONTHLY,GENERAL,202004,2543,0,0.0823447185490258,0.162719255333911,0.213851495172895,0.262889363634041,0.312981998463853,0.383132002611066,0.466147129928493,0.62389276342445
GP_CZ,MONTHLY,GENERAL,202005,2529,0,0.0846668621023827,0.163364908992285,0.214444843777917,0.263693926845278,0.313463661847337,0.384400579168318,0.466634966850387,0.624962573649203
GP_CZ,MONTHLY,GENERAL,202006,2650,0,0.0509736289554429,0.141971043342339,0.196423856443555,0.243803110763525,0.290112965140124,0.352034207479558,0.432466072874032,0.578790510814237
GP_CZ,MONTHLY,GENERAL,202007,2642,0,0.0513987824537534,0.142113742021902,0.196893503263462,0.243587053944347,0.290172878106216,0.352146778604489,0.427327520402433,0.553524240070199
GP_CZ,MONTHLY,GENERAL,202008,2625,0,0.0512459413034314,0.142613933032497,0.197390763676442,0.24398842900609,0.290666048134614,0.352351900496445,0.427582614536674,0.551401321258306
GP_CZ,MONTHLY,GENERAL,202009,2623,0,0.0511563350741436,0.142195151480294,0.196725112752144,0.243207309437492,0.288997489526518,0.350701281597793,0.426507700485916,0.54835756429372
GP_CZ,MONTHLY,GENERAL,202010,2613,0,0.0515068204894314,0.142799697379741,0.197220444595018,0.243207309437492,0.289160628951387,0.350959701882777,0.425841789000983,0.548102122458676
GP_CZ,MONTHLY,GENERAL,202011,2601,0,0.0542319972927741,0.143123334198174,0.197262966883411,0.241893350090426,0.288282408743994,0.350718620742101,0.425747522840557,0.545181931949659
GP_CZ,MONTHLY,GENERAL,202012,2598,0,0.0543731835994802,0.140966799058271,0.195429387475009,0.238217897723921,0.284643143021123,0.349056293744752,0.420833733749959,0.54300710441705
GP_CZ,MONTHLY,GENERAL,202101,2589,0,0.0539241797575428,0.140150379163147,0.193807496949264,0.237585753877027,0.28376742725877,0.347402491838004,0.419978323088869,0.54327955176749
GP_CZ,MONTHLY,GENERAL,202102,2579,0,0.0508675053176842,0.1397656510553,0.193124986101465,0.236383966970583,0.283005643736002,0.346196253276378,0.418677570615421,0.542517197966365
GP_CZ,MONTHLY,GENERAL,202103,2578,0,0.0482843315227195,0.137991485915763,0.191571525838931,0.23432976293104,0.281457352395008,0.344059767609288,0.416538787446585,0.539608193950046
GP_CZ,MONTHLY,GENERAL,202104,2570,0,0.045524536941889,0.137779024850291,0.191214238513178,0.233969865530374,0.280446581048027,0.342166311018813,0.415616815168112,0.538332836732601
GP_CZ,MONTHLY,GENERAL,202105,2557,0,0.0440714322452072,0.137110838537826,0.190287630144688,0.232942956686446,0.280340684960318,0.342239041996313,0.4149172526754,0.538034526096586
GP_CZ,MONTHLY,GENERAL,202106,2734,-0.0689780019377657,0,0.0921563318246615,0.157933765761009,0.204343200154663,0.253802500837417,0.312170844141644,0.386425128176686,0.511955013769735
GP_CZ,MONTHLY,GENERAL,202107,2732,-0.0700223702828855,0,0.0913657212594071,0.157103386138691,0.203270663180261,0.251415125875123,0.30881775447939,0.381505541735474,0.49722271232138
GP_CZ,MONTHLY,GENERAL,202108,2727,-0.0713040092541965,0,0.0904576896218789,0.156350162842257,0.202449829344784,0.250617004509378,0.30812688920967,0.38097934993618,0.497345544306467
GP_CZ,MONTHLY,GENERAL,202109,2721,-0.065322712729846,0,0.0907718124891921,0.156351971682982,0.202371923050403,0.249897759162894,0.308167164764098,0.378272037719984,0.495453306711309
GP_CZ,MONTHLY,GENERAL,202110,2717,-0.0650771358373778,0,0.0907197712090016,0.155722121723409,0.202165961001181,0.249447588864414,0.307970421031625,0.376981910071161,0.494879151393812
GP_CZ,MONTHLY,GENERAL,202111,2704,-0.0651999242836119,0,0.0902201277568058,0.155176811936253,0.201938616483889,0.249895494302673,0.308121854765366,0.377987481421923,0.496514377234782
GP_CZ,MONTHLY,GENERAL,202112,2709,-0.0607723850374738,0,0.0879435590482516,0.154389492266471,0.20190380761523,0.248720668930688,0.307908047519339,0.3775386595826,0.497025475206294
GP_CZ,MONTHLY,GENERAL,202201,2699,-0.059702854386146,0,0.0883389304292426,0.154938697787754,0.201973425352547,0.248720668930688,0.308399407276184,0.378128641581262,0.497025475206294
GP_CZ,MONTHLY,GENERAL,202202,2695,-0.0600743577534366,0,0.0885133106163229,0.154889300921438,0.202371923050403,0.249890964582229,0.308820662293115,0.378239920130975,0.496149085904123
GP_CZ,MONTHLY,GENERAL,202203,2695,-0.0600743577534366,0,0.0883312088594477,0.155205410353428,0.20249643850485,0.249890964582229,0.309004354624731,0.378332765838912,0.498063473584683
GP_CZ,MONTHLY,GENERAL,202204,2683,-0.0571881252958105,0,0.088435742955782,0.155567509880133,0.202675115134043,0.250574495676481,0.310023910231984,0.379197523105725,0.497576654864202
GP_CZ,MONTHLY,GENERAL,202205,2674,-0.0570375354630224,0,0.0883007702158626,0.155404907689052,0.203150216983635,0.250947735636607,0.310385124464141,0.37906140686989,0.498140896384922
GP_CZ,MONTHLY,GENERAL,202206,3051,-0.00545826700022743,0,0.0946490345826103,0.157239169053127,0.206635940849114,0.256743629978331,0.312821625681045,0.389177978623679,0.511127921711855
GP_CZ,MONTHLY,GENERAL,202207,3060,-0.00427746777191981,0.00045726650311023,0.0963145509476739,0.158782465489324,0.207523573307122,0.258159093372441,0.315550648775808,0.393437692014591,0.525330562849177
GP_CZ,MONTHLY,GENERAL,202208,3046,-0.00410439671006078,0.000609172395788008,0.0962731016405597,0.158315111537833,0.207462193722621,0.257532109218914,0.315507189480584,0.393346557376104,0.526075765442275
GP_CZ,MONTHLY,GENERAL,202209,3041,-0.00269287733943719,0.00183411165507414,0.0955107550291736,0.158541135206521,0.208398158437847,0.25934415359173,0.315590300253946,0.394029196941273,0.526655776059108
GP_CZ,MONTHLY,GENERAL,202210,3032,-0.00331516934745517,0.00177295098088607,0.095004995997481,0.158405521005308,0.20843985587264,0.259175153716575,0.315573306763316,0.394284658417948,0.52662175099195
GP_CZ,MONTHLY,GENERAL,202211,3020,-0.00197206767585018,0.00161410452466981,0.0950088328106498,0.158665624014708,0.209484215797186,0.262040179834628,0.316659294233048,0.394502449061584,0.527201356317302
GP_CZ,MONTHLY,GENERAL,202212,3013,-0.000932735726031045,0.00224829093860568,0.0950078736073576,0.157602828260891,0.208564895472938,0.262244148113965,0.316573890034198,0.394887340001991,0.527359078530755
GP_CZ,MONTHLY,GENERAL,202301,2995,-0.000888190363026022,0.00288130907785346,0.0951456576327457,0.157685329640223,0.208481553307432,0.262177179911304,0.316666086203593,0.393929516493248,0.527308346951384
GP_CZ,MONTHLY,GENERAL,202302,2976,-0.000865917681523523,0.0035498757543486,0.0970197724812988,0.158553261315466,0.209239489616742,0.262204040104288,0.316662011021266,0.394348523787116,0.527509001681858
GP_CZ,MONTHLY,GENERAL,202303,2961,-0.000977281089036055,0.00300327909043566,0.0971677917280737,0.158805031446541,0.208398158437847,0.262453740500324,0.317034533741683,0.395283362591501,0.529545376329284
GP_CZ,MONTHLY,GENERAL,202304,2941,-0.00144070238478618,0.00215153221265986,0.0974570763675476,0.158805031446541,0.209465923799876,0.263385746281225,0.318104194632205,0.396611191984367,0.5309433404014
GP_CZ,MONTHLY,GENERAL,202305,2931,-0.000977281089036055,0.00239342902752443,0.0983111107917248,0.159560665037265,0.209695611712598,0.263675673163732,0.318376370657765,0.396770231968509,0.5309433404014
GP_CZ,MONTHLY,GENERAL,202306,3055,-0.00747067949666186,2.0003333888984e-05,0.11047388024838,0.170858592877302,0.224902906908321,0.28057607745962,0.34254314102675,0.419902182092142,0.553643200933114
GP_CZ,MONTHLY,GENERAL,202307,3034,-0.00692308304682519,0.00133165417683566,0.112403652742081,0.171354341842861,0.226189493979552,0.282527731250989,0.344099055772808,0.42037861223445,0.550153354875859
GP_CZ,MONTHLY,GENERAL,202308,3019,-0.00282563353822327,0.00275070484513111,0.116120788131355,0.17237570650729,0.227277361991965,0.283373806211149,0.345100129298787,0.42144165427286,0.551908476443758
GP_CZ,MONTHLY,GENERAL,202309,2999,-0.000783833424513459,0.00366617087737403,0.117220936125812,0.172793805754563,0.228109991611434,0.28348976886358,0.346404111380472,0.423756248267283,0.558247215400826
GP_CZ,MONTHLY,GENERAL,202310,2985,0,0.00416828591060919,0.117798545644638,0.173277442377563,0.228792127109792,0.283611730982367,0.346184106034678,0.422092582427566,0.558779785958535
GP_CZ,MONTHLY,GENERAL,202311,2961,0,0.00595238095238095,0.117820998526974,0.173036093418259,0.228760248573628,0.283816952898349,0.347392614091109,0.423455412397281,0.55920396475318
GP_CZ,MONTHLY,GENERAL,202312,2941,0,0.00980810234541578,0.119258386224627,0.173929860752965,0.229060688805768,0.284587865143927,0.348591811568415,0.424962744884237,0.559033906426799
GP_CZ,MONTHLY,GENERAL,202401,2916,0,0.0106924238810716,0.119384899494903,0.173929860752965,0.229068524526851,0.283816952898349,0.34849972165507,0.424315140800357,0.559118935589989
GP_CZ,MONTHLY,GENERAL,202402,2906,0,0.0108105069884213,0.119626979468216,0.174206360779467,0.229216439538426,0.283963164864948,0.34858831827349,0.424409135168629,0.559452278163141
GP_CZ,MONTHLY,GENERAL,202403,2885,0,0.0121167061123434,0.120255682955057,0.175425749691708,0.229856072020729,0.283978911569355,0.348254065222374,0.425784951434187,0.559501940845133
GP_CZ,MONTHLY,GENERAL,202404,2866,0,0.0132480007821698,0.120567122647323,0.175518693911724,0.230030996025651,0.283649489888378,0.347284228339579,0.425722837072691,0.560360740597808
GP_CZ,MONTHLY,GENERAL,202405,2849,0,0.0136585161028885,0.120945785796181,0.175889655389661,0.230384197834504,0.283933922471628,0.348589016932475,0.426366021072884,0.561083805900166
GP_CZ,MONTHLY,GENERAL,202406,2920,-0.00255537943359269,0.0111549155345823,0.122589029285013,0.177059487715547,0.224879881120651,0.280464336438617,0.34885828006101,0.431345973318999,0.578232224547088
GP_CZ,MONTHLY,GENERAL,202407,2904,-0.00202209572699078,0.012311851133736,0.123509583990902,0.177189527988292,0.225588204203605,0.282661795952809,0.350318499600958,0.433879601920519,0.584342075045643
GP_CZ,MONTHLY,GENERAL,202408,2888,-0.00133919636916056,0.0120305810603586,0.123528388063484,0.177652970459426,0.225835791290573,0.282389829371398,0.350297092010356,0.43480062160191,0.58334912431082
GP_CZ,MONTHLY,GENERAL,202409,2867,0,0.0130103570209086,0.124684713081612,0.178276300767458,0.2263737884807,0.284668769633005,0.350605024951843,0.433821141082091,0.581962228439414
GP_CZ,MONTHLY,GENERAL,202410,2853,0,0.0137102257264054,0.125709084942147,0.178443908878839,0.226957021254374,0.284728514356317,0.350695818858481,0.433769779785494,0.58111759694052
GP_CZ,MONTHLY,GENERAL,202411,2834,0,0.0152767032106737,0.126785407946746,0.178520177638362,0.227901190072041,0.284416452413292,0.350982439963585,0.433879601920519,0.580744490791226
GP_CZ,MONTHLY,NYSE,196306,611,0.158709677419355,0.214462809917355,0.257916112655627,0.296734693877551,0.334545454545455,0.376470588235294,0.439583333333333,0.530662983425414,0.716915422885572
GP_CZ,MONTHLY,NYSE,196307,615,0.158988268523568,0.214531906245766,0.258189423753551,0.29732278380102,0.334545454545455,0.376611097880448,0.440683551198257,0.531360021941535,0.707542788877573
GP_CZ,MONTHLY,NYSE,196308,615,0.156533390966069,0.215514337673291,0.258213561535553,0.2978359375,0.335826771653543,0.376611097880448,0.440683551198257,0.531360021941535,0.707542788877573
GP_CZ,MONTHLY,NYSE,196309,616,0.1566349686622,0.216107545849935,0.258423816565999,0.298103448275862,0.335887799472827,0.376470588235294,0.441500473442456,0.530662983425414,0.707631828733285
GP_CZ,MONTHLY,NYSE,196310,617,0.156736546358332,0.216151756761084,0.258509553046479,0.298256008359457,0.335948827292111,0.376096222027372,0.442344474695537,0.533451137489897,0.705775109902827
GP_CZ,MONTHLY,NYSE,196311,617,0.156736546358332,0.216151756761084,0.258509553046479,0.299082967856721,0.335948827292111,0.376096222027372,0.442344474695537,0.534628935022823,0.705775109902827
GP_CZ,MONTHLY,NYSE,196312,621,0.156127080181543,0.216328600405679,0.258641975308642,0.299181073703367,0.335948827292111,0.376821862348178,0.443553008595989,0.534522560335782,0.716915422885572
GP_CZ,MONTHLY,NYSE,196401,621,0.154193932183224,0.216328600405679,0.258641975308642,0.299357798165138,0.336044819557625,0.377060133630289,0.443553008595989,0.53466097676624,0.716915422885572
GP_CZ,MONTHLY,NYSE,196402,622,0.153685012528524,0.216151756761084,0.259512400251237,0.29932324445377,0.33899401086323,0.378048497286375,0.445233553356907,0.540020383831391,0.706368962361703
GP_CZ,MONTHLY,NYSE,196403,627,0.153967745670024,0.216528789415453,0.259703394890435,0.299830008455733,0.338814265863826,0.378048497286375,0.443377268385865,0.538494704049844,0.701913002483533
GP_CZ,MONTHLY,NYSE,196404,627,0.154614675405557,0.218112488916649,0.260075958311252,0.300275156512445,0.338814265863826,0.378546226203587,0.445148831336785,0.540020383831391,0.701913002483533
GP_CZ,MONTHLY,NYSE,196405,627,0.154239242702512,0.217478643708641,0.259841491140638,0.299830008455733,0.337673130193906,0.378048497286375,0.443689655172414,0.538494704049844,0.701913002483533
GP_CZ,MONTHLY,NYSE,196406,656,0.16048638921862,0.215976645435244,0.260834922653104,0.300456621004566,0.338546502065134,0.383643434971998,0.448049739223583,0.534522560335782,0.706762492925669
GP_CZ,MONTHLY,NYSE,196407,658,0.16086219112204,0.21770422552114,0.261930128385462,0.301494941240685,0.33899401086323,0.383790254323804,0.452878827367717,0.539333491507998,0.720827831718739
GP_CZ,MONTHLY,NYSE,196408,659,0.164011637632327,0.220145314157201,0.262118838458711,0.302330504981224,0.340242763772176,0.385154576113648,0.451651621473898,0.538106517455233,0.720664882162775
GP_CZ,MONTHLY,NYSE,196409,660,0.164213026023371,0.21796801203848,0.261654164957416,0.302004136436657,0.340381247141141,0.386588884664717,0.454128095464976,0.543411204034279,0.720501932606811
GP_CZ,MONTHLY,NYSE,196410,661,0.164414414414414,0.221544209215442,0.261867225027713,0.302220689655172,0.340519730510106,0.386405529953917,0.446217105263158,0.535652569349704,0.71696760854583
GP_CZ,MONTHLY,NYSE,196411,662,0.164443958128169,0.221674105450123,0.262055935100961,0.301895859827399,0.340756421978504,0.386680562020117,0.446696719711583,0.540560465560763,0.716777896340846
GP_CZ,MONTHLY,NYSE,196412,670,0.162253192685369,0.217355409633539,0.260428212736818,0.301635405700259,0.342486627087312,0.388601890547264,0.458128238616135,0.549680268085945,0.720501932606811
GP_CZ,MONTHLY,NYSE,196501,670,0.162253192685369,0.217355409633539,0.261096093588193,0.302806019721719,0.343190688899972,0.3904887320711,0.458701451233221,0.551978975555917,0.722124571925908
GP_CZ,MONTHLY,NYSE,196502,671,0.164414414414414,0.216874135546335,0.260953920776071,0.302830188679245,0.34404973357016,0.390068939416746,0.458303886925795,0.552254428341385,0.723529411764706
GP_CZ,MONTHLY,NYSE,196503,670,0.160905498585934,0.217355409633539,0.262975568422539,0.304396526195556,0.344978976388416,0.3904887320711,0.458701451233221,0.553944615695589,0.72382801365792
GP_CZ,MONTHLY,NYSE,196504,672,0.161305422241289,0.218430580973523,0.264191174041219,0.30662720329244,0.346614934646466,0.390698628398277,0.459231536976455,0.555856283794027,0.721805529054522
GP_CZ,MONTHLY,NYSE,196505,673,0.164980031322004,0.221804001684804,0.264331446703859,0.306661534671487,0.347851391987584,0.391855551324016,0.459867856250554,0.557292189704446,0.721642579498558
GP_CZ,MONTHLY,NYSE,196506,712,0.171410995741117,0.22351462520362,0.27148333130161,0.313281385281385,0.348743370670757,0.394540546357913,0.466369816338747,0.563725634841822,0.73850572161389
GP_CZ,MONTHLY,NYSE,196507,715,0.179179046667563,0.224808685212204,0.272691547556815,0.31476575034042,0.350737463126844,0.398110363876842,0.468252335607148,0.564035627701065,0.740435039952649
GP_CZ,MONTHLY,NYSE,196508,716,0.179153811452216,0.224842410489158,0.273649020983291,0.314600326264274,0.350446451770676,0.398932384341637,0.468543849347623,0.56377358490566,0.74019433757522
GP_CZ,MONTHLY,NYSE,196509,716,0.178943623555004,0.224673784104389,0.273649020983291,0.314089347079038,0.349812076759792,0.398932384341637,0.468162556281123,0.56377358490566,0.742613818348204
GP_CZ,MONTHLY,NYSE,196510,717,0.178981723971338,0.224852711983971,0.275399839198466,0.315071605236171,0.350737463126844,0.398807968755683,0.468404852833748,0.564821756087278,0.744314916613965
GP_CZ,MONTHLY,NYSE,196511,721,0.178753121473335,0.224842410489158,0.275438596491228,0.31536496350365,0.350917431192661,0.398878923766816,0.468775510204082,0.568263473053892,0.743829787234043
GP_CZ,MONTHLY,NYSE,196512,722,0.173329214528847,0.225300577369578,0.275977290341029,0.315640304600315,0.354066418839146,0.399340386112749,0.468794212949804,0.568404467660424,0.744437432184272
GP_CZ,MONTHLY,NYSE,196601,722,0.173329214528847,0.22558101115592,0.276119143836143,0.315501397922028,0.35295439464318,0.399340386112749,0.468546734364182,0.567210308163633,0.750270684426049
GP_CZ,MONTHLY,NYSE,196602,722,0.178791221889669,0.226309796272017,0.276192614210349,0.315640304600315,0.351306370339082,0.399340386112749,0.468546734364182,0.567210308163633,0.750270684426049
GP_CZ,MONTHLY,NYSE,196603,725,0.172536569226619,0.224883616468412,0.277768674843639,0.316588324475874,0.353719008264463,0.403379039137439,0.468796884770621,0.568298721705525,0.751516632603406
GP_CZ,MONTHLY,NYSE,196604,729,0.172663228543328,0.224873314973598,0.27787015692638,0.316959409419195,0.354557541734377,0.403398967593389,0.468938247566064,0.56795055051188,0.751073265206813
GP_CZ,MONTHLY,NYSE,196605,732,0.172441574739087,0.223743222908388,0.276689988336744,0.316927962427196,0.354485685574103,0.402868492345493,0.468977507276746,0.56830016014642,0.751849158150851
GP_CZ,MONTHLY,NYSE,196606,756,0.17518536082319,0.225670194875853,0.27547294507257,0.320284463894967,0.365376344086021,0.40103196859226,0.468975927914947,0.563555555555556,0.720312791074233
GP_CZ,MONTHLY,NYSE,196607,762,0.17653865274818,0.228308944409814,0.276051128190603,0.320816874454865,0.365859238695094,0.401827484110379,0.469744888225291,0.568765778401122,0.728899189948887
GP_CZ,MONTHLY,NYSE,196608,766,0.176995817768403,0.22908772952492,0.276158460963322,0.321051779935275,0.366165699229889,0.402896081771721,0.470091743119266,0.569021739130435,0.730861524428968
GP_CZ,MONTHLY,NYSE,196609,768,0.17827264034296,0.229565463686213,0.276283362239539,0.321037609234324,0.365859238695094,0.402609204820319,0.470165137614679,0.568509817671809,0.729856379816196
GP_CZ,MONTHLY,NYSE,196610,769,0.17927139339083,0.230439438874487,0.276450890881817,0.320995097131469,0.366064981949458,0.40282436253387,0.471221826856737,0.568279836591771,0.729841019944657
GP_CZ,MONTHLY,NYSE,196611,774,0.17786957388623,0.22980433076686,0.276402960646848,0.320995097131469,0.365376344086021,0.40282436253387,0.472049975869314,0.566407239196257,0.727076969443502
GP_CZ,MONTHLY,NYSE,196612,775,0.176881526513347,0.228893033246143,0.276225549495398,0.320690506194871,0.364087947882736,0.405611109103393,0.478952669580007,0.567750595366963,0.728992621269215
GP_CZ,MONTHLY,NYSE,196701,775,0.17546919667977,0.228893033246143,0.276298312040452,0.320690506194871,0.364087947882736,0.403729691753754,0.477425940130448,0.566023144325168,0.72493934079226
GP_CZ,MONTHLY,NYSE,196702,775,0.174300784146967,0.228893033246143,0.276225549495398,0.320690506194871,0.365333333333333,0.403729691753754,0.477425940130448,0.566023144325168,0.728992621269215
GP_CZ,MONTHLY,NYSE,196703,777,0.175787584950888,0.230604594442497,0.276177724647812,0.319590872935242,0.365333333333333,0.406086155180514,0.472185897803087,0.567175428938435,0.728583781803032
GP_CZ,MONTHLY,NYSE,196704,778,0.177128697336826,0.230664834046285,0.276426155556275,0.320492470561597,0.365376344086021,0.407093050155386,0.471722648541986,0.567694950463407,0.729856379816196
GP_CZ,MONTHLY,NYSE,196705,780,0.17755360219487,0.231613451076675,0.276475626207358,0.320319935342659,0.365376344086021,0.407379444998338,0.470574216180662,0.567604666027485,0.729825660073119
GP_CZ,MONTHLY,NYSE,196706,811,0.181081081081081,0.234381139489194,0.278894450185284,0.322105723892326,0.369073783359498,0.41511746680286,0.468702290076336,0.565525383707202,0.729963898916967
GP_CZ,MONTHLY,NYSE,196707,813,0.181228501228501,0.234940318046518,0.279391509889706,0.322715522576661,0.371721317690352,0.416418128627288,0.47196990479891,0.565593583155328,0.730570402704718
GP_CZ,MONTHLY,NYSE,196708,813,0.181228501228501,0.234427459899756,0.279391509889706,0.322023952266811,0.371361256544503,0.415325087877591,0.472388326105913,0.565593583155328,0.730570402704718
GP_CZ,MONTHLY,NYSE,196709,817,0.181523341523342,0.234718629281058,0.278765427522232,0.321860409015779,0.371361256544503,0.414858358869595,0.473527252190679,0.565470500015955,0.730352069326162
GP_CZ,MONTHLY,NYSE,196710,818,0.181597051597052,0.234427459899756,0.278233904663256,0.321504431387309,0.371541287117427,0.415587644328364,0.475832168633291,0.564437935472418,0.730198834603317
GP_CZ,MONTHLY,NYSE,196711,816,0.182389466335712,0.235605384342898,0.278571893527655,0.322105723892326,0.372365660961791,0.41746835443038,0.475646885859396,0.565250965250965,0.730505304049006
GP_CZ,MONTHLY,NYSE,196712,817,0.183292808356093,0.236611125686867,0.279248684758464,0.322282108354697,0.372108843537415,0.416527999379372,0.475970930262674,0.565470500015955,0.732135755389636
GP_CZ,MONTHLY,NYSE,196801,817,0.183292808356093,0.236611125686867,0.279248684758464,0.322282108354697,0.371721317690352,0.414858358869595,0.475970930262674,0.565470500015955,0.730352069326162
GP_CZ,MONTHLY,NYSE,196802,814,0.183605572044874,0.237108976847884,0.279418643133679,0.321778637390264,0.369050166016032,0.414987912836228,0.476588111824888,0.566009654016143,0.73278396368444
GP_CZ,MONTHLY,NYSE,196803,818,0.184742074048573,0.235457170802006,0.277673965266018,0.321535710433581,0.365974772034717,0.41112308711029,0.478856417581327,0.563157643168239,0.733513125460292
GP_CZ,MONTHLY,NYSE,196804,821,0.18515625,0.233835719668425,0.27640625,0.321282051282051,0.365644171779141,0.411723254324151,0.478861033735686,0.56001766004415,0.733432171979244
GP_CZ,MONTHLY,NYSE,196805,823,0.183991463993543,0.233330973230074,0.277033088235294,0.321613902868209,0.364667286139609,0.412913188599571,0.480291005291005,0.566251789170613,0.736205150973389
GP_CZ,MONTHLY,NYSE,196806,829,0.161360344367947,0.217552657474509,0.261542822587443,0.307556232129663,0.352911784975879,0.399464415450109,0.467686506512423,0.551891594848823,0.731349919160996
GP_CZ,MONTHLY,NYSE,196807,835,0.161615481237465,0.218715279291106,0.262172411191663,0.308679433605622,0.353027754415475,0.400651771017416,0.473485928604916,0.556875767366721,0.727023718667419
GP_CZ,MONTHLY,NYSE,196808,835,0.161615481237465,0.218187922806328,0.262370189305335,0.308679433605622,0.353027754415475,0.401018115148378,0.47341554946519,0.556875767366721,0.72412547763227
GP_CZ,MONTHLY,NYSE,196809,839,0.161652518973747,0.219575120876076,0.263353177830552,0.309711402154904,0.354376657824934,0.401259879010365,0.473695354747323,0.555897345691163,0.720493227974898
GP_CZ,MONTHLY,NYSE,196810,841,0.161671037841888,0.220070049944976,0.262641405820978,0.310138931678477,0.353170334148329,0.401158006877019,0.470580964153276,0.55579744439186,0.71978021978022
GP_CZ,MONTHLY,NYSE,196811,843,0.165663145000766,0.220773118295032,0.263391348666732,0.308747102151232,0.35301724137931,0.400971484572165,0.468989758315466,0.552058576073857,0.71951786951787
GP_CZ,MONTHLY,NYSE,196812,851,0.167363344051447,0.221850656151902,0.26525129982669,0.310549741656027,0.357740698161658,0.404081632653061,0.476153846153846,0.563156773489502,0.721470160116448
GP_CZ,MONTHLY,NYSE,196901,854,0.163378729704756,0.221841225123859,0.265204599315664,0.311979743569848,0.358048714573835,0.404639307251792,0.47967493376189,0.563872056190607,0.722099815807446
GP_CZ,MONTHLY,NYSE,196902,853,0.170637797250226,0.221836509609838,0.265064497782587,0.312118789265518,0.358293838862559,0.405378634465862,0.479229892914104,0.563474388227918,0.721225927081061
GP_CZ,MONTHLY,NYSE,196903,860,0.167333867219776,0.220381621947138,0.26320523941309,0.310385417665007,0.359296840650713,0.405240463960749,0.474473450434081,0.564641143066496,0.722650431918255
GP_CZ,MONTHLY,NYSE,196904,864,0.167157006229752,0.220969243624308,0.264474476573479,0.310221093673987,0.360701062664292,0.405841169339831,0.473944619422572,0.569293421305623,0.722099815807446
GP_CZ,MONTHLY,NYSE,196905,865,0.167863105520316,0.221723475413849,0.264566736871395,0.310385417665007,0.360884052689124,0.406401245595847,0.473531401650333,0.571307677066037,0.720981694045673
GP_CZ,MONTHLY,NYSE,196906,892,0.159683813576606,0.222960421955155,0.264830212743112,0.31261013215859,0.364268204927248,0.411636652475944,0.471619687594204,0.566479045561068,0.717244341692214
GP_CZ,MONTHLY,NYSE,196907,897,0.160132401754837,0.223174400546988,0.265437856500817,0.314125925925926,0.366346153846154,0.413060171481804,0.471568246107565,0.565683369667266,0.719956164880512
GP_CZ,MONTHLY,NYSE,196908,898,0.160222119390483,0.223007338599233,0.264747325816332,0.313035540957502,0.366361482720179,0.411998757124384,0.471533621124492,0.565379278519485,0.718861993861994
GP_CZ,MONTHLY,NYSE,196909,901,0.159594095940959,0.223148088531466,0.266266173752311,0.314998606077502,0.368056125941136,0.415415019762846,0.471650552486188,0.565987460815047,0.718468468468469
GP_CZ,MONTHLY,NYSE,196910,903,0.159773531212252,0.22320071256251,0.26674568686239,0.314961847824965,0.368852459016393,0.417831864258694,0.475132292455335,0.566356149374563,0.719549560000663
GP_CZ,MONTHLY,NYSE,196911,907,0.159845830743914,0.223305565425004,0.26690552456575,0.315043754893405,0.368852459016393,0.418644354748395,0.474393851950391,0.564132334219644,0.71820851494009
GP_CZ,MONTHLY,NYSE,196912,916,0.160595029143336,0.22130906274206,0.264913099669893,0.316061315938458,0.367901361272755,0.419948186528497,0.475438179558869,0.562295081967213,0.718543776205233
GP_CZ,MONTHLY,NYSE,197001,920,0.163551386712548,0.22025744786509,0.264363565798966,0.315681380809979,0.367296376843266,0.414189960000947,0.472318652046454,0.562394795732501,0.716597162424061
GP_CZ,MONTHLY,NYSE,197002,919,0.158869764615635,0.220052849525559,0.264871656206502,0.31865463901014,0.368056125941136,0.415006666508879,0.47408430550223,0.562072844502366,0.717537992409804
GP_CZ,MONTHLY,NYSE,197003,922,0.158842101322575,0.217624525864799,0.264830212743112,0.318622934420722,0.36906277060467,0.418644354748395,0.474118764582534,0.562221002812264,0.716837435717801
GP_CZ,MONTHLY,NYSE,197004,924,0.158850005120592,0.216957302943196,0.265078873523454,0.31699913215147,0.368323958140304,0.415294041089294,0.473912010100712,0.562072844502366,0.716777367394366
GP_CZ,MONTHLY,NYSE,197005,925,0.158853957019601,0.217201560760676,0.265170725267915,0.315636231994076,0.367746596604374,0.41505208374219,0.474153223662837,0.56173586525051,0.716747333232648
GP_CZ,MONTHLY,NYSE,197006,943,0.161080220744347,0.216437606575484,0.261826279177984,0.308961462242408,0.353073608564059,0.407671128237771,0.461861188798402,0.552830323614113,0.709496044808173
GP_CZ,MONTHLY,NYSE,197007,943,0.161080220744347,0.216437606575484,0.261826279177984,0.308961462242408,0.353073608564059,0.404053496336758,0.462554178236845,0.551845989037259,0.708403662023364
GP_CZ,MONTHLY,NYSE,197008,945,0.161919950417554,0.217425095191732,0.261867444212579,0.309275520366182,0.353073608564059,0.403750981171567,0.462231684216842,0.547730147729874,0.707483556746698
GP_CZ,MONTHLY,NYSE,197009,948,0.161124456301087,0.217176785720596,0.262344877401259,0.309399921704349,0.354947836084144,0.404765818523348,0.462416509155219,0.546834132462543,0.708916241084558
GP_CZ,MONTHLY,NYSE,197010,950,0.161142150523782,0.216764853024801,0.261929169191335,0.31025134697506,0.354666492223057,0.403850467224685,0.461776262357072,0.545662285755288,0.706127554117083
GP_CZ,MONTHLY,NYSE,197011,950,0.161142150523782,0.216764853024801,0.261830397938757,0.31025134697506,0.353743444643197,0.40767478002042,0.462519866659149,0.547811604040653,0.708684319595112
GP_CZ,MONTHLY,NYSE,197012,951,0.163073379591188,0.216110360126166,0.261124677791345,0.309193384252374,0.354919703723778,0.407667476455123,0.462416931926063,0.542107541362062,0.701756922954032
GP_CZ,MONTHLY,NYSE,197101,954,0.164081410290015,0.215884455099392,0.261953859182837,0.309718153036582,0.352937033103081,0.408985961371175,0.46241312698847,0.54273244584879,0.704626524400022
GP_CZ,MONTHLY,NYSE,197102,954,0.166665346773411,0.215884455099392,0.262402084063431,0.309718153036582,0.354666492223057,0.408985961371175,0.462451243503758,0.54273244584879,0.694246930737546
GP_CZ,MONTHLY,NYSE,197103,952,0.168287827960081,0.219065054438318,0.263835446943143,0.308805862134306,0.351735177178997,0.403913779496591,0.462415663613531,0.543596408629605,0.701034267054134
GP_CZ,MONTHLY,NYSE,197104,951,0.168279569892473,0.217549249927299,0.262495466086326,0.307911392405063,0.349885138717088,0.399515521798536,0.461503501559692,0.542107541362062,0.694530363955047
GP_CZ,MONTHLY,NYSE,197105,953,0.166682079974353,0.21802150841608,0.262477485716494,0.306442345493584,0.349885138717088,0.39971436959083,0.460035049800536,0.536263546445371,0.694341408476713
GP_CZ,MONTHLY,NYSE,197106,964,0.1493170858476,0.198549830019678,0.241544993794268,0.289536596400898,0.330282354460644,0.38313382259725,0.446308290842647,0.523568878589632,0.673310242891766
GP_CZ,MONTHLY,NYSE,197107,965,0.149389671614042,0.198616699505207,0.243625889387328,0.291392957549486,0.331143521719998,0.383517407712263,0.444149839795316,0.527431208937976,0.669380856367381
GP_CZ,MONTHLY,NYSE,197108,970,0.14975260044625,0.198616699505207,0.243101357272815,0.289786990149422,0.330771732743908,0.383069499835364,0.446394314710062,0.530020390397432,0.672328825049087
GP_CZ,MONTHLY,NYSE,197109,974,0.150244514560855,0.199327804653707,0.241544993794268,0.289346183676169,0.330173192635005,0.38204830333305,0.444401739220151,0.531633571342355,0.669645009989392
GP_CZ,MONTHLY,NYSE,197110,975,0.149389671614042,0.198616699505207,0.242295182564074,0.289311795587055,0.330567359198306,0.382381643033881,0.444659713180262,0.530020390397432,0.672509366966682
GP_CZ,MONTHLY,NYSE,197111,978,0.149607428913367,0.198482960534149,0.242133947622326,0.289271565732496,0.331059814004754,0.381983585289955,0.443268298810545,0.528568790296424,0.671473418911054
GP_CZ,MONTHLY,NYSE,197112,981,0.148636836793885,0.198683568990736,0.241513987056165,0.289284669397308,0.328505672744732,0.381652975175896,0.440558803852564,0.526862418258751,0.676292387651116
GP_CZ,MONTHLY,NYSE,197201,981,0.148062942854514,0.196895450296042,0.241011958608633,0.287871417568609,0.328403411641478,0.381307342252289,0.438602079298746,0.529706371654873,0.683598679739831
GP_CZ,MONTHLY,NYSE,197202,980,0.149053079372836,0.199542549874697,0.241538103408023,0.287528071349314,0.328454542193105,0.381444830105884,0.439158641845977,0.533134040190631,0.683848509902031
GP_CZ,MONTHLY,NYSE,197203,985,0.148821833495641,0.199542549874697,0.24111236429814,0.286841668821564,0.329433149525715,0.382005157970986,0.439354814318497,0.528786988271754,0.680676162904345
GP_CZ,MONTHLY,NYSE,197204,990,0.148579447399948,0.200076766694233,0.241538103408023,0.287933202554721,0.328266562734591,0.381287898995969,0.439158641845977,0.527230308784895,0.674258482010558
GP_CZ,MONTHLY,NYSE,197205,990,0.149053079372836,0.200076766694233,0.241182357545208,0.286841668821564,0.328266562734591,0.381287898995969,0.440303053160344,0.526727098998856,0.674258482010558
GP_CZ,MONTHLY,NYSE,197206,1004,0.149623902837443,0.20100082727824,0.245107211485803,0.289963349475178,0.335423946834654,0.381333986163301,0.442417893436603,0.52409207757626,0.688453407051965
GP_CZ,MONTHLY,NYSE,197207,1008,0.150183058464921,0.201517911022059,0.245110198375404,0.290655474160684,0.336059621658476,0.382139468799854,0.444601958710562,0.524926817408744,0.691909554372454
GP_CZ,MONTHLY,NYSE,197208,1010,0.150224746130865,0.20189367155323,0.24510448216433,0.290424765932182,0.337168935046556,0.382314537227282,0.443321933826266,0.523978560831415,0.688903402535613
GP_CZ,MONTHLY,NYSE,197209,1014,0.150099683133033,0.202283915396549,0.245109446893691,0.28950910462295,0.337168935046556,0.382801412597019,0.443445455181897,0.52409207757626,0.690767934175325
GP_CZ,MONTHLY,NYSE,197210,1016,0.150141370798977,0.202342038904092,0.245112817303522,0.288818189770132,0.337168935046556,0.382587089621669,0.443552048423295,0.524432627810795,0.692049123957303
GP_CZ,MONTHLY,NYSE,197211,1018,0.150183058464921,0.203448419752832,0.246097697728921,0.289326214327641,0.33751524908911,0.383010447657629,0.445296926351572,0.526118472366614,0.693222322863986
GP_CZ,MONTHLY,NYSE,197212,1022,0.150258416733169,0.206051268588332,0.247653874281571,0.29146810247959,0.339928813952787,0.382943798244239,0.447211330767224,0.523493870861596,0.691635296908552
GP_CZ,MONTHLY,NYSE,197301,1023,0.153747756034397,0.207775053313602,0.248918797794843,0.2922169986755,0.341773371590082,0.382640670365507,0.447758235179165,0.523664903849267,0.691570393821923
GP_CZ,MONTHLY,NYSE,197302,1024,0.154647030162128,0.208148321805173,0.248812133218729,0.292031455817914,0.341784721115664,0.382801412597019,0.447302325653738,0.52361737614172,0.691505490735295
GP_CZ,MONTHLY,NYSE,197303,1025,0.155317525104164,0.207404443361359,0.249234196206071,0.292789167789971,0.343225065364995,0.382207375739607,0.447053111468975,0.523704382143459,0.690067760382267
GP_CZ,MONTHLY,NYSE,197304,1026,0.154043564671555,0.206596998236787,0.249131572881332,0.293230192267061,0.345590615814264,0.382854993340857,0.446735855469955,0.524432627810795,0.691322767648347
GP_CZ,MONTHLY,NYSE,197305,1026,0.154043564671555,0.205914836176218,0.249131572881332,0.293710836757308,0.344747343501314,0.382854993340857,0.445841546265832,0.52525627714071,0.691322767648347
GP_CZ,MONTHLY,NYSE,197306,1046,0.162677199471329,0.219908253180771,0.258006942051569,0.306296981537307,0.353107623769527,0.395844461061853,0.446594317857551,0.5259666208095,0.685824542353776
GP_CZ,MONTHLY,NYSE,197307,1053,0.16302539776788,0.219917850580001,0.258753093698613,0.308978237633231,0.354083041478094,0.397811655306736,0.447653579253973,0.527237744418469,0.688692529932059
GP_CZ,MONTHLY,NYSE,197308,1054,0.162590567536474,0.219895792159859,0.258474397925719,0.308869939169934,0.354167130370369,0.397840625852725,0.451373006102011,0.527808229913894,0.686186844338746
GP_CZ,MONTHLY,NYSE,197309,1057,0.16245379404861,0.218969272290268,0.257435816599285,0.309142206832596,0.354251219262645,0.399442296107769,0.451878881748595,0.52800750276061,0.688186147321515
GP_CZ,MONTHLY,NYSE,197310,1059,0.162807147373611,0.219685778176281,0.258384597291146,0.310675849706819,0.353566683836354,0.39852826507256,0.451502856503301,0.527564704043531,0.683698643718371
GP_CZ,MONTHLY,NYSE,197311,1062,0.162955204902183,0.21949445572407,0.258622725875623,0.310793969647202,0.354167130370369,0.400587272200079,0.452647178571641,0.527594206059296,0.680804381430038
GP_CZ,MONTHLY,NYSE,197312,1065,0.163525569789595,0.21980636144421,0.261368639646519,0.312573903232614,0.354251219262645,0.401783736454302,0.454922290092201,0.530890489229262,0.684973890864371
GP_CZ,MONTHLY,NYSE,197401,1066,0.165532711247001,0.219398794497965,0.261416798996296,0.312753188297074,0.354371028298525,0.402179521578502,0.456432439632717,0.530608839273107,0.680361586772309
GP_CZ,MONTHLY,NYSE,197402,1065,0.165450928849232,0.218495489325682,0.261368639646519,0.31285889250727,0.354490837334406,0.402288566966549,0.455316801082668,0.528607479201795,0.680472285436741
GP_CZ,MONTHLY,NYSE,197403,1066,0.162677199471329,0.219908253180771,0.262815070125893,0.315001127939571,0.35581913327188,0.404667285803762,0.458209360428806,0.53201708905388,0.679738960614496
GP_CZ,MONTHLY,NYSE,197404,1067,0.165614493644771,0.220368428080539,0.265058563878239,0.315134715888405,0.356251508517567,0.404205575763588,0.457588990189244,0.530108499255279,0.679181543162624
GP_CZ,MONTHLY,NYSE,197405,1065,0.166542807981385,0.2203138098163,0.265095778264116,0.315201509862823,0.356147154386333,0.402876485310503,0.457042704568936,0.527649589459007,0.679344304701364
GP_CZ,MONTHLY,NYSE,197406,1069,0.179590334749833,0.233037173085309,0.276733850988104,0.321991134974843,0.362288857211338,0.406668474681328,0.459873479683931,0.521494974229702,0.676268391502876
GP_CZ,MONTHLY,NYSE,197407,1075,0.179929076521628,0.23379484188467,0.277372929619324,0.323001111377199,0.363970649154106,0.40740119532296,0.461106822940489,0.520589057647804,0.674419580404224
GP_CZ,MONTHLY,NYSE,197408,1076,0.179459622630199,0.232225611278294,0.276978621698503,0.321985407913003,0.362278155898294,0.406911951916856,0.461698858588963,0.520436648114004,0.676705106797853
GP_CZ,MONTHLY,NYSE,197409,1077,0.182311487918845,0.233662156122979,0.277037635807202,0.321578913985116,0.361378618515334,0.405595008907629,0.460458169135131,0.520002735008261,0.67364074661989
GP_CZ,MONTHLY,NYSE,197410,1078,0.182316516373136,0.233750164204551,0.27702488178771,0.322008316160361,0.36244383847094,0.40632970341144,0.459432286666928,0.517997300742072,0.673251329727724
GP_CZ,MONTHLY,NYSE,197411,1077,0.182719016321569,0.233662156122979,0.277037635807202,0.322876617215385,0.362916649541737,0.405836643054876,0.459043000455733,0.520002735008261,0.676559535032861
GP_CZ,MONTHLY,NYSE,197412,1079,0.183449323669804,0.235743326733581,0.277735104077422,0.322694399868391,0.363970649154106,0.405915269353818,0.458226528307984,0.52263286829595,0.67003702415012
GP_CZ,MONTHLY,NYSE,197501,1075,0.183213308190874,0.235817586247241,0.277634699291885,0.323058834562378,0.366637405395146,0.405760858102458,0.458403129710066,0.522722198785553,0.670045264022637
GP_CZ,MONTHLY,NYSE,197502,1077,0.182719016321569,0.236395242934859,0.277551130151828,0.323469841534542,0.366004642765024,0.405595008907629,0.458397239315525,0.522676716129052,0.670865333957581
GP_CZ,MONTHLY,NYSE,197503,1076,0.183272312060606,0.2355205481926,0.276526997146121,0.322174458857991,0.36244301993813,0.405586376032001,0.458184341422311,0.518990695056128,0.667402719308571
GP_CZ,MONTHLY,NYSE,197504,1074,0.183154304321141,0.236638712495498,0.276556341403602,0.323540436617458,0.36244301993813,0.407123349196135,0.460973825482173,0.520328106243378,0.671468026600015
GP_CZ,MONTHLY,NYSE,197505,1076,0.182654447223975,0.236882182056138,0.276581986686713,0.323539699951807,0.363154900567632,0.405836512192972,0.45866352583732,0.520255744996294,0.671057991632542
GP_CZ,MONTHLY,NYSE,197506,1082,0.187918381800382,0.246813549114863,0.283440787756007,0.324563441798242,0.362668880056982,0.403847755513588,0.452204241127856,0.512901250151819,0.673405187228916
GP_CZ,MONTHLY,NYSE,197507,1081,0.187835452776395,0.246423540005519,0.283353850362468,0.324120039847252,0.36071517405933,0.403134215918313,0.452055251091547,0.515044819262289,0.673822192788143
GP_CZ,MONTHLY,NYSE,197508,1079,0.187585165409073,0.246564240688454,0.283469766887187,0.324198838567334,0.362379529481083,0.402782315328339,0.451971151093841,0.517888689260587,0.675030229200603
GP_CZ,MONTHLY,NYSE,197509,1080,0.18656944873606,0.246842104415536,0.28498668745536,0.325093209678912,0.365498143242348,0.404500317671214,0.452073661186824,0.522182519587658,0.676926973187531
GP_CZ,MONTHLY,NYSE,197510,1079,0.186554881532338,0.246745634866281,0.284046205713546,0.324847286709476,0.365159271816255,0.404738058420925,0.452298455520494,0.522568613905076,0.67693925107562
GP_CZ,MONTHLY,NYSE,197511,1078,0.187460021725411,0.247257189108208,0.283680636590091,0.324564197829297,0.363797020821675,0.404924975716428,0.452836341074168,0.523570446848728,0.677141556670254
GP_CZ,MONTHLY,NYSE,197512,1079,0.190537199232054,0.246745634866281,0.283386943003893,0.324847286709476,0.3649402575666,0.405721747815599,0.454258695579383,0.520398715240809,0.677529674560951
GP_CZ,MONTHLY,NYSE,197601,1081,0.190265632191466,0.246658041143744,0.283436581966031,0.325078415639361,0.365159271816255,0.406331422615946,0.454401008827238,0.524899384919128,0.677429692106545
GP_CZ,MONTHLY,NYSE,197602,1081,0.190265632191466,0.246423540005519,0.283436581966031,0.325081961784283,0.365837014668441,0.406528068790988,0.454401008827238,0.524899384919128,0.677929604378575
GP_CZ,MONTHLY,NYSE,197603,1078,0.19050325335198,0.246716436958769,0.283457287936855,0.32517955126884,0.366231632655115,0.408393814823027,0.454629601011539,0.524988212369944,0.678188208698912
GP_CZ,MONTHLY,NYSE,197604,1077,0.19022116625646,0.246687239051257,0.283602229732618,0.325443135139792,0.366441946800264,0.409686779167001,0.456759384483572,0.524824441447347,0.677629657015357
GP_CZ,MONTHLY,NYSE,197605,1075,0.19040141571176,0.246611140916099,0.283684384778728,0.325160431544616,0.366441946800264,0.411448840101889,0.458540947252443,0.5249289940694,0.677729639469763
GP_CZ,MONTHLY,NYSE,197606,1080,0.171901963885384,0.232419938473477,0.277544194365657,0.321600458818287,0.361202347717241,0.413755573402185,0.461767175147714,0.538663826884748,0.678058381233468
GP_CZ,MONTHLY,NYSE,197607,1085,0.171935798405736,0.232419938473477,0.277647908145905,0.322140509163964,0.362367007663907,0.414834826156906,0.464318056051451,0.544844213770701,0.692655856208556
GP_CZ,MONTHLY,NYSE,197608,1084,0.172494201238069,0.231692148895473,0.278590657138466,0.323039613051097,0.363112100046176,0.415275794098739,0.467016263110043,0.54520032450713,0.694142203400611
GP_CZ,MONTHLY,NYSE,197609,1086,0.172864856993283,0.232569983661188,0.278937000201164,0.324816913543427,0.363674606636896,0.416975398576364,0.46891616521747,0.546633033193565,0.69587219708413
GP_CZ,MONTHLY,NYSE,197610,1090,0.173651456941241,0.233528563567226,0.280112164568406,0.325851124655784,0.364170931286824,0.41756721082438,0.470598545116993,0.552836670689994,0.699775871300823
GP_CZ,MONTHLY,NYSE,197611,1094,0.174208563789253,0.232737769662762,0.27982401513953,0.325967948907797,0.366518418327413,0.418187395450652,0.470923894032574,0.554477249401278,0.702869202908228
GP_CZ,MONTHLY,NYSE,197612,1098,0.174764653666499,0.232681840995571,0.280754766324182,0.325664257444765,0.36574767822474,0.418368686424801,0.471446096425761,0.558021144796093,0.715133711386735
GP_CZ,MONTHLY,NYSE,197701,1096,0.174486608727876,0.232569983661188,0.28088326323909,0.32632513046012,0.366518418327413,0.419070124414283,0.471184995229168,0.559273034211706,0.719152742993582
GP_CZ,MONTHLY,NYSE,197702,1091,0.175181721074434,0.232849626997145,0.281414843590268,0.325878653519716,0.366537236160892,0.418631263662605,0.47151137172491,0.55562487003535,0.718775439473196
GP_CZ,MONTHLY,NYSE,197703,1089,0.17545996520134,0.234678186321805,0.283741850542501,0.327779890153473,0.36719723700431,0.418989170918348,0.470607565592432,0.557084135705893,0.71704246781691
GP_CZ,MONTHLY,NYSE,197704,1090,0.175494745717203,0.234558539284489,0.284853512729347,0.327211114099504,0.368415808906512,0.418434330734252,0.471054444630871,0.556354502870622,0.715795571906305
GP_CZ,MONTHLY,NYSE,197705,1089,0.17545996520134,0.234678186321805,0.284600576287377,0.327359054964424,0.369089125527414,0.419350714792425,0.474976101013689,0.559971674527599,0.717088435758125
GP_CZ,MONTHLY,NYSE,197706,1099,0.190869616155844,0.248006302398083,0.301652881632282,0.339605336658029,0.387072542766667,0.439025165198392,0.492500082539532,0.560137993319167,0.720046212696913
GP_CZ,MONTHLY,NYSE,197707,1103,0.190115593215084,0.246839971646368,0.301387660414795,0.339386855409128,0.386800345533571,0.439230115468162,0.49328875879883,0.560262943816835,0.726626830520203
GP_CZ,MONTHLY,NYSE,197708,1102,0.189998444117538,0.247181591941666,0.300919278107093,0.339099809900628,0.38681358888232,0.439264062844797,0.492543237791398,0.560387894314502,0.726722134675381
GP_CZ,MONTHLY,NYSE,197709,1102,0.190046711324249,0.247766431326778,0.3016513696815,0.339680295152679,0.388180515591281,0.439346715817351,0.496685910307068,0.567006029865031,0.726722134675381
GP_CZ,MONTHLY,NYSE,197710,1102,0.189387216991645,0.247766431326778,0.3016513696815,0.339099809900628,0.387312292835595,0.439346715817351,0.497307681662382,0.567006029865031,0.729525839182244
GP_CZ,MONTHLY,NYSE,197711,1100,0.191370041758311,0.248992347320581,0.301691831159142,0.34086610687597,0.388180515591281,0.440134032718393,0.498324342331669,0.570673632062656,0.730369921042632
GP_CZ,MONTHLY,NYSE,197712,1098,0.189716602343876,0.251257465754166,0.301733111338107,0.341758048175133,0.388350144225442,0.441533829134462,0.498966864407189,0.574067647597243,0.726150309744309
GP_CZ,MONTHLY,NYSE,197801,1097,0.189661704785171,0.250676542092733,0.301696099419452,0.341596775872868,0.38880898827804,0.44136530181994,0.499111571366372,0.578286626205187,0.726245613899488
GP_CZ,MONTHLY,NYSE,197802,1093,0.189327809842266,0.24966833506574,0.300371348514965,0.340627262565119,0.387072542766667,0.440775996558943,0.499159686775413,0.579323059180025,0.726626830520203
GP_CZ,MONTHLY,NYSE,197803,1097,0.192330179603427,0.251695413766499,0.300408060235323,0.34034726809415,0.386734526050328,0.44042207139652,0.500058068991974,0.578286626205187,0.73141799297549
GP_CZ,MONTHLY,NYSE,197804,1099,0.192985337189016,0.248581080419743,0.299865085869047,0.339605336658029,0.38613547699864,0.440260921828446,0.499633669819802,0.581184971347153,0.732685828622247
GP_CZ,MONTHLY,NYSE,197805,1097,0.193003426717129,0.251190119491994,0.300631515776847,0.341121963940581,0.386068436888245,0.439852540096949,0.500058068991974,0.581285354200733,0.728098688791008
GP_CZ,MONTHLY,NYSE,197806,1096,0.190469421559287,0.251004318279171,0.300448351567883,0.346801457314472,0.390750867514747,0.443568606651234,0.503785890910355,0.585630701021187,0.734598477446025
GP_CZ,MONTHLY,NYSE,197807,1095,0.190417793269208,0.250706594188144,0.30031044146933,0.347039027918241,0.392102366111576,0.443765554646625,0.504112508322397,0.587206301153254,0.735067841264988
GP_CZ,MONTHLY,NYSE,197808,1096,0.190469421559287,0.251004318279171,0.300892890677677,0.347439969833123,0.394467005103825,0.444046589754562,0.504194306910765,0.587135642470388,0.734978166257081
GP_CZ,MONTHLY,NYSE,197809,1097,0.190521049849365,0.251372523958969,0.300945437782755,0.347563777481444,0.392610444232954,0.445839110892007,0.507488313599623,0.588646448364554,0.734888491249173
GP_CZ,MONTHLY,NYSE,197810,1098,0.191701292526887,0.251497846308793,0.300822827870906,0.347687585129764,0.392356405172265,0.446244155726661,0.508018459410355,0.591339281366488,0.734798816241266
GP_CZ,MONTHLY,NYSE,197811,1095,0.190417793269208,0.249390235562605,0.2996544852875,0.346565279507241,0.392067782749926,0.447236863287041,0.509582900915986,0.592377311556374,0.735067841264988
GP_CZ,MONTHLY,NYSE,197812,1098,0.189424933756379,0.25011114600609,0.299632005561156,0.349239948634483,0.395772379048827,0.447223246400438,0.508753131614684,0.593637325440983,0.735681917390012
GP_CZ,MONTHLY,NYSE,197901,1100,0.191979500960376,0.25174849100844,0.300540291633585,0.351208196015551,0.39605526709222,0.445757272698076,0.508307340529671,0.595283319694752,0.736282966649327
GP_CZ,MONTHLY,NYSE,197902,1091,0.192289864196421,0.251004318279171,0.300805312169214,0.351726800118312,0.398139722226366,0.446002787279868,0.50977176861277,0.595531525619906,0.736277794941261
GP_CZ,MONTHLY,NYSE,197903,1085,0.19254181267818,0.251198624943151,0.299911158759327,0.35272646415804,0.399240190460584,0.448291409587427,0.511689637521426,0.597110556356087,0.737123686024584
GP_CZ,MONTHLY,NYSE,197904,1084,0.19235209654986,0.251623168658617,0.30018008357309,0.353204105511723,0.400836524934013,0.448644058873064,0.512486973558568,0.596193810924983,0.739395581531298
GP_CZ,MONTHLY,NYSE,197905,1085,0.192372840667674,0.25174849100844,0.30089924247948,0.353476454717692,0.401210804905646,0.448291409587427,0.512215481736605,0.595283319694752,0.736472524364081
GP_CZ,MONTHLY,NYSE,197906,1087,0.197154923233491,0.259171932565647,0.305701824825112,0.357261635214315,0.400203490871572,0.445943767544362,0.511688538693157,0.596541161631015,0.747148494764095
GP_CZ,MONTHLY,NYSE,197907,1082,0.19686837799943,0.259171932565647,0.305118564104742,0.357055741055497,0.399772213355603,0.446691958613389,0.51065563012982,0.595721421817854,0.742211340508172
GP_CZ,MONTHLY,NYSE,197908,1077,0.197154923233491,0.259424336229499,0.304690327986342,0.357055741055497,0.399472103394921,0.446950562612115,0.511381933415073,0.595721421817854,0.742549323859994
GP_CZ,MONTHLY,NYSE,197909,1076,0.197097614186679,0.259102571056183,0.30427131721658,0.355618707300529,0.398377622245377,0.446832596727921,0.512393853727274,0.595221268213464,0.743018594867173
GP_CZ,MONTHLY,NYSE,197910,1078,0.197212232280303,0.259058862280526,0.303997430964864,0.354438808459128,0.398196689423775,0.446551320498856,0.511277975972802,0.59340457328112,0.7424732029027
GP_CZ,MONTHLY,NYSE,197911,1080,0.196689736097814,0.259088001464297,0.303712400763044,0.354438413180926,0.39785433131983,0.446621639556122,0.512365526008687,0.594712131490697,0.742320960988112
GP_CZ,MONTHLY,NYSE,197912,1081,0.19738415942074,0.259029723096755,0.304165425191527,0.354276791767803,0.396110307860493,0.446832596727921,0.512323034430807,0.594584847310005,0.741256268185476
GP_CZ,MONTHLY,NYSE,198001,1080,0.195591866040899,0.259088001464297,0.305354986617074,0.353845798492231,0.395888263549602,0.447120439317647,0.512365526008687,0.597531430273909,0.739560566110004
GP_CZ,MONTHLY,NYSE,198002,1074,0.197586671650111,0.259297865955453,0.306280932118041,0.354309274161709,0.39604464906428,0.448411638253197,0.512531979903883,0.599030347733971,0.739147207200493
GP_CZ,MONTHLY,NYSE,198003,1072,0.195021962329823,0.25904429268864,0.305704943049296,0.354605190916875,0.395599913117638,0.451112377377756,0.514002079719473,0.598588116074885,0.737944718292811
GP_CZ,MONTHLY,NYSE,198004,1070,0.195481548496866,0.259088001464297,0.305229194355692,0.352175982517373,0.394582127311526,0.450626337885741,0.512250988496513,0.598985346204591,0.738174131631055
GP_CZ,MONTHLY,NYSE,198005,1065,0.197654175726568,0.258895295795079,0.305672059325873,0.352175982517373,0.394611087847491,0.450626337885741,0.511518496694913,0.598985346204591,0.739072224677896
GP_CZ,MONTHLY,NYSE,198006,1071,0.192522089175451,0.25824640100146,0.305606291879026,0.352959404619196,0.396325048278105,0.449654258901711,0.517404595207573,0.59525818801682,0.731953597334767
GP_CZ,MONTHLY,NYSE,198007,1073,0.19259867538657,0.257894818022852,0.305427969364338,0.354495821483796,0.397384252275913,0.450911179883994,0.518681468287873,0.598478407497056,0.731620885190997
GP_CZ,MONTHLY,NYSE,198008,1075,0.193356731068597,0.257942744137236,0.30526160789553,0.355100742949773,0.398304555186527,0.451713043414872,0.520606285905872,0.597779778390409,0.730288574361615
GP_CZ,MONTHLY,NYSE,198009,1077,0.192751847808806,0.258022645955835,0.3038412060064,0.353197979108034,0.397367987366132,0.448296225132911,0.520966677991781,0.598709376086133,0.730287843234463
GP_CZ,MONTHLY,NYSE,198010,1072,0.193017947940432,0.256937503369546,0.304250891920044,0.353197979108034,0.397760770886819,0.44770063426995,0.519461631354035,0.597590772883721,0.731787241262882
GP_CZ,MONTHLY,NYSE,198011,1073,0.194058099517993,0.258116963633729,0.305427969364338,0.354495821483796,0.398304555186527,0.448205523817752,0.521192591404984,0.596616943597121,0.734372605782115
GP_CZ,MONTHLY,NYSE,198012,1071,0.195145141531272,0.258030672055242,0.305178427161126,0.352794108733863,0.399580500428627,0.44838692644807,0.521813690073069,0.597778347555555,0.735540953744064
GP_CZ,MONTHLY,NYSE,198101,1070,0.195515240941144,0.259086049594968,0.305671769903113,0.354630752628521,0.399719757090378,0.450165225108257,0.523027701181145,0.597779778390409,0.736301205164024
GP_CZ,MONTHLY,NYSE,198102,1067,0.1936307594696,0.258073817844486,0.305163459031096,0.352860227087996,0.399580500428627,0.448296225132911,0.522972367104464,0.595150195780115,0.735669467619534
GP_CZ,MONTHLY,NYSE,198103,1062,0.19312633715044,0.25933341992569,0.305627519005989,0.355260983302905,0.399619835163974,0.450629881218782,0.522301162126414,0.595150195780115,0.734561166449454
GP_CZ,MONTHLY,NYSE,198104,1058,0.191561819441018,0.257164850504277,0.30586185566439,0.353717888774781,0.39784440373122,0.448357279234106,0.521760624889216,0.593537200079605,0.733429802445415
GP_CZ,MONTHLY,NYSE,198105,1054,0.191897683420411,0.257957159996532,0.305672470589799,0.353078691863615,0.398620639190805,0.445414339441352,0.521883328937833,0.591932080195917,0.732650332859189
GP_CZ,MONTHLY,NYSE,198106,1057,0.181054917786037,0.246506593856699,0.296271715961002,0.34408366308248,0.394832620129614,0.443602468163222,0.518066981163438,0.588268253070026,0.728915418161247
GP_CZ,MONTHLY,NYSE,198107,1056,0.179481940880571,0.245586055347842,0.296335380685544,0.344959382671779,0.393806744320087,0.443670012547051,0.514270556721034,0.591292855170237,0.731120583674779
GP_CZ,MONTHLY,NYSE,198108,1054,0.174373834389302,0.245190554510612,0.296116799637834,0.343159165208578,0.391799189756227,0.443501216640925,0.513467367952741,0.591411794776994,0.731532948269951
GP_CZ,MONTHLY,NYSE,198109,1052,0.173540847309673,0.245147117501409,0.296753810417111,0.34408366308248,0.390947513645102,0.443667687713384,0.513419170999856,0.592928896817516,0.729893963182582
GP_CZ,MONTHLY,NYSE,198110,1052,0.173477244216021,0.245147117501409,0.297300028519284,0.345471293856002,0.391799189756227,0.443667687713384,0.513278555307292,0.593456835037331,0.727883739488469
GP_CZ,MONTHLY,NYSE,198111,1049,0.17348613780507,0.245190554510612,0.29740304381104,0.343159165208578,0.39079978072963,0.443501216640925,0.51197813423165,0.59270039507144,0.730502036782021
GP_CZ,MONTHLY,NYSE,198112,1051,0.17401036362212,0.245586055347842,0.296504637459531,0.343499850022948,0.390488736661836,0.445157933080085,0.512418004043071,0.592471893325365,0.732151495162709
GP_CZ,MONTHLY,NYSE,198201,1047,0.176980548391897,0.245280262597122,0.296923219150613,0.34408366308248,0.390929520001994,0.445118621498001,0.511025756054373,0.588267924576854,0.728915418161247
GP_CZ,MONTHLY,NYSE,198202,1044,0.175500341275968,0.245190554510612,0.296637412405261,0.345215338263891,0.390644258695733,0.445138277289043,0.510989184371855,0.5927743082381,0.731532948269951
GP_CZ,MONTHLY,NYSE,198203,1042,0.173540847309673,0.245489488594651,0.298460102580924,0.343722222802288,0.390434933527271,0.445118621498001,0.512088101684505,0.592953534539735,0.731945312865123
GP_CZ,MONTHLY,NYSE,198204,1036,0.174033895390922,0.245465346906354,0.297506059102797,0.344055781971298,0.390864650365812,0.445157933080085,0.511868166778795,0.592595081936464,0.731120583674779
GP_CZ,MONTHLY,NYSE,198205,1033,0.174314818493391,0.24532653367443,0.297609074394553,0.344778662531682,0.390488736661836,0.445253835962929,0.511124590915549,0.592863921388918,0.729698254178315
GP_CZ,MONTHLY,NYSE,198206,1042,0.172846304617559,0.238843031775091,0.294114953462949,0.342277804412544,0.388923299214129,0.450181335919069,0.512404397809669,0.593367221886513,0.733592295029245
GP_CZ,MONTHLY,NYSE,198207,1036,0.173166078346547,0.239366847162835,0.296159071839551,0.34292313317477,0.389670186012928,0.454821914523331,0.51415508347685,0.595874692206279,0.737207068480919
GP_CZ,MONTHLY,NYSE,198208,1034,0.174370549096505,0.240088468026198,0.295886174693125,0.343058722403503,0.389812752720938,0.45431404986332,0.513619954321401,0.596681474499637,0.740135499743713
GP_CZ,MONTHLY,NYSE,198209,1028,0.173211436807468,0.239060753951241,0.295225291518303,0.343023453858923,0.389470535841029,0.452095550302816,0.512234928123514,0.595105861194215,0.738735570943216
GP_CZ,MONTHLY,NYSE,198210,1021,0.173279474498849,0.238938216578103,0.295751221873062,0.343034600683967,0.389883586046897,0.454821914523331,0.513586098084531,0.596833269433137,0.738887730189304
GP_CZ,MONTHLY,NYSE,198211,1018,0.173211436807468,0.238866827975844,0.294048596494943,0.342878778140968,0.390691761926119,0.452790455883287,0.513517423027922,0.596449838542394,0.738735570943216
GP_CZ,MONTHLY,NYSE,198212,1016,0.166717020046853,0.237893187329406,0.292780135793106,0.341025078348409,0.389812752720938,0.450721642498984,0.513755379268877,0.596833269433137,0.739670308980962
GP_CZ,MONTHLY,NYSE,198301,1011,0.166515482577518,0.238819235574337,0.293615853734582,0.340984974958264,0.389883586046897,0.452048790072701,0.513586098084531,0.597447855401298,0.740670258124173
GP_CZ,MONTHLY,NYSE,198302,1008,0.169703149210728,0.238041417697222,0.293155411001755,0.340549446746518,0.389812752720938,0.450987072013727,0.513517423027922,0.597202021014034,0.739849647397862
GP_CZ,MONTHLY,NYSE,198303,1005,0.165711120287883,0.236149658367583,0.292565515157043,0.339859444253033,0.389883586046897,0.452142310532931,0.513856947979485,0.594337030182152,0.739166918187051
GP_CZ,MONTHLY,NYSE,198304,1002,0.165367546838359,0.234216998243798,0.292331591912404,0.340344364791693,0.391308888187077,0.454923505533708,0.515413889237721,0.595490276700248,0.74158683425555
GP_CZ,MONTHLY,NYSE,198305,1005,0.164281221975585,0.233995003144502,0.292313816344447,0.34003068219734,0.391472090690677,0.454889641863582,0.516377371346596,0.596956186626769,0.742455110609472
GP_CZ,MONTHLY,NYSE,198306,1014,0.147612611656655,0.207513514909641,0.26685918228299,0.322743684239866,0.376247040355073,0.442220056893918,0.510745742287452,0.588243161467359,0.732750338123454
GP_CZ,MONTHLY,NYSE,198307,1015,0.147669550230633,0.207234695133458,0.266507079321098,0.322469228533653,0.377034110584217,0.442173540328573,0.51165809833733,0.588493347212281,0.735858373733732
GP_CZ,MONTHLY,NYSE,198308,1013,0.147555673082677,0.207052922609675,0.266402657655534,0.322514435710159,0.377114037788125,0.441480047870089,0.512613848962944,0.589539607993058,0.735148079178463
GP_CZ,MONTHLY,NYSE,198309,1011,0.147057695489756,0.205779827915524,0.266369803652013,0.322009078928101,0.378772229629491,0.442127023763227,0.512625722736086,0.59073597440089,0.735509955598494
GP_CZ,MONTHLY,NYSE,198310,1008,0.146544215330083,0.205369844590321,0.266375279319266,0.32186598373981,0.378834289889204,0.441480047870089,0.512515510046424,0.594823895890862,0.735684164666113
GP_CZ,MONTHLY,NYSE,198311,1005,0.147211335667742,0.205482885671597,0.264560518038354,0.321722888551519,0.377114037788125,0.440720679128504,0.512425086978666,0.595449858810835,0.734786202758432
GP_CZ,MONTHLY,NYSE,198312,1009,0.145043137615554,0.205426365130959,0.264015586554772,0.319581352190451,0.374561206088559,0.434655994082387,0.50965751734183,0.59350778970786,0.733725642921101
GP_CZ,MONTHLY,NYSE,198401,1010,0.145317342347721,0.20604279761802,0.265775273043551,0.319982142737818,0.374477481784395,0.435302656206022,0.510792543111618,0.595449858810835,0.7355680252877
GP_CZ,MONTHLY,NYSE,198402,1009,0.145043137615554,0.206347562979989,0.266232889893369,0.319753174278539,0.374393757480231,0.435936070499924,0.511614494238063,0.596167509794848,0.732128300621967
GP_CZ,MONTHLY,NYSE,198403,1004,0.143125549710282,0.203547146776147,0.261242278647884,0.314049563405163,0.371915880957541,0.431462997678559,0.50368706751284,0.595520675749834,0.731374599356628
GP_CZ,MONTHLY,NYSE,198404,1003,0.144265945300861,0.203573316772059,0.263512379101973,0.315458982778941,0.372946636362399,0.430031184228785,0.502592813051439,0.595678369334437,0.731494810372043
GP_CZ,MONTHLY,NYSE,198405,1000,0.144128851597386,0.20357064662798,0.262614687330039,0.315443026145542,0.372916676757878,0.430526221032778,0.5013533975692,0.595362982165232,0.732786101488304
GP_CZ,MONTHLY,NYSE,198406,1010,0.145118310723935,0.199935640702803,0.257153042983203,0.315899588833126,0.367932050390164,0.424079697493879,0.491838360308401,0.595695541881076,0.728627943520436
GP_CZ,MONTHLY,NYSE,198407,1008,0.143617618077634,0.199869870687288,0.257703867797413,0.316576649833827,0.369031746939603,0.42349255011637,0.49196975257786,0.593704808010453,0.727619337634536
GP_CZ,MONTHLY,NYSE,198408,1005,0.144508432161484,0.200348321037746,0.258129401201339,0.315233741713561,0.366936933338659,0.421968234979203,0.491947853866284,0.589555178845049,0.726927190160911
GP_CZ,MONTHLY,NYSE,198409,1007,0.143425786822555,0.201008248832805,0.257605147466772,0.316402949503949,0.366936933338659,0.422469443184182,0.49144868201388,0.588348882652961,0.726746862575741
GP_CZ,MONTHLY,NYSE,198410,1003,0.14265846180224,0.201869696091003,0.256613546578018,0.31496564668895,0.36672549903598,0.425904239566899,0.489937192891441,0.587057637311042,0.727107517746079
GP_CZ,MONTHLY,NYSE,198411,999,0.140359473518891,0.200643109045394,0.256952668836042,0.314798430458495,0.367546364196513,0.426093539388375,0.490752317283297,0.586015375402791,0.728863067365331
GP_CZ,MONTHLY,NYSE,198412,992,0.139501248271801,0.201847626950167,0.258480454656327,0.316452968829166,0.373074281237688,0.428103461397064,0.491804461844786,0.590794231997561,0.732357424611619
GP_CZ,MONTHLY,NYSE,198501,990,0.139887470447105,0.202102356446433,0.26079138887256,0.317596082368903,0.373631809433968,0.429017304283618,0.492381015123634,0.594298342049024,0.731804364870512
GP_CZ,MONTHLY,NYSE,198502,990,0.139354699486485,0.201913834372675,0.259086450843088,0.317794501639194,0.373631809433968,0.429017304283618,0.491554875918584,0.593262212584093,0.73245235072005
GP_CZ,MONTHLY,NYSE,198503,984,0.142642353275258,0.202531554892293,0.261586460232147,0.316895076667198,0.375936122522784,0.430391516871492,0.493560344067627,0.594449280661233,0.730038686589802
GP_CZ,MONTHLY,NYSE,198504,984,0.143672363112502,0.203509102566564,0.261354888908733,0.316895076667198,0.373025444321136,0.429880402959759,0.491430082955483,0.594165702098762,0.730038686589802
GP_CZ,MONTHLY,NYSE,198505,982,0.144180485104121,0.2032349169456,0.261482101304567,0.317001605022586,0.373430199333704,0.430497383371408,0.491804461844786,0.594760307216626,0.728282322241112
GP_CZ,MONTHLY,NYSE,198506,992,0.156523863456449,0.210241760646914,0.273643630203451,0.3285133956471,0.387548956323129,0.443909253035804,0.509952790359452,0.597083302346623,0.727197681538664
GP_CZ,MONTHLY,NYSE,198507,988,0.156196139815819,0.210061923257044,0.272965869748582,0.327609572080325,0.387153810986316,0.444910290641241,0.508773587580645,0.596039373799906,0.723065277190923
GP_CZ,MONTHLY,NYSE,198508,988,0.156982737605612,0.211294540149619,0.272965869748582,0.327609572080325,0.387548956323129,0.446483110905245,0.510549512381179,0.596039373799906,0.723065277190923
GP_CZ,MONTHLY,NYSE,198509,986,0.156028643405306,0.209591401012694,0.272438430465953,0.325068191159437,0.385245703371471,0.444574907092862,0.510799356546199,0.597217661342112,0.724811221513648
GP_CZ,MONTHLY,NYSE,198510,980,0.155581588954013,0.209532409843977,0.272227399191869,0.323690413288411,0.383819768400738,0.442274434783202,0.510776751583018,0.594654819139709,0.725263938639064
GP_CZ,MONTHLY,NYSE,198511,977,0.15556352679612,0.208790321838776,0.271599972689518,0.323037648645422,0.382295147153847,0.442852171126463,0.510765449101427,0.595856657231044,0.723168802923085
GP_CZ,MONTHLY,NYSE,198512,976,0.155599797293949,0.20929644516911,0.26786839891744,0.318250435913349,0.379762404336249,0.441943944398582,0.506469872038582,0.594100520864012,0.718097093915755
GP_CZ,MONTHLY,NYSE,198601,966,0.154277729875561,0.207311625125687,0.264999909394449,0.316050785716343,0.376634042094958,0.437983324351442,0.504262727532409,0.585215572780148,0.717177948554785
GP_CZ,MONTHLY,NYSE,198602,961,0.15371976266545,0.207311625125687,0.265086284069859,0.316050785716343,0.376292637351731,0.437983324351442,0.505522144718044,0.585215572780148,0.717006222655338
GP_CZ,MONTHLY,NYSE,198603,960,0.155457749214158,0.209532409843977,0.267626662977752,0.316401246562066,0.373458920187138,0.436865969579195,0.497889425315376,0.585902357749929,0.717499158346537
GP_CZ,MONTHLY,NYSE,198604,955,0.155550444089743,0.21102683272425,0.26879673070557,0.318064031707988,0.376292637351731,0.436206997127633,0.498535529920116,0.582874381801863,0.719675538492949
GP_CZ,MONTHLY,NYSE,198605,951,0.155609902379024,0.211187463175961,0.268791501257787,0.31809726692446,0.376292637351731,0.435248342364489,0.498145652287094,0.582376107646866,0.718844513377278
GP_CZ,MONTHLY,NYSE,198606,958,0.136505951618562,0.196968275390863,0.253504547740067,0.305262303531404,0.357862139111963,0.418916012280286,0.481083525587703,0.563011124922249,0.716201215935692
GP_CZ,MONTHLY,NYSE,198607,951,0.136678016230938,0.197776590584778,0.25345874174132,0.305974178403756,0.359540328049233,0.422879296287682,0.482328274760383,0.565557508660478,0.712885348468374
GP_CZ,MONTHLY,NYSE,198608,949,0.136563306489354,0.198655707490984,0.253929739003074,0.306005475915285,0.35784204848331,0.422325011309876,0.481061090720905,0.564367020460929,0.710094203920328
GP_CZ,MONTHLY,NYSE,198609,953,0.136739751144584,0.197821738072984,0.253733577733805,0.306678044119982,0.359907057790872,0.424056199516643,0.48104613414304,0.565305013772874,0.712187562331363
GP_CZ,MONTHLY,NYSE,198610,951,0.136986690799168,0.19642939859492,0.253916801728795,0.306814888659627,0.359907057790872,0.424238483794415,0.48101622098731,0.563573361661229,0.715856213055844
GP_CZ,MONTHLY,NYSE,198611,943,0.137037136389472,0.196176402216192,0.25241864356493,0.308768109782117,0.360679735234216,0.424594671590119,0.4811254166969,0.565305013772874,0.716850644758543
GP_CZ,MONTHLY,NYSE,198612,945,0.134954672168586,0.192600825437579,0.252249462233448,0.309667052288399,0.362043591001472,0.424853574238063,0.482098026993766,0.565564322269623,0.719196410857752
GP_CZ,MONTHLY,NYSE,198701,928,0.133948457645355,0.191460806963692,0.252216069967677,0.310788745322337,0.367240449799804,0.425383656437784,0.481168432722231,0.564385107529373,0.717691739595252
GP_CZ,MONTHLY,NYSE,198702,924,0.132315200223109,0.191219897993031,0.251863685863752,0.309650162425494,0.366247382525817,0.424773288584177,0.481099607081702,0.565178766329073,0.718481722143299
GP_CZ,MONTHLY,NYSE,198703,924,0.132315200223109,0.190553933137652,0.251583837076586,0.312051799488784,0.3632225510237,0.423784362015296,0.481292159810606,0.566894215749155,0.718481722143299
GP_CZ,MONTHLY,NYSE,198704,926,0.131330152594713,0.190592074288436,0.251758187593308,0.311924485732343,0.362357246863264,0.424238483794415,0.480913364134911,0.570169954461157,0.719287871368395
GP_CZ,MONTHLY,NYSE,198705,924,0.130926726757767,0.190553933137652,0.252153415974852,0.312824862276748,0.362357246863264,0.424192912724972,0.481292159810606,0.570410726595025,0.719572151796192
GP_CZ,MONTHLY,NYSE,198706,936,0.120454422464392,0.186501531830175,0.248509847223966,0.302989238288559,0.35836870890325,0.419135022256416,0.472062662303749,0.562687815094746,0.728190396108786
GP_CZ,MONTHLY,NYSE,198707,931,0.119881306286375,0.185396092398425,0.24853630494384,0.303084662927429,0.358800606191816,0.41855926241899,0.473678274990978,0.568848174313589,0.735651350969551
GP_CZ,MONTHLY,NYSE,198708,928,0.119698578724575,0.184930964039479,0.248488681048067,0.304089073185354,0.359762841219676,0.418674414386476,0.476765847295787,0.567545535270633,0.734290178215231
GP_CZ,MONTHLY,NYSE,198709,927,0.122378974746809,0.186802722342,0.250110917092327,0.30490482263947,0.36070128969973,0.418904718321446,0.476430497732651,0.56765401027269,0.733101904939369
GP_CZ,MONTHLY,NYSE,198710,925,0.121928496045342,0.186490405598009,0.250553162520758,0.30503477399596,0.358824392739622,0.418789566353961,0.476717940215339,0.563709709206331,0.733303542780706
GP_CZ,MONTHLY,NYSE,198711,918,0.120500941373799,0.185512981831387,0.248733131462401,0.30355896224908,0.358448903685156,0.41914246356647,0.476288712630727,0.562164421475736,0.72585579810807
GP_CZ,MONTHLY,NYSE,198712,920,0.12603759411671,0.18769516764531,0.251129321234406,0.305867853347266,0.359013984260912,0.419662089180669,0.482272994690742,0.572709054110041,0.72582398238295
GP_CZ,MONTHLY,NYSE,198801,919,0.126806642980708,0.185921107006814,0.250601754912067,0.305485735588383,0.358812368437445,0.419333410824375,0.484986237609559,0.564148126943825,0.723495741033813
GP_CZ,MONTHLY,NYSE,198802,919,0.125734725297587,0.185921107006814,0.250601754912067,0.304965930162422,0.358812368437445,0.418344179216863,0.48297328799305,0.562136236292174,0.723495741033813
GP_CZ,MONTHLY,NYSE,198803,923,0.127015458357647,0.187070534157329,0.249717264055205,0.302275739990071,0.357115310451215,0.418296455798482,0.477544895086228,0.564478308518716,0.725229991148747
GP_CZ,MONTHLY,NYSE,198804,922,0.127583737963543,0.186758217413338,0.247562555272977,0.300328134140691,0.355908561817767,0.417734318625303,0.476682397831017,0.562192606659297,0.720068074297731
GP_CZ,MONTHLY,NYSE,198805,916,0.128380530535614,0.188007484389301,0.247683054708705,0.300166829884464,0.355405741050689,0.415479825139645,0.476594826800872,0.562220791842859,0.719703187512807
GP_CZ,MONTHLY,NYSE,198806,927,0.143166094087986,0.198264338169209,0.246058686716487,0.306803600081794,0.362028474974314,0.41850969187572,0.484555386531238,0.559212346987191,0.696631439236909
GP_CZ,MONTHLY,NYSE,198807,924,0.143335960062624,0.199242972604707,0.247440093092337,0.302426074833065,0.361824802919505,0.419638255168788,0.483074828939848,0.558903827227686,0.697769006658319
GP_CZ,MONTHLY,NYSE,198808,920,0.14328295787544,0.198674789391178,0.246947086057376,0.301931682266554,0.361934687871631,0.420996991184554,0.48311098644949,0.563962309051273,0.697484709190608
GP_CZ,MONTHLY,NYSE,198809,919,0.14327715920972,0.198111348883056,0.248261646814281,0.307325550492062,0.363536459995037,0.422090096798173,0.484988754630712,0.564777704822206,0.698459327198722
GP_CZ,MONTHLY,NYSE,198810,919,0.14327715920972,0.198111348883056,0.248861612376192,0.307963649483,0.364884879121001,0.422090096798173,0.484988754630712,0.566610677381886,0.70975128275453
GP_CZ,MONTHLY,NYSE,198811,914,0.143490405354441,0.199237871419572,0.249606539672712,0.307963649483,0.36327606205956,0.421550994883881,0.485476098658959,0.567751540152586,0.714215959592648
GP_CZ,MONTHLY,NYSE,198812,906,0.143259763212561,0.198664587020908,0.250871785763916,0.307174835353105,0.362427784070723,0.419276526978509,0.482246285815476,0.564447133944035,0.706442673940107
GP_CZ,MONTHLY,NYSE,198901,901,0.143104732735964,0.198664587020908,0.251438949859364,0.308525601760476,0.362827093167133,0.419276526978509,0.481417904784593,0.567522755534862,0.706724875076448
GP_CZ,MONTHLY,NYSE,198902,898,0.143094037033381,0.198364400382133,0.24964310755828,0.309497933781691,0.362910221050108,0.419705160347302,0.481410863134792,0.567617395488575,0.706329793485571
GP_CZ,MONTHLY,NYSE,198903,895,0.143083341330798,0.197318802042488,0.248260305572715,0.309067962495995,0.363536459995037,0.421386381901331,0.485853930160365,0.567967700068592,0.705160668656931
GP_CZ,MONTHLY,NYSE,198904,893,0.143076210862409,0.197618818376288,0.249705561765911,0.310451607849957,0.364884879121001,0.419705160347302,0.485638026445276,0.569184485878537,0.709786238966313
GP_CZ,MONTHLY,NYSE,198905,891,0.143274370134502,0.198031958273214,0.249630616716754,0.311095721760542,0.364215186609685,0.419597989949749,0.485422122730187,0.568694706151135,0.709739630683935
GP_CZ,MONTHLY,NYSE,198906,903,0.135843116114943,0.202716194613406,0.261483080126041,0.315529545628915,0.369391954913563,0.418536883607057,0.485521219532275,0.570723599511413,0.728255644723191
GP_CZ,MONTHLY,NYSE,198907,901,0.136417281676536,0.203010712094757,0.262100920281754,0.316677671815633,0.369391954913563,0.419276526978509,0.48275051494543,0.568982064289365,0.72097116764853
GP_CZ,MONTHLY,NYSE,198908,896,0.137535719506482,0.203010712094757,0.261857565695658,0.31699309296114,0.369599688468816,0.418677252588145,0.482633805061169,0.568982064289365,0.723651974787312
GP_CZ,MONTHLY,NYSE,198909,891,0.138654157336428,0.203621610614201,0.262680896776732,0.316332083964936,0.368262987012987,0.418677252588145,0.482589599169643,0.570755441125606,0.727224223022542
GP_CZ,MONTHLY,NYSE,198910,887,0.140398674410689,0.205486442188089,0.262898156062932,0.316470319105215,0.368262987012987,0.419036817222363,0.482692511751242,0.57073952031851,0.72346562916606
GP_CZ,MONTHLY,NYSE,198911,887,0.141457269144285,0.205486442188089,0.263804011842027,0.316803840273836,0.367279228798408,0.417278609525153,0.482281571425788,0.570568027716282,0.725639910945161
GP_CZ,MONTHLY,NYSE,198912,886,0.14416924568158,0.206693183376766,0.262816683830607,0.312809348312615,0.365210892381417,0.416814620761581,0.482797628077343,0.570675837090124,0.727868861585448
GP_CZ,MONTHLY,NYSE,199001,887,0.143736055235341,0.206863438897667,0.263804011842027,0.312917005959543,0.365395495281279,0.417278609525153,0.482769360198195,0.569905845034604,0.725639910945161
GP_CZ,MONTHLY,NYSE,199002,879,0.142967252315637,0.206244418930106,0.262789526419832,0.312301864735642,0.366315406932431,0.419409780057005,0.483012933382256,0.570707678704317,0.725111806919367
GP_CZ,MONTHLY,NYSE,199003,880,0.141631840834368,0.206468801153436,0.264842383581921,0.312071206318988,0.366172000156716,0.41963051716709,0.482778782824578,0.570244599594756,0.729011667185773
GP_CZ,MONTHLY,NYSE,199004,877,0.139151789447575,0.201777200914225,0.259668507516331,0.306618471943367,0.364690900871694,0.418643634880273,0.482464665396059,0.569905845034604,0.731209269937344
GP_CZ,MONTHLY,NYSE,199005,872,0.140233832787548,0.201777200914225,0.25990107523362,0.306618471943367,0.365355258721511,0.419277972163589,0.482542749004549,0.568789110942184,0.732264427205826
GP_CZ,MONTHLY,NYSE,199006,896,0.136763931985054,0.195427230261506,0.250053109630065,0.297546666666667,0.35311225155982,0.41459822812293,0.474182052550933,0.574135557535023,0.711701411034006
GP_CZ,MONTHLY,NYSE,199007,899,0.13651288304785,0.195356258025039,0.250013103391818,0.298145970854586,0.354480036725033,0.41442212341538,0.478617716749841,0.579893522469167,0.720925670659864
GP_CZ,MONTHLY,NYSE,199008,904,0.136746234165561,0.195538023696653,0.250719696104602,0.298145970854586,0.355508405399154,0.413150248822462,0.479327818376067,0.579893522469167,0.71184190534003
GP_CZ,MONTHLY,NYSE,199009,901,0.13671968743632,0.196649459433135,0.251914636219118,0.297937177234938,0.354480036725033,0.41459822812293,0.478828729656037,0.580300178444841,0.712052646799065
GP_CZ,MONTHLY,NYSE,199010,904,0.135995872076676,0.196806387753265,0.251963117165219,0.299031574173971,0.3544400759745,0.414347005221974,0.477694218875877,0.581950253534088,0.728191634486253
GP_CZ,MONTHLY,NYSE,199011,901,0.13671968743632,0.196649459433135,0.251914636219118,0.298981145333177,0.354400115223967,0.413717704585183,0.474662947466295,0.579622418485385,0.720011162601436
GP_CZ,MONTHLY,NYSE,199012,903,0.137390088331129,0.203139454900519,0.252179141505288,0.302114210695463,0.356098363738951,0.416863165008234,0.476389288527992,0.582126267417885,0.719173979502103
GP_CZ,MONTHLY,NYSE,199101,907,0.137306288235326,0.203016423029262,0.252249354028048,0.302481092353706,0.357262740538687,0.415813776011472,0.476775846941308,0.58016462645295,0.717499613303437
GP_CZ,MONTHLY,NYSE,199102,909,0.137117734221489,0.202647575983702,0.252108928982528,0.302447672436604,0.357262740538687,0.416218958640986,0.477802288298673,0.579893522469167,0.716662430204104
GP_CZ,MONTHLY,NYSE,199103,913,0.137500211667132,0.202524668396551,0.249568627312177,0.299418257304341,0.357564152571422,0.414523109929523,0.474649920423466,0.580029074461058,0.722151625832438
GP_CZ,MONTHLY,NYSE,199104,918,0.140170464187637,0.204801222284627,0.249944924152998,0.302547932187909,0.357413446555055,0.414968476260574,0.478572119316696,0.581079006837833,0.717883695465396
GP_CZ,MONTHLY,NYSE,199105,918,0.139469407275822,0.204801222284627,0.249944924152998,0.302707989633727,0.356975285417053,0.414968476260574,0.476112663080627,0.582126267417885,0.717883695465396
GP_CZ,MONTHLY,NYSE,199106,942,0.13387605265029,0.194287679237075,0.241896986006815,0.291662916467184,0.349226178913605,0.408353035470091,0.475964381154827,0.579331279871023,0.706321055646474
GP_CZ,MONTHLY,NYSE,199107,944,0.13328935202236,0.193906351685109,0.24151640622165,0.291192123306229,0.348884628378076,0.408533393365718,0.476519236601967,0.584497583955915,0.712376323675346
GP_CZ,MONTHLY,NYSE,199108,947,0.133526639597358,0.194287679237075,0.243015471825547,0.292357694362361,0.349528116562314,0.410738275627604,0.475467305975162,0.580870853731712,0.71411948353473
GP_CZ,MONTHLY,NYSE,199109,947,0.134041200748296,0.194465287694188,0.243015471825547,0.291232559991968,0.34946942963686,0.408989253998606,0.475467305975162,0.580870853731712,0.71411948353473
GP_CZ,MONTHLY,NYSE,199110,944,0.134193271791532,0.194516939315747,0.244406574839918,0.291192123306229,0.349196835450877,0.408533393365718,0.471581372204865,0.579792696258431,0.714347795104093
GP_CZ,MONTHLY,NYSE,199111,943,0.134292879761784,0.194325624898658,0.244560894477444,0.29109694274963,0.348845015491258,0.407992319678836,0.473436647718456,0.579812351263334,0.709500681473547
GP_CZ,MONTHLY,NYSE,199112,951,0.134505087704362,0.192445950803677,0.244793091321168,0.292126486094183,0.348845015491258,0.406299425020715,0.470382540588819,0.576118819620872,0.705333355604366
GP_CZ,MONTHLY,NYSE,199201,949,0.134452035718718,0.19177736049335,0.24466230398363,0.291346646515229,0.346502082453069,0.406260075470472,0.470682052403693,0.576438725592023,0.706291169424162
GP_CZ,MONTHLY,NYSE,199202,951,0.137887285455894,0.193112049603788,0.244575112425272,0.291151686620491,0.346502082453069,0.406347874338505,0.470776570150307,0.576909600560617,0.709621038509346
GP_CZ,MONTHLY,NYSE,199203,955,0.133975141509093,0.19075430527016,0.242432966108616,0.29061182365645,0.343352265617031,0.406318804747831,0.469833495625401,0.576793267722783,0.709380324437749
GP_CZ,MONTHLY,NYSE,199204,955,0.13301512635238,0.190691839475429,0.243475625829427,0.290777305522312,0.346373930851705,0.405827384490734,0.46734230451396,0.576793267722783,0.705498831310314
GP_CZ,MONTHLY,NYSE,199205,952,0.13299665730489,0.190597393581247,0.244550231016573,0.2909382398038,0.346879885681686,0.405919148750323,0.465415703078873,0.576655698206224,0.704849313443603
GP_CZ,MONTHLY,NYSE,199206,984,0.119329159857228,0.176102077036673,0.227584781150068,0.282837136210653,0.340815794198976,0.40283743106476,0.466254487689191,0.567050075668484,0.708568197013966
GP_CZ,MONTHLY,NYSE,199207,988,0.119512737981315,0.176448202369249,0.228732661674843,0.283745255081701,0.342486107132594,0.403957030772574,0.467302624791404,0.565591247667166,0.705414302195336
GP_CZ,MONTHLY,NYSE,199208,989,0.120653767894964,0.179323687167544,0.230505773096988,0.284248389000456,0.342621605059603,0.403925270224746,0.466715628720666,0.566102562562284,0.702759173946261
GP_CZ,MONTHLY,NYSE,199209,991,0.12289649500361,0.178757565210095,0.228716423092631,0.284965009318937,0.342345012690726,0.40253147129938,0.464077043094636,0.56279468955344,0.701093389890807
GP_CZ,MONTHLY,NYSE,199210,992,0.122942168258679,0.17896142452796,0.229248107870072,0.286059169279392,0.342386093054512,0.40121301746498,0.460531198374495,0.562776678980299,0.699534101155278
GP_CZ,MONTHLY,NYSE,199211,991,0.120904604475109,0.178757565210095,0.230359903830306,0.28650590109013,0.342596862286985,0.403567489380212,0.464077043094636,0.566561864330864,0.705330796658645
GP_CZ,MONTHLY,NYSE,199212,999,0.12249811689791,0.17936914316369,0.232070491067578,0.286634271558239,0.342206185815825,0.403921771782466,0.465890081948966,0.564555978440642,0.707649495797822
GP_CZ,MONTHLY,NYSE,199301,1002,0.122942168258679,0.17896142452796,0.231784977945873,0.28537302158829,0.34073877282695,0.399041013384283,0.465054071364658,0.565041044208927,0.706611888482369
GP_CZ,MONTHLY,NYSE,199302,1008,0.123216207789096,0.180098132072161,0.232013153421166,0.285084311676317,0.34073877282695,0.402487800560051,0.466094215099413,0.566597700912674,0.71092832765044
GP_CZ,MONTHLY,NYSE,199303,1010,0.124030243261238,0.183918796159697,0.235341330744671,0.285359635043775,0.34073877282695,0.402757722765091,0.467573108429838,0.566573809858134,0.711862069571309
GP_CZ,MONTHLY,NYSE,199304,1011,0.124336618650493,0.182797341685127,0.235478910779862,0.285741694422091,0.339879868744296,0.403567489380212,0.467326856263133,0.566561864330864,0.71176948451578
GP_CZ,MONTHLY,NYSE,199305,1013,0.12442523031964,0.182951832649956,0.235487884733615,0.28569801558351,0.338565876705022,0.402487800560051,0.467655192485406,0.566597700912674,0.716433405607288
GP_CZ,MONTHLY,NYSE,199306,1047,0.127353106087541,0.181325312074478,0.232166212446004,0.283404489035476,0.341164277077215,0.40459195880728,0.466881737684566,0.568276544467131,0.730695681986037
GP_CZ,MONTHLY,NYSE,199307,1054,0.127077537877024,0.181035836205291,0.232175689403203,0.283170528773749,0.341231875106542,0.404590317713982,0.469949308964,0.568207260043912,0.730811890079026
GP_CZ,MONTHLY,NYSE,199308,1053,0.128004083071717,0.181363196402483,0.232315848331587,0.283872409558929,0.342064581769331,0.406992184914495,0.471372652006068,0.568672804928835,0.733080483006624
GP_CZ,MONTHLY,NYSE,199309,1056,0.127261250017369,0.18079563311554,0.232294068003056,0.282129104941905,0.342221399910824,0.408805723720418,0.471910117402456,0.570673894069548,0.73224378780079
GP_CZ,MONTHLY,NYSE,199310,1059,0.127536818227885,0.180580096194382,0.232272287674525,0.282153476483698,0.342615601046556,0.409893073777637,0.472056682592656,0.571245337309752,0.733635276370758
GP_CZ,MONTHLY,NYSE,199311,1057,0.126287458428548,0.180800091846927,0.232359408988648,0.282177848025492,0.342716205886194,0.409715483265098,0.471869642588418,0.571816780549955,0.732124142197342
GP_CZ,MONTHLY,NYSE,199312,1066,0.127261250017369,0.17998825026715,0.232942113913133,0.282936568512022,0.34428357350424,0.408805723720418,0.470014201208097,0.573347744826499,0.728801550555271
GP_CZ,MONTHLY,NYSE,199401,1067,0.127353106087541,0.179593945166812,0.232601558003721,0.284966142902264,0.344709153524493,0.409715483265098,0.469965532025024,0.571344239071794,0.726669845943574
GP_CZ,MONTHLY,NYSE,199402,1061,0.12772053036823,0.179481549252821,0.233233022733041,0.286101852054617,0.345435546205885,0.410070664290176,0.469933085902976,0.572102502170057,0.725292116344572
GP_CZ,MONTHLY,NYSE,199403,1057,0.128519990856287,0.179593945166812,0.233116659205078,0.289351530436117,0.346577172865977,0.411969244758424,0.470288115962057,0.573163679755686,0.728023912994214
GP_CZ,MONTHLY,NYSE,199404,1061,0.129218025959661,0.180256790812643,0.233550826269894,0.288911290322581,0.346577172865977,0.412079207920792,0.468681397246217,0.573347744826499,0.728736440342077
GP_CZ,MONTHLY,NYSE,199405,1062,0.130155788445625,0.180963771945523,0.233552768146538,0.290014829150342,0.347126049403284,0.412265199168766,0.470046647330146,0.573163679755686,0.727323216920533
GP_CZ,MONTHLY,NYSE,199406,1116,0.125858807413237,0.179481549252821,0.224473951044827,0.281446426268483,0.335403597094479,0.401440883154704,0.463854477993246,0.554382308671993,0.705767650688972
GP_CZ,MONTHLY,NYSE,199407,1121,0.125909076663472,0.180253438341225,0.225001872154098,0.282464534542097,0.336291385634215,0.402260607194649,0.465169522420707,0.555341686795491,0.703785102249939
GP_CZ,MONTHLY,NYSE,199408,1120,0.126027887122205,0.180803295366916,0.22496305119074,0.283414478377894,0.337406956924294,0.402441750373439,0.464446312332348,0.555542496486546,0.703921635174442
GP_CZ,MONTHLY,NYSE,199409,1123,0.126088597819246,0.181679437821363,0.22495011086962,0.283522569516334,0.336805511860567,0.401300291672812,0.464549628059256,0.554873965914761,0.699267312402755
GP_CZ,MONTHLY,NYSE,199410,1121,0.126041088284287,0.181640031418402,0.224872468942905,0.282485761398468,0.336805511860567,0.398610871032614,0.463624657975213,0.554382308671993,0.697331669191398
GP_CZ,MONTHLY,NYSE,199411,1125,0.127115668412539,0.181718844224323,0.224898349585143,0.281910801312306,0.336080485115766,0.398084219319137,0.463514732530232,0.554546194419582,0.697121549937275
GP_CZ,MONTHLY,NYSE,199412,1139,0.128337982089232,0.184046484374865,0.2251822726568,0.27965837098603,0.336805511860567,0.397991057090061,0.463680591106891,0.552956101583457,0.694676262237289
GP_CZ,MONTHLY,NYSE,199501,1132,0.128482346921102,0.183822469003504,0.22450510589784,0.278988783759546,0.335943513336377,0.397682326174437,0.463781517832988,0.552248896077301,0.692809668626309
GP_CZ,MONTHLY,NYSE,199502,1132,0.128064328579123,0.184396907957807,0.225100829119116,0.280105384806643,0.336220767659192,0.398432176537861,0.466262252459539,0.555149811170792,0.697329253902078
GP_CZ,MONTHLY,NYSE,199503,1137,0.128116962221401,0.184762257070398,0.226125206747251,0.280265003777854,0.333989501312336,0.397682326174437,0.467207420125762,0.557056752807482,0.697913641451531
GP_CZ,MONTHLY,NYSE,199504,1137,0.128116962221401,0.185422564277711,0.225428644469514,0.280461609403065,0.333989501312336,0.397434809291401,0.465663902826568,0.556717183271799,0.697913641451531
GP_CZ,MONTHLY,NYSE,199505,1136,0.128297141180859,0.186024937746405,0.226362319557816,0.281446426268483,0.336720252810983,0.398164134795732,0.467482139739584,0.557352043929225,0.699236135229571
GP_CZ,MONTHLY,NYSE,199506,1163,0.138353042051367,0.185803939720305,0.235888403824162,0.291316630146219,0.343209321734664,0.401732418528025,0.467330684322021,0.547592233599644,0.689932559841486
GP_CZ,MONTHLY,NYSE,199507,1168,0.138949487328271,0.187282104541709,0.236941684582394,0.292751511534313,0.345459213026588,0.403999560916872,0.468204478533156,0.551643591772081,0.694586106138991
GP_CZ,MONTHLY,NYSE,199508,1165,0.138591620162129,0.186849254966945,0.23735145244535,0.293229281891729,0.346313760174512,0.405138509066184,0.469390460742018,0.550432983161639,0.692332376497143
GP_CZ,MONTHLY,NYSE,199509,1169,0.138112776408488,0.187451193228868,0.23759039902287,0.292777941967933,0.346106298602034,0.404798413857735,0.468640978303213,0.548636446592708,0.69115778307499
GP_CZ,MONTHLY,NYSE,199510,1168,0.13938294089558,0.188293700034934,0.238699492767719,0.294247904011835,0.349264418140391,0.406449682813136,0.472353232953773,0.554447142044965,0.687542509438748
GP_CZ,MONTHLY,NYSE,199511,1167,0.13883019827289,0.189955221194374,0.238767073856795,0.295427677963935,0.350359424510598,0.406495517613065,0.472846474540697,0.55698641657425,0.694945818212223
GP_CZ,MONTHLY,NYSE,199512,1171,0.139307354494413,0.190058458913045,0.238402605394716,0.294248266897747,0.348129286812103,0.406426765413171,0.469510217320792,0.559486396952695,0.68545558739255
GP_CZ,MONTHLY,NYSE,199601,1169,0.139068776383652,0.190027969608448,0.238345385411143,0.294267151445573,0.348129286812103,0.406635503930305,0.47154994477369,0.559808888473758,0.685161356293259
GP_CZ,MONTHLY,NYSE,199602,1168,0.13938294089558,0.190930829105797,0.238316775419357,0.294247904011835,0.348009187492288,0.406696999239048,0.47240838647745,0.560756125941132,0.688950138370268
GP_CZ,MONTHLY,NYSE,199603,1166,0.1410487320017,0.19077487952268,0.237092450229062,0.290530027674689,0.346773791114283,0.406426765413171,0.471494791250013,0.556458364110898,0.684461576593232
GP_CZ,MONTHLY,NYSE,199604,1162,0.140716504172619,0.191221534178138,0.238718801650312,0.292708598265336,0.346773791114283,0.404769713713416,0.471605098297366,0.556239528655217,0.683772049579642
GP_CZ,MONTHLY,NYSE,199605,1161,0.140633447215349,0.191448656968801,0.238402605394716,0.292665684996359,0.347429779945117,0.404827114002054,0.471219023631631,0.555364186832496,0.685087798518436
GP_CZ,MONTHLY,NYSE,199606,1207,0.14567977533815,0.200367854673818,0.249893822756796,0.293102400373595,0.347941489447463,0.400711899165798,0.465321481529746,0.554436524471732,0.699033477706333
GP_CZ,MONTHLY,NYSE,199607,1212,0.147547121651303,0.200498633100474,0.251107687335592,0.294848923600593,0.349895824441615,0.402171435431442,0.466694263440023,0.553454951085962,0.705071641270392
GP_CZ,MONTHLY,NYSE,199608,1207,0.146706431538223,0.200498633100474,0.250884902991187,0.295409157731372,0.34951450267646,0.402881515529984,0.469167229554824,0.554224055761955,0.703199615806785
GP_CZ,MONTHLY,NYSE,199609,1207,0.147468490207531,0.200498633100474,0.252450107149062,0.293996086076537,0.347539015606243,0.402171435431442,0.467224515756498,0.554224055761955,0.700337105747046
GP_CZ,MONTHLY,NYSE,199610,1205,0.147625246131308,0.200510453111403,0.251600497949046,0.292763006167265,0.347539015606243,0.403400492198813,0.46932268807013,0.553454022601637,0.703689485301589
GP_CZ,MONTHLY,NYSE,199611,1211,0.147781495091318,0.200543187901545,0.254066615027111,0.295182383440194,0.348204218192573,0.406370747337668,0.469374507575232,0.553445991323762,0.702219876817178
GP_CZ,MONTHLY,NYSE,199612,1221,0.146366447196316,0.200494693096831,0.254066615027111,0.293575732100322,0.348489553924337,0.404974573940634,0.469374507575232,0.553486147713135,0.699081925033624
GP_CZ,MONTHLY,NYSE,199701,1212,0.147810415801835,0.20329484172587,0.255529364498397,0.297352282450477,0.349895824441615,0.406583879011507,0.471169611448707,0.555290244763656,0.702033042639093
GP_CZ,MONTHLY,NYSE,199702,1213,0.147839336512352,0.201559703910354,0.254370627463992,0.296554455978656,0.348842398710536,0.404316245014774,0.469219049059926,0.55403957874975,0.698966223192321
GP_CZ,MONTHLY,NYSE,199703,1215,0.148535649425296,0.203773858599689,0.254612258521306,0.299420587158553,0.348647708957621,0.402872417390402,0.468947204781471,0.553353329926567,0.690763680702076
GP_CZ,MONTHLY,NYSE,199704,1215,0.147637072408481,0.200537428944245,0.251862188416459,0.29496007688046,0.348204218192573,0.403400492198813,0.467528387639059,0.553298952959882,0.688778966942485
GP_CZ,MONTHLY,NYSE,199705,1214,0.147613001961342,0.201015081129215,0.251614336939001,0.296539688509518,0.348745053834078,0.402890613669566,0.466769893993981,0.552344606481219,0.6969797655235
GP_CZ,MONTHLY,NYSE,199706,1293,0.139101921349643,0.194349106695803,0.242837590015352,0.291533178893325,0.348905308443711,0.404682272619424,0.463707776888778,0.547886895354972,0.69532258767695
GP_CZ,MONTHLY,NYSE,199707,1292,0.139205138056437,0.195160125081159,0.244212804507216,0.293371362901385,0.349083104793691,0.405187432995579,0.463711256801535,0.551315092852267,0.695340062277909
GP_CZ,MONTHLY,NYSE,199708,1289,0.139110455706869,0.195075226547958,0.243300295426801,0.292907691187612,0.348436091314104,0.404438245373218,0.461953639187097,0.550001089256509,0.694622582847472
GP_CZ,MONTHLY,NYSE,199709,1284,0.140084633676431,0.194551900941969,0.241837878489965,0.294474790421921,0.348898610494805,0.403988895957995,0.461683875909357,0.548839624996111,0.69445076395769
GP_CZ,MONTHLY,NYSE,199710,1284,0.139388813184091,0.19359328248598,0.241633704896733,0.293891595424687,0.348541900135863,0.403126289425064,0.459543378673594,0.549327618387984,0.695144211919817
GP_CZ,MONTHLY,NYSE,199711,1280,0.13911187809974,0.193247597818125,0.24182155983854,0.293916581583534,0.34876981075176,0.401888121580286,0.459192258703115,0.549924482321993,0.69537149303664
GP_CZ,MONTHLY,NYSE,199712,1290,0.138759350828357,0.193111536355801,0.240255868840765,0.293399172815719,0.348664001930002,0.401888121580286,0.461447884867858,0.549012925012683,0.695200265470238
GP_CZ,MONTHLY,NYSE,199801,1281,0.138878613934763,0.193197320156425,0.240647679073148,0.2930328699388,0.349138355086247,0.401982375329302,0.461941213476542,0.549668547547775,0.695497098456591
GP_CZ,MONTHLY,NYSE,199802,1271,0.139099076563901,0.193197320156425,0.240982901387246,0.291608805258174,0.349138355086247,0.401825285747609,0.461661193513258,0.550948221418862,0.69518279086928
GP_CZ,MONTHLY,NYSE,199803,1276,0.138830796978057,0.19326016723355,0.240221567937047,0.293643374733664,0.347271071224386,0.400955199461046,0.460151244882648,0.547217868847772,0.695118492620176
GP_CZ,MONTHLY,NYSE,199804,1273,0.1385939464774,0.192143719708955,0.239866228966826,0.291499347902371,0.345753141525077,0.398431188909468,0.456656228973395,0.544403014526659,0.692684850541969
GP_CZ,MONTHLY,NYSE,199805,1270,0.138332269365985,0.191631281729651,0.239933625644557,0.293399172815719,0.347732197234472,0.400775068557104,0.461447884867858,0.545345260920445,0.689778181069948
GP_CZ,MONTHLY,NYSE,199806,1328,0.136360607910372,0.18843696954089,0.237156472993054,0.287681381368965,0.336299684280968,0.392404946587511,0.451887495949432,0.536984302729854,0.677379058322134
GP_CZ,MONTHLY,NYSE,199807,1324,0.13801648537751,0.190959607716642,0.239921068282358,0.288697952111896,0.339470916490053,0.395151056929731,0.453050709190227,0.540511949221157,0.677546233563715
GP_CZ,MONTHLY,NYSE,199808,1322,0.137837606655357,0.189718543238201,0.240259796292115,0.288107821233282,0.337866723271889,0.394585029001156,0.456147428030693,0.540697123582089,0.679859202384433
GP_CZ,MONTHLY,NYSE,199809,1314,0.139492743308372,0.191519827854706,0.242155165273801,0.288697952111896,0.33974930319245,0.394548755234329,0.456857777421471,0.541170596865422,0.679573844436983
GP_CZ,MONTHLY,NYSE,199810,1308,0.140376925221891,0.191653279954267,0.243219582195021,0.289866147950776,0.340042835476721,0.395651388512152,0.46004181495999,0.541392326057922,0.68148435493079
GP_CZ,MONTHLY,NYSE,199811,1300,0.13918558181505,0.191080668418467,0.242529052637319,0.28767632624994,0.339470916490053,0.392812425563093,0.456683562883131,0.54060707888709,0.681192696061284
GP_CZ,MONTHLY,NYSE,199812,1304,0.13779650731275,0.188799156832065,0.243168278270874,0.287605443448564,0.34044657473876,0.390134461794479,0.45515297295252,0.534703878350239,0.680995685435014
GP_CZ,MONTHLY,NYSE,199901,1299,0.138551045004535,0.188355466473931,0.243553027613998,0.28766621601189,0.340469904744565,0.390134461794479,0.452853126950632,0.530765886491227,0.680452126581431
GP_CZ,MONTHLY,NYSE,199902,1286,0.138310390886277,0.189438491903649,0.243876638701542,0.289813815744163,0.341617190039172,0.390149665671624,0.454971066314793,0.531824820305267,0.680611177608948
GP_CZ,MONTHLY,NYSE,199903,1287,0.137363458783825,0.187772125943819,0.243910022464318,0.287576952678223,0.34264132552899,0.390119257917333,0.455242639806066,0.535452786966879,0.680944504243498
GP_CZ,MONTHLY,NYSE,199904,1275,0.137268825165786,0.186329779624846,0.242647712299519,0.286736831643932,0.340725806451613,0.389273301034189,0.455026410185301,0.530796317662481,0.681921843235049
GP_CZ,MONTHLY,NYSE,199905,1265,0.137268825165786,0.185910860295118,0.242647712299519,0.286985754564244,0.340713627672211,0.389611137264485,0.456174207087302,0.534329424041919,0.681921843235049
GP_CZ,MONTHLY,NYSE,199906,1319,0.12309070019236,0.170759071943827,0.224298322384572,0.276006427980745,0.326052121938991,0.380642166252344,0.44283653397649,0.522659785172598,0.672202773754565
GP_CZ,MONTHLY,NYSE,199907,1306,0.122630389618543,0.168869123252859,0.223919872325811,0.274833981036835,0.326338303293534,0.379720708227174,0.440474712706235,0.520295598679945,0.674193179123388
GP_CZ,MONTHLY,NYSE,199908,1295,0.122577613058054,0.16874746365166,0.223655250463365,0.274758271761475,0.325770144107219,0.377218203752832,0.439888023443491,0.519808857802464,0.672241530507216
GP_CZ,MONTHLY,NYSE,199909,1290,0.123115253663782,0.16874746365166,0.223984819571396,0.274758271761475,0.325311815731601,0.377641984260328,0.440026482762581,0.518880846604418,0.673792519177292
GP_CZ,MONTHLY,NYSE,199910,1283,0.1214780065548,0.16861823088181,0.223706377337608,0.274606032086361,0.325150480452151,0.379577515440767,0.440061772858457,0.518320192333869,0.672260908883541
GP_CZ,MONTHLY,NYSE,199911,1269,0.121209437698041,0.16813919353943,0.221818368396445,0.274641520899893,0.325150480452151,0.379272215362623,0.440132353050208,0.517463869498721,0.672202773754565
GP_CZ,MONTHLY,NYSE,199912,1262,0.121366944022137,0.166369333151414,0.217953233757576,0.273629939156931,0.323438658710985,0.377163208218185,0.439422651958396,0.516319239417634,0.670122929022089
GP_CZ,MONTHLY,NYSE,200001,1249,0.120846244913759,0.166909838469013,0.219857252038831,0.27396800288469,0.323280897567416,0.377040968967054,0.439416700688539,0.517463869498721,0.670815918458021
GP_CZ,MONTHLY,NYSE,200002,1241,0.122894272420985,0.167292715116532,0.222903250834045,0.274467263780778,0.323510634935685,0.37710466198494,0.439757667317637,0.517633363479764,0.670491234540505
GP_CZ,MONTHLY,NYSE,200003,1224,0.121589069087462,0.167202223210896,0.223116771364396,0.274002694961086,0.324803505242773,0.377130009495355,0.439386944339257,0.51898361497223,0.669386317985257
GP_CZ,MONTHLY,NYSE,200004,1216,0.121811194152787,0.168869123252859,0.221999182136045,0.273378579648271,0.323438658710985,0.376848523456341,0.43457679658389,0.517633363479764,0.671302944334294
GP_CZ,MONTHLY,NYSE,200005,1205,0.121116550115174,0.168793098224679,0.221456740917245,0.272306416268829,0.322926961330614,0.37450016056928,0.43356897895173,0.517407371505039,0.672155898878177
GP_CZ,MONTHLY,NYSE,200006,1228,0.121085980366274,0.174362383021078,0.223147936529443,0.269860904910514,0.315733014536231,0.368666018416871,0.435298724953158,0.524271455041942,0.676373031782143
GP_CZ,MONTHLY,NYSE,200007,1214,0.121210876864307,0.175676373693611,0.223273075727078,0.269816221476875,0.315386925186583,0.3694486065187,0.435775235018586,0.528723987146918,0.686196855651261
GP_CZ,MONTHLY,NYSE,200008,1200,0.12089608012217,0.17545727034384,0.223468896797019,0.271013961415412,0.3163698244728,0.370236127514251,0.435453544471664,0.529485793580171,0.688230993653168
GP_CZ,MONTHLY,NYSE,200009,1196,0.120618652843856,0.175494992670046,0.223247220952606,0.269801326998995,0.316078656085068,0.369576789992015,0.435545038260249,0.529805723764827,0.680258260565539
GP_CZ,MONTHLY,NYSE,200010,1187,0.120688009663435,0.175344103365221,0.223200021161166,0.269831115954754,0.316557385254517,0.372654757372691,0.436886160394345,0.530494808169567,0.693951544693515
GP_CZ,MONTHLY,NYSE,200011,1179,0.120662235370297,0.175204130901776,0.223240757258987,0.271008764766962,0.316547968160871,0.373214630217642,0.437129492134771,0.53036559479325,0.693715710653782
GP_CZ,MONTHLY,NYSE,200012,1159,0.120152486213495,0.175204130901776,0.223240757258987,0.268860966875591,0.315238057479923,0.373214630217642,0.436849468443018,0.529977986825669,0.693715710653782
GP_CZ,MONTHLY,NYSE,200101,1150,0.120711031198338,0.175255255970395,0.223137058606089,0.267770886512661,0.314695381767057,0.375174513827282,0.43950453527464,0.536375058217954,0.694689713644692
GP_CZ,MONTHLY,NYSE,200102,1141,0.120271868745964,0.173363163181445,0.221903199343724,0.26794208352935,0.314069958736751,0.373896175584532,0.439317725752508,0.536401209184778,0.694965715132492
GP_CZ,MONTHLY,NYSE,200103,1132,0.121162053510721,0.175344103365221,0.222081360748783,0.265810877965545,0.313000802875862,0.374431976835296,0.439753614637483,0.535440382038856,0.695139098297395
GP_CZ,MONTHLY,NYSE,200104,1126,0.121051539387838,0.175117501734805,0.22183847290507,0.26794208352935,0.313991968703747,0.374789177669139,0.441595817173528,0.538045175378432,0.695062039112994
GP_CZ,MONTHLY,NYSE,200105,1121,0.121381758601857,0.175117501734805,0.221585904570351,0.26794208352935,0.313289753119193,0.374789177669139,0.441644295172018,0.538045175378432,0.698247712794695
GP_CZ,MONTHLY,NYSE,200106,1147,0.126245700786797,0.177510375097163,0.232437936680082,0.275351171534884,0.313477130887277,0.366533986686697,0.433494148901514,0.534400648738743,0.693349939251226
GP_CZ,MONTHLY,NYSE,200107,1139,0.126878412094464,0.177545801015124,0.232537262995872,0.275651838472134,0.316428126944617,0.36788276812668,0.438297751997748,0.541467754020542,0.693990817119297
GP_CZ,MONTHLY,NYSE,200108,1146,0.126780941107651,0.178058873661807,0.232900307573741,0.275671485668345,0.314407846800609,0.36793459392588,0.439352718356342,0.531711635248507,0.692091520956208
GP_CZ,MONTHLY,NYSE,200109,1137,0.126245700786797,0.17767675627883,0.232567750190618,0.275351171534884,0.312607165418284,0.367532311279181,0.438894220445372,0.531300350194704,0.693349939251225
GP_CZ,MONTHLY,NYSE,200110,1134,0.125966109279673,0.177452915934384,0.233154158602341,0.275320584158859,0.312305565989362,0.36760388810453,0.439270222468063,0.530831627472332,0.692468536155624
GP_CZ,MONTHLY,NYSE,200111,1125,0.126059306448714,0.17713253036203,0.232422755066223,0.275270565097175,0.312488674183326,0.367779116528279,0.439160753983338,0.536966127143619,0.692280028555916
GP_CZ,MONTHLY,NYSE,200112,1113,0.125655237346824,0.177433042832485,0.232963770330891,0.274944653555702,0.315032391769064,0.367981716582602,0.439596021329298,0.540962913967631,0.695400874668348
GP_CZ,MONTHLY,NYSE,200201,1106,0.127430125505964,0.182654916116855,0.235975133654318,0.275734282633129,0.318385032709769,0.368437988415923,0.4396299760556,0.541650409676161,0.701270528069615
GP_CZ,MONTHLY,NYSE,200202,1098,0.127964512023883,0.182733649448446,0.237300633900299,0.276150762656482,0.318385032709769,0.3690625769539,0.439765794960807,0.541539715239374,0.703397412564997
GP_CZ,MONTHLY,NYSE,200203,1095,0.12785472952836,0.179482402624838,0.235522734670937,0.276818533827813,0.319273106228124,0.368277319692061,0.440115681033029,0.542432756430575,0.701365245650885
GP_CZ,MONTHLY,NYSE,200204,1088,0.130122778041057,0.180459507094948,0.23612265596537,0.277878587739334,0.319548766757883,0.3690625769539,0.440014189587685,0.541539715239374,0.699958947909779
GP_CZ,MONTHLY,NYSE,200205,1084,0.130350676491178,0.18511068319664,0.237320088775277,0.279093435728665,0.319820119060985,0.372827646830625,0.440516786468846,0.544329828921081,0.701459963232155
GP_CZ,MONTHLY,NYSE,200206,1112,0.121270194519174,0.171670671447603,0.220911673927843,0.260288632844329,0.302488436867393,0.352289425391985,0.426374797106092,0.526710254033737,0.689482026963961
GP_CZ,MONTHLY,NYSE,200207,1109,0.121398900734725,0.172496202514694,0.221171134147538,0.260647238788537,0.303796352277307,0.355491946207901,0.426165173165772,0.524672127591178,0.683064646555147
GP_CZ,MONTHLY,NYSE,200208,1106,0.121293156106907,0.173767931124955,0.221213371122244,0.260600644225179,0.303455096131135,0.357261753008899,0.426733423231068,0.531772810347252,0.683780436280331
GP_CZ,MONTHLY,NYSE,200209,1104,0.122881110744774,0.172496202514694,0.220859387819899,0.260245108836712,0.303033654940148,0.357696349939638,0.427053837336098,0.532517417934792,0.682350804302622
GP_CZ,MONTHLY,NYSE,200210,1103,0.123624289670664,0.17319128698582,0.22125560809695,0.262198256596623,0.303951232817624,0.357370402241584,0.427001216551301,0.532889721728562,0.682429687336756
GP_CZ,MONTHLY,NYSE,200211,1099,0.123771063813047,0.17378262451835,0.220924604259396,0.262549250457904,0.30488503385448,0.35455071819254,0.426373070922351,0.530635674479105,0.681956389131951
GP_CZ,MONTHLY,NYSE,200212,1093,0.122781931571665,0.171023130619545,0.22029612164026,0.260936646756734,0.304352034692376,0.356276379999118,0.42668428360586,0.531014719768487,0.674904667888707
GP_CZ,MONTHLY,NYSE,200301,1088,0.123277827437209,0.171811189118903,0.220129648052638,0.260936646756734,0.303455096131135,0.352497447425157,0.426459061559356,0.528219220751833,0.673764240068983
GP_CZ,MONTHLY,NYSE,200302,1087,0.121379640073937,0.170809117970478,0.219493812192207,0.262559084430522,0.304352034692376,0.35649180136947,0.42707331532961,0.529699382135557,0.673992325632928
GP_CZ,MONTHLY,NYSE,200303,1085,0.122980289917882,0.172651530037212,0.220162942770162,0.260740427915255,0.302953469895333,0.356384090684294,0.427023311745491,0.525493259451267,0.662961430263406
GP_CZ,MONTHLY,NYSE,200304,1076,0.124068786337572,0.175578116187253,0.221148719464479,0.261622307561044,0.304569425805111,0.356707222739821,0.427131749310145,0.52527851310887,0.666473354000579
GP_CZ,MONTHLY,NYSE,200305,1072,0.124331644925734,0.175630659971207,0.221827031919164,0.261989151130741,0.304973702757069,0.356732964489592,0.427277578299856,0.525093322553017,0.665454878902766
GP_CZ,MONTHLY,NYSE,200306,1093,0.121928606841066,0.172243439855801,0.211972443792382,0.253354475628545,0.295940829444396,0.351900518362207,0.422519685059483,0.517075080200848,0.667232484967472
GP_CZ,MONTHLY,NYSE,200307,1093,0.121928606841066,0.172243439855801,0.211972443792382,0.253354475628545,0.294449936449654,0.351900518362207,0.423335492021707,0.513168437841239,0.674429760525415
GP_CZ,MONTHLY,NYSE,200308,1094,0.122261101486505,0.172473803495877,0.213643810305838,0.255186709031101,0.296287714210657,0.352899787916005,0.425293265410248,0.513885817452531,0.676567170996223
GP_CZ,MONTHLY,NYSE,200309,1089,0.120360487452745,0.171183531470973,0.212557270985157,0.254817589059782,0.296634598976918,0.353152035514031,0.426479159180804,0.515239053716126,0.676539374880581
GP_CZ,MONTHLY,NYSE,200310,1088,0.120829489578999,0.172240911650933,0.212303191203357,0.254650749251114,0.297370304077267,0.352026401252309,0.426087164278818,0.517075080200848,0.676544934103709
GP_CZ,MONTHLY,NYSE,200311,1087,0.120769021967488,0.172009705275901,0.2154668274599,0.255284884181773,0.297296432744258,0.352078662257098,0.425773504600507,0.516255892190686,0.677308431302137
GP_CZ,MONTHLY,NYSE,200312,1080,0.121868116971891,0.172703324400997,0.216629141205135,0.25582788063981,0.297785675001678,0.352052531754703,0.42581831312598,0.513965571693845,0.676533815657453
GP_CZ,MONTHLY,NYSE,200401,1076,0.121810099453112,0.171392093759377,0.216798776171323,0.255625044973454,0.297865654148195,0.352130923261888,0.425907930176926,0.512428766213334,0.673864166585442
GP_CZ,MONTHLY,NYSE,200402,1072,0.122679248169041,0.171469374787675,0.216774213639547,0.255597663769654,0.297785675001678,0.352020470537099,0.42555368016979,0.511526599247078,0.676167581792774
GP_CZ,MONTHLY,NYSE,200403,1068,0.122459171736523,0.172240911650933,0.21606870350177,0.255983959825885,0.294482466198348,0.351900518362207,0.421958377756323,0.509327136050841,0.674003533943471
GP_CZ,MONTHLY,NYSE,200404,1065,0.122310619049009,0.171171891072727,0.212494997153282,0.255383059332445,0.294449936449654,0.349742312006871,0.421974821777269,0.509517038647514,0.675085557868123
GP_CZ,MONTHLY,NYSE,200405,1063,0.122211583924,0.172240911650933,0.21533411734897,0.255615917905521,0.295395286615523,0.351462618908893,0.422065990186659,0.50966236333614,0.675806907151223
GP_CZ,MONTHLY,NYSE,200406,1072,0.127587922584586,0.173850704093418,0.220640975257712,0.259090636480432,0.297876311751792,0.346780081845622,0.408007840383848,0.501638624856515,0.653858905526676
GP_CZ,MONTHLY,NYSE,200407,1070,0.127460057272498,0.173706984759928,0.22071129520917,0.258499761247417,0.298199978563907,0.346974227400525,0.40693817846639,0.494428468370376,0.652549781660631
GP_CZ,MONTHLY,NYSE,200408,1067,0.128090440483997,0.173850704093418,0.220376862806768,0.25882680108833,0.298504428601976,0.346980452565151,0.406915343284883,0.496705724317659,0.653205565833835
GP_CZ,MONTHLY,NYSE,200409,1064,0.125869527765606,0.171587963709338,0.216110181354248,0.256963766860901,0.298199978563907,0.346986677729777,0.407133615898086,0.496418872643097,0.65350952306983
GP_CZ,MONTHLY,NYSE,200410,1064,0.125165469765971,0.171431329106927,0.217643488345015,0.257723390012673,0.297876311751792,0.34716568000965,0.406892508103376,0.494913415922779,0.65271678689966
GP_CZ,MONTHLY,NYSE,200411,1062,0.127241163414858,0.171826335541204,0.219149214956802,0.258012301324951,0.298824528512712,0.347547519946038,0.407347162864968,0.495883311027586,0.652364459199214
GP_CZ,MONTHLY,NYSE,200412,1060,0.127073262258122,0.172717154143569,0.220905938085575,0.258907445999913,0.299614273320665,0.349413545168148,0.40720479822038,0.496553853140621,0.65290160859784
GP_CZ,MONTHLY,NYSE,200501,1059,0.126437515482403,0.173229401239938,0.221612217622305,0.259775032565008,0.300083918217882,0.350246778771793,0.408521338832116,0.496418872643097,0.653002927676505
GP_CZ,MONTHLY,NYSE,200502,1059,0.126437515482403,0.174776369413997,0.2220997457346,0.259847002946083,0.30264809470215,0.35118399440606,0.408521338832116,0.496418872643097,0.653823574799347
GP_CZ,MONTHLY,NYSE,200503,1056,0.126201599965507,0.174140767111661,0.223849001898177,0.26111478576396,0.305789055164593,0.352099097530368,0.410302171220848,0.500110116099577,0.65493235687638
GP_CZ,MONTHLY,NYSE,200504,1050,0.126516153988035,0.174808109602072,0.225491105357345,0.261796437774299,0.306098516133644,0.35358667867825,0.411577958146599,0.500372970757933,0.660687824644908
GP_CZ,MONTHLY,NYSE,200505,1046,0.12690429708816,0.174839849790148,0.226060283188792,0.262037352729477,0.305789055164593,0.353486973291268,0.411875742605088,0.496790090752076,0.665817006889376
GP_CZ,MONTHLY,NYSE,200506,1071,0.136557772422593,0.184897784945216,0.229101117062172,0.267174252037602,0.30921954006418,0.359073321910022,0.416642000149425,0.500110116099577,0.661099713136012
GP_CZ,MONTHLY,NYSE,200507,1069,0.137141968256521,0.185696173543703,0.229362038557198,0.267890282209139,0.30953238828211,0.359636732501813,0.423671786763999,0.507600411957596,0.661163714548147
GP_CZ,MONTHLY,NYSE,200508,1065,0.137747763889735,0.1854307983931,0.229150266373467,0.26797164933126,0.309543457453274,0.359971047288785,0.423364790238317,0.507538477373758,0.661291717372416
GP_CZ,MONTHLY,NYSE,200509,1057,0.138812430782387,0.186785857826445,0.229804200261086,0.268331941796747,0.309829124597681,0.360289856996754,0.422100905088178,0.508114620191002,0.669148656068231
GP_CZ,MONTHLY,NYSE,200510,1053,0.138781268114214,0.186695424725359,0.229394920876444,0.26772733665618,0.30921954006418,0.358667103123669,0.421056787963221,0.508530092698345,0.669817282062656
GP_CZ,MONTHLY,NYSE,200511,1048,0.138187146908003,0.186851449503736,0.229350657353287,0.268012332892321,0.309059798285742,0.358667103123669,0.420378233192693,0.508530092698345,0.670411342908572
GP_CZ,MONTHLY,NYSE,200512,1045,0.1387968494483,0.185773904889519,0.229157853842741,0.268361740812456,0.309058273949696,0.35873518154918,0.417950926183592,0.507143434962292,0.66791837288987
GP_CZ,MONTHLY,NYSE,200601,1038,0.138701017741312,0.185618442197886,0.229386487616922,0.268232399533463,0.309296855451949,0.35897059624177,0.418114541937863,0.507670078136884,0.668981499569625
GP_CZ,MONTHLY,NYSE,200602,1034,0.138638164357355,0.185696173543703,0.229399980832157,0.268570917093491,0.309680756439895,0.358871338400201,0.416805615903696,0.507406756549588,0.669650125564049
GP_CZ,MONTHLY,NYSE,200603,1032,0.138045813013172,0.18554071085207,0.229046923261794,0.269681578023541,0.31070384008245,0.360824909803334,0.422805202680195,0.507528327123986,0.666510270422238
GP_CZ,MONTHLY,NYSE,200604,1026,0.138696858383985,0.185462979506254,0.229653250469701,0.270055233058472,0.310440018484742,0.359772087150766,0.422113222131543,0.506880113374996,0.664247803655325
GP_CZ,MONTHLY,NYSE,200605,1022,0.138579470330725,0.18533425505364,0.229186222233026,0.269681578023541,0.31070384008245,0.35946982000397,0.422208072479986,0.505829350732215,0.661063280916481
GP_CZ,MONTHLY,NYSE,200606,1047,0.141262139421964,0.191882509226469,0.231814973085433,0.266791182823833,0.307919804457415,0.361780883928526,0.422426732414981,0.499045014178806,0.65713357882055
GP_CZ,MONTHLY,NYSE,200607,1042,0.141170428992664,0.190396533742909,0.232087704033588,0.266167916180171,0.306934220787306,0.360788017428747,0.422013850403466,0.497577267843779,0.660026637168181
GP_CZ,MONTHLY,NYSE,200608,1040,0.141062601970449,0.191666764319496,0.232295188148998,0.267064906337628,0.306934220787306,0.35973873874077,0.422464924621147,0.498113354615836,0.66012213280041
GP_CZ,MONTHLY,NYSE,200609,1038,0.141423023156922,0.191273419435828,0.233072029466445,0.26722958543264,0.306700926877604,0.360595278688408,0.422321738622419,0.498734460991149,0.659465600971346
GP_CZ,MONTHLY,NYSE,200610,1038,0.141423023156922,0.191901581691608,0.233072029466445,0.268290077826666,0.307551649053361,0.360744840351156,0.422694077858142,0.49966991284902,0.660997242701316
GP_CZ,MONTHLY,NYSE,200611,1036,0.141623748848658,0.191958799087025,0.232670196720211,0.268165607751479,0.307551649053361,0.360723251812361,0.422541309033479,0.499573506205485,0.660130091198102
GP_CZ,MONTHLY,NYSE,200612,1033,0.141188771078524,0.192637953610411,0.233804873211487,0.268290077826666,0.307183493649307,0.360983282312566,0.422331460545929,0.497653259449926,0.660136059996372
GP_CZ,MONTHLY,NYSE,200701,1028,0.141050453347855,0.192094531402886,0.23356026504187,0.268290077826666,0.307019927863393,0.360744840351156,0.421870975815121,0.498865224294563,0.660997242701316
GP_CZ,MONTHLY,NYSE,200702,1017,0.140590880043485,0.191076746993994,0.233413718087613,0.268227842789072,0.30685636207748,0.360245015543653,0.421694115712373,0.499219365250024,0.660128101598679
GP_CZ,MONTHLY,NYSE,200703,1019,0.141084331200838,0.187708127117952,0.232273199663853,0.26703484583107,0.304448346713398,0.358730350876449,0.421795178628229,0.499061038585052,0.663012891296008
GP_CZ,MONTHLY,NYSE,200704,1011,0.140813308376975,0.191627976636214,0.230991782407217,0.266638760987861,0.303943953597209,0.35886845495143,0.422064254200343,0.497802801428179,0.660120143200987
GP_CZ,MONTHLY,NYSE,200705,1007,0.140590880043485,0.19102965496897,0.230800479820134,0.265821275804809,0.303650120655826,0.358592246801468,0.422197857373136,0.500207956373062,0.664866876738171
GP_CZ,MONTHLY,NYSE,200706,1033,0.14394467589649,0.186365050478118,0.231439844052746,0.269457504551899,0.304274854378517,0.353753579995323,0.414429487842569,0.498203214695877,0.665427191528023
GP_CZ,MONTHLY,NYSE,200707,1024,0.144249495483833,0.186932870009457,0.231109421196877,0.269180899253701,0.304394012642823,0.354325463023391,0.413934967172015,0.501626826157058,0.668499037999883
GP_CZ,MONTHLY,NYSE,200708,1019,0.146134291948063,0.187984694757222,0.231705328350904,0.269590907612147,0.30451317090713,0.353878035561634,0.413549479402328,0.501626826157058,0.667706715060731
GP_CZ,MONTHLY,NYSE,200709,1013,0.146051562761125,0.191553428884483,0.231439844052746,0.269065895224514,0.304576215685204,0.353753579995323,0.412814513178346,0.500760658899455,0.668657502587713
GP_CZ,MONTHLY,NYSE,200710,1013,0.146425144609871,0.191900815941207,0.231751772298661,0.268821956054892,0.304576215685204,0.354453283805876,0.412155762078433,0.497091100868757,0.66642850122473
GP_CZ,MONTHLY,NYSE,200711,1004,0.147504959709675,0.191916402080506,0.231821438220296,0.268997488435152,0.304544693296167,0.35428397783462,0.412497648261759,0.501748967464559,0.668499037999883
GP_CZ,MONTHLY,NYSE,200712,993,0.148093286677929,0.192797054291534,0.231751772298661,0.269065895224514,0.304576215685204,0.350589118462108,0.410017754416175,0.500101788735378,0.668657502587713
GP_CZ,MONTHLY,NYSE,200801,986,0.148202943578667,0.19341435221344,0.232884600149314,0.26994929505419,0.306011495590492,0.353712094806553,0.412794989775051,0.502924318292034,0.670537150389722
GP_CZ,MONTHLY,NYSE,200802,986,0.147983829993494,0.19341435221344,0.233096914728834,0.270085762640957,0.306511895050619,0.354791233116689,0.413524207369323,0.502924318292034,0.671671891548608
GP_CZ,MONTHLY,NYSE,200803,985,0.147837277213866,0.192547114422527,0.232830227133237,0.27003117560625,0.307912325854969,0.355462848518666,0.415264112458509,0.50305651172353,0.6717574870421
GP_CZ,MONTHLY,NYSE,200804,982,0.147706332062878,0.191989606774797,0.23209491401223,0.269918955377333,0.306481532858962,0.355009830140787,0.415758060576373,0.503397405759614,0.672014273522577
GP_CZ,MONTHLY,NYSE,200805,980,0.146174660798209,0.191796461006752,0.231135347379528,0.269924627522665,0.306481532858962,0.355174358552815,0.415535751357391,0.503755631595219,0.672153364898015
GP_CZ,MONTHLY,NYSE,200806,1012,0.136983971640098,0.18416379048485,0.21753022165106,0.260222355976329,0.300465048271319,0.346333632180909,0.411438585346987,0.4964094245925,0.670547358573823
GP_CZ,MONTHLY,NYSE,200807,1011,0.136981355042017,0.183835344919124,0.217007119912833,0.259951207723909,0.300356359931974,0.346918852959121,0.411196090313865,0.488929889298893,0.663806598465041
GP_CZ,MONTHLY,NYSE,200808,1007,0.136962046252326,0.18206860679384,0.21691736837925,0.259011167624917,0.299506163531496,0.346333632180909,0.411608773486324,0.490911270666457,0.662131019939777
GP_CZ,MONTHLY,NYSE,200809,1006,0.13685997197601,0.181177536798025,0.21697820234624,0.259045207644631,0.299549315417827,0.346463554920347,0.411984783831237,0.496474334672833,0.662211211032956
GP_CZ,MONTHLY,NYSE,200810,1006,0.136957219054903,0.181177536798025,0.21697820234624,0.259045207644631,0.300203502211988,0.347272176557913,0.413035559373249,0.498912464964954,0.662211211032956
GP_CZ,MONTHLY,NYSE,200811,996,0.136994438032423,0.181247658766826,0.216995671748935,0.259045207644631,0.300203502211988,0.346463554920347,0.411708166031181,0.492102600202385,0.661750447238157
GP_CZ,MONTHLY,NYSE,200812,988,0.136942994499188,0.181265632579739,0.216986513217818,0.259635153618765,0.299989788649832,0.346554614528102,0.413239965117009,0.494221507454097,0.657721009869916
GP_CZ,MONTHLY,NYSE,200901,981,0.136981355042017,0.181292593299108,0.217052612360405,0.259951207723909,0.300573736610664,0.347064206742781,0.415044663262373,0.498912464964954,0.659432456790702
GP_CZ,MONTHLY,NYSE,200902,976,0.137351488654175,0.18097148588623,0.21697820234624,0.259045207644631,0.29976070005591,0.347272176557913,0.413599092491516,0.498912464964954,0.655976673124314
GP_CZ,MONTHLY,NYSE,200903,972,0.138131840302934,0.179858344379034,0.216991092483377,0.258107489606643,0.299395516738122,0.346736733743612,0.413727831750778,0.504497263866171,0.656550538506115
GP_CZ,MONTHLY,NYSE,200904,969,0.138865196958679,0.179982432846101,0.218326986726511,0.25981635363462,0.299928932807662,0.347035135986049,0.413663462121147,0.505433836914039,0.656752710404882
GP_CZ,MONTHLY,NYSE,200905,966,0.140175411775869,0.180591836914008,0.219663450338655,0.260561806061937,0.302175395860503,0.347952005625186,0.414482801951022,0.506242045330275,0.656840768734858
GP_CZ,MONTHLY,NYSE,200906,983,0.130155567976064,0.178541149146594,0.225762009867961,0.273711559067097,0.316361303772602,0.364065346325338,0.430870223312188,0.516840224479413,0.664257344735708
GP_CZ,MONTHLY,NYSE,200907,981,0.130030141187669,0.179821621447577,0.225471456310312,0.275221019581922,0.317133649024421,0.364000145367325,0.434896701617336,0.518002144936418,0.66432713659625
GP_CZ,MONTHLY,NYSE,200908,977,0.129117497344334,0.179996710881806,0.225270507000415,0.2753087163574,0.317554178288433,0.36384109950175,0.432979617326297,0.519303842977812,0.669468037200317
GP_CZ,MONTHLY,NYSE,200909,975,0.13028099476446,0.180521979184493,0.226277555464603,0.275352564745138,0.317427224992359,0.363761576568962,0.432436211971644,0.520561876951497,0.669922338922813
GP_CZ,MONTHLY,NYSE,200910,976,0.1288893363835,0.179821621447577,0.22571358427502,0.273861754165792,0.317781174059588,0.363602530703387,0.432340010548805,0.520478216624892,0.670878015060316
GP_CZ,MONTHLY,NYSE,200911,974,0.126255659884724,0.179390920463989,0.226244556346467,0.274133607249018,0.317781174059588,0.363325722765326,0.43221174198502,0.520645537278101,0.67089684413732
GP_CZ,MONTHLY,NYSE,200912,967,0.125660913775759,0.177766268656826,0.225858861053844,0.273078427124393,0.317554178288433,0.363026109368851,0.429958036872182,0.523942459866674,0.668818732446746
GP_CZ,MONTHLY,NYSE,201001,966,0.125626069210601,0.177126557137547,0.22496908303557,0.272899225720237,0.317490701640396,0.363389258737395,0.429279716263405,0.524415887850467,0.668883557119601
GP_CZ,MONTHLY,NYSE,201002,964,0.123147234057589,0.176766577186912,0.224426621013553,0.272445867567465,0.316525639537683,0.363070028925894,0.4287449035268,0.52302991410877,0.664306016528123
GP_CZ,MONTHLY,NYSE,201003,961,0.12300725400655,0.178655091595503,0.22317647524439,0.272109297972185,0.31612993647377,0.362755160223515,0.4267293366442,0.522117368350866,0.66432713659625
GP_CZ,MONTHLY,NYSE,201004,956,0.122856448213336,0.177126557137547,0.223568476403586,0.270951218206396,0.316214118265943,0.362550996154101,0.425283588762448,0.522010336838353,0.664291936482705
GP_CZ,MONTHLY,NYSE,201005,954,0.122796125896051,0.176766577186912,0.223141070194405,0.271040980712343,0.316214118265943,0.361315513448616,0.425800246277007,0.522053149443358,0.664173168646473
GP_CZ,MONTHLY,NYSE,201006,976,0.106928456970712,0.154546827202297,0.197424065209693,0.234506714110222,0.275716976687395,0.325329358822154,0.397898363741124,0.493792052494837,0.639654887276455
GP_CZ,MONTHLY,NYSE,201007,972,0.106766333641308,0.154423145175692,0.1972834180719,0.235050010443372,0.277512595596965,0.324856868983817,0.397932582033826,0.48928070888748,0.638305281621018
GP_CZ,MONTHLY,NYSE,201008,967,0.106212477578209,0.154194812016224,0.197047191846619,0.235050010443372,0.277010078707865,0.323028509925841,0.398170976892431,0.489656290207127,0.638127890903867
GP_CZ,MONTHLY,NYSE,201009,964,0.106791694653842,0.154293518342633,0.197059819605914,0.234950825460435,0.276419408964977,0.325093113902986,0.398972195393536,0.489049959196608,0.637849776642035
GP_CZ,MONTHLY,NYSE,201010,964,0.106791694653842,0.153703423767714,0.196902658225768,0.234765963793919,0.277512595596965,0.323588322076076,0.398130392005555,0.489049959196608,0.637849776642035
GP_CZ,MONTHLY,NYSE,201011,961,0.105400714242962,0.15414545885302,0.196511054307368,0.234604627099736,0.278015112486064,0.327222470100445,0.399505525945493,0.489396083732917,0.637985978330147
GP_CZ,MONTHLY,NYSE,201012,956,0.106817055666376,0.154392224669041,0.196728612039812,0.234744544623024,0.277512595596965,0.327222470100445,0.39947713037256,0.486801145560951,0.634497201509582
GP_CZ,MONTHLY,NYSE,201101,954,0.105287501073229,0.153703423767714,0.196493306679594,0.234765963793919,0.276419408964977,0.328710864927686,0.39815996578926,0.486319266565989,0.632575348292127
GP_CZ,MONTHLY,NYSE,201102,952,0.10553600813217,0.152357281180943,0.196386820912948,0.234545879306028,0.276419408964977,0.329204062445947,0.397642007541055,0.485996836683618,0.632792788313509
GP_CZ,MONTHLY,NYSE,201103,950,0.105026440649077,0.152930397236788,0.19681563513279,0.235149195426309,0.278043107105405,0.330460136252468,0.396917985587836,0.483436580031758,0.636377769039651
GP_CZ,MONTHLY,NYSE,201104,944,0.103751197683479,0.152423891402931,0.196493306679594,0.234765963793919,0.278043107105405,0.330319386760193,0.396389019216062,0.481486420739842,0.632787717139165
GP_CZ,MONTHLY,NYSE,201105,942,0.103927831548525,0.152600475527886,0.196641588946835,0.234660594109051,0.277512595596965,0.329873897550094,0.395855180420853,0.482559373155182,0.632792788313509
GP_CZ,MONTHLY,NYSE,201106,967,0.120016569051312,0.167796468125185,0.203236249865048,0.243387629969366,0.283509341998375,0.336667497183829,0.400793712894254,0.478269632316374,0.62339023559854
GP_CZ,MONTHLY,NYSE,201107,965,0.121282650651657,0.168370613805755,0.204087058215592,0.243832868803597,0.284079615567904,0.337227117968568,0.400536629360022,0.484764926310497,0.625888909860585
GP_CZ,MONTHLY,NYSE,201108,960,0.121902338603335,0.168614864301214,0.204566947242347,0.243484527177868,0.283444470428362,0.336619681260457,0.400189964155686,0.4836127046235,0.624260046440103
GP_CZ,MONTHLY,NYSE,201109,961,0.121097258895397,0.168570798935839,0.204470198675497,0.243429605637463,0.283509341998375,0.336524049413713,0.398516052318668,0.483118472071035,0.632769968028961
GP_CZ,MONTHLY,NYSE,201110,957,0.120016569051312,0.168483176806966,0.204580768466183,0.243466219997733,0.283059511394526,0.332047360961065,0.397999517518066,0.478846522028554,0.625237364492392
GP_CZ,MONTHLY,NYSE,201111,955,0.119771354603699,0.168370613805755,0.205339759097574,0.243619170195014,0.283059511394526,0.331984842051088,0.39778904865073,0.477817618490715,0.631376397337902
GP_CZ,MONTHLY,NYSE,201112,953,0.120625050136311,0.168599921097747,0.210111345052461,0.244207146110957,0.285056203805805,0.331321009106177,0.395175176685504,0.476719684552469,0.637042734718136
GP_CZ,MONTHLY,NYSE,201201,948,0.120139176275119,0.168599921097747,0.20951523225039,0.244286735662669,0.285178432046612,0.331321009106177,0.395667094539357,0.478014221474891,0.638199709157528
GP_CZ,MONTHLY,NYSE,201202,948,0.119203716016991,0.169714532764091,0.21059304546652,0.243941182743311,0.284662311547835,0.331321009106177,0.395667094539357,0.478014221474891,0.638199709157528
GP_CZ,MONTHLY,NYSE,201203,945,0.119567958231891,0.168617227460954,0.210597855638922,0.243401621858732,0.283509341998375,0.331455707887416,0.394335022919587,0.478225526423394,0.6363235498299
GP_CZ,MONTHLY,NYSE,201204,944,0.119496200101037,0.16860857427935,0.21017790425536,0.242514287827683,0.283219555126438,0.331725105449894,0.396174030172214,0.478240228387721,0.636683142274018
GP_CZ,MONTHLY,NYSE,201205,943,0.120100205202924,0.169040540904684,0.210458853748187,0.242410389585364,0.283059511394526,0.331922323141111,0.396268515637461,0.478254930352047,0.637042734718136
GP_CZ,MONTHLY,NYSE,201206,969,0.122320636156797,0.174729661438879,0.2147767737334,0.24368214767552,0.286967858678213,0.339960116816306,0.398031838074751,0.481365761965641,0.622605141918808
GP_CZ,MONTHLY,NYSE,201207,971,0.122251715063152,0.173712822292787,0.21469624743471,0.243557717591375,0.287011610339963,0.340917934714566,0.401364034428158,0.483139710554759,0.622434006628235
GP_CZ,MONTHLY,NYSE,201208,969,0.122320636156797,0.173621524781375,0.214352022938153,0.24368214767552,0.287255523262167,0.342348742739884,0.402565733269242,0.487754213588198,0.628509317132084
GP_CZ,MONTHLY,NYSE,201209,969,0.122985974754848,0.174729661438879,0.2147767737334,0.24368214767552,0.288035588855069,0.342412174236796,0.404473386375667,0.487754213588198,0.62414805563386
GP_CZ,MONTHLY,NYSE,201210,966,0.124107263291607,0.17540755420294,0.214796905308072,0.242564377240328,0.287133566801065,0.342357720541448,0.401776707094602,0.489131915390453,0.621388756673384
GP_CZ,MONTHLY,NYSE,201211,960,0.125090485295067,0.175487996415258,0.213870317663163,0.242450013692361,0.287133566801065,0.342384947389122,0.402216909948855,0.490049554288462,0.620552556709502
GP_CZ,MONTHLY,NYSE,201212,958,0.125264010971604,0.176356504613471,0.214200042264547,0.242544449226269,0.287645556058618,0.343770770361067,0.406385214458308,0.492845630401005,0.624659489239152
GP_CZ,MONTHLY,NYSE,201301,956,0.125219676315268,0.177367301005448,0.215372217447119,0.243557717591375,0.288544745814299,0.344395789991723,0.40903261735549,0.49770290964778,0.628914006115909
GP_CZ,MONTHLY,NYSE,201302,950,0.12530834562794,0.178033294727086,0.216122857407911,0.245410980209989,0.289333819216666,0.345631488848516,0.409533629966128,0.498386774184708,0.628374420804142
GP_CZ,MONTHLY,NYSE,201303,948,0.126225259930945,0.178780184087094,0.215908720967735,0.245221936558552,0.289333819216666,0.345006836046188,0.408514860925289,0.497191995994882,0.624659489239152
GP_CZ,MONTHLY,NYSE,201304,945,0.127420145640011,0.178633632934208,0.21585863605388,0.245639069422924,0.289646241759169,0.345631488848516,0.407205541000143,0.498386774184708,0.629048902443851
GP_CZ,MONTHLY,NYSE,201305,943,0.127797481486649,0.178397490794317,0.215467148300256,0.24567631020461,0.289203226875898,0.34412464570058,0.406848162424709,0.497191995994882,0.629318695099734
GP_CZ,MONTHLY,NYSE,201306,972,0.121547661917015,0.172896484837519,0.210436393612846,0.247080336316721,0.287758398648404,0.337504830253645,0.396435872677288,0.490007479958409,0.631203805046664
GP_CZ,MONTHLY,NYSE,201307,972,0.123489854499533,0.173616656868527,0.210752712023292,0.247684669452793,0.287758398648404,0.339356123345614,0.397484705947012,0.490609289886725,0.645450084118615
GP_CZ,MONTHLY,NYSE,201308,968,0.124936276642683,0.174048917609236,0.21068699701869,0.247385769725055,0.287604732463669,0.338568403307315,0.396986947348204,0.490364238782755,0.646402314429428
GP_CZ,MONTHLY,NYSE,201309,965,0.126481787182229,0.173140963570211,0.210202675867323,0.245935759726731,0.287437702306941,0.335910329892808,0.393884883205976,0.490349416503082,0.647055529888313
GP_CZ,MONTHLY,NYSE,201310,958,0.125571341847791,0.173054098455,0.210170502558781,0.246868233840568,0.287515038709752,0.338568403307315,0.393992334351686,0.487007497779929,0.646402314429428
GP_CZ,MONTHLY,NYSE,201311,951,0.125365668159369,0.172967233339788,0.210170758351061,0.246356579242522,0.286053340259112,0.338520461485706,0.394211916659935,0.48973197069032,0.647926483833492
GP_CZ,MONTHLY,NYSE,201312,948,0.127098511783208,0.172956748291439,0.210365695159197,0.246146169484626,0.285292376509096,0.336489199021583,0.394200703543681,0.480081344779424,0.652554913428048
GP_CZ,MONTHLY,NYSE,201401,947,0.126892936916215,0.172953253275323,0.210613139746968,0.246592797046265,0.285285498443473,0.337504830253645,0.395058185999999,0.479085020579935,0.652981922787291
GP_CZ,MONTHLY,NYSE,201402,942,0.12586506258125,0.173442926638104,0.211041441454449,0.24696673324716,0.285676297416916,0.339754320338552,0.39966750770956,0.480354168868941,0.644818102402397
GP_CZ,MONTHLY,NYSE,201403,943,0.129777661739023,0.172956748291439,0.210170644665603,0.24529496010709,0.285285498443473,0.33588664538856,0.39894599406371,0.47871666009539,0.644544933006959
GP_CZ,MONTHLY,NYSE,201404,940,0.127509661517194,0.172936439903784,0.210109507654772,0.245285389761135,0.283975241661795,0.335641341382427,0.395333723335457,0.481030459776371,0.645157054515107
GP_CZ,MONTHLY,NYSE,201405,941,0.127715236384187,0.172949758259206,0.20952452321181,0.245256678723269,0.28295507410115,0.335591151338315,0.394507111329083,0.480715918923927,0.645091271797836
GP_CZ,MONTHLY,NYSE,201406,984,0.122993272964184,0.168290031610508,0.204059678095788,0.239377911985105,0.274896975332212,0.326526234828562,0.390695468711184,0.472977887544367,0.62123445367907
GP_CZ,MONTHLY,NYSE,201407,991,0.123326554224262,0.168499239677155,0.204110559886605,0.239442751414889,0.275099327628362,0.329344473242316,0.38790055274231,0.472988817895098,0.617019203613057
GP_CZ,MONTHLY,NYSE,201408,988,0.124084625954655,0.169467440606442,0.204226284489528,0.24085118782644,0.275143295009453,0.330601308343423,0.39112829513431,0.474420114540008,0.617125923320288
GP_CZ,MONTHLY,NYSE,201409,985,0.124077724820623,0.169167569543049,0.204132110134914,0.239460885175496,0.274890989830713,0.3275049381033,0.387641110994213,0.474758213962406,0.617232643027519
GP_CZ,MONTHLY,NYSE,201410,984,0.124075424442612,0.169000487076576,0.204108462028422,0.239448796001758,0.274896975332212,0.327047028041992,0.387973880685842,0.475143885229488,0.61737762273035
GP_CZ,MONTHLY,NYSE,201411,980,0.12510745072819,0.16979203982706,0.204185985755686,0.240506634457139,0.275001144231036,0.326825516472978,0.386992506623971,0.474758213962406,0.617070406344099
GP_CZ,MONTHLY,NYSE,201412,977,0.124768809515022,0.169669521205381,0.204106364170238,0.23921392756841,0.274890989830713,0.326794984211058,0.385768866880113,0.473949108506753,0.615396510462134
GP_CZ,MONTHLY,NYSE,201501,970,0.124305057162214,0.169600229203361,0.204104266312055,0.239263185754827,0.274896975332212,0.326731324442027,0.385233934630422,0.473931009972068,0.616391029663604
GP_CZ,MONTHLY,NYSE,201502,965,0.124685402088595,0.169600229203361,0.204132110134914,0.239410331699997,0.275099327628362,0.327016495780072,0.384983319554873,0.473931009972068,0.616964754169084
GP_CZ,MONTHLY,NYSE,201503,959,0.125042021451251,0.168940159093959,0.204838041477426,0.23979334937106,0.275099327628362,0.329294563396197,0.385829355568544,0.474265123477221,0.61691030472511
GP_CZ,MONTHLY,NYSE,201504,953,0.125269856777398,0.169467440606442,0.204885810743761,0.239426541557443,0.275187262390544,0.329144833857839,0.386175244154916,0.473943075661858,0.61699197889107
GP_CZ,MONTHLY,NYSE,201505,950,0.12525120104783,0.169137405551741,0.205201051550967,0.240060747454523,0.274995158729537,0.327016495780072,0.386103894180431,0.473931009972068,0.617070406344099
GP_CZ,MONTHLY,NYSE,201506,1000,0.118961936370095,0.163997885388402,0.202722590506741,0.241182964501672,0.277076041246228,0.3269569818081,0.387617454465196,0.470357569972912,0.626218393789813
GP_CZ,MONTHLY,NYSE,201507,996,0.118994848776886,0.165028554001304,0.203902266963713,0.241328940076621,0.277076041246228,0.327008998896569,0.389464332263479,0.47003265962033,0.624149475911234
GP_CZ,MONTHLY,NYSE,201508,988,0.119578719212644,0.166528271560251,0.205011726567839,0.242058387947666,0.277676868409893,0.328425633367991,0.390128732332157,0.469721432413034,0.623322868247585
GP_CZ,MONTHLY,NYSE,201509,988,0.119578719212644,0.166528271560251,0.204218463761515,0.243088845856948,0.279413850783981,0.330324636912252,0.3901016201259,0.469721432413034,0.623322868247585
GP_CZ,MONTHLY,NYSE,201510,982,0.11968571869949,0.166498543596763,0.203823195285881,0.242975168742782,0.279413850783981,0.331445925851493,0.391077255575875,0.469174651285163,0.62204024220556
GP_CZ,MONTHLY,NYSE,201511,975,0.11957088322165,0.166196185515285,0.205591555366045,0.243193080809449,0.279767812002621,0.328592956028923,0.389908407902472,0.469410205205737,0.621912098565909
GP_CZ,MONTHLY,NYSE,201512,973,0.119784882195341,0.166528271560251,0.206203380320786,0.243234775135864,0.280296758581163,0.328425633367991,0.392983412349077,0.471007390678075,0.62199752765901
GP_CZ,MONTHLY,NYSE,201601,968,0.1202806996746,0.166626312153001,0.20641129178903,0.243152041050839,0.280743156434316,0.328425633367991,0.3901016201259,0.472869131809348,0.616653528505536
GP_CZ,MONTHLY,NYSE,201602,961,0.126353722751048,0.167807366849179,0.210917030567686,0.244083762380809,0.282233780454421,0.330073130006552,0.391755936449366,0.47605360264129,0.621655811286609
GP_CZ,MONTHLY,NYSE,201603,955,0.121496500687638,0.168372213199379,0.21078635982764,0.243767670413747,0.281371052940486,0.328813825259818,0.391687265122657,0.476515081650817,0.621912098565909
GP_CZ,MONTHLY,NYSE,201604,952,0.120807767793526,0.167820991472528,0.210793324467156,0.243901804881634,0.280743156434316,0.327758585982863,0.389715195679044,0.474938548257347,0.62204024220556
GP_CZ,MONTHLY,NYSE,201605,945,0.12369476330958,0.167861865342578,0.21078635982764,0.244121255282709,0.281371052940486,0.326710461276363,0.389908407902472,0.475413853033587,0.621912098565909
GP_CZ,MONTHLY,NYSE,201606,965,0.099317092134681,0.151455083219594,0.199643098982269,0.24065651461808,0.280991296259385,0.325218355327648,0.388583174699741,0.478422561711899,0.62783478440671
GP_CZ,MONTHLY,NYSE,201607,960,0.0998252957393112,0.151455083219594,0.200276856182006,0.241077102862087,0.283086315065194,0.325218355327648,0.389198201753615,0.480241072327656,0.637039765842081
GP_CZ,MONTHLY,NYSE,201608,955,0.0999585136786633,0.152633626375346,0.200752997947145,0.241077102862087,0.283432694918981,0.326993493538418,0.389789862080835,0.480241072327656,0.639560205235349
GP_CZ,MONTHLY,NYSE,201609,956,0.099418732855607,0.150308699719364,0.200023353302111,0.240036523794178,0.283503454792364,0.325599001618555,0.389255997542281,0.480183465673469,0.639056117356695
GP_CZ,MONTHLY,NYSE,201610,950,0.0989093776166915,0.150278777684226,0.199240255341625,0.239687486170404,0.283086315065194,0.324850299994492,0.389198201753615,0.479760290697698,0.637039765842081
GP_CZ,MONTHLY,NYSE,201611,946,0.0989047710795506,0.150159089543676,0.199847449748812,0.241069841834015,0.283405365468137,0.325599001618555,0.389643846430752,0.480183465673469,0.639056117356695
GP_CZ,MONTHLY,NYSE,201612,945,0.0989026014434068,0.146771661240879,0.199572737560949,0.239687486170404,0.281498655893051,0.324234328090307,0.384848156313586,0.477134253447612,0.636510097067594
GP_CZ,MONTHLY,NYSE,201701,941,0.0984236999377355,0.146648764769066,0.198891793566545,0.239944805366292,0.281325981243487,0.323736614045331,0.386927605718826,0.467069216146707,0.636471725723843
GP_CZ,MONTHLY,NYSE,201702,937,0.0983093042378051,0.146545432625454,0.198885955876891,0.239981492737446,0.281325981243487,0.324402958126679,0.386990571916596,0.467013929958769,0.636497306619677
GP_CZ,MONTHLY,NYSE,201703,932,0.0975647670045681,0.146065643594445,0.199007735849428,0.241086836534774,0.281412318568269,0.32383288642867,0.384279634697702,0.464061591841988,0.629158322922101
GP_CZ,MONTHLY,NYSE,201704,933,0.0976284274138283,0.145675707821326,0.198612956024896,0.2400181801086,0.282010321283664,0.323768704839777,0.382992215961253,0.461591232399615,0.629115157404014
GP_CZ,MONTHLY,NYSE,201705,925,0.0970222718613803,0.145007013933385,0.1989690884218,0.241077102862087,0.282194083959439,0.323800795634224,0.382184790624529,0.462327063488529,0.629028826367839
GP_CZ,MONTHLY,NYSE,201706,949,0.0915192676885601,0.140190975974524,0.192231198726678,0.235763569212987,0.273648648648649,0.321226506662345,0.382378941741296,0.480149826118342,0.628733627156681
GP_CZ,MONTHLY,NYSE,201707,944,0.0908488378761439,0.140190975974524,0.193018583707469,0.23547871158289,0.272836481466694,0.321160252038351,0.381833128763246,0.474811281696014,0.628856388050242
GP_CZ,MONTHLY,NYSE,201708,938,0.0904394409891499,0.139545465692566,0.193616908040101,0.235419416653124,0.272223285398107,0.320743166068559,0.38060967847931,0.468417963371312,0.628444741106759
GP_CZ,MONTHLY,NYSE,201709,934,0.0901507012972368,0.140190975974524,0.194466484138681,0.235704323985754,0.271746607334321,0.320617357714009,0.38102585811727,0.47019427108657,0.628856388050242
GP_CZ,MONTHLY,NYSE,201710,930,0.089997351909746,0.139517717047585,0.194815142830365,0.236185171405099,0.272223285398107,0.321110977449717,0.380724343910861,0.473160633565433,0.628709074977969
GP_CZ,MONTHLY,NYSE,201711,926,0.0898503806905996,0.139998344296619,0.195097976050108,0.236666018824444,0.272541585758127,0.321184889332668,0.380521954615877,0.479763226087753,0.628807283692817
GP_CZ,MONTHLY,NYSE,201712,923,0.0901118324363354,0.140126765415223,0.195128332336109,0.236723535289782,0.272855168328562,0.321328892996309,0.380500023650018,0.480245423568019,0.628880940228954
GP_CZ,MONTHLY,NYSE,201801,916,0.0904346816561204,0.140319397093128,0.194727774970541,0.236666018824444,0.272836481466694,0.321236910994764,0.380676512058696,0.471509985434853,0.628807283692817
GP_CZ,MONTHLY,NYSE,201802,914,0.0901507012972368,0.139883096776366,0.194466484138681,0.234322258692093,0.271663027313125,0.320617357714009,0.380465142241007,0.474811281696014,0.628340327526306
GP_CZ,MONTHLY,NYSE,201803,910,0.0903839144626453,0.140495404570754,0.19422616328812,0.233339926405739,0.270958561219305,0.32082280026669,0.382274785835794,0.469755699637142,0.628337027530397
GP_CZ,MONTHLY,NYSE,201804,908,0.0903061767408425,0.140407400831941,0.1936597792224,0.233562530383705,0.270958561219305,0.320478835244751,0.380887881876386,0.470632842535998,0.628338127529033
GP_CZ,MONTHLY,NYSE,201805,905,0.0901895701581382,0.140549005301704,0.19314294489124,0.232333361476602,0.27070788170748,0.320243959957721,0.380405200729683,0.473160633565433,0.628339777526987
GP_CZ,MONTHLY,NYSE,201806,937,0.117106346369991,0.151798244711177,0.19345975519032,0.227443992770823,0.26106634209969,0.308743823453691,0.370523089396606,0.457253311118563,0.614597111786231
GP_CZ,MONTHLY,NYSE,201807,936,0.116998392778703,0.151174039222584,0.192010974992182,0.227853943917129,0.264172259222862,0.309545622733664,0.372659496682177,0.462794243180135,0.620874772273039
GP_CZ,MONTHLY,NYSE,201808,931,0.118037454229504,0.151728564701802,0.191795166144395,0.227343078245916,0.262158775959604,0.309545622733664,0.3717575887256,0.4625912849012,0.620045443069932
GP_CZ,MONTHLY,NYSE,201809,928,0.117887666181195,0.151395849414271,0.190106414500493,0.227287193302918,0.262897421640488,0.309875341346633,0.373089046045718,0.462713059868561,0.620543040591796
GP_CZ,MONTHLY,NYSE,201810,928,0.117887666181195,0.151395849414271,0.190106414500493,0.227544907295731,0.263754763941432,0.309875341346633,0.375428841342149,0.463417497124577,0.620543040591796
GP_CZ,MONTHLY,NYSE,201811,919,0.118198525032484,0.151506754510115,0.190185885529065,0.226679615952087,0.26106634209969,0.309648997481233,0.374396539642553,0.466554776891753,0.621998791398832
GP_CZ,MONTHLY,NYSE,201812,912,0.118407680545239,0.152481513359522,0.190373589773901,0.227907917786792,0.264505686407697,0.310764121458714,0.376817475830434,0.466904055279675,0.627510863470034
GP_CZ,MONTHLY,NYSE,201901,910,0.118218658882857,0.152410185575919,0.190333817547185,0.227231308359919,0.263754763941432,0.309281845237413,0.375306762185036,0.467044339232101,0.621851446437489
GP_CZ,MONTHLY,NYSE,201902,909,0.118198525032484,0.152388165392822,0.190322807508163,0.227393535508369,0.26395411462089,0.309335672879235,0.375367801763592,0.467178284732012,0.624140509396342
GP_CZ,MONTHLY,NYSE,201903,906,0.118323070368486,0.155164534216935,0.190392764565698,0.227988878591288,0.26585589515855,0.30804016758662,0.370059640914018,0.467580121231747,0.625584946856495
GP_CZ,MONTHLY,NYSE,201904,900,0.118390492476692,0.155527962435402,0.191690959151535,0.227494450033277,0.26585589515855,0.308065079319943,0.373820691998164,0.467704701815906,0.623659030242957
GP_CZ,MONTHLY,NYSE,201905,897,0.118339925895537,0.156189970368733,0.190421526753392,0.227907917786792,0.265772498426684,0.307868788716974,0.373588049730997,0.467446175731835,0.622293481321517
GP_CZ,MONTHLY,NYSE,201906,929,0.128040080273852,0.168724666824537,0.201866168416084,0.235174700368685,0.27087770543013,0.311232923174076,0.373370000036268,0.465248454892074,0.610375639840596
GP_CZ,MONTHLY,NYSE,201907,934,0.127976952996555,0.168724666824537,0.201500953693723,0.235174700368685,0.269925159829719,0.311232923174076,0.374420041921821,0.468360075831645,0.632099460966076
GP_CZ,MONTHLY,NYSE,201908,934,0.126602993585423,0.166755059037537,0.201500953693723,0.235384738510899,0.270606636750805,0.311682841372361,0.375325407981036,0.466643762026927,0.633215684050492
GP_CZ,MONTHLY,NYSE,201909,932,0.127133826543039,0.166367791325674,0.202362749720681,0.236243109535724,0.270923970612243,0.311586038282913,0.375433848936557,0.464377209735818,0.62539480045474
GP_CZ,MONTHLY,NYSE,201910,929,0.125548202464884,0.166547150815273,0.202364401589692,0.236943272857051,0.270970235794356,0.311682841372361,0.377725362016884,0.46255917985674,0.625253099215134
GP_CZ,MONTHLY,NYSE,201911,924,0.126016375681887,0.166547150815273,0.202372660934749,0.236943272857051,0.27150526990499,0.311682841372361,0.380932959260078,0.465248454892074,0.629295723395286
GP_CZ,MONTHLY,NYSE,201912,916,0.126310083861672,0.16677409152598,0.20245323464707,0.237219318144459,0.272100352306951,0.313773730400617,0.380030272907336,0.464401294498382,0.628186957707767
GP_CZ,MONTHLY,NYSE,202001,907,0.131200215118092,0.168614247383105,0.202684363145796,0.237442950220929,0.272020888385554,0.314250047094828,0.379542243414092,0.461026426922221,0.627632574864007
GP_CZ,MONTHLY,NYSE,202002,907,0.127656940435317,0.166850709184562,0.202500587753055,0.237442950220929,0.271145782176722,0.314030910888289,0.376233833615173,0.459120053874561,0.625293585283592
GP_CZ,MONTHLY,NYSE,202003,901,0.12557581341221,0.166726510304872,0.202532156490379,0.236874261535199,0.270970235794356,0.313773730400617,0.37530733448845,0.45596335696504,0.625415043488969
GP_CZ,MONTHLY,NYSE,202004,896,0.125506786043895,0.166115155526142,0.202366053458704,0.236284336980641,0.270652901932918,0.313773730400617,0.374814394173656,0.45596335696504,0.625313828317822
GP_CZ,MONTHLY,NYSE,202005,890,0.125562007938547,0.166604239349126,0.202369357196726,0.236210210076498,0.270652901932918,0.313945184059065,0.37536155496621,0.457547986593514,0.625873398672982
GP_CZ,MONTHLY,NYSE,202006,900,0.116646904432973,0.154438280471985,0.186069058736284,0.22082870865328,0.252768947727804,0.289990457755453,0.339681903720508,0.419754172352996,0.589301999398406
GP_CZ,MONTHLY,NYSE,202007,899,0.115501074713037,0.154565936612896,0.187072463519791,0.221429403021199,0.253463278356593,0.2903874980038,0.33913133016366,0.413013301730705,0.542155877654736
GP_CZ,MONTHLY,NYSE,202008,891,0.116833097956744,0.155587182076944,0.187624076637812,0.221590351259954,0.25364238410596,0.290586018127973,0.339456061547844,0.412914654474157,0.536520658425819
GP_CZ,MONTHLY,NYSE,202009,890,0.117551412083696,0.159789983837231,0.188195259132386,0.221509877140577,0.253542866893558,0.289990457755453,0.338887781625522,0.412963978102431,0.535770579835696
GP_CZ,MONTHLY,NYSE,202010,886,0.117990116297371,0.159931648725348,0.18889388417324,0.221277540266934,0.253403031544027,0.290586018127973,0.339050147317614,0.410814166709895,0.534169379777481
GP_CZ,MONTHLY,NYSE,202011,882,0.118374734152331,0.159827745780658,0.188386138236784,0.220779129721196,0.252562901840628,0.288156922361816,0.336351617324195,0.409706805223377,0.533475115590086
GP_CZ,MONTHLY,NYSE,202012,882,0.116912910637516,0.156062351069331,0.187609276005105,0.219056144312884,0.250940161159495,0.285949731391108,0.335687216809773,0.406633346057573,0.528063388825978
GP_CZ,MONTHLY,NYSE,202101,881,0.116833097956744,0.155587182076944,0.187096815807666,0.218180556840255,0.250960307298335,0.285469230219427,0.335314174378958,0.406360737065911,0.529323098809174
GP_CZ,MONTHLY,NYSE,202102,875,0.116815290231633,0.154695395580764,0.1870643460905,0.21788048912581,0.250920015020653,0.285245908319489,0.334682400330596,0.405457116402348,0.527777682954202
GP_CZ,MONTHLY,NYSE,202103,878,0.115467192048762,0.154648535533831,0.186029454357716,0.21520691221109,0.250277858261443,0.283055610800796,0.331722020737542,0.402146449822723,0.525645716574486
GP_CZ,MONTHLY,NYSE,202104,873,0.115815755716247,0.155066168193316,0.186693633854827,0.216333459802331,0.2497728338916,0.281685363273098,0.331408102246324,0.401758131506507,0.526051538572711
GP_CZ,MONTHLY,NYSE,202105,869,0.115501074713037,0.154985037878291,0.18729926263532,0.215498885487359,0.2497728338916,0.281820369913542,0.331995188877907,0.402073376822413,0.525564552174841
GP_CZ,MONTHLY,NYSE,202106,896,0.0697129070589637,0.119571045576408,0.1592689093117,0.195056051026944,0.224421289244003,0.264480997299611,0.312102223693246,0.386549303877574,0.504636585842453
GP_CZ,MONTHLY,NYSE,202107,894,0.0696751401670165,0.118379700562941,0.158462396017638,0.194255735005045,0.223544470380391,0.262820337435456,0.307995862650097,0.379699756209575,0.487266315522186
GP_CZ,MONTHLY,NYSE,202108,891,0.0672254245746446,0.117581413204125,0.157323343305428,0.193104082141779,0.222962463034364,0.260598093986198,0.307731894667463,0.378531483767884,0.487834790521027
GP_CZ,MONTHLY,NYSE,202109,891,0.0670169392806873,0.117564809219566,0.157099820876079,0.192323012307584,0.223500260956367,0.260598093986198,0.307933821209266,0.37692232990852,0.487834790521027
GP_CZ,MONTHLY,NYSE,202110,891,0.0665013298077387,0.116995824496839,0.156279243870485,0.191186649234792,0.222805288671153,0.260598093986198,0.307933821209266,0.376488712975332,0.485939873858222
GP_CZ,MONTHLY,NYSE,202111,888,0.0664105666772532,0.116277134017853,0.155443560649871,0.190282718137893,0.221369941140012,0.260826927058456,0.308492194176744,0.376748883135245,0.486508348857064
GP_CZ,MONTHLY,NYSE,202112,885,0.0643578355791166,0.114015242445139,0.156432158112772,0.1911214444008,0.221540034016463,0.260261857822395,0.308631386772581,0.376937224949181,0.489367778476414
GP_CZ,MONTHLY,NYSE,202201,884,0.0631166956756523,0.113755096382868,0.156186390179305,0.190647640177115,0.221463788422626,0.260459399303675,0.308563879511951,0.376952119989841,0.491664089803865
GP_CZ,MONTHLY,NYSE,202202,883,0.0616619209564455,0.112299333153761,0.155907829105767,0.190282718137893,0.221540034016463,0.260163087081755,0.308914566925175,0.376748883135245,0.489878774461543
GP_CZ,MONTHLY,NYSE,202203,881,0.0626230569858129,0.111849116458896,0.15634895694844,0.190553640933941,0.221540034016463,0.259307769479434,0.309310405470939,0.375929382731673,0.492210226671234
GP_CZ,MONTHLY,NYSE,202204,876,0.0634457881355452,0.112974658196058,0.156932391823089,0.190553640933941,0.223544470380391,0.259307769479434,0.310018503348524,0.37582849367615,0.491299998558953
GP_CZ,MONTHLY,NYSE,202205,873,0.0629521494457059,0.112299333153761,0.156965877633687,0.191154046817796,0.223647227832025,0.259582541423532,0.310256666244598,0.375889027109464,0.493110534739578
GP_CZ,MONTHLY,NYSE,202206,940,0.0979738674674751,0.142852503297124,0.17855633513324,0.210948966992564,0.247019960430859,0.283813267611513,0.333102477082317,0.401454113989129,0.533858982546869
GP_CZ,MONTHLY,NYSE,202207,949,0.098251161695797,0.144046527346391,0.179303095523512,0.211553332052851,0.250370690347479,0.287354096440712,0.336020456930389,0.421313744871704,0.555894012847543
GP_CZ,MONTHLY,NYSE,202208,947,0.0986065283639702,0.144014910614639,0.178876412152975,0.211197952044112,0.249343162574259,0.287239932576517,0.336376911662476,0.419723583154673,0.556880654309806
GP_CZ,MONTHLY,NYSE,202209,947,0.0981912125998693,0.143128041509984,0.179153573210854,0.211811854932542,0.250370690347479,0.287694853790627,0.337968044362682,0.428099784241493,0.557922528030537
GP_CZ,MONTHLY,NYSE,202210,949,0.0972159707679411,0.142476219751049,0.178581913012131,0.21167493604258,0.246672955636489,0.287625265209591,0.338593334155526,0.428359825977715,0.557720816853878
GP_CZ,MONTHLY,NYSE,202211,940,0.0973208765003906,0.142852503297124,0.1788408076064,0.212105017735325,0.248255643290309,0.28824848060197,0.339582358529651,0.429098567128113,0.557619961265548
GP_CZ,MONTHLY,NYSE,202212,936,0.0981612380519054,0.142910276325289,0.178769598513248,0.212228025111533,0.250843142582704,0.289473684210526,0.339380872414619,0.429190791865962,0.559673703596704
GP_CZ,MONTHLY,NYSE,202301,932,0.0983603470537657,0.144085124118264,0.179494689734071,0.21269652147042,0.250843142582704,0.289537782209244,0.339445771801119,0.42941714649916,0.559736152094316
GP_CZ,MONTHLY,NYSE,202302,931,0.0988034734121338,0.144078144078144,0.179205061202036,0.212228025111533,0.249343162574259,0.289473684210526,0.339543120880868,0.43182110268603,0.565146381292722
GP_CZ,MONTHLY,NYSE,202303,927,0.0990274842824006,0.144810983220948,0.179153573210854,0.212043514047221,0.249343162574259,0.288950303396747,0.340077398691769,0.435529787799309,0.566611993275703
GP_CZ,MONTHLY,NYSE,202304,924,0.0997963776104265,0.145145181834754,0.180077584643526,0.211775637686385,0.250249543752568,0.289498527788241,0.344211646083786,0.437392421002009,0.566652771300429
GP_CZ,MONTHLY,NYSE,202305,922,0.102014605321853,0.145783114571831,0.180879100201799,0.212043514047221,0.250843142582704,0.289891419418761,0.345168206207204,0.437598867645924,0.566679956650246
GP_CZ,MONTHLY,NYSE,202306,932,0.121275388644411,0.16327555693954,0.195377875013119,0.232227920152584,0.270921691432385,0.315854799243114,0.370359071416909,0.458779556965575,0.584030730207818
GP_CZ,MONTHLY,NYSE,202307,931,0.1217536023657,0.163305503292568,0.19573883161512,0.234058103416773,0.273301460324766,0.317784573967952,0.373197700132685,0.456997893999149,0.584075985706869
GP_CZ,MONTHLY,NYSE,202308,929,0.12267821641044,0.163867350661568,0.197015682535155,0.235336666313627,0.274109014675052,0.319271374862221,0.376682350780011,0.45924662335556,0.584381921234609
GP_CZ,MONTHLY,NYSE,202309,922,0.123756771251649,0.16377741416585,0.196601215907216,0.23558976371438,0.274721822859983,0.320454094571977,0.377647473311811,0.455540960775771,0.590219206048756
GP_CZ,MONTHLY,NYSE,202310,917,0.123885039954406,0.16377741416585,0.196204510472836,0.235393527274457,0.274593685442147,0.319743894438887,0.375633290341896,0.455813037117823,0.590761540662377
GP_CZ,MONTHLY,NYSE,202311,919,0.123936347435508,0.164495743930788,0.196394323520536,0.235336666313627,0.274178072345762,0.319454207568096,0.376052497810523,0.455695177539213,0.590720810825279
GP_CZ,MONTHLY,NYSE,202312,911,0.124035625316,0.163957287157287,0.19729857412336,0.235279805352798,0.274178072345762,0.317784573967952,0.375330965450436,0.459224972707181,0.585605663345569
GP_CZ,MONTHLY,NYSE,202401,908,0.123910693694957,0.163822382413709,0.197696550056071,0.235201228410499,0.274143543510407,0.318057340075933,0.374851650420317,0.458674512897568,0.587453956412201
GP_CZ,MONTHLY,NYSE,202402,903,0.124114010464797,0.163822382413709,0.19752721811953,0.235201228410499,0.274178072345762,0.317215802302288,0.372455075269721,0.458674512897568,0.58975833110933
GP_CZ,MONTHLY,NYSE,202403,900,0.123877114353049,0.164675229521955,0.197060325942485,0.235122651468201,0.274385878893954,0.316690069916136,0.371975760239602,0.458124053087954,0.584275520295574
GP_CZ,MONTHLY,NYSE,202404,895,0.124163613373961,0.164675229521955,0.196663245641027,0.234555393751492,0.273301460324766,0.31593566254711,0.369156291147554,0.459235798031371,0.585273193239101
GP_CZ,MONTHLY,NYSE,202405,893,0.124075634145286,0.164316258339621,0.19752721811953,0.233804185606444,0.273336909871245,0.316079074934459,0.369541932701284,0.459821115314506,0.58975833110933
GP_CZ,MONTHLY,NYSE,202406,916,0.119766160547155,0.163927732979484,0.190811861225508,0.220715955467394,0.256449363426515,0.301488661994748,0.360467043092318,0.440563211118379,0.578311420332527
GP_CZ,MONTHLY,NYSE,202407,913,0.119721318703266,0.164024477028209,0.191032642277824,0.221177347332208,0.257041158378546,0.304506707898186,0.361296632325073,0.44291215745829,0.58834510374614
GP_CZ,MONTHLY,NYSE,202408,908,0.120065732532998,0.164401802493645,0.191195757436569,0.221585913846731,0.257605898210664,0.306249843125399,0.361522984671406,0.445370122950362,0.590053236346668
GP_CZ,MONTHLY,NYSE,202409,906,0.120001493796038,0.164505003914267,0.191202360936486,0.221479831724821,0.258848541278285,0.306996486334254,0.36186948800216,0.445331093378132,0.587885348375569
GP_CZ,MONTHLY,NYSE,202410,903,0.121172597039746,0.164951672987388,0.191204011811466,0.221739562360472,0.259481517042727,0.307050177544088,0.362355417123011,0.444989904700838,0.58834510374614
GP_CZ,MONTHLY,NYSE,202411,898,0.121718283457048,0.165372418214975,0.191195757436569,0.221739562360472,0.25990511891202,0.305781261427842,0.361522984671406,0.44291215745829,0.58671689395734
MOM_CZ,ANNUAL,GENERAL,196306,1659,-0.182305329042974,-0.0480693771602886,0.0521940803962241,0.138138666971784,0.200000280262779,0.268245133749822,0.341496063217153,0.444454575540265,0.583090459501532
MOM_CZ,ANNUAL,GENERAL,196406,1671,-0.242902687685238,-0.124999850251525,-0.0382602325313029,0.0270285625349316,0.0871752118417244,0.147413999357395,0.214318378462369,0.299602679338096,0.475776338487323
MOM_CZ,ANNUAL,GENERAL,196506,1719,-0.104155954017371,-0.00863516931849399,0.0601307278729695,0.124399156161289,0.191698639731785,0.263298554881764,0.348605969343435,0.458290226799218,0.642929329632932
MOM_CZ,ANNUAL,GENERAL,196606,1741,-0.102564189983061,-0.00975315513737229,0.0690751597898627,0.14137409090959,0.218578555900312,0.320688806981144,0.440000434238388,0.609031886552314,0.967398570358268
MOM_CZ,ANNUAL,GENERAL,196706,1762,-0.170096818927071,-0.069521608049475,-0.000150057146426915,0.059479484338413,0.132532645601838,0.207064381132475,0.297100817567941,0.42181906584283,0.664292612266078
MOM_CZ,ANNUAL,GENERAL,196806,1721,-0.0972216216409883,0.010862902953706,0.107294493893649,0.211915861022603,0.315295603514131,0.446305782954233,0.590005166226413,0.839286196337537,1.25207215692699
MOM_CZ,ANNUAL,GENERAL,196906,1742,-0.298942037989506,-0.205399458366985,-0.113010265815031,-0.0368896372503801,0.0201997069268584,0.0925008329062198,0.170444298163261,0.279718523322042,0.489278382541253
MOM_CZ,ANNUAL,GENERAL,197006,1842,-0.622879863306765,-0.550358723471278,-0.487075959233743,-0.429804899105582,-0.372027291160397,-0.311709503067185,-0.23756794396617,-0.163638572835793,-0.0528232686744868
MOM_CZ,ANNUAL,GENERAL,197106,1910,0.0280972749960431,0.172931040241832,0.285065199285104,0.378058686351805,0.482896256779941,0.607995892122637,0.768598467206451,0.940830189970728,1.2680667532706
MOM_CZ,ANNUAL,GENERAL,197206,1971,-0.292134594779477,-0.178982658243177,-0.0852980037118602,-0.0076424814616034,0.081238519768829,0.164282821902006,0.272858040934918,0.394842603058911,0.612612939621549
MOM_CZ,ANNUAL,GENERAL,197306,2033,-0.628805450558121,-0.532945497374038,-0.458334220529437,-0.392694499342655,-0.332778854489317,-0.264258808894872,-0.177249276101341,-0.0898445768739058,0.0422887599095967
MOM_CZ,ANNUAL,GENERAL,197406,4017,-0.465614525420498,-0.36085119008252,-0.272727059410885,-0.202280117693874,-0.128204587203977,-0.0625001211838285,8.92662912255222e-07,0.111608468184316,0.284489597569932
MOM_CZ,ANNUAL,GENERAL,197506,3863,-0.280459716247421,-0.142385096406201,-0.0471000365961726,9.32397948361095e-07,0.0941919562778055,0.18750082755757,0.307244775141565,0.457856970750276,0.7586198722935
MOM_CZ,ANNUAL,GENERAL,197606,3797,-0.245056116451145,-0.111111121972191,-0.00678928203094528,0.0524572706267029,0.134678059920083,0.221543590188873,0.332430461687866,0.473684096612184,0.711972317855004
MOM_CZ,ANNUAL,GENERAL,197706,3782,-0.275807752516081,-0.15491874660205,-0.0625000523894123,0,0.0776788551470993,0.159867200802625,0.254234651766068,0.384526819812352,0.611038270261468
MOM_CZ,ANNUAL,GENERAL,197806,3640,-0.122480277576461,-0.00948610082959272,0.0530268665140714,0.142956425402378,0.236223571758095,0.344988922577645,0.462262860216964,0.646741844050365,0.963086768159334
MOM_CZ,ANNUAL,GENERAL,197906,3518,-0.256032212389749,-0.137198846895976,-0.060701606364343,0,0.0635970349639747,0.131305506447263,0.217605122942855,0.347826482731844,0.588686584326836
MOM_CZ,ANNUAL,GENERAL,198006,3455,-0.323082756504487,-0.187747280469248,-0.0967747105223872,-0.0154340283740083,0.0467762328746133,0.132562829910897,0.241378449763967,0.384024678333489,0.67147013805967
MOM_CZ,ANNUAL,GENERAL,198106,3481,-0.114633598455315,0.0312497880409464,0.147057569991996,0.25000155555713,0.358695885924448,0.491963471679064,0.653957736047355,0.924997252436119,1.39777968325271
MOM_CZ,ANNUAL,GENERAL,198206,3789,-0.583745775520295,-0.4667187055246,-0.381644135418453,-0.294117584850056,-0.215124182405438,-0.143300898128752,-0.0655011335720929,0.0342754776804748,0.194188302045328
MOM_CZ,ANNUAL,GENERAL,198306,3790,-0.0500000084626838,0.211467125915762,0.409707774026345,0.577844737264973,0.740563672548036,0.936350729773268,1.18151655501176,1.56268483646735,2.31055108056674
MOM_CZ,ANNUAL,GENERAL,198406,3926,-0.635324421731145,-0.507462351184416,-0.404434972523187,-0.321739235364966,-0.252278561559546,-0.177243788381985,-0.104353041828545,0,0.149892587923862
MOM_CZ,ANNUAL,GENERAL,198506,4154,-0.466392667466636,-0.288042112616119,-0.158748603958987,-0.0345572151446252,0.0784495729938357,0.186183580231621,0.292436064462469,0.438875592482156,0.697434270491995
MOM_CZ,ANNUAL,GENERAL,198606,4036,-0.403435310355544,-0.193548567378291,-0.0330909667688469,0.0909087423845805,0.206221047419628,0.321599594292597,0.461536516082962,0.653816496976268,0.998498117553911
MOM_CZ,ANNUAL,GENERAL,198706,4120,-0.470631591455853,-0.323636698085124,-0.203222008093537,-0.102884868781196,-0.001405064455618,0.0848526454688428,0.187295962564622,0.327334970609189,0.610702247157204
MOM_CZ,ANNUAL,GENERAL,198806,4255,-0.615209350395909,-0.482758243735688,-0.37700183694741,-0.28571436208742,-0.199999720000056,-0.117408331298271,-0.0404408316695875,0.0523720897963571,0.228836291335821
MOM_CZ,ANNUAL,GENERAL,198906,4107,-0.449999860999399,-0.258064667328455,-0.142467266983781,-0.0393692563946899,0.0512816326500092,0.143441846219159,0.253337789220833,0.407408102419152,0.700000945879375
MOM_CZ,ANNUAL,GENERAL,199006,3984,-0.531249909109965,-0.379906972089674,-0.255814039037132,-0.158699586916433,-0.0634311269465964,0.0291557357545643,0.163805760917349,0.32558245101647,0.624921187627289
MOM_CZ,ANNUAL,GENERAL,199106,4011,-0.526881733632383,-0.355555587190371,-0.235294407269963,-0.128666495010651,-0.0361911746599208,0.0567510839172192,0.188676008524011,0.361908767476336,0.69529095283596
MOM_CZ,ANNUAL,GENERAL,199206,3938,-0.399999965314204,-0.232857108040305,-0.102716343322928,-2.83084967689338e-08,0.0930187194133392,0.204519826257631,0.339568881478095,0.555555204839593,0.964209416066274
MOM_CZ,ANNUAL,GENERAL,199306,4164,-0.384346792252852,-0.214286105071116,-0.0730920461532727,0.0249931327793496,0.124999624954788,0.235528651034537,0.372659987655148,0.577395512038952,0.999999454261513
MOM_CZ,ANNUAL,GENERAL,199406,4438,-0.461538642835118,-0.283604123019578,-0.164279119050942,-0.0754721992269838,0.00802567573453394,0.0914985399424431,0.190392141292802,0.333332099121832,0.599998994572015
MOM_CZ,ANNUAL,GENERAL,199506,4777,-0.444444117571336,-0.264440193173211,-0.136365111144116,-0.0344150486641341,0.0609539458216009,0.160651948212004,0.273920784156025,0.446111258427579,0.775627416314226
MOM_CZ,ANNUAL,GENERAL,199606,4892,-0.338019059390389,-0.152237793033812,-0.0281961936285425,0.0789732087402439,0.198393552181756,0.310705649855987,0.472487292834198,0.735173863817769,1.2499995345617
MOM_CZ,ANNUAL,GENERAL,199706,5249,-0.581937968948626,-0.415372470479294,-0.275558750422886,-0.155124116459058,-0.0409836666618656,0.0589186394090731,0.169835047560776,0.306122952081578,0.55555425229695
MOM_CZ,ANNUAL,GENERAL,199806,5265,-0.445470588089047,-0.280388839281354,-0.143675535132645,-0.0254189521149987,0.0909077539341134,0.199824994344436,0.326348719368445,0.508531674015986,0.795830660374036
MOM_CZ,ANNUAL,GENERAL,199906,4982,-0.593865684084696,-0.458334242384998,-0.34729679072308,-0.254606434071435,-0.159436085747435,-0.065362535280061,0.0544113156371932,0.226743790359704,0.600348095235985
MOM_CZ,ANNUAL,GENERAL,200006,4670,-0.597587615089222,-0.439432369990654,-0.314113848964569,-0.205579756866364,-0.0965039621467225,0.0363638119021097,0.216448325650895,0.517053236041001,1.10421838632391
MOM_CZ,ANNUAL,GENERAL,200106,4481,-0.800909177969543,-0.626174565094866,-0.465714369685267,-0.306666950974956,-0.150281132079006,-0.000505162411378324,0.160468925290217,0.356904821098169,0.684815059371465
MOM_CZ,ANNUAL,GENERAL,200206,4153,-0.66454931643827,-0.474881361547813,-0.310321054346115,-0.171329137019314,-0.039614701389263,0.0692418375189867,0.195823339476563,0.358083563887969,0.689354411548112
MOM_CZ,ANNUAL,GENERAL,200306,3799,-0.487300214488216,-0.337653603146107,-0.225135313516831,-0.137503841131532,-0.0431819175553961,0.0377860943897875,0.140637736456047,0.309779235895558,0.687994900027459
MOM_CZ,ANNUAL,GENERAL,200406,3541,-0.182152827396969,-0.0127388033000709,0.0975115391885819,0.19781175638897,0.289774706085844,0.400839234926578,0.551610953593762,0.785489279783149,1.25000004456567
MOM_CZ,ANNUAL,GENERAL,200506,3504,-0.45882939808896,-0.295432105900796,-0.185843602901383,-0.0999485883720047,-0.0146375199624378,0.0767350645639024,0.178977937988898,0.316385456883687,0.542553307197855
MOM_CZ,ANNUAL,GENERAL,200606,3410,-0.337464284100486,-0.189991597555916,-0.0801938497647121,0.00508386028197984,0.0802769863374818,0.182170660208584,0.298755158204413,0.457137549613296,0.79463672632523
MOM_CZ,ANNUAL,GENERAL,200706,3337,-0.303423091295784,-0.134397297444635,-0.0272313556599932,0.0545566787333373,0.133414785824073,0.222286949126907,0.326568164452478,0.45839754563192,0.712124146577843
MOM_CZ,ANNUAL,GENERAL,200806,3275,-0.624057794528617,-0.487555319245851,-0.382134959434883,-0.28571366427435,-0.196158114870226,-0.114601995449856,-0.0155191629591835,0.103020656596578,0.323819686364925
MOM_CZ,ANNUAL,GENERAL,200906,3128,-0.70499883929663,-0.588037940308511,-0.487758006889117,-0.402377950634083,-0.316421731517461,-0.232834674970688,-0.139096280180743,-0.0370725272315825,0.151516039203946
MOM_CZ,ANNUAL,GENERAL,201006,2964,-0.228698195741595,-0.049412566199819,0.067205347634194,0.17350729343974,0.268891259378571,0.385798355946665,0.529109896002252,0.744939305128233,1.26581031986297
MOM_CZ,ANNUAL,GENERAL,201106,2858,-0.193628982994757,7.91614634243478e-07,0.132788524199466,0.228243543369491,0.327199571557148,0.433789923279695,0.55965687556097,0.725758630087992,1.05837815366087
MOM_CZ,ANNUAL,GENERAL,201206,2812,-0.549845637514345,-0.395383858036842,-0.284952949366689,-0.201059953241101,-0.127172894893758,-0.0498949608704602,0.0375106953135667,0.140994049414104,0.303327863193197
MOM_CZ,ANNUAL,GENERAL,201306,2724,-0.27976393338934,-0.0996510210004001,0.0224991653295979,0.116010364054159,0.2016670600285,0.282864260920789,0.383086211065706,0.507206598837121,0.776019077639623
MOM_CZ,ANNUAL,GENERAL,201406,2721,-0.264174586889759,-0.099182160005951,0.0147562129555177,0.0891593357553078,0.157861624653412,0.248564235315671,0.336063672590788,0.467264149031693,0.736618704552356
MOM_CZ,ANNUAL,GENERAL,201506,2818,-0.497293565971599,-0.308614217460495,-0.177863552596426,-0.0850673058558497,0.00128985303294615,0.0818597672918654,0.163289366108237,0.284418343373157,0.484834079116967
MOM_CZ,ANNUAL,GENERAL,201606,2824,-0.589721836381275,-0.422914036414999,-0.315545225451485,-0.215427888179134,-0.124635495814212,-0.0463670096144727,0.0281646773028743,0.116891283992129,0.255573475221138
MOM_CZ,ANNUAL,GENERAL,201706,2755,-0.43253468707658,-0.187952898477966,-0.0578368117008642,0.0383971923631094,0.120930109558304,0.209383454807217,0.323880936301845,0.465205033486378,0.710554521119536
MOM_CZ,ANNUAL,GENERAL,201806,2745,-0.396604093030918,-0.216759130211645,-0.094581754835439,-0.00380136586294446,0.0832852632544525,0.181544575165278,0.293889416619662,0.451450919861716,0.743178691572549
MOM_CZ,ANNUAL,GENERAL,201906,2797,-0.623396631927617,-0.451696494197374,-0.334268570675209,-0.244037860916979,-0.160177078288498,-0.0699203903597726,0.0281515139901794,0.133052712464588,0.323094962535693
MOM_CZ,ANNUAL,GENERAL,202006,2818,-0.631930906652931,-0.475057127906742,-0.357874392264858,-0.242790169009872,-0.14501820649834,-0.0467521468410113,0.0526055497245818,0.215841754694325,0.477114978677643
MOM_CZ,ANNUAL,GENERAL,202106,2849,-0.224913292737561,0.0413296748923151,0.205288530064887,0.339313581155544,0.490265977610648,0.637391083804816,0.84345240861484,1.16953411689807,1.82515465505818
MOM_CZ,ANNUAL,GENERAL,202206,3321,-0.80378433785711,-0.683650336146342,-0.535248418983984,-0.397621482242192,-0.26119731680039,-0.150389590247222,-0.0536846431125091,0.0220334277578134,0.190139223900374
MOM_CZ,ANNUAL,GENERAL,202306,3399,-0.674902907227027,-0.436153725354592,-0.260743735907054,-0.148004128370403,-0.0483209928177424,0.0485160207208099,0.145658351074858,0.281239562560951,0.567991965056705
MOM_CZ,ANNUAL,GENERAL,202406,3202,-0.704143944611414,-0.454537801623432,-0.280693103366716,-0.144451345660592,-0.027713672282488,0.0699660808962813,0.176115274221342,0.338024204335064,0.618577497382619
MOM_CZ,ANNUAL,NYSE,196306,959,-0.0119073327519741,0.101091703371091,0.167917478965607,0.222207995859337,0.274475653759981,0.339748278623608,0.418648868431624,0.503385471516303,0.661215841320023
MOM_CZ,ANNUAL,NYSE,196406,972,-0.152824633580232,-0.0592428878058882,0.0157625788375473,0.0635520394393473,0.116259918572646,0.17205261901664,0.220712528147999,0.299291673424387,0.451613608527411
MOM_CZ,ANNUAL,NYSE,196506,996,-0.0760838373914695,0.0112154860427334,0.0777730267442739,0.129888861309946,0.192847665982081,0.249418603291644,0.323187283539931,0.407671222055857,0.530428123743676
MOM_CZ,ANNUAL,NYSE,196606,1005,-0.0955966531284797,-0.0198415949596251,0.0550338593187422,0.119650063517701,0.185477380790785,0.259100163392068,0.382675213907979,0.496850958501434,0.75031768813016
MOM_CZ,ANNUAL,NYSE,196706,1018,-0.135419679032236,-0.0437659715990979,0.0168887281290792,0.0659974498558045,0.129555350887114,0.193069921541916,0.26918274331683,0.373681318375379,0.545971983435081
MOM_CZ,ANNUAL,NYSE,196806,984,-0.105060417436196,-0.00716030092286767,0.0695919567084165,0.149071481564814,0.23615227200283,0.317577097723476,0.42750759694701,0.567883100505138,0.81426761920563
MOM_CZ,ANNUAL,NYSE,196906,980,-0.259961778460692,-0.162598268664629,-0.0769328801464033,-0.0130966850735866,0.0345588105304946,0.0937410993221913,0.158441443550419,0.237286358782478,0.36821782414247
MOM_CZ,ANNUAL,NYSE,197006,1016,-0.5624981539941,-0.46995799052327,-0.407565741434433,-0.351167962946867,-0.305774186614745,-0.246750246483685,-0.189746752457262,-0.121197045798842,-0.0122417587086931
MOM_CZ,ANNUAL,NYSE,197106,1043,0.127846704115011,0.266396824922377,0.338666558021177,0.433473374536311,0.53018106509574,0.647370908197108,0.774151943024665,0.916218801055536,1.19696264885627
MOM_CZ,ANNUAL,NYSE,197206,1077,-0.236631075526237,-0.12202039652568,-0.051725724353437,0.0277033760300247,0.102893401266478,0.174363032934871,0.260176764794384,0.369144529993595,0.552278895177449
MOM_CZ,ANNUAL,NYSE,197306,1111,-0.553506681615474,-0.470953460402577,-0.395079299408705,-0.333333231988918,-0.264360135712288,-0.184059304863859,-0.110644253278066,-0.0237891439250074,0.09490098393486
MOM_CZ,ANNUAL,NYSE,197406,1137,-0.402538035136636,-0.284300734455582,-0.212656046119051,-0.13990549091944,-0.0849900576370756,-0.0235845656547597,0.0477410948988599,0.146186760801319,0.29582811599784
MOM_CZ,ANNUAL,NYSE,197506,1136,-0.157094939178254,-0.0430315509930207,0.0318866425824303,0.108695746373692,0.17606073934023,0.2633458197092,0.366292780881542,0.507856517078335,0.795916549510197
MOM_CZ,ANNUAL,NYSE,197606,1127,-0.16914722260578,-0.0725222909739751,0.00410429741769211,0.076772212809364,0.14258906527843,0.222393024833316,0.311060987322174,0.419510280478665,0.589719421553014
MOM_CZ,ANNUAL,NYSE,197706,1149,-0.250707577349602,-0.155238429586923,-0.0798652646971682,-0.0133075326135889,0.0526198164791913,0.115325225393238,0.187561723810894,0.278456873638513,0.459399867198517
MOM_CZ,ANNUAL,NYSE,197806,1141,-0.125000235269042,-0.0475347651904043,0.0127991394882638,0.0892973049877641,0.153750643964496,0.229245109867533,0.328886539812777,0.431088925922094,0.63319612502088
MOM_CZ,ANNUAL,NYSE,197906,1133,-0.177300067300265,-0.0940952674124075,-0.0381929353803857,0.015702239341408,0.0687031394528535,0.122152340556355,0.190210555214858,0.283038116350049,0.48173097336992
MOM_CZ,ANNUAL,NYSE,198006,1118,-0.233955430021668,-0.125482847127484,-0.0511514448557083,0.00804602283555425,0.062756445163659,0.144905659824766,0.236828598079782,0.3414492361596,0.574082014809811
MOM_CZ,ANNUAL,NYSE,198106,1097,0.00225548473386922,0.121121462327475,0.206640737298498,0.281654614608364,0.386079687144601,0.471195495598282,0.587450386389734,0.767660388136244,1.10031169814077
MOM_CZ,ANNUAL,NYSE,198206,1079,-0.448851619608314,-0.347831336396117,-0.276365178847598,-0.220031063095527,-0.169058171412354,-0.108633400283722,-0.0463033289706645,0.0440807783851832,0.178704178545925
MOM_CZ,ANNUAL,NYSE,198306,1057,0.222871622520699,0.381408499236403,0.511650426035883,0.609292824670589,0.70498014284005,0.824802388043064,0.983353100111352,1.21307811952066,1.61334943886373
MOM_CZ,ANNUAL,NYSE,198406,1043,-0.404068811339577,-0.307497086852018,-0.25000044322973,-0.197156588498687,-0.148937290198808,-0.104044991052459,-0.0427352753020355,0.0384860779223017,0.153641163810621
MOM_CZ,ANNUAL,NYSE,198506,1027,-0.209078884093768,-0.064643575057369,0.032477961790602,0.110922161742907,0.188873499564762,0.25891296440988,0.326836264499874,0.420186775969449,0.592640400178067
MOM_CZ,ANNUAL,NYSE,198606,988,-0.129635291723223,0.0235603212805101,0.130717942508764,0.222221858365606,0.306274813010845,0.386476373891196,0.468428017220537,0.587786674622973,0.778762843999192
MOM_CZ,ANNUAL,NYSE,198706,961,-0.224444195891658,-0.0933469943000549,-0.0149324188969669,0.0514662645481658,0.113053373007359,0.180850412041414,0.26692209286059,0.385234618449195,0.583416944665992
MOM_CZ,ANNUAL,NYSE,198806,953,-0.428197238105241,-0.306393650879549,-0.24654522299453,-0.18128748243587,-0.128024604242165,-0.0728409444244767,-0.0157625982908365,0.0465556704371041,0.176247687756437
MOM_CZ,ANNUAL,NYSE,198906,930,-0.206405360388845,-0.0897724646567255,3.97495451065509e-07,0.0704904290974934,0.136748226702549,0.200515189018604,0.278374739786656,0.368898197062646,0.533513828699828
MOM_CZ,ANNUAL,NYSE,199006,924,-0.383443643002354,-0.242884555587401,-0.14368012175918,-0.0573383826563118,0.0132483869962997,0.0962489953240196,0.195676654801232,0.310837807621796,0.474308224547819
MOM_CZ,ANNUAL,NYSE,199106,976,-0.339243174092958,-0.18740474092831,-0.104002881875001,-0.0327866914017282,0.0315850093371077,0.111923221619148,0.196075100758648,0.295066031702486,0.443643036241692
MOM_CZ,ANNUAL,NYSE,199206,1019,-0.291760680945702,-0.137304040782295,-0.0319069255437297,0.0356792209612033,0.113030033335233,0.186414615581214,0.263336845447867,0.380401653969753,0.583732267580158
MOM_CZ,ANNUAL,NYSE,199306,1086,-0.233626262078709,-0.0681806250209488,0.0178935423486924,0.0883281663167621,0.156566277884368,0.239948524368088,0.334955367587515,0.470000779266646,0.744532286248988
MOM_CZ,ANNUAL,NYSE,199406,1143,-0.249096522266181,-0.138101068189358,-0.0707210549979941,-0.00385460174591703,0.0504100128970895,0.108906376539439,0.180437059313257,0.29720094756904,0.498736326973965
MOM_CZ,ANNUAL,NYSE,199506,1201,-0.225398830568217,-0.0818061097417288,-0.00338843067047688,0.0567969496951326,0.125050966716019,0.187050225707563,0.255814591459045,0.343872836854234,0.500054324029436
MOM_CZ,ANNUAL,NYSE,199606,1243,-0.172542566622272,-0.0397488249366233,0.0469433521807345,0.12437726663653,0.204469310481468,0.269781729188811,0.353309276398803,0.485260810284488,0.814229128138948
MOM_CZ,ANNUAL,NYSE,199706,1311,-0.243697283144651,-0.100000296026097,-0.010120283891465,0.0634487146071425,0.139238692769143,0.203957283654631,0.275174817194241,0.377194124767698,0.555284921175609
MOM_CZ,ANNUAL,NYSE,199806,1347,-0.241686399445546,-0.11261436164271,-0.00912765330920693,0.0805752787320957,0.151897372052134,0.231690732351988,0.32330943378343,0.433583126083069,0.615813710689358
MOM_CZ,ANNUAL,NYSE,199906,1357,-0.459285512373691,-0.332828553507701,-0.255784504243451,-0.171895476128922,-0.100130343412274,-0.0285764830900613,0.0590205460784284,0.172862846793257,0.357584799719403
MOM_CZ,ANNUAL,NYSE,200006,1258,-0.552833381176065,-0.418515551053883,-0.308848621900941,-0.226035155105937,-0.14268920662865,-0.0747582009514523,0.0296489327839947,0.184803027615621,0.500144181048355
MOM_CZ,ANNUAL,NYSE,200106,1187,-0.417171833206474,-0.200000992994716,-0.0548424306283463,0.0377012026698793,0.135801544477667,0.252281303772456,0.365077002559445,0.519851559587765,0.775184466287772
MOM_CZ,ANNUAL,NYSE,200206,1149,-0.329669723499112,-0.18112913054358,-0.0622961150976816,0.0103739041752679,0.0873883805829649,0.162503629874471,0.25087838852101,0.356322672359217,0.557318356598088
MOM_CZ,ANNUAL,NYSE,200306,1146,-0.414483282058174,-0.293497459879494,-0.204493762847671,-0.13892787671165,-0.0676270483547325,-0.00223595564022883,0.0555087473275917,0.143171464633835,0.291437997451338
MOM_CZ,ANNUAL,NYSE,200406,1107,-0.0543720468050722,0.0605131922341433,0.132687389110877,0.205295978226716,0.268607241232747,0.334151996676206,0.425534502342196,0.553476261551812,0.794257497931055
MOM_CZ,ANNUAL,NYSE,200506,1102,-0.250466083214528,-0.135138696523115,-0.0553620252410246,0.0128732366965324,0.0839856999668442,0.146824571503443,0.23333399069533,0.343308020911279,0.500400195108227
MOM_CZ,ANNUAL,NYSE,200606,1075,-0.230895913120317,-0.1090220307282,-0.0215478827903604,0.0370589303925127,0.0960986261493504,0.173932089219166,0.262477845332462,0.388021274339027,0.601714846703737
MOM_CZ,ANNUAL,NYSE,200706,1060,-0.0954979407939308,0.00784169354360232,0.0816445568220177,0.137797289483222,0.213856359502784,0.276149169879931,0.356620470591407,0.455994346712004,0.621010282056966
MOM_CZ,ANNUAL,NYSE,200806,1046,-0.501393852082446,-0.358911963415663,-0.269070921204991,-0.192614424595623,-0.113601020418337,-0.0239345557469193,0.0629436212408076,0.180732640531348,0.363850824666521
MOM_CZ,ANNUAL,NYSE,200906,1019,-0.668179102250173,-0.528792055929334,-0.435571355696551,-0.360427471028444,-0.294312759714109,-0.231289680900646,-0.159718652755229,-0.0800253334726582,0.0507731744583207
MOM_CZ,ANNUAL,NYSE,201006,998,-0.0467267456245726,0.0718869701864049,0.169195427455896,0.24459018062101,0.326910213943748,0.449634268540262,0.586044767849852,0.798916621842143,1.29458345715638
MOM_CZ,ANNUAL,NYSE,201106,992,0.0135472608220974,0.150255705530386,0.23964859832476,0.319016065096008,0.406096604762636,0.500333272597001,0.594023204166828,0.706763773821008,1.01597492791263
MOM_CZ,ANNUAL,NYSE,201206,998,-0.451223165403209,-0.320375273096094,-0.218590249893095,-0.149471950293925,-0.0997068355787692,-0.0293482503058591,0.0485486270931042,0.134900169453733,0.266353725436291
MOM_CZ,ANNUAL,NYSE,201306,996,-0.0940245170753749,0.046040869381963,0.137556116903893,0.216347486552036,0.27907429091213,0.343228868059818,0.42568764103436,0.531187142720747,0.763684166404305
MOM_CZ,ANNUAL,NYSE,201406,1000,-0.144733923187274,0.00106342420567529,0.0791765971617846,0.140196285601002,0.205178130492327,0.266310205794009,0.344945150382141,0.434186228536691,0.570646743303094
MOM_CZ,ANNUAL,NYSE,201506,1018,-0.402626753295135,-0.241361604684696,-0.126413683923517,-0.0417047780811453,0.0291582139529808,0.0905610716616592,0.158853801069328,0.235481627175412,0.347333969551542
MOM_CZ,ANNUAL,NYSE,201606,990,-0.474336771684809,-0.301945416928966,-0.201699997228206,-0.123605119805746,-0.0647743315744248,-0.00882010738284498,0.0553790111304351,0.139399330996221,0.248024913294193
MOM_CZ,ANNUAL,NYSE,201706,962,-0.243588324796854,-0.100616256492243,0.00248937092615762,0.0696943285942959,0.133297443569679,0.199813618946728,0.282590983161975,0.398691663059234,0.561239790802735
MOM_CZ,ANNUAL,NYSE,201806,956,-0.256628142242193,-0.118422548059782,-0.0318128940253475,0.0406614034967705,0.11118627024898,0.201221452861978,0.285279134257357,0.402599279652887,0.591286145134053
MOM_CZ,ANNUAL,NYSE,201906,952,-0.516632176334545,-0.383687854519387,-0.297777178083805,-0.208723799743374,-0.12505320821666,-0.0410324433197447,0.0399316646533486,0.134384878614211,0.27694564391909
MOM_CZ,ANNUAL,NYSE,202006,932,-0.620293221327511,-0.466436520882546,-0.350512276445375,-0.241614110537923,-0.153774518962994,-0.0613469569623806,0.0187911640039019,0.124376429249539,0.317031761413914
MOM_CZ,ANNUAL,NYSE,202106,911,0.105179253254174,0.240565165233587,0.363329405949568,0.499406467206167,0.60286343303288,0.740620537422377,0.958453466588649,1.26326345517611,1.78570977757764
MOM_CZ,ANNUAL,NYSE,202206,969,-0.552475880027841,-0.371102180119839,-0.254522878144905,-0.182982317951214,-0.111711604454414,-0.0461567761266197,0.0289675219584396,0.147773612322588,0.409221346319631
MOM_CZ,ANNUAL,NYSE,202306,970,-0.349405471375556,-0.208871381411568,-0.103897678436082,-0.0338024888503276,0.0396748506267602,0.133361917033275,0.191882052029514,0.297761891964213,0.486475611052844
MOM_CZ,ANNUAL,NYSE,202406,942,-0.366175867543861,-0.169797034360009,-0.069471720879379,0.00825173292890123,0.0826403454410962,0.162715070986619,0.256579699341799,0.394090969543729,0.620006307944381
MOM_CZ,MONTHLY,GENERAL,196306,1659,-0.182305329042974,-0.0480693771602886,0.0521940803962241,0.138138666971784,0.200000280262779,0.268245133749822,0.341496063217153,0.444454575540265,0.583090459501532
MOM_CZ,MONTHLY,GENERAL,196307,1657,-0.212672853356072,-0.0854544723055386,0.00921716060328612,0.091038780579872,0.142667226798503,0.204159966835522,0.274960042025628,0.364400293090016,0.509594135050667
MOM_CZ,MONTHLY,GENERAL,196308,1661,-0.260204089047075,-0.130175179150184,-0.0356743899696955,0.0364105048736583,0.106006389190634,0.165592855659986,0.232433050979319,0.312911208035142,0.462868938400688
MOM_CZ,MONTHLY,GENERAL,196309,1661,-0.162161899484987,-0.0367698532576684,0.0698290559549711,0.149549796673724,0.222590185681011,0.287695450468469,0.368421939577042,0.468750450931288,0.665221898544668
MOM_CZ,MONTHLY,GENERAL,196310,1657,-0.125485464656374,0.0103762632970841,0.108573910208705,0.177735093553652,0.249166977212148,0.31965821485122,0.386907911579134,0.487716565871002,0.667326166031009
MOM_CZ,MONTHLY,GENERAL,196311,1660,-0.212987522716607,-0.090680744757243,-0.00936247818838999,0.0596440237649902,0.117384935266898,0.176505988175115,0.246772562988644,0.347346855635261,0.519880316623174
MOM_CZ,MONTHLY,GENERAL,196312,1660,-0.18198283133036,-0.0638150509737842,3.36907555231752e-07,0.0652047671387464,0.125000695514688,0.185213160262229,0.256494797778679,0.354072685483056,0.541834292653615
MOM_CZ,MONTHLY,GENERAL,196401,1656,-0.285714555899522,-0.167869480470645,-0.076778548087849,-0.0137007419858023,0.042608156414691,0.102693858517555,0.169120154023064,0.248639928329072,0.397272097325415
MOM_CZ,MONTHLY,GENERAL,196402,1660,-0.241023909905499,-0.122063533980573,-0.0397942026673723,0.0231299029586971,0.0866108813581226,0.149997996464048,0.224042049945117,0.315820089715226,0.494536913030378
MOM_CZ,MONTHLY,GENERAL,196403,1665,-0.218817146054851,-0.0981294945053455,-0.0237856352613389,0.035356840387475,0.0962724738455252,0.162726135816494,0.230771576879117,0.32180545786076,0.499583859949612
MOM_CZ,MONTHLY,GENERAL,196404,1669,-0.210526344935379,-0.106736708060948,-0.0278335473646502,0.0295001147452808,0.0919267154653198,0.155127829228221,0.229919008184806,0.318233661562307,0.497246714980935
MOM_CZ,MONTHLY,GENERAL,196405,1670,-0.230969567057595,-0.129293920671985,-0.056733756792999,0.000878749643011456,0.0644893496796386,0.123368028062413,0.184374790031573,0.27739352329786,0.431783247234051
MOM_CZ,MONTHLY,GENERAL,196406,1671,-0.242902687685238,-0.124999850251525,-0.0382602325313029,0.0270285625349316,0.0871752118417244,0.147413999357395,0.214318378462369,0.299602679338096,0.475776338487323
MOM_CZ,MONTHLY,GENERAL,196407,1669,-0.235487367795173,-0.104347909676872,-0.0138624884485223,0.047182207616081,0.108307271315033,0.173282078099499,0.249998449871364,0.333333462105546,0.49616622372686
MOM_CZ,MONTHLY,GENERAL,196408,1675,-0.242783746951473,-0.116003204119229,-0.0307534142627361,0.0400435780183273,0.0909086756103421,0.154441622647715,0.21744467018054,0.3105619228862,0.484552847656267
MOM_CZ,MONTHLY,GENERAL,196409,1676,-0.242393807406704,-0.0998991626757126,-0.0157798244540977,0.0432737062413502,0.0972088782832781,0.158373953334111,0.227528443881484,0.317228320213134,0.471156866481015
MOM_CZ,MONTHLY,GENERAL,196410,1682,-0.222221912744374,-0.0793961140560446,3.73208409953926e-07,0.0701466988275787,0.127296392966023,0.18396883585718,0.252061653880105,0.343563544454687,0.497027108099454
MOM_CZ,MONTHLY,GENERAL,196411,1689,-0.2002175419587,-0.0588248163882358,0.029768388197582,0.0921581470798624,0.16075552610355,0.227419230655485,0.304774622642627,0.398530816267245,0.571698738793786
MOM_CZ,MONTHLY,GENERAL,196412,1694,-0.190705947945313,-0.0537872227222415,0.0304806652984442,0.100603797303669,0.161159005164581,0.235068602775582,0.309601343187651,0.407138012951173,0.59884813753491
MOM_CZ,MONTHLY,GENERAL,196501,1697,-0.211906493925024,-0.0991663802698547,-0.00897810777539119,0.0595948688654153,0.117516490631718,0.182382709207297,0.249075265692824,0.333332763244511,0.493460434265758
MOM_CZ,MONTHLY,GENERAL,196502,1693,-0.148095972264307,-0.0403413897225964,0.038070597496315,0.100131260431677,0.162925079112598,0.217502660359324,0.292430809364338,0.379869213966635,0.550487171203019
MOM_CZ,MONTHLY,GENERAL,196503,1698,-0.148148177474308,-0.0339089944295306,0.0421279381281332,0.103882628489612,0.163447829599237,0.22305926425871,0.295623384658129,0.394695190808243,0.580669770425851
MOM_CZ,MONTHLY,GENERAL,196504,1706,-0.121250588545024,-0.012458542803906,0.0541413086629422,0.113012453605726,0.174047720188123,0.238624892067424,0.310623539371274,0.416666075880593,0.61276817892542
MOM_CZ,MONTHLY,GENERAL,196505,1712,-0.0893984097197141,0.0125863074516297,0.0823363367703531,0.147317784618831,0.210971736373057,0.280995213813088,0.367804045059062,0.489117313172247,0.688336726955087
MOM_CZ,MONTHLY,GENERAL,196506,1719,-0.104155954017371,-0.00863516931849399,0.0601307278729695,0.124399156161289,0.191698639731785,0.263298554881764,0.348605969343435,0.458290226799218,0.642929329632932
MOM_CZ,MONTHLY,GENERAL,196507,1719,-0.195345360360076,-0.106614624984487,-0.0375386836715551,0.0181297052219762,0.0672068509982859,0.12669138689576,0.193853646827937,0.278243597581949,0.433483640268179
MOM_CZ,MONTHLY,GENERAL,196508,1726,-0.168787155232269,-0.0789697490801936,-0.0116656379614264,0.0537644210816624,0.105316242241159,0.166446091830679,0.237620904480476,0.349322124146732,0.519610417754863
MOM_CZ,MONTHLY,GENERAL,196509,1721,-0.170455462552305,-0.0735491954897124,-0.00622026575951288,0.0500652759967657,0.114252078665204,0.181382780254026,0.260249689835619,0.358709564548922,0.533323418543343
MOM_CZ,MONTHLY,GENERAL,196510,1720,-0.165277931858886,-0.0732642517211004,-0.000110198970459441,0.0647569215381182,0.130811716096397,0.195045993123216,0.268916586833464,0.37155773707516,0.566423796399629
MOM_CZ,MONTHLY,GENERAL,196511,1726,-0.127876456176265,-0.0242853058470069,0.0498660379451204,0.110143014620547,0.178542610207433,0.255333574306077,0.344734053409489,0.467064251476091,0.688691353193057
MOM_CZ,MONTHLY,GENERAL,196512,1730,-0.104711645126167,-0.00401854820886078,0.0753181008867338,0.157235818851578,0.233041503302904,0.326533313481639,0.43884404304584,0.599998781912699,0.888759511930246
MOM_CZ,MONTHLY,GENERAL,196601,1734,-0.115530625006729,-0.0179279208388655,0.0559184266805188,0.121907621145987,0.195189161178846,0.279646082577258,0.386046741136191,0.525692471851016,0.812391618047472
MOM_CZ,MONTHLY,GENERAL,196602,1731,-0.0960136500349181,0.00657397289475092,0.0737118093851053,0.14898026284017,0.230183717597045,0.316406027469587,0.421933667455211,0.586107999703726,0.917393507859967
MOM_CZ,MONTHLY,GENERAL,196603,1738,-0.0838644053260546,-5.40409798088767e-07,0.0707630974280038,0.157774166180868,0.242938935016091,0.334356179070262,0.460014269193373,0.617775252373291,0.971379352722126
MOM_CZ,MONTHLY,GENERAL,196604,1737,-0.140260779110495,-0.0429427494827704,0.024419333946828,0.0911041174643775,0.167262775653083,0.245886099467809,0.34372109142987,0.508837453225292,0.8560150790197
MOM_CZ,MONTHLY,GENERAL,196605,1741,-0.112971139718016,-0.0194649399612692,0.0620996229174137,0.139901001289977,0.220358126921228,0.31550911373558,0.44771619686672,0.663233048079425,1.04571069006075
MOM_CZ,MONTHLY,GENERAL,196606,1741,-0.102564189983061,-0.00975315513737229,0.0690751597898627,0.14137409090959,0.218578555900312,0.320688806981144,0.440000434238388,0.609031886552314,0.967398570358268
MOM_CZ,MONTHLY,GENERAL,196607,1744,-0.125673255107851,-0.04196568015171,0.0275594003046866,0.0907046770514341,0.164144851589746,0.270064812478423,0.388533894270003,0.558843884529328,0.904812948151783
MOM_CZ,MONTHLY,GENERAL,196608,1744,-0.16747013643461,-0.0837176033230195,-0.0220977791140254,0.0363454816426588,0.106233543910582,0.186581618573683,0.299441327667575,0.444713420068739,0.773772657857516
MOM_CZ,MONTHLY,GENERAL,196609,1751,-0.254864529215289,-0.189187748590526,-0.133539391956997,-0.0782460291254465,-0.0283580215315002,0.0366639645513935,0.125000629473822,0.250001636874246,0.499999772321004
MOM_CZ,MONTHLY,GENERAL,196610,1757,-0.321097536878401,-0.245167333173805,-0.190014570956827,-0.138187642136208,-0.088349843270136,-0.0310101442970348,0.0437417505934747,0.147410077376528,0.335537598924194
MOM_CZ,MONTHLY,GENERAL,196611,1755,-0.379965245977743,-0.292598398921065,-0.225321296436545,-0.177290955302262,-0.124205309517793,-0.0769882883673014,-0.016091543520409,0.0708664151459652,0.202114609107458
MOM_CZ,MONTHLY,GENERAL,196612,1753,-0.379103643473487,-0.296649417910423,-0.235873956856972,-0.18458532136511,-0.131972346788301,-0.0745033256142654,-0.0147562754637137,0.0660611177041274,0.208934410562919
MOM_CZ,MONTHLY,GENERAL,196701,1755,-0.409576501757626,-0.333853756847615,-0.278879917193833,-0.222542882897373,-0.177214757429034,-0.117418994466927,-0.0603291471880192,0.030042834053761,0.164518226956463
MOM_CZ,MONTHLY,GENERAL,196702,1755,-0.307200719669673,-0.222046281520126,-0.164033423048321,-0.107507051018985,-0.0651877727815627,-0.0147148014407552,0.0499963679298358,0.138204526928869,0.286752843285861
MOM_CZ,MONTHLY,GENERAL,196703,1754,-0.261457526373826,-0.182246462359166,-0.119756530655955,-0.0638727310521925,-0.0158474646487806,0.037072253796605,0.100041740212228,0.209139659751996,0.397238537451111
MOM_CZ,MONTHLY,GENERAL,196704,1760,-0.272397047985517,-0.177074850537053,-0.109859208734502,-0.0486336162656632,0.00363569255880725,0.0616749845373375,0.12952979795991,0.234579685878682,0.401736785279682
MOM_CZ,MONTHLY,GENERAL,196705,1753,-0.167584852807395,-0.0731638698097707,-0.00245506435722334,0.0654492272215504,0.127726756474448,0.202753785914665,0.315060782481318,0.441617998895414,0.675866939730927
MOM_CZ,MONTHLY,GENERAL,196706,1762,-0.170096818927071,-0.069521608049475,-0.000150057146426915,0.059479484338413,0.132532645601838,0.207064381132475,0.297100817567941,0.42181906584283,0.664292612266078
MOM_CZ,MONTHLY,GENERAL,196707,1757,-0.105872189968345,-0.00808107007404486,0.0655966723945752,0.135574245105258,0.22138827669817,0.323974589352544,0.45940932788486,0.62579740725133,0.936143844863762
MOM_CZ,MONTHLY,GENERAL,196708,1758,0.0624402939600053,0.175040626079178,0.260818830113938,0.363729957046106,0.474297685859421,0.597667944788963,0.758586323124841,0.985157836489178,1.34610938394786
MOM_CZ,MONTHLY,GENERAL,196709,1752,0.0933976242807725,0.204175588770398,0.310415545183776,0.410490135909059,0.506243689588002,0.630471331649084,0.787637120872369,1.01918561105012,1.4295146498073
MOM_CZ,MONTHLY,GENERAL,196710,1747,0.138084562513298,0.268925100259821,0.37023658909655,0.481906057620443,0.606556860536097,0.764179369120843,0.967170253617203,1.26633839079435,1.7812096721642
MOM_CZ,MONTHLY,GENERAL,196711,1743,0.0727228967785188,0.173403216369101,0.275440735418753,0.378215554722696,0.500001481218384,0.658525034537828,0.866570436086568,1.13047009625083,1.67929414591468
MOM_CZ,MONTHLY,GENERAL,196712,1739,0.0501567911469111,0.150251909924,0.246599724872646,0.350672176307854,0.477031797415223,0.631705734860815,0.831232072031086,1.1135643222638,1.65764562434432
MOM_CZ,MONTHLY,GENERAL,196801,1727,-0.0408155473121819,0.0557027137225322,0.139911276513152,0.248004884498301,0.358210191504768,0.497948586166046,0.664466928415897,0.919777661630143,1.37964371632655
MOM_CZ,MONTHLY,GENERAL,196802,1722,-0.0613666411810213,0.0420048539260332,0.137051389840391,0.225805494928477,0.330098966543939,0.454655699830669,0.611602489392082,0.852541353990039,1.25446860255774
MOM_CZ,MONTHLY,GENERAL,196803,1726,-0.153010175469381,-0.051904137772729,0.0285088229435622,0.102041157494146,0.192979962541832,0.29631557247409,0.427200268472923,0.628967096585463,0.961472177762576
MOM_CZ,MONTHLY,GENERAL,196804,1727,-0.200167773380827,-0.0940896895943554,-0.0198997115487761,0.0567945427713387,0.13333369749056,0.232141960762596,0.357500166360983,0.553047597620988,0.867313061307444
MOM_CZ,MONTHLY,GENERAL,196805,1731,-0.0760644270935817,0.0152276931088979,0.116026093705514,0.207618355461856,0.297489065880258,0.424331669073908,0.573857115780343,0.79576544464862,1.21212153466421
MOM_CZ,MONTHLY,GENERAL,196806,1721,-0.0972216216409883,0.010862902953706,0.107294493893649,0.211915861022603,0.315295603514131,0.446305782954233,0.590005166226413,0.839286196337537,1.25207215692699
MOM_CZ,MONTHLY,GENERAL,196807,1715,-0.151725406389088,-0.0384996519436245,0.0618079586794548,0.145574822482348,0.230064258712533,0.324150638512221,0.476789031860469,0.681088300793472,1.06174522030088
MOM_CZ,MONTHLY,GENERAL,196808,1727,-0.176966386260109,-0.0586956904389769,0.0189366650107878,0.096954721262895,0.192543875491377,0.286981021745953,0.420097403944388,0.599342927244687,0.954237249397431
MOM_CZ,MONTHLY,GENERAL,196809,1733,-0.207312975782211,-0.0924720090884368,-0.00344910016933261,0.0786287646463772,0.163488800507718,0.264425793542203,0.400936442974072,0.568085217657964,0.89122347437492
MOM_CZ,MONTHLY,GENERAL,196810,1732,-0.106773632393286,0.0072503288632408,0.0952456569752271,0.176173929843548,0.267982681220086,0.379178604874523,0.508062656392951,0.702270412882563,1.05519743312161
MOM_CZ,MONTHLY,GENERAL,196811,1733,-0.106804604670417,0.0125443831474078,0.0944639071733802,0.179433183352244,0.274462160251201,0.396860175900565,0.527515567615592,0.705493507860797,1.06276976291184
MOM_CZ,MONTHLY,GENERAL,196812,1731,-0.114627470906854,0.00764012339101305,0.0926684277814789,0.172967499961137,0.264226602583932,0.363158010358525,0.494363294979899,0.670710731956499,1.00693855778616
MOM_CZ,MONTHLY,GENERAL,196901,1727,-0.0881291117379899,0.0239633253604207,0.110771384795921,0.188762139294384,0.269999087193541,0.363431909217422,0.473868169323716,0.630343718647594,0.936522558394934
MOM_CZ,MONTHLY,GENERAL,196902,1731,-0.024003498860406,0.0868935615619602,0.162906694573083,0.237905175484345,0.324599539484279,0.417799565148052,0.551824371175878,0.714602644448317,1.06299397332882
MOM_CZ,MONTHLY,GENERAL,196903,1736,-0.0959722649637916,0.0151410909109124,0.088230594313826,0.164913661675129,0.234098111035427,0.322985336485551,0.424503867584047,0.556366526728296,0.845481329849514
MOM_CZ,MONTHLY,GENERAL,196904,1739,-0.219869457880439,-0.108481502553201,-0.034347315601567,0.0330539081558852,0.103397657725464,0.184360297914959,0.277443231547368,0.394564557740585,0.623264096691081
MOM_CZ,MONTHLY,GENERAL,196905,1738,-0.301088241846485,-0.192736534571275,-0.111111459086534,-0.0372359003814456,0.034735715831669,0.0984715486966938,0.176598066181489,0.274726805482973,0.498334825287137
MOM_CZ,MONTHLY,GENERAL,196906,1742,-0.298942037989506,-0.205399458366985,-0.113010265815031,-0.0368896372503801,0.0201997069268584,0.0925008329062198,0.170444298163261,0.279718523322042,0.489278382541253
MOM_CZ,MONTHLY,GENERAL,196907,1747,-0.35676321134839,-0.26802385380457,-0.183723849437545,-0.109916045198631,-0.0491429787945543,0.0104817091446876,0.0858397656007574,0.176219090762546,0.365220502013335
MOM_CZ,MONTHLY,GENERAL,196908,1752,-0.446239411520804,-0.363546304734763,-0.29406397859859,-0.227898564861788,-0.171012117854333,-0.108703541090122,-0.038354664848166,0.0314844176915081,0.159452139135534
MOM_CZ,MONTHLY,GENERAL,196909,1756,-0.457646839746283,-0.376524979699009,-0.310791447301559,-0.253899111887853,-0.188756857182979,-0.130528585787508,-0.0600059665907963,0.030693628099862,0.179353120615216
MOM_CZ,MONTHLY,GENERAL,196910,1767,-0.487014053841666,-0.39498895891121,-0.337029077990164,-0.272679488351863,-0.216245573481902,-0.152840946888796,-0.084099552417607,0.00079801040333803,0.156815308480212
MOM_CZ,MONTHLY,GENERAL,196911,1772,-0.461497076698856,-0.381146496138644,-0.319454058120975,-0.2622780832393,-0.208679140459377,-0.149494946213961,-0.0794300484331338,0.00918749213987909,0.167455350847501
MOM_CZ,MONTHLY,GENERAL,196912,1781,-0.517707978463848,-0.442171967622719,-0.377777163457765,-0.316092400886093,-0.248565752810588,-0.186513107600294,-0.114028673423459,-0.010848784344236,0.146856406221596
MOM_CZ,MONTHLY,GENERAL,197001,1798,-0.584977419823552,-0.502941856431782,-0.435281133169705,-0.36747244244657,-0.296049518565256,-0.219961516038687,-0.138050251644426,-0.0293004562503873,0.155694546181056
MOM_CZ,MONTHLY,GENERAL,197002,1812,-0.536376355420537,-0.456751138118149,-0.391828345644695,-0.327367857307558,-0.265767739737415,-0.207318143491756,-0.125197540641389,-0.0219171857338721,0.167348299541264
MOM_CZ,MONTHLY,GENERAL,197003,1822,-0.537405448685583,-0.457607506469496,-0.377531752748822,-0.318685566711186,-0.251673490448393,-0.18186436239587,-0.101954533922888,0.00355944733676999,0.17582235929172
MOM_CZ,MONTHLY,GENERAL,197004,1828,-0.550305736429623,-0.464285862828766,-0.39179544311285,-0.32462433990171,-0.263128026015854,-0.191781563954003,-0.117607659196137,-0.0252518014547496,0.107102851494273
MOM_CZ,MONTHLY,GENERAL,197005,1834,-0.652173542087889,-0.571026996647346,-0.505623425611696,-0.442350325314783,-0.378998770431061,-0.315447239436261,-0.248176468653932,-0.159404003476075,-0.0446005132007294
MOM_CZ,MONTHLY,GENERAL,197006,1842,-0.622879863306765,-0.550358723471278,-0.487075959233743,-0.429804899105582,-0.372027291160397,-0.311709503067185,-0.23756794396617,-0.163638572835793,-0.0528232686744868
MOM_CZ,MONTHLY,GENERAL,197007,1857,-0.62062923146644,-0.550571486500532,-0.481280333135841,-0.424234466330798,-0.357431483323054,-0.294232514573816,-0.218944548637342,-0.131978547322452,-0.00487326844354289
MOM_CZ,MONTHLY,GENERAL,197008,1868,-0.632497740253068,-0.552326584767885,-0.487804435444637,-0.419793175029215,-0.352516412346843,-0.279163046454319,-0.205540182446464,-0.120183599014253,-0.00209788171429733
MOM_CZ,MONTHLY,GENERAL,197009,1873,-0.582115587144449,-0.498199094945443,-0.426836266903441,-0.363881908580923,-0.286900978438768,-0.211741338562351,-0.144906898798319,-0.0615079724275709,0.0339145956303967
MOM_CZ,MONTHLY,GENERAL,197010,1880,-0.543478375830288,-0.465426883798253,-0.401735498026528,-0.341754443618793,-0.280120405911848,-0.208995074705782,-0.140342643822274,-0.0660914413536113,0.0383454134004729
MOM_CZ,MONTHLY,GENERAL,197011,1885,-0.574879169790865,-0.492361085499377,-0.419190418451328,-0.352034771009798,-0.276066816060233,-0.203262059287014,-0.123070504639315,-0.0388505536867227,0.0752696870307739
MOM_CZ,MONTHLY,GENERAL,197012,1886,-0.550394890160628,-0.455068292071987,-0.374986462632359,-0.304348641833569,-0.222222507505157,-0.141593005350371,-0.0639726210099846,0.0229113115670991,0.171009579590671
MOM_CZ,MONTHLY,GENERAL,197101,1894,-0.496591956681173,-0.401082795754835,-0.3036478561361,-0.21417621301125,-0.117802270116008,-0.0312534167533769,0.0692909944695396,0.16732897677864,0.320289839796364
MOM_CZ,MONTHLY,GENERAL,197102,1902,-0.401979069115919,-0.288654731125845,-0.19940633078971,-0.112412076645734,-0.0384616432603873,0.0396512353256367,0.118586337564983,0.215151273838665,0.377414424937293
MOM_CZ,MONTHLY,GENERAL,197103,1902,-0.323411565616836,-0.21600752345632,-0.132869005354431,-0.0445097949310473,0.0310490718408121,0.105151286350704,0.180251794526053,0.281097216911609,0.469623919779086
MOM_CZ,MONTHLY,GENERAL,197104,1908,-0.101714836547535,0.00928134560420847,0.104226946325306,0.192436512286793,0.276628501373428,0.363699626894245,0.476597234472633,0.621861336801729,0.867285257807431
MOM_CZ,MONTHLY,GENERAL,197105,1906,-2.52577962045475e-07,0.142518498579168,0.250281797875976,0.354821293019986,0.450351334280459,0.561026256246463,0.689995156932702,0.878378320076743,1.17215549970454
MOM_CZ,MONTHLY,GENERAL,197106,1910,0.0280972749960431,0.172931040241832,0.285065199285104,0.378058686351805,0.482896256779941,0.607995892122637,0.768598467206451,0.940830189970728,1.2680667532706
MOM_CZ,MONTHLY,GENERAL,197107,1913,-0.0438053951518113,0.090908261702362,0.190693677898849,0.284803369854595,0.372636450467282,0.491857579955484,0.636601795111789,0.805995705481275,1.10475545473204
MOM_CZ,MONTHLY,GENERAL,197108,1921,-0.146541173803167,-0.0215886172069115,0.0624992615394846,0.141523302072053,0.232141059724327,0.331426606986867,0.444446319041105,0.585985640192728,0.843750946096797
MOM_CZ,MONTHLY,GENERAL,197109,1930,-0.259259727375061,-0.135569002971365,-0.0203224443352167,0.0753204131439513,0.17025680403288,0.267613481468217,0.360037692643764,0.489217449500357,0.730626556945768
MOM_CZ,MONTHLY,GENERAL,197110,1941,-0.206895991454533,-0.0728548732360746,0.0268352790458704,0.133464803681138,0.223476552429932,0.326920359359488,0.448132302303494,0.595238391645933,0.827057518992673
MOM_CZ,MONTHLY,GENERAL,197111,1942,-0.246653140799002,-0.118307465977729,-0.0270499659995488,0.0639041688920681,0.141599000134175,0.239025398006982,0.328939004570675,0.472499640101821,0.729653605815631
MOM_CZ,MONTHLY,GENERAL,197112,1949,-0.324297542319311,-0.217074893046652,-0.127062403911339,-0.0523767452076465,0.0181811846486621,0.0887629168060122,0.189708568499942,0.303429353021728,0.51186705307154
MOM_CZ,MONTHLY,GENERAL,197201,1950,-0.346816435276673,-0.229913957066594,-0.147298977584629,-0.0656831886014501,0.00443789476428613,0.0916273460218165,0.187556773617075,0.303414344055613,0.517241299743968
MOM_CZ,MONTHLY,GENERAL,197202,1957,-0.293675059060677,-0.179443256569393,-0.0846993111987145,-0.0168394077046925,0.0480255415646209,0.135312611315218,0.222724009788728,0.350942460040594,0.557688042953867
MOM_CZ,MONTHLY,GENERAL,197203,1960,-0.297329198972999,-0.18271990143237,-0.102829009667127,-0.0252327240419395,0.0459834129494747,0.133515047609022,0.226548354366245,0.340832862906362,0.531701701090918
MOM_CZ,MONTHLY,GENERAL,197204,1965,-0.309817324707785,-0.207027720929125,-0.122207954147641,-0.057158756050398,0.00892892789579869,0.0925125121003409,0.185424751727536,0.297890491373176,0.486806172013988
MOM_CZ,MONTHLY,GENERAL,197205,1970,-0.291767894691929,-0.174202073529141,-0.0813634724106935,-6.47781092077968e-07,0.0765189585598003,0.16505506495731,0.26652263668119,0.384837674638741,0.59488487275808
MOM_CZ,MONTHLY,GENERAL,197206,1971,-0.292134594779477,-0.178982658243177,-0.0852980037118602,-0.0076424814616034,0.081238519768829,0.164282821902006,0.272858040934918,0.394842603058911,0.612612939621549
MOM_CZ,MONTHLY,GENERAL,197207,1979,-0.275861955051492,-0.159454471916412,-0.0589556453706387,0.0191509242225191,0.100332311796676,0.188297805202008,0.290193244131593,0.420491374724513,0.668155227019675
MOM_CZ,MONTHLY,GENERAL,197208,1982,-0.333050686549474,-0.219455141117007,-0.135231023915892,-0.0515937965729717,0.0195354572552739,0.0947927476586224,0.198432407091199,0.325400481776892,0.5457779991479
MOM_CZ,MONTHLY,GENERAL,197209,1986,-0.315386786420797,-0.194837129896618,-0.109744218652273,-0.0357151242636242,0.0413590556435357,0.134445237373796,0.22470541589482,0.340778939757062,0.525535367514159
MOM_CZ,MONTHLY,GENERAL,197210,1997,-0.293544631466018,-0.15746939997738,-0.0686123861534189,0.00950045700330756,0.083908042754727,0.162039467971522,0.261861984127666,0.384469768444123,0.583201996773745
MOM_CZ,MONTHLY,GENERAL,197211,2007,-0.270595245566993,-0.159135084983749,-0.048951734343815,0.0247721457091925,0.101768559297065,0.17862714993197,0.268440115026821,0.396329413673146,0.606857987941465
MOM_CZ,MONTHLY,GENERAL,197212,2017,-0.330209690408524,-0.21135214393956,-0.114814477444856,-0.0244980704099192,0.0392331204589966,0.107640371136252,0.193062635143439,0.294160717504402,0.464368127282293
MOM_CZ,MONTHLY,GENERAL,197301,2019,-0.435378512214743,-0.333332780928097,-0.232801850939615,-0.148857246148866,-0.0690011246602864,-0.00383878407406573,0.0780788709145615,0.18545329534584,0.343834972076179
MOM_CZ,MONTHLY,GENERAL,197302,2020,-0.482283460340947,-0.379485581637846,-0.304552956174315,-0.230385566771889,-0.153193749455007,-0.085458161064189,-0.00852099417353942,0.0878487526861024,0.246016810613048
MOM_CZ,MONTHLY,GENERAL,197303,2026,-0.525797960774787,-0.425365824433693,-0.358666163542542,-0.288889403346497,-0.224691285718748,-0.157939516060696,-0.0847217125860286,0.0157829199705488,0.152363786472291
MOM_CZ,MONTHLY,GENERAL,197304,2029,-0.546870648783942,-0.448493571076629,-0.378276985303094,-0.31468334833277,-0.249999216721702,-0.186308500195174,-0.105827954833503,-0.0126685872353096,0.132154692588868
MOM_CZ,MONTHLY,GENERAL,197305,2023,-0.585363958782643,-0.490730605854415,-0.418603943889045,-0.354938500730758,-0.283787681266731,-0.220563962276687,-0.143717599725526,-0.0550865819949747,0.0720885478079081
MOM_CZ,MONTHLY,GENERAL,197306,2033,-0.628805450558121,-0.532945497374038,-0.458334220529437,-0.392694499342655,-0.332778854489317,-0.264258808894872,-0.177249276101341,-0.0898445768739058,0.0422887599095967
MOM_CZ,MONTHLY,GENERAL,197307,2045,-0.622689735410173,-0.535049211210108,-0.464822382037742,-0.397928009073229,-0.331697742034819,-0.265813885930984,-0.187308739514619,-0.101066290020212,0.0414456354995045
MOM_CZ,MONTHLY,GENERAL,197308,2051,-0.552000130012659,-0.45810921300987,-0.37976869754855,-0.315790798539514,-0.252143131889249,-0.194644186616564,-0.121951274591911,-0.0316905955320654,0.09852159677684
MOM_CZ,MONTHLY,GENERAL,197309,2052,-0.571948613698554,-0.471727987693601,-0.391101084628816,-0.333333267041322,-0.270078979845616,-0.201332603586463,-0.126073185631671,-0.0375001646273075,0.10468533120805
MOM_CZ,MONTHLY,GENERAL,197310,2064,-0.530446600822725,-0.396850633138048,-0.31658873288889,-0.249024318461865,-0.183130694381263,-0.112812662907064,-0.0418381704268253,0.0438325247023372,0.206108400554883
MOM_CZ,MONTHLY,GENERAL,197311,4095,-0.571284017662924,-0.464154877666229,-0.37843163350834,-0.306410187937395,-0.236364410862226,-0.164534082241941,-0.0840686473118542,0.00650658430670552,0.180976836585543
MOM_CZ,MONTHLY,GENERAL,197312,4080,-0.671080357208446,-0.577693955682194,-0.5036186263762,-0.442478566159117,-0.378787976944808,-0.3010045252378,-0.219562740386233,-0.123312679412936,0.0207443422504336
MOM_CZ,MONTHLY,GENERAL,197401,4081,-0.687500424349439,-0.599517285563936,-0.525000034655504,-0.460747419277831,-0.395833159142907,-0.317872456228515,-0.229056809075313,-0.123245782751547,0.0418263724629779
MOM_CZ,MONTHLY,GENERAL,197402,4083,-0.571429470307993,-0.475478509497026,-0.3965513542963,-0.333333433150037,-0.255102081281491,-0.183472451993722,-0.102814935631506,0,0.178449843752531
MOM_CZ,MONTHLY,GENERAL,197403,4078,-0.553192380652015,-0.447209132248656,-0.374488171964653,-0.297112556090178,-0.228599624925514,-0.153846680429365,-0.0704198350406972,0.0260533048839111,0.212111710606397
MOM_CZ,MONTHLY,GENERAL,197404,4061,-0.486950901640856,-0.378377871558834,-0.289090125916398,-0.219507124112018,-0.153879563878696,-0.0833925971634542,-0.00586673228161892,0.0860171472831977,0.269636637275467
MOM_CZ,MONTHLY,GENERAL,197405,4037,-0.451702619598744,-0.342856030615373,-0.26051164019602,-0.185665452654534,-0.11598637747485,-0.0420247002131473,0.0274063002518155,0.125434592862714,0.310649921439962
MOM_CZ,MONTHLY,GENERAL,197406,4017,-0.465614525420498,-0.36085119008252,-0.272727059410885,-0.202280117693874,-0.128204587203977,-0.0625001211838285,8.92662912255222e-07,0.111608468184316,0.284489597569932
MOM_CZ,MONTHLY,GENERAL,197407,4007,-0.560574071370369,-0.45832768505935,-0.374999201793221,-0.308891008646441,-0.234783198393303,-0.166003636081163,-0.0892528947845534,0,0.139891936790129
MOM_CZ,MONTHLY,GENERAL,197408,3985,-0.555555761000672,-0.46158112235744,-0.380952459704359,-0.307692102385351,-0.246896919032826,-0.17913556916767,-0.0975663003620022,0,0.133945128121458
MOM_CZ,MONTHLY,GENERAL,197409,3970,-0.638241542590959,-0.546454460436628,-0.476435552193854,-0.411764519770944,-0.349254964061166,-0.286901300424823,-0.216791032906657,-0.122933519021421,0
MOM_CZ,MONTHLY,GENERAL,197410,3957,-0.671875398797836,-0.586091772665667,-0.523077104750558,-0.465832083913945,-0.40579802629209,-0.346337518394067,-0.277805021659125,-0.198163406043596,-0.0376281141524918
MOM_CZ,MONTHLY,GENERAL,197411,3937,-0.541855685757732,-0.441176288223743,-0.355782232718424,-0.285713967266802,-0.211724083917241,-0.145748522278207,-0.0594365172815545,0.0167492930629116,0.195393876239045
MOM_CZ,MONTHLY,GENERAL,197412,3917,-0.557022970362229,-0.448275791211821,-0.362848555192934,-0.285714101836405,-0.216781754098262,-0.141730612645784,-0.0554504151130209,0.0176338536497699,0.185513069578188
MOM_CZ,MONTHLY,GENERAL,197501,3896,-0.659090773057955,-0.571428485543182,-0.49727583745502,-0.425263072228348,-0.360808696126946,-0.289915436805524,-0.216665704932281,-0.113884961415016,0
MOM_CZ,MONTHLY,GENERAL,197502,3897,-0.52069479976302,-0.419468582228655,-0.333332974666658,-0.263114732478248,-0.198892593279628,-0.130325381470752,-0.0555553298579396,0,0.142857548107961
MOM_CZ,MONTHLY,GENERAL,197503,3892,-0.499213861755143,-0.387096689498863,-0.307653854904957,-0.23203890525746,-0.161324652915204,-0.0943583154206718,-0.0180531274096708,0.0492590670644207,0.204044906099228
MOM_CZ,MONTHLY,GENERAL,197504,3887,-0.402402934093053,-0.285714248659748,-0.199999965757758,-0.125815784380572,-0.0573428947262138,0,0.0666665259822924,0.174030398576554,0.354722194435619
MOM_CZ,MONTHLY,GENERAL,197505,3887,-0.352108878516805,-0.222222778251499,-0.126324721820024,-0.0409957429744159,0.008000310559936,0.0900619216522864,0.186258944140684,0.326366031275532,0.564095627633515
MOM_CZ,MONTHLY,GENERAL,197506,3863,-0.280459716247421,-0.142385096406201,-0.0471000365961726,9.32397948361095e-07,0.0941919562778055,0.18750082755757,0.307244775141565,0.457856970750276,0.7586198722935
MOM_CZ,MONTHLY,GENERAL,197507,3855,-0.186662571811874,-0.041954184523803,0.0253669538595082,0.134613698930199,0.237230022024124,0.355146271426857,0.482312804622862,0.676541325505676,1.00000190896107
MOM_CZ,MONTHLY,GENERAL,197508,3848,-0.0998797416946597,5.91081424250473e-07,0.122806055410885,0.223768296821471,0.32722486332285,0.439149665644912,0.585664945661135,0.807686490038979,1.14285839289304
MOM_CZ,MONTHLY,GENERAL,197509,3844,-0.0714293366220186,0.0423928765550172,0.166665818520003,0.283036883931638,0.397743494732254,0.510304144108028,0.666342639595736,0.893607728542138,1.27992433951381
MOM_CZ,MONTHLY,GENERAL,197510,3840,-0.156937721250463,-0.0247885168108282,0.0476198999097473,0.139148405272604,0.233280948461021,0.335374225892517,0.470588382649953,0.665103447087657,1.01613018519472
MOM_CZ,MONTHLY,GENERAL,197511,3838,-0.124999375001116,0,0.111443533672769,0.216888523274833,0.329911965543868,0.454542697881861,0.599985848117612,0.823938727042327,1.20791433071708
MOM_CZ,MONTHLY,GENERAL,197512,3832,-0.0455523611211853,0.0806578103503752,0.218692392791215,0.337477726885831,0.470588086184188,0.615384093482945,0.812731656490188,1.09347882817007,1.53845887795675
MOM_CZ,MONTHLY,GENERAL,197601,3828,-0.230769396277172,-0.0875845150634164,0,0.0713929315648885,0.15621794312015,0.261384328207311,0.397991108614598,0.563413445496921,0.852183805861654
MOM_CZ,MONTHLY,GENERAL,197602,3821,-0.143613861953245,0,0.106125002042179,0.208630680806106,0.312681959624146,0.426827872512044,0.576616950467311,0.767792526629766,1.06666580912526
MOM_CZ,MONTHLY,GENERAL,197603,3816,-0.093465707812512,0.0206675337879541,0.143610994085742,0.254863084401826,0.358859747390877,0.472461247003546,0.597901196656221,0.782610508476764,1.11110932095984
MOM_CZ,MONTHLY,GENERAL,197604,3803,-0.111111787069822,0.00200824952313392,0.117280693194716,0.217391690214938,0.318181549231848,0.439228867924624,0.56970528955203,0.747738449791704,1.1017292316039
MOM_CZ,MONTHLY,GENERAL,197605,3804,-0.185814956218826,-0.0334532768169822,0.0446729601405193,0.13333308187173,0.227573360944141,0.332237480027945,0.461022818137978,0.617903933547763,0.914191537052525
MOM_CZ,MONTHLY,GENERAL,197606,3797,-0.245056116451145,-0.111111121972191,-0.00678928203094528,0.0524572706267029,0.134678059920083,0.221543590188873,0.332430461687866,0.473684096612184,0.711972317855004
MOM_CZ,MONTHLY,GENERAL,197607,3798,-0.218517355559903,-0.0769227904973834,5.00893695543081e-07,0.0941756185636059,0.177362140440971,0.272727416257326,0.38888911565136,0.524190226682304,0.766664980475374
MOM_CZ,MONTHLY,GENERAL,197608,3785,-0.166667075315718,-0.0260318707673785,0.0588228258517006,0.148796785587014,0.241380079000322,0.333229023579404,0.443386528001802,0.598858668590798,0.832933297038279
MOM_CZ,MONTHLY,GENERAL,197609,3782,-0.15513267384853,-1.4576178530845e-07,0.0869867738495615,0.175178528715656,0.256957430062836,0.3557592125055,0.474419662876971,0.635539300113291,0.897206501591562
MOM_CZ,MONTHLY,GENERAL,197610,3780,-0.153827400111837,-1.64685780323909e-07,0.0754157232452911,0.165079048324869,0.258180277961495,0.356037988506671,0.469461677091462,0.629627908735369,0.882486369814943
MOM_CZ,MONTHLY,GENERAL,197611,3778,-0.188031062047301,-0.04353577877591,0.032133319634026,0.110105700255061,0.19990629971863,0.287798024271644,0.400000334956833,0.555553658579742,0.811985178454933
MOM_CZ,MONTHLY,GENERAL,197612,3781,-0.172414308198386,-0.0104101921970359,0.0669028167825265,0.156855063002998,0.240659948422976,0.336163219955075,0.456049562854869,0.610201088445975,0.887613752473026
MOM_CZ,MONTHLY,GENERAL,197701,3770,-0.222222118950931,-0.0790110929056722,0,0.0631022290869257,0.142857119224581,0.230770009086416,0.32321662862663,0.451702359272456,0.698414580795429
MOM_CZ,MONTHLY,GENERAL,197702,3767,-0.288068125225331,-0.162448587275658,-0.0769493551083027,0,0.0645167693357398,0.14814754141209,0.250000941511421,0.368999612889278,0.596375237146212
MOM_CZ,MONTHLY,GENERAL,197703,3766,-0.309754132363838,-0.182872678694029,-0.0878809536145879,-0.00207491350184486,0.0586067337630202,0.132352834425352,0.222222288226201,0.348351298280413,0.570713665269973
MOM_CZ,MONTHLY,GENERAL,197704,3771,-0.287655380334664,-0.160920190882194,-0.0714283206861519,0,0.0750007314694337,0.151275538414209,0.244170339475661,0.373803429606002,0.582674529864823
MOM_CZ,MONTHLY,GENERAL,197705,3771,-0.255815827233654,-0.140844366268555,-0.0370376532341413,0.0332397515629086,0.11428643330613,0.194736965942122,0.288889430411814,0.421759326640522,0.656001536247173
MOM_CZ,MONTHLY,GENERAL,197706,3782,-0.275807752516081,-0.15491874660205,-0.0625000523894123,0,0.0776788551470993,0.159867200802625,0.254234651766068,0.384526819812352,0.611038270261468
MOM_CZ,MONTHLY,GENERAL,197707,3770,-0.244277508698245,-0.110189864027328,-0.00953192094701136,0.0586233103426435,0.135653460914746,0.216692627905667,0.318182213652949,0.456979583107165,0.715645836274338
MOM_CZ,MONTHLY,GENERAL,197708,3766,-0.209568650584764,-0.0750130982871453,4.35837843482126e-07,0.0892234728537018,0.16349871492199,0.240414442063443,0.34374972259407,0.4837943735778,0.754465838705843
MOM_CZ,MONTHLY,GENERAL,197709,3764,-0.218647909361463,-0.0974356277806845,-0.0029662652747856,0.0556286825753572,0.136316690089921,0.219437925037257,0.32054268784486,0.456662631035241,0.733830033993991
MOM_CZ,MONTHLY,GENERAL,197710,3752,-0.188024380066863,-0.0602556114671011,0.00885681606802611,0.0916970203796974,0.173092944577953,0.260347112419826,0.370463918830616,0.527193381107142,0.801073782502939
MOM_CZ,MONTHLY,GENERAL,197711,3750,-0.223346316219767,-0.101207969937489,-0.0142392028341045,0.0444451849636961,0.114376390014798,0.20254028298825,0.308247066246455,0.461538208742355,0.712741655513007
MOM_CZ,MONTHLY,GENERAL,197712,3740,-0.250000118511,-0.130242635148473,-0.0403264705210875,0.0157558165948616,0.0999632333514537,0.179629055494141,0.2869777649847,0.430682792860734,0.680717420557575
MOM_CZ,MONTHLY,GENERAL,197801,3708,-0.25000034824885,-0.133598824401139,-0.0484996043421056,0.0131225163024163,0.0868642595672623,0.161779687527759,0.262056512357944,0.404788985754449,0.636060993445257
MOM_CZ,MONTHLY,GENERAL,197802,3703,-0.249999652761942,-0.136097341129248,-0.0541811154880467,0,0.0654483937932144,0.141332198985527,0.23122392717214,0.365864682842842,0.612546468895069
MOM_CZ,MONTHLY,GENERAL,197803,3699,-0.235345824710561,-0.135135194544884,-0.0497181741705711,0.00646570940579774,0.0820309535180856,0.171425629112753,0.269393780806856,0.406807648799423,0.633870287616364
MOM_CZ,MONTHLY,GENERAL,197804,3680,-0.202162670147311,-0.099067821649856,-0.0146017991670768,0.0476204452953428,0.133597059592773,0.225555575415886,0.339262908183895,0.499999823300316,0.769613528714626
MOM_CZ,MONTHLY,GENERAL,197805,3667,-0.13154143234289,-0.0256081314230474,0.0419261585941011,0.126933560531983,0.219513027621413,0.319474129522392,0.443630188598282,0.613560677035592,0.903473608342208
MOM_CZ,MONTHLY,GENERAL,197806,3640,-0.122480277576461,-0.00948610082959272,0.0530268665140714,0.142956425402378,0.236223571758095,0.344988922577645,0.462262860216964,0.646741844050365,0.963086768159334
MOM_CZ,MONTHLY,GENERAL,197807,3628,-0.121212293834003,-0.00999731931308745,0.057990382165187,0.142667718236312,0.235139080339207,0.335865917386896,0.461538551448187,0.626901201200568,0.947367880392922
MOM_CZ,MONTHLY,GENERAL,197808,3615,-0.0818573461450494,0.014530585928357,0.111110761192197,0.20353534417567,0.302423106360934,0.409530126236496,0.55079761749388,0.747489160672567,1.11373451170126
MOM_CZ,MONTHLY,GENERAL,197809,3605,-0.0288814445859664,0.0709500551809898,0.173963075181503,0.280038662421865,0.394521533927964,0.522760559414399,0.69435976895345,0.9343276282695,1.32461622681136
MOM_CZ,MONTHLY,GENERAL,197810,3592,0,0.115558952346547,0.21682317888656,0.310343985353238,0.421933986617903,0.551189208184664,0.734652089481655,0.97633038650879,1.40061481638598
MOM_CZ,MONTHLY,GENERAL,197811,3584,-0.232113928737842,-0.114749329880485,-0.0339901161019844,0.0133026302238335,0.08424556063015,0.158812566083118,0.258835085202884,0.401541882818421,0.687498638444872
MOM_CZ,MONTHLY,GENERAL,197812,3572,-0.201750086551577,-0.087422122641653,-0.0169826221467076,0.0356530344379038,0.107743287695322,0.185582517815268,0.288484094217207,0.431454893538185,0.722192230583678
MOM_CZ,MONTHLY,GENERAL,197901,3548,-0.207090742630186,-0.0784345981892078,0,0.0687026170080195,0.14118468602447,0.226372904784413,0.337839748823102,0.496669239085065,0.790989482104726
MOM_CZ,MONTHLY,GENERAL,197902,3535,-0.130280753072762,-1.39548226081307e-06,0.0634531341983205,0.140235310564916,0.210815827379938,0.306130913661451,0.415936149411399,0.581554196840524,0.853548775280831
MOM_CZ,MONTHLY,GENERAL,197903,3533,-0.19992660025293,-0.0784547989641938,-0.000687137216684674,0.0496712974667324,0.118645744271097,0.189202034679847,0.292134716802941,0.425198859660795,0.663843213262113
MOM_CZ,MONTHLY,GENERAL,197904,3525,-0.192806937203848,-0.0817892988073363,-0.00595440740952648,0.0470765708022586,0.11425634725369,0.190951964418531,0.293333127301412,0.425153980230256,0.666665654397806
MOM_CZ,MONTHLY,GENERAL,197905,3535,-0.238828216174379,-0.126688400745264,-0.0511426663878026,0.00379481676742298,0.0731078208271647,0.146826203624527,0.238002198597126,0.366712794372831,0.600000453219386
MOM_CZ,MONTHLY,GENERAL,197906,3518,-0.256032212389749,-0.137198846895976,-0.060701606364343,0,0.0635970349639747,0.131305506447263,0.217605122942855,0.347826482731844,0.588686584326836
MOM_CZ,MONTHLY,GENERAL,197907,3509,-0.270970256422945,-0.156094719254556,-0.0713102335735159,0,0.0476809150515092,0.121346510725394,0.217189505083881,0.359999048202654,0.588683568452745
MOM_CZ,MONTHLY,GENERAL,197908,3511,-0.342339437785549,-0.209366414460535,-0.129031892123864,-0.0614867320135585,0,0.0624987304978957,0.139534892266176,0.254255670478044,0.477273672727424
MOM_CZ,MONTHLY,GENERAL,197909,3512,-0.295124946206231,-0.153377505384697,-0.0587880136723509,0.00418573809490691,0.0767648981398136,0.145311574148347,0.238083910594087,0.36441671341931,0.573272270053406
MOM_CZ,MONTHLY,GENERAL,197910,3508,-0.114285276606395,0.0307940490366585,0.130035676279917,0.21657681632362,0.308315267616541,0.415084747490936,0.552332251016289,0.745763751462404,1.08695412181509
MOM_CZ,MONTHLY,GENERAL,197911,3506,-0.239093133624267,-0.0937492636675891,-0.00476724676160178,0.0556573250089638,0.131611071612976,0.224295095507407,0.334166988639176,0.489795597785149,0.791180742076525
MOM_CZ,MONTHLY,GENERAL,197912,3491,-0.215383853221928,-0.0729548764385672,0.00902065513661813,0.0980413643431872,0.176469489185329,0.281684790195998,0.410088430317425,0.603774049108264,0.973920697819721
MOM_CZ,MONTHLY,GENERAL,198001,3465,-0.254471644031845,-0.11639790544653,-0.0205306712575457,0.0499183244623552,0.142857540850015,0.249998851534755,0.384347917258138,0.594957189085335,0.97768971081918
MOM_CZ,MONTHLY,GENERAL,198002,3468,-0.166666647355259,-0.0207994354338743,0.0645151355998998,0.157203099549159,0.26666735676211,0.400387124115577,0.58568222593886,0.83981962549369,1.33784445544714
MOM_CZ,MONTHLY,GENERAL,198003,3467,-0.237436304383753,-0.106742637837223,-0.0154854477208498,0.0543961435959569,0.153844759394025,0.275022241812248,0.421572275801922,0.666668857013936,1.15946273838223
MOM_CZ,MONTHLY,GENERAL,198004,3464,-0.383405072211119,-0.258159972929512,-0.172629401750858,-0.0993793264447007,-0.0244501050860443,0.0506136560637575,0.15164231405392,0.312057443475051,0.615517494697448
MOM_CZ,MONTHLY,GENERAL,198005,3466,-0.34615399839166,-0.21887045636077,-0.129334887492832,-0.0520847073617391,0.0140736150799068,0.104460819111952,0.219897684438353,0.391304177508918,0.702832604319804
MOM_CZ,MONTHLY,GENERAL,198006,3455,-0.323082756504487,-0.187747280469248,-0.0967747105223872,-0.0154340283740083,0.0467762328746133,0.132562829910897,0.241378449763967,0.384024678333489,0.67147013805967
MOM_CZ,MONTHLY,GENERAL,198007,3460,-0.309131241502639,-0.172436567280056,-0.0848017713860699,-1.37607420225283e-06,0.0612942732279519,0.142857248293757,0.250001214794475,0.420852220044885,0.733994033289828
MOM_CZ,MONTHLY,GENERAL,198008,3460,-0.288504744590553,-0.154862716458047,-0.071470003292003,0,0.0801183867383512,0.171415412747724,0.282329378825858,0.444002283698041,0.782970481415354
MOM_CZ,MONTHLY,GENERAL,198009,3450,-0.226266599296543,-0.0975017994017687,-0.0116328679770157,0.0587976099318455,0.142856485982924,0.247400637535418,0.379783198430041,0.580225282752672,0.933506683120716
MOM_CZ,MONTHLY,GENERAL,198010,3452,-0.0967751947559903,0.0295304047406548,0.125000393629151,0.217608631109173,0.312912145332846,0.436695629023214,0.603527522385898,0.856004468148333,1.28336017850037
MOM_CZ,MONTHLY,GENERAL,198011,3457,-0.126265608682399,0,0.0857363266058036,0.177329012078579,0.278771564838597,0.401136485258308,0.568148308562094,0.804995543361633,1.2576659705423
MOM_CZ,MONTHLY,GENERAL,198012,3462,-0.156517512069667,-0.0245505625013553,0.0624987768988134,0.15384667129191,0.271008816525404,0.408826838356709,0.603073629114716,0.856883966697956,1.31370564814384
MOM_CZ,MONTHLY,GENERAL,198101,3462,-0.268295170250373,-0.131579694243162,-0.0326466655110789,0.0476184897369597,0.13663731272263,0.240694176067246,0.378850611034226,0.573287936777418,0.898894118684762
MOM_CZ,MONTHLY,GENERAL,198102,3462,-0.237839573665199,-0.100000026161094,-1.48030332161034e-06,0.0786556860973548,0.166666426174335,0.25615001998036,0.37494919016533,0.532725594316592,0.856904308111615
MOM_CZ,MONTHLY,GENERAL,198103,3452,-0.0713318881565469,0.0759068377854077,0.192619628628074,0.298497315502796,0.402228270854358,0.517484581145011,0.667666243264141,0.879983864920399,1.28831552085539
MOM_CZ,MONTHLY,GENERAL,198104,3453,-0.0432935928415747,0.109343791374944,0.230390972977596,0.34258210643482,0.448780770576219,0.578338217792692,0.727272257520511,0.947334130268163,1.35906478796634
MOM_CZ,MONTHLY,GENERAL,198105,3479,-0.0770495560085568,0.0727498186725407,0.177734022260058,0.282437013982813,0.388889498653377,0.514913586465148,0.66695435187027,0.897042699001516,1.29050598138464
MOM_CZ,MONTHLY,GENERAL,198106,3481,-0.114633598455315,0.0312497880409464,0.147057569991996,0.25000155555713,0.358695885924448,0.491963471679064,0.653957736047355,0.924997252436119,1.39777968325271
MOM_CZ,MONTHLY,GENERAL,198107,3495,-0.18595847343568,-0.0408148791949844,0.0584885969816462,0.144196963563062,0.244334930003782,0.339271564185699,0.466560278457526,0.67931935812963,1.04151450109406
MOM_CZ,MONTHLY,GENERAL,198108,3523,-0.269374213174943,-0.124999199158965,-0.0206501444807325,0.0606058646466103,0.142858057877745,0.235913297588596,0.348886239808983,0.501620831740772,0.851671386705067
MOM_CZ,MONTHLY,GENERAL,198109,3548,-0.368420695271369,-0.228570550483413,-0.131103205501002,-0.0502889828870382,0.0181801063923637,0.0978384804216216,0.194405638851983,0.330177786850026,0.576970982881411
MOM_CZ,MONTHLY,GENERAL,198110,3558,-0.500600501501645,-0.362836310007277,-0.263108440852701,-0.177760966444345,-0.0913189833251326,-0.00334757471891675,0.0764532927397746,0.189426940034386,0.398470391363306
MOM_CZ,MONTHLY,GENERAL,198111,3586,-0.53229135126417,-0.39271192538551,-0.277854556562484,-0.187098591971276,-0.0943663578090258,0,0.0999264533266261,0.233331342961185,0.451409844319713
MOM_CZ,MONTHLY,GENERAL,198112,3603,-0.517644081101637,-0.354481696218484,-0.239595384206875,-0.133431540609836,-0.0362504301403743,0.0618079332271671,0.172987258874108,0.316389631606548,0.531561163412016
MOM_CZ,MONTHLY,GENERAL,198201,3619,-0.529487052982194,-0.370017699361217,-0.24935995476799,-0.144577082476536,-0.0538701888021482,0.0369105426527088,0.135736703896602,0.270707790839159,0.475131457774389
MOM_CZ,MONTHLY,GENERAL,198202,3654,-0.525571928309901,-0.374332295333574,-0.264705122864423,-0.17102580234031,-0.0837738560563674,0,0.0929364592434955,0.212049442607974,0.400572072288954
MOM_CZ,MONTHLY,GENERAL,198203,3694,-0.59989173467391,-0.458089205522257,-0.346171066985428,-0.265930852211124,-0.190440191419913,-0.105264063404634,-0.0183156295364869,0.0754323774215453,0.239160274680707
MOM_CZ,MONTHLY,GENERAL,198204,3719,-0.608695688522141,-0.481537356723188,-0.381963420045699,-0.304920422832941,-0.230347339544419,-0.151306737216855,-0.0635957120178879,0.0381349371230216,0.187115430933365
MOM_CZ,MONTHLY,GENERAL,198205,3759,-0.599999852000362,-0.479902173588508,-0.376999159672293,-0.290318226049547,-0.208332873597638,-0.128488167399157,-0.0417080278662439,0.061431800654988,0.22977998876164
MOM_CZ,MONTHLY,GENERAL,198206,3789,-0.583745775520295,-0.4667187055246,-0.381644135418453,-0.294117584850056,-0.215124182405438,-0.143300898128752,-0.0655011335720929,0.0342754776804748,0.194188302045328
MOM_CZ,MONTHLY,GENERAL,198207,3794,-0.625000377622957,-0.492111281701001,-0.395395529575294,-0.305001766957882,-0.219918214702093,-0.133332490155165,-0.0476203077221742,0.047296847348517,0.219398635962691
MOM_CZ,MONTHLY,GENERAL,198208,3810,-0.608695258400609,-0.460704703032149,-0.35424511403031,-0.256847842618675,-0.164234028367858,-0.067957175377676,0.0133808842245341,0.13127786831335,0.315533932844142
MOM_CZ,MONTHLY,GENERAL,198209,3818,-0.523041507878158,-0.354309074038265,-0.230769417523932,-0.126876887612586,-0.0232234904983875,0.064168519740859,0.166555941134027,0.294853261182985,0.518517115106751
MOM_CZ,MONTHLY,GENERAL,198210,3823,-0.574814686723116,-0.397222163888088,-0.271682734835843,-0.148538916101766,-0.0528962742991991,0.0364113022883565,0.142830435541245,0.266668275900084,0.484917931757731
MOM_CZ,MONTHLY,GENERAL,198211,3850,-0.51509716283848,-0.336116089091018,-0.18617255335375,-0.0714282476990428,0.0294116888467754,0.140648320928976,0.260693126332195,0.400923015465473,0.664504372037597
MOM_CZ,MONTHLY,GENERAL,198212,3841,-0.499999432401446,-0.264849870486268,-0.117648147473137,0.00384853300185251,0.133333434226168,0.266653489646365,0.418802666641902,0.607634987192279,0.96000196573267
MOM_CZ,MONTHLY,GENERAL,198301,3821,-0.470588290168837,-0.249999271445836,-0.0826998981938668,0.0441188520275571,0.176471860158977,0.316478130218619,0.476144610619104,0.680768136363352,1.05376435994954
MOM_CZ,MONTHLY,GENERAL,198302,3812,-0.315789492766563,-0.0893883494224596,0.0616346332851221,0.200487848296158,0.335098947547959,0.479104485650504,0.651417756246955,0.913752011195458,1.38707353241498
MOM_CZ,MONTHLY,GENERAL,198303,3803,-0.294117255433318,-0.0271301498608614,0.142857537757042,0.292899504336035,0.428571651113082,0.593120347781424,0.796742817070798,1.05812752924291,1.56930553166609
MOM_CZ,MONTHLY,GENERAL,198304,3800,-0.290380674240567,-0.0225748592814299,0.135964293914636,0.295792392243091,0.428713647647638,0.579093410649363,0.769786943688955,1.01982027497284,1.55555327812182
MOM_CZ,MONTHLY,GENERAL,198305,3794,-0.216717396937294,0.0514617298104543,0.242318647891166,0.412918948914381,0.570281211277175,0.744492228096499,0.945390435948823,1.27514566782425,1.87055065687137
MOM_CZ,MONTHLY,GENERAL,198306,3790,-0.0500000084626838,0.211467125915762,0.409707774026345,0.577844737264973,0.740563672548036,0.936350729773268,1.18151655501176,1.56268483646735,2.31055108056674
MOM_CZ,MONTHLY,GENERAL,198307,3781,0.0304285573739882,0.31765642268737,0.511417285218735,0.687966506707248,0.869564245777638,1.06542186194667,1.32420201734812,1.72727195721927,2.51612612194042
MOM_CZ,MONTHLY,GENERAL,198308,3762,0.010318849022965,0.24744842890911,0.406532038554463,0.548011493373843,0.714830841365039,0.896761145543628,1.11918364087368,1.49219457600897,2.20113929174983
MOM_CZ,MONTHLY,GENERAL,198309,3744,9.1944366875652e-08,0.200000409472624,0.336896594542243,0.466666474000578,0.601361539541576,0.759411416203328,0.96879923861423,1.26916491281508,1.90240473239218
MOM_CZ,MONTHLY,GENERAL,198310,3761,-0.124999890625,0.076924305113121,0.203560583169782,0.314059343760372,0.421872990188896,0.561959629642344,0.734256368188656,1.00000005551175,1.50980473851418
MOM_CZ,MONTHLY,GENERAL,198311,3786,-0.244119101034557,-0.0676042857335043,0.049184360243693,0.158504227354011,0.249882013107631,0.35294107890581,0.499998432244071,0.703700945724545,1.07238136720017
MOM_CZ,MONTHLY,GENERAL,198312,3783,-0.258842446991824,-0.0619878364178951,0.0642175585481667,0.173742973869863,0.268163369426196,0.378607055243866,0.523385091447824,0.719437948340122,1.10526364239889
MOM_CZ,MONTHLY,GENERAL,198401,3778,-0.386874357480621,-0.195294297250402,-0.0525735386170263,0.0539607057397936,0.149999336350038,0.252212992496402,0.366659620694464,0.538649825200407,0.833332222190819
MOM_CZ,MONTHLY,GENERAL,198402,3797,-0.399999890058526,-0.222222554515093,-0.094179027380337,4.90898531602123e-08,0.0851064832020665,0.173917642215832,0.278696542924404,0.411014241359585,0.677518055513044
MOM_CZ,MONTHLY,GENERAL,198403,3817,-0.461730865890279,-0.297549800799066,-0.182199015037952,-0.0919422725355807,-0.014237528697395,0.0593801448886192,0.151419590732549,0.269166069457097,0.472531577878578
MOM_CZ,MONTHLY,GENERAL,198404,3841,-0.499999991666792,-0.347222828621143,-0.240740858676453,-0.155365270895792,-0.0822678776588846,-2.49999999923922e-07,0.0821915881752727,0.205051880589897,0.394343003923463
MOM_CZ,MONTHLY,GENERAL,198405,3891,-0.580645283061517,-0.4444442238446,-0.333332875530106,-0.243588387433197,-0.166109923596763,-0.0881261504643151,-0.00580187849543247,0.0882579158473444,0.254077692930999
MOM_CZ,MONTHLY,GENERAL,198406,3926,-0.635324421731145,-0.507462351184416,-0.404434972523187,-0.321739235364966,-0.252278561559546,-0.177243788381985,-0.104353041828545,0,0.149892587923862
MOM_CZ,MONTHLY,GENERAL,198407,3980,-0.613798316823668,-0.488887986618708,-0.383224208597651,-0.289999554250035,-0.216448788493985,-0.136501685462522,-0.0623139391209982,0.0288484982468778,0.176097943873983
MOM_CZ,MONTHLY,GENERAL,198408,4022,-0.633333296587665,-0.500000087635179,-0.404127879076325,-0.308862619217799,-0.229638760859214,-0.145256036730165,-0.0638465827949504,0.0393468191730518,0.180910922943933
MOM_CZ,MONTHLY,GENERAL,198409,4050,-0.575054266698664,-0.439024495673035,-0.333332853912325,-0.229704715634479,-0.144582159724407,-0.0663226381948638,0.011885584006027,0.116555230201865,0.269957475700337
MOM_CZ,MONTHLY,GENERAL,198410,4075,-0.545580177317421,-0.396290986455863,-0.277660543457167,-0.179249822763925,-0.0937506823769998,-0.0148969270153343,0.0711236763684724,0.166665835604441,0.325392719440023
MOM_CZ,MONTHLY,GENERAL,198411,4121,-0.572519305056278,-0.440678821432188,-0.331646390456338,-0.234374843367094,-0.153417015760091,-0.0689991439765273,0.0097294056634193,0.115733685279529,0.264705677592899
MOM_CZ,MONTHLY,GENERAL,198412,4141,-0.602272629411396,-0.458332993775604,-0.354167111979813,-0.252335666577486,-0.164556464655056,-0.0851470640902126,0,0.0989090164175796,0.252912742056447
MOM_CZ,MONTHLY,GENERAL,198501,4144,-0.597222373583434,-0.463143324530312,-0.355706356865298,-0.250000604217105,-0.152940650684339,-0.0675050686970671,0.0212762728179345,0.121666124427736,0.26999038677938
MOM_CZ,MONTHLY,GENERAL,198502,4166,-0.518544419974827,-0.351852230269521,-0.218251942489312,-0.101447816797604,0.00578385838205209,0.108143913216066,0.211687203167405,0.32675018508179,0.503799487045663
MOM_CZ,MONTHLY,GENERAL,198503,4169,-0.489566411215839,-0.317141013429361,-0.185186078208496,-0.0696382160665665,0.031063072690259,0.130824734428662,0.238657539473625,0.376853261820215,0.583648752129724
MOM_CZ,MONTHLY,GENERAL,198504,4179,-0.479223205902073,-0.307980516013383,-0.17950605345649,-0.0721667903724699,0.0318804308075378,0.12958574526417,0.242517041874213,0.369993384709065,0.588769847135515
MOM_CZ,MONTHLY,GENERAL,198505,4175,-0.454545357636408,-0.290486270971231,-0.16038902294954,-0.0335604681738911,0.0689658326866602,0.166666282589956,0.288554409506377,0.419514370263685,0.666667109553215
MOM_CZ,MONTHLY,GENERAL,198506,4154,-0.466392667466636,-0.288042112616119,-0.158748603958987,-0.0345572151446252,0.0784495729938357,0.186183580231621,0.292436064462469,0.438875592482156,0.697434270491995
MOM_CZ,MONTHLY,GENERAL,198507,4142,-0.425926602332272,-0.25000024450949,-0.105356035273006,0.0184569608313706,0.130335771322678,0.243243953125218,0.366667280627494,0.518480561156266,0.79411898875623
MOM_CZ,MONTHLY,GENERAL,198508,4116,-0.455050540012625,-0.299507891240527,-0.164347378913135,-0.0420271664149094,0.0578741632686309,0.160259828789312,0.260870077589107,0.38973905443068,0.65576119441753
MOM_CZ,MONTHLY,GENERAL,198509,4109,-0.461538091458692,-0.285714951806543,-0.158633071024978,-0.0434780533363113,0.0545455555860941,0.155327731033847,0.261413148085532,0.387296632616385,0.64177164523038
MOM_CZ,MONTHLY,GENERAL,198510,4102,-0.486188959544998,-0.301548145063375,-0.173676677665586,-0.0652277185753277,0.0236935534771348,0.110217976272077,0.212292955197282,0.347979396084049,0.566930336243244
MOM_CZ,MONTHLY,GENERAL,198511,4083,-0.444444321065923,-0.263691891804371,-0.122468308882752,-0.0178424918364471,0.0790658338692165,0.170147344101577,0.281249646752427,0.427318068862636,0.691122886220771
MOM_CZ,MONTHLY,GENERAL,198512,4062,-0.431713480911179,-0.234022863661635,-0.0930233315458512,0.0176330133290586,0.120386856018224,0.227851573399495,0.346629749057153,0.50583802289999,0.804242311028012
MOM_CZ,MONTHLY,GENERAL,198601,4038,-0.499999783873589,-0.319560691284104,-0.185185428134138,-0.0666671165036308,0.0376639569412797,0.138182379684438,0.245354156560691,0.382978720018796,0.635588264928246
MOM_CZ,MONTHLY,GENERAL,198602,4036,-0.503724095904484,-0.326086186324104,-0.190814032935409,-0.0735298195398497,0.0222663098461683,0.121768479515158,0.235086089059893,0.380950910628592,0.612838670913222
MOM_CZ,MONTHLY,GENERAL,198603,4027,-0.479022186911617,-0.285713566250536,-0.136542351803093,-0.00584375294037395,0.103131845937896,0.224379051603318,0.351227980411831,0.499999901947877,0.776175434772947
MOM_CZ,MONTHLY,GENERAL,198604,4054,-0.454545224859692,-0.249999195469563,-0.0847460020593817,0.0588222391225649,0.181818900197183,0.310774558665363,0.439293873111004,0.608585675145316,0.904486771880177
MOM_CZ,MONTHLY,GENERAL,198605,4048,-0.44444350181858,-0.233333065443773,-0.0735625499878193,0.0567139459576786,0.16867562904396,0.282722744696523,0.412064510161213,0.588299140698669,0.88199372484335
MOM_CZ,MONTHLY,GENERAL,198606,4036,-0.403435310355544,-0.193548567378291,-0.0330909667688469,0.0909087423845805,0.206221047419628,0.321599594292597,0.461536516082962,0.653816496976268,0.998498117553911
MOM_CZ,MONTHLY,GENERAL,198607,4027,-0.418885342178254,-0.229872874709522,-0.0833330060233015,0.0545903919460074,0.177082324212546,0.297645801920638,0.440004557964112,0.644046354258189,0.961828481731494
MOM_CZ,MONTHLY,GENERAL,198608,4019,-0.470914999735122,-0.287880357348419,-0.150942406896008,-0.0292440454823977,0.0900811931518457,0.210395602874854,0.352272458335205,0.526577537077515,0.83705966903202
MOM_CZ,MONTHLY,GENERAL,198609,4021,-0.41586332045537,-0.21541835394084,-0.0676316121107926,0.0560742221022699,0.181818747068726,0.307156445225631,0.450002137365257,0.639678963283997,0.975421329420878
MOM_CZ,MONTHLY,GENERAL,198610,4019,-0.430074352687348,-0.2591008122647,-0.120598749604066,-2.48525638957275e-07,0.101382322378197,0.204544422620895,0.323411164872669,0.470917850051346,0.759004425120121
MOM_CZ,MONTHLY,GENERAL,198611,3999,-0.458106722594159,-0.280647130687413,-0.136004506821231,-0.0341661147828188,0.0619429350394172,0.177113263208963,0.297178742546315,0.443430661702957,0.725192610898273
MOM_CZ,MONTHLY,GENERAL,198612,3942,-0.472707411750012,-0.304348098442185,-0.172413554072781,-0.0678474241449629,0.0320393963532052,0.140952466991315,0.240611141169006,0.3925372502282,0.644002085964762
MOM_CZ,MONTHLY,GENERAL,198701,3934,-0.50969276886415,-0.357332651019374,-0.234601512331287,-0.125000124524397,-0.0219342336086731,0.0666138821678607,0.169252652116889,0.291470998310118,0.503805465742412
MOM_CZ,MONTHLY,GENERAL,198702,3959,-0.474999903119829,-0.314251624295456,-0.190475524355905,-0.0838003670235695,0.000350823717965021,0.10993226632992,0.219722708245131,0.344034794936175,0.582243753458698
MOM_CZ,MONTHLY,GENERAL,198703,3975,-0.4499998294768,-0.287321852636695,-0.162162301535205,-0.0568372248458043,0.0370622281912707,0.134776011467138,0.246575842049866,0.383020620891564,0.632540817362567
MOM_CZ,MONTHLY,GENERAL,198704,4015,-0.44890476306238,-0.281762010781013,-0.157970823945831,-0.0513750441891404,0.0491799881379025,0.154070503363055,0.265680032835317,0.414235857817385,0.665693101647445
MOM_CZ,MONTHLY,GENERAL,198705,4087,-0.489140905481842,-0.33251625557105,-0.203124390332083,-0.097883431142316,-0.00808626760966524,0.0766832753052514,0.186849287584547,0.324525662949676,0.586206007246992
MOM_CZ,MONTHLY,GENERAL,198706,4120,-0.470631591455853,-0.323636698085124,-0.203222008093537,-0.102884868781196,-0.001405064455618,0.0848526454688428,0.187295962564622,0.327334970609189,0.610702247157204
MOM_CZ,MONTHLY,GENERAL,198707,4139,-0.411241141527104,-0.239859880908965,-0.109881504806435,0,0.111111400793629,0.216595735604647,0.339003780440291,0.512630784785642,0.833363692945771
MOM_CZ,MONTHLY,GENERAL,198708,4145,-0.407269015018448,-0.225957715663006,-0.0850657057486369,0.0242388492134776,0.141360062291243,0.250000386043942,0.354950378245667,0.516429250673767,0.876443503978112
MOM_CZ,MONTHLY,GENERAL,198709,4169,-0.359439665225747,-0.157308130724819,-0.0218442099701653,0.105311803402514,0.226189997839138,0.354498236531205,0.501761807877814,0.682439739046953,1.04424556701595
MOM_CZ,MONTHLY,GENERAL,198710,4183,-0.384095438661718,-0.185920978498083,-0.0441178300204359,0.0714279576440696,0.193549105632819,0.295518959429558,0.418154550033704,0.602926165096147,0.951689250955631
MOM_CZ,MONTHLY,GENERAL,198711,4198,-0.581977074463756,-0.44444406256551,-0.343700153696324,-0.249234042052808,-0.161735461737322,-0.0809961009963087,0.00334977174530542,0.13889026050125,0.372348260251772
MOM_CZ,MONTHLY,GENERAL,198712,4192,-0.601215829353888,-0.468749976043705,-0.363636063758306,-0.269000550479849,-0.178947054543158,-0.0983116713009089,-4.01284821049945e-07,0.123745296570021,0.34034279969293
MOM_CZ,MONTHLY,GENERAL,198801,4215,-0.660000655611077,-0.528462885054596,-0.415944278124518,-0.333291925758383,-0.240001323860598,-0.153630025595418,-0.0641728135507318,0.0523334792699608,0.255306993068357
MOM_CZ,MONTHLY,GENERAL,198802,4226,-0.641366848981973,-0.520000383676495,-0.424999497465594,-0.333333079228543,-0.249999234429034,-0.173912342878925,-0.0921783785169213,0.00315496074504118,0.183104657222877
MOM_CZ,MONTHLY,GENERAL,198803,4214,-0.637458912822839,-0.50000027169709,-0.400000322979604,-0.303571280233319,-0.220332549851402,-0.14285611082281,-0.0591905374498579,0.0445198558856741,0.202752561691163
MOM_CZ,MONTHLY,GENERAL,198804,4227,-0.612885752420731,-0.467699333734618,-0.352646502393607,-0.260468821051144,-0.178330300219004,-0.0934422620677511,-0.000439415019224205,0.101918416489368,0.277862510210312
MOM_CZ,MONTHLY,GENERAL,198805,4240,-0.600000225526146,-0.457146812635696,-0.348493914617471,-0.253968382564497,-0.169693765762355,-0.0795881632992626,0.00219614947248088,0.108012828300687,0.302026131731239
MOM_CZ,MONTHLY,GENERAL,198806,4255,-0.615209350395909,-0.482758243735688,-0.37700183694741,-0.28571436208742,-0.199999720000056,-0.117408331298271,-0.0404408316695875,0.0523720897963571,0.228836291335821
MOM_CZ,MONTHLY,GENERAL,198807,4290,-0.607188424931163,-0.476923516125795,-0.366409707546554,-0.271007582951298,-0.187882323156252,-0.112903270760168,-0.0269897506362494,0.0748462788153743,0.272725506125298
MOM_CZ,MONTHLY,GENERAL,198808,4301,-0.591304164152289,-0.47222201587028,-0.369047941474441,-0.287879225796086,-0.21568577997003,-0.140200733551487,-0.0610106708088599,0.035714337122009,0.225762968907071
MOM_CZ,MONTHLY,GENERAL,198809,4284,-0.603366426919263,-0.475000347947174,-0.376835066447078,-0.291667528864425,-0.22083451182121,-0.153599570901018,-0.0731717625904189,0.0253314134120827,0.202852960796651
MOM_CZ,MONTHLY,GENERAL,198810,4261,-0.410715173073844,-0.222222124177957,-0.071430989492676,0.0338989676807806,0.140447335708709,0.236566050983929,0.349545178176418,0.512194372230687,0.780222203595273
MOM_CZ,MONTHLY,GENERAL,198811,4231,-0.394737374720098,-0.173913905017833,-0.0199999070901319,0.0961545572234033,0.200000969783366,0.306449916520018,0.428570655376214,0.594563508387765,0.893618001821405
MOM_CZ,MONTHLY,GENERAL,198812,4182,-0.421052434507139,-0.22027113794636,-0.0930316707704885,5.65711260458457e-07,0.0909087442053524,0.187845193842974,0.297849215413467,0.458333887473206,0.772378337844393
MOM_CZ,MONTHLY,GENERAL,198901,4173,-0.445945991578306,-0.26119717985484,-0.117647303918382,-0.00854254455079179,0.0666662149949198,0.161289542924256,0.262196501709513,0.418059180177031,0.686161155132552
MOM_CZ,MONTHLY,GENERAL,198902,4154,-0.454544985279587,-0.250000078637364,-0.120032017316811,-0.0212971365978953,0.0581098696623685,0.140153562367482,0.239678014219072,0.386442097395806,0.635083247743997
MOM_CZ,MONTHLY,GENERAL,198903,4137,-0.444444862299488,-0.275000071508848,-0.150964861105267,-0.0600002363301599,0.0222215952202351,0.0967740166143293,0.195458490442893,0.333727132997696,0.599999629417546
MOM_CZ,MONTHLY,GENERAL,198904,4139,-0.459567729610724,-0.279158003379536,-0.154185182529188,-0.0599999618869325,0.0222801083441182,0.10467902968235,0.206895201431299,0.347293265612326,0.608694738422267
MOM_CZ,MONTHLY,GENERAL,198905,4132,-0.4388731527335,-0.24999980602559,-0.113416846173025,-0.0147716059181061,0.0825259760978059,0.168954819984837,0.282696095062477,0.43333459137759,0.730706476532486
MOM_CZ,MONTHLY,GENERAL,198906,4107,-0.449999860999399,-0.258064667328455,-0.142467266983781,-0.0393692563946899,0.0512816326500092,0.143441846219159,0.253337789220833,0.407408102419152,0.700000945879375
MOM_CZ,MONTHLY,GENERAL,198907,4108,-0.465259744117541,-0.272727232419002,-0.150000416502551,-0.0505881629889051,0.0422182865759001,0.142855788000978,0.243192920260444,0.398666702122169,0.642858441125905
MOM_CZ,MONTHLY,GENERAL,198908,4085,-0.444443857291001,-0.243312478979049,-0.110113590007431,-5.85373774586449e-07,0.100000139056013,0.217742460848224,0.340962561226362,0.507937364782175,0.784158176968451
MOM_CZ,MONTHLY,GENERAL,198909,4076,-0.444259471470384,-0.250000167598854,-0.113342098584735,-2.49999999923922e-07,0.103358025017542,0.217392893553116,0.333332125442634,0.499874288451136,0.791132401131599
MOM_CZ,MONTHLY,GENERAL,198910,4068,-0.428571487618265,-0.230768562912446,-0.0970707665767465,0.0121664495096308,0.113304783333684,0.227164950025778,0.344786842611004,0.51573754609383,0.845644538997602
MOM_CZ,MONTHLY,GENERAL,198911,4051,-0.428569951276675,-0.250000088644005,-0.120000475616919,-0.000658860425138963,0.105264800487037,0.20869071414037,0.333333804841146,0.508895291783724,0.837502578333113
MOM_CZ,MONTHLY,GENERAL,198912,4049,-0.466666341364269,-0.285714914398695,-0.161498594685252,-0.0470734161385742,0.052633256467268,0.166667056200677,0.306738888207541,0.467680516142416,0.771686979506981
MOM_CZ,MONTHLY,GENERAL,199001,4025,-0.50000061884054,-0.342104956687962,-0.219856189429761,-0.113242156222636,-0.000353343463916578,0.104143914254178,0.230668938741883,0.399999004062876,0.661048183627024
MOM_CZ,MONTHLY,GENERAL,199002,4019,-0.537995726314892,-0.380552127460711,-0.268701885907112,-0.165490162878781,-0.063260648863974,0.0406536313631335,0.154518114869153,0.294859012543828,0.535817018206557
MOM_CZ,MONTHLY,GENERAL,199003,4012,-0.544117933915114,-0.387129149352661,-0.266666011516423,-0.163636963979306,-0.0676819634742594,0.0231878120791322,0.141276103880693,0.28118613762274,0.524927206430834
MOM_CZ,MONTHLY,GENERAL,199004,4006,-0.531448055914601,-0.378947813110974,-0.25600775926202,-0.15942023830824,-0.0666928961215603,0.0218821626291921,0.135022622078338,0.27868854001886,0.511110405149494
MOM_CZ,MONTHLY,GENERAL,199005,3998,-0.55555551615527,-0.406250067560892,-0.299999929939959,-0.200787297324771,-0.114909606542678,-0.0223412367425926,0.0670482384121247,0.207435708197942,0.423280550234559
MOM_CZ,MONTHLY,GENERAL,199006,3984,-0.531249909109965,-0.379906972089674,-0.255814039037132,-0.158699586916433,-0.0634311269465964,0.0291557357545643,0.163805760917349,0.32558245101647,0.624921187627289
MOM_CZ,MONTHLY,GENERAL,199007,3971,-0.541667320914723,-0.388888503126048,-0.267855831546658,-0.177305969599097,-0.0871700785032637,4.67948652271844e-07,0.120380153477268,0.285607418095713,0.611110978216755
MOM_CZ,MONTHLY,GENERAL,199008,3961,-0.563477300509755,-0.423729271303049,-0.315116349183839,-0.218749371628288,-0.139511417777055,-0.0333336953173022,0.0736826887768723,0.227273349689594,0.502992041067587
MOM_CZ,MONTHLY,GENERAL,199009,3967,-0.636363173501208,-0.499999981075477,-0.400000732880148,-0.31250010974375,-0.233334030980686,-0.147059159702681,-0.0489320706214462,0.090909549310734,0.317742395230936
MOM_CZ,MONTHLY,GENERAL,199010,3968,-0.648213852012222,-0.526046294825658,-0.431338884930648,-0.336021610642966,-0.254292697754609,-0.166666380895906,-0.0666512915843197,0.06525090559337,0.282583880682982
MOM_CZ,MONTHLY,GENERAL,199011,3979,-0.675834801362833,-0.562500123420085,-0.468122209418894,-0.3799999893931,-0.293540811022667,-0.200746597543579,-0.101046229040868,0.00710516089215987,0.207404335399702
MOM_CZ,MONTHLY,GENERAL,199012,3979,-0.664036085182538,-0.542329854335119,-0.441110340136269,-0.352925460270746,-0.26153896199408,-0.171113509348013,-0.0740053357585448,0.044575806101808,0.26339981033387
MOM_CZ,MONTHLY,GENERAL,199101,3974,-0.666666585132857,-0.526315928820696,-0.407406750690913,-0.30357229705327,-0.200575260240357,-0.104238375594828,6.4153213696928e-08,0.146400066585776,0.391304011710209
MOM_CZ,MONTHLY,GENERAL,199102,3982,-0.643946367223001,-0.497141523018408,-0.374998451754075,-0.263611717218355,-0.165897690016099,-0.0557774688011959,0.0470357861821725,0.192279631409699,0.476590005393982
MOM_CZ,MONTHLY,GENERAL,199103,3987,-0.590247254342993,-0.428571408373362,-0.310344741939163,-0.202291313041707,-0.101449364431127,-2.49999999923922e-07,0.103998315045925,0.258645003152909,0.560232927352848
MOM_CZ,MONTHLY,GENERAL,199104,3982,-0.524956387633759,-0.365028032501683,-0.239999904156104,-0.125000584881064,-0.0196357179362128,0.0811516126958446,0.198746047567485,0.38155912039166,0.7670610577448
MOM_CZ,MONTHLY,GENERAL,199105,3991,-0.527778249182988,-0.366666440247909,-0.249999594237128,-0.153847074602971,-0.0649374703100268,0.0309698684074964,0.145137880814659,0.326221678194951,0.642857987409375
MOM_CZ,MONTHLY,GENERAL,199106,4011,-0.526881733632383,-0.355555587190371,-0.235294407269963,-0.128666495010651,-0.0361911746599208,0.0567510839172192,0.188676008524011,0.361908767476336,0.69529095283596
MOM_CZ,MONTHLY,GENERAL,199107,3998,-0.525591014748564,-0.343552771063206,-0.226692405413041,-0.133662661778802,-0.0425524496393975,0.0557040733402869,0.17183039404861,0.333333384721903,0.662351449650689
MOM_CZ,MONTHLY,GENERAL,199108,3988,-0.44444436188126,-0.247938159546555,-0.121468789855903,2.79816675252682e-07,0.119029599720957,0.242472750205264,0.385608050406383,0.594614155009544,1.02027525414556
MOM_CZ,MONTHLY,GENERAL,199109,3984,-0.390579391369083,-0.176469626138598,-0.0270201974003715,0.102741562977701,0.232153574428203,0.378075924838787,0.561704935819715,0.833334135516781,1.40269374365569
MOM_CZ,MONTHLY,GENERAL,199110,3971,-0.322581306677027,-0.109342392006871,0.0437493911008842,0.181817462144806,0.30555484077556,0.463414925585214,0.666665916666617,0.966316474495381,1.59016742677498
MOM_CZ,MONTHLY,GENERAL,199111,3956,-0.333332151802997,-0.112499488784032,0.0222737438933254,0.142856573784293,0.257143481822883,0.416665688934345,0.615549806550847,0.917524031454964,1.58658038701933
MOM_CZ,MONTHLY,GENERAL,199112,3939,-0.333333604293568,-0.142857572157198,-0.00848126308247355,0.0967150516847518,0.214284572543155,0.359681371017309,0.542088920902435,0.857142767696933,1.5005594715762
MOM_CZ,MONTHLY,GENERAL,199201,3927,-0.378017992438902,-0.19194103852853,-0.0555563003805888,0.0478217750687925,0.170163166073996,0.300000086584426,0.500000104290718,0.784644162371954,1.40000148948436
MOM_CZ,MONTHLY,GENERAL,199202,3924,-0.347476091649288,-0.184028111213466,-0.0551096790717341,0.0543062997393126,0.171642617985921,0.302327108068655,0.497311832266083,0.769228678958132,1.34838382828316
MOM_CZ,MONTHLY,GENERAL,199203,3932,-0.352781995046762,-0.187500130565684,-0.0717481296821978,0.0394925560471702,0.157612211378044,0.276057124656107,0.441605732564745,0.705690230204155,1.22222128218395
MOM_CZ,MONTHLY,GENERAL,199204,3946,-0.390105402808147,-0.214285119006223,-0.0915124181779049,0.00956354302421625,0.116537827634913,0.238093570942226,0.39029350804612,0.638554032459442,1.12067870631035
MOM_CZ,MONTHLY,GENERAL,199205,3951,-0.432691649618843,-0.263889261791238,-0.147614182380887,-0.0416663753059757,0.0533541255232668,0.162046235556331,0.302641661460844,0.511112853857632,0.909091462891406
MOM_CZ,MONTHLY,GENERAL,199206,3938,-0.399999965314204,-0.232857108040305,-0.102716343322928,-2.83084967689338e-08,0.0930187194133392,0.204519826257631,0.339568881478095,0.555555204839593,0.964209416066274
MOM_CZ,MONTHLY,GENERAL,199207,3928,-0.440311350510355,-0.294117273090659,-0.171428394981512,-0.0750299333161291,0.0179742598661131,0.118725581894126,0.233878013351383,0.39457778473861,0.776617795169736
MOM_CZ,MONTHLY,GENERAL,199208,3910,-0.454545399069959,-0.293104024926585,-0.17857122207312,-0.0764045169496332,0.0140664314517219,0.122903307971765,0.239999695709854,0.400238035815768,0.764704652001808
MOM_CZ,MONTHLY,GENERAL,199209,3937,-0.474959007300598,-0.327840696488456,-0.208332295200943,-0.107142529311921,-0.00462349684877128,0.0843715358596906,0.191698872503495,0.337641384478973,0.623673047393577
MOM_CZ,MONTHLY,GENERAL,199210,3954,-0.500000088242116,-0.333333490207713,-0.20754636334271,-0.106194614883536,-0.0131331240586317,0.0734044124361693,0.178954516990153,0.340475815840107,0.619715229335941
MOM_CZ,MONTHLY,GENERAL,199211,3980,-0.4857143704777,-0.307691871046971,-0.179640841328211,-0.0672056772205054,0.0352742580959332,0.127344016677434,0.246911032649555,0.404187751579983,0.738749802285697
MOM_CZ,MONTHLY,GENERAL,199212,4008,-0.473684171974663,-0.289575566652208,-0.160000612449314,-0.0526313127093752,0.0417202766399828,0.136544786494914,0.250000997840446,0.438535616415494,0.818180161569648
MOM_CZ,MONTHLY,GENERAL,199301,4029,-0.522796693685391,-0.367825209124406,-0.236341403987822,-0.11904152266049,-0.0273586312147162,0.069703036798455,0.176812418765331,0.333332960433036,0.623745284253372
MOM_CZ,MONTHLY,GENERAL,199302,4083,-0.500000383257099,-0.352103643870993,-0.22704302418899,-0.117712070228094,-0.0243908989520203,0.0676837657605711,0.175732644502169,0.328945920814211,0.639683275162344
MOM_CZ,MONTHLY,GENERAL,199303,4104,-0.500000346573994,-0.342857305299051,-0.222843932029393,-0.113834093785311,-0.0228789030962515,0.0728772408478063,0.177080031108221,0.33333264194532,0.644168818981849
MOM_CZ,MONTHLY,GENERAL,199304,4125,-0.449999555310113,-0.287879510795119,-0.150431943653802,-0.0532699147969795,0.0417009005677622,0.139720328156966,0.255445543967517,0.438877569036749,0.80000046410959
MOM_CZ,MONTHLY,GENERAL,199305,4159,-0.458333176355207,-0.296926912336664,-0.162162645661024,-0.0667535154978311,0.0281964395118541,0.123721720445372,0.233332818037027,0.417057299157352,0.755576436539072
MOM_CZ,MONTHLY,GENERAL,199306,4164,-0.384346792252852,-0.214286105071116,-0.0730920461532727,0.0249931327793496,0.124999624954788,0.235528651034537,0.372659987655148,0.577395512038952,0.999999454261513
MOM_CZ,MONTHLY,GENERAL,199307,4175,-0.383309769854532,-0.222838215675716,-0.102070613545942,-6.89872870163151e-08,0.0947385748155589,0.209369541532679,0.350938162959636,0.560975426867312,0.96666573159871
MOM_CZ,MONTHLY,GENERAL,199308,4177,-0.375000120850669,-0.209064345602466,-0.0769232753923066,0.0260297426702678,0.125001016918418,0.24561381124838,0.391164040324972,0.615384271195611,1.06260318543551
MOM_CZ,MONTHLY,GENERAL,199309,4208,-0.367777463762195,-0.199641741828895,-0.0666670658590076,0.0369012321333347,0.142224345320206,0.271272727493183,0.427315419898012,0.659944974189771,1.13157958339216
MOM_CZ,MONTHLY,GENERAL,199310,4223,-0.374999729410308,-0.194542990814891,-0.0694415290936891,0.0345808311605091,0.140771130215151,0.272725170797726,0.426034687573667,0.661249649657095,1.16740107826072
MOM_CZ,MONTHLY,GENERAL,199311,4260,-0.394051809352042,-0.229234304960992,-0.109090695475474,1.09213923238379e-07,0.102103447091081,0.225720063045216,0.389064276204409,0.607860265351678,1.05809369911004
MOM_CZ,MONTHLY,GENERAL,199312,4259,-0.418016929888008,-0.257143013619827,-0.134615188836186,-0.0339477618149263,0.0666668084878443,0.168270865121278,0.294660382714797,0.491154908773753,0.894736766528441
MOM_CZ,MONTHLY,GENERAL,199401,4290,-0.448724980779022,-0.285714148300083,-0.161166591964038,-0.0533528091069674,0.0358370267595166,0.142696154113893,0.263160634720172,0.444444509330369,0.82769011496993
MOM_CZ,MONTHLY,GENERAL,199402,4319,-0.374999713760863,-0.205430548849356,-0.0889877970691228,0.0103029245650891,0.101127056572895,0.215266036122066,0.347758880220538,0.548876985498084,0.933301321916468
MOM_CZ,MONTHLY,GENERAL,199403,4341,-0.391304379491754,-0.222221817036881,-0.110252641668024,-0.0151031794904295,0.0799994520712117,0.189406133767935,0.312500292104615,0.487179025861136,0.829271070685507
MOM_CZ,MONTHLY,GENERAL,199404,4370,-0.400000590137122,-0.238237230352896,-0.114345815607885,-0.0247985027734224,0.0588239606938176,0.16137412222075,0.277713780537629,0.436803857727039,0.740388827969106
MOM_CZ,MONTHLY,GENERAL,199405,4403,-0.461955262513246,-0.288415600453344,-0.166666659928682,-0.0714295367098096,0.0105740619921191,0.10144904869752,0.212075603924771,0.372545665105674,0.653512769873063
MOM_CZ,MONTHLY,GENERAL,199406,4438,-0.461538642835118,-0.283604123019578,-0.164279119050942,-0.0754721992269838,0.00802567573453394,0.0914985399424431,0.190392141292802,0.333332099121832,0.599998994572015
MOM_CZ,MONTHLY,GENERAL,199407,4477,-0.491740380953635,-0.312431537440456,-0.1892389027329,-0.102403011608242,-0.0199993180816794,0.0625002945977047,0.154926470805113,0.283101009355839,0.500001792731485
MOM_CZ,MONTHLY,GENERAL,199408,4500,-0.500000834714063,-0.334972332149075,-0.212458364798235,-0.113806769464414,-0.0352210489452872,0.0418424354300939,0.135772309966193,0.263157863327474,0.485176586061127
MOM_CZ,MONTHLY,GENERAL,199409,4526,-0.499999351042436,-0.333332497618697,-0.200291452581034,-0.101448688238411,-0.0126072462767666,0.0666653656256511,0.162798818322993,0.288889341598108,0.517262130152051
MOM_CZ,MONTHLY,GENERAL,199410,4590,-0.521738535475449,-0.35087647552121,-0.233406794519842,-0.138812756083311,-0.0559358262989709,0.0294093624418161,0.124999626717409,0.257256611116848,0.483897445339151
MOM_CZ,MONTHLY,GENERAL,199411,4654,-0.52380961149252,-0.343063515701261,-0.219016439902709,-0.117492036263609,-0.0333325240744271,0.0494673326782894,0.152177264110672,0.278140992872503,0.527476978637405
MOM_CZ,MONTHLY,GENERAL,199412,4652,-0.542858048767926,-0.38382124000143,-0.265958501338741,-0.166666004969375,-0.0817979697541487,-7.96473781972119e-07,0.0901159557963361,0.219073204421657,0.439884324204284
MOM_CZ,MONTHLY,GENERAL,199501,4691,-0.594594684210389,-0.437500350098636,-0.322033028335511,-0.222221212773042,-0.1300504402893,-0.0446897609976987,0.0429757296548326,0.169232164778151,0.391304434385554
MOM_CZ,MONTHLY,GENERAL,199502,4729,-0.549019903801117,-0.416666768130209,-0.293537795893939,-0.199999882833322,-0.112647277684798,-0.0272805172805965,0.0611713357855978,0.183154698380957,0.392984436404275
MOM_CZ,MONTHLY,GENERAL,199503,4746,-0.533994626798687,-0.352941125337177,-0.234041796797795,-0.129032092950228,-0.0425527644683452,0.0469498301454214,0.137353052048888,0.268293175004168,0.522498517929034
MOM_CZ,MONTHLY,GENERAL,199504,4777,-0.500000207223226,-0.333333394354287,-0.206385072329515,-0.105263698579424,-0.00775193863431878,0.0798578778163,0.181946571838266,0.31700009756909,0.583361741415561
MOM_CZ,MONTHLY,GENERAL,199505,4785,-0.475245689262665,-0.306994155286337,-0.178473079928548,-0.074159231980498,0.0153857019629176,0.11176297439185,0.221132726551213,0.365477702035462,0.640408464265064
MOM_CZ,MONTHLY,GENERAL,199506,4777,-0.444444117571336,-0.264440193173211,-0.136365111144116,-0.0344150486641341,0.0609539458216009,0.160651948212004,0.273920784156025,0.446111258427579,0.775627416314226
MOM_CZ,MONTHLY,GENERAL,199507,4783,-0.413461916781081,-0.238095171253944,-0.116527438853208,-0.0125178819526003,0.0816316838258457,0.182712297106531,0.319152731134844,0.509928620281417,0.919983241387961
MOM_CZ,MONTHLY,GENERAL,199508,4777,-0.409454936041838,-0.227273164255202,-0.104747640870587,-0.0103973153169579,0.0869566956625924,0.190476392902846,0.334495902666628,0.540011927218782,0.967878511357421
MOM_CZ,MONTHLY,GENERAL,199509,4790,-0.387868970854724,-0.222221906089183,-0.0961540891995816,0.00613437799598926,0.111934837507106,0.220238634835249,0.369987265296136,0.586300016866016,0.99999903821117
MOM_CZ,MONTHLY,GENERAL,199510,4803,-0.385090964867618,-0.208018481429745,-0.0816794540379266,0.0303022568279265,0.131250005020195,0.24324187281471,0.394957177660249,0.617501076565356,1.04718640327549
MOM_CZ,MONTHLY,GENERAL,199511,4808,-0.431353302033127,-0.241918393671944,-0.10159907015354,0.0150185019242562,0.128387382110076,0.242033486030101,0.392839672287425,0.596047470097484,1.03012558802641
MOM_CZ,MONTHLY,GENERAL,199512,4798,-0.40476217617685,-0.22857180834896,-0.0769218436982141,0.0450241101074957,0.157894705574831,0.280000155152214,0.434764325589103,0.65162059092712,1.08333514376178
MOM_CZ,MONTHLY,GENERAL,199601,4801,-0.44827560021184,-0.249999142360459,-0.0994572724015143,0.0259116169800022,0.156833768859367,0.28571457768526,0.430767142691575,0.638887509188709,1.04878171040342
MOM_CZ,MONTHLY,GENERAL,199602,4810,-0.424654303906061,-0.249999660741454,-0.0999999278869341,0.0131585217054989,0.124998853089269,0.244400642525108,0.385425084041892,0.600999741470471,1.00000082000647
MOM_CZ,MONTHLY,GENERAL,199603,4819,-0.406249978807153,-0.218807654700598,-0.0870425771004295,0.0299701989062097,0.142856395538776,0.259259810099431,0.397245718419148,0.620680837255664,1.07464353967571
MOM_CZ,MONTHLY,GENERAL,199604,4841,-0.4065933383081,-0.20720805850628,-0.073104204581048,0.0322585925991996,0.146623255180675,0.26146849173737,0.394737163168518,0.600000828595818,1.06818111801598
MOM_CZ,MONTHLY,GENERAL,199605,4867,-0.347293907228029,-0.157596902454452,-0.0333338260083352,0.0715660212111564,0.178572221091029,0.303042859867269,0.453244876629234,0.698974367279391,1.21574456886499
MOM_CZ,MONTHLY,GENERAL,199606,4892,-0.338019059390389,-0.152237793033812,-0.0281961936285425,0.0789732087402439,0.198393552181756,0.310705649855987,0.472487292834198,0.735173863817769,1.2499995345617
MOM_CZ,MONTHLY,GENERAL,199607,4917,-0.424999934114646,-0.231948645553795,-0.107574382499717,4.34918076708259e-07,0.105548453051269,0.216004261424188,0.350296516791547,0.562729701720155,0.999999267454406
MOM_CZ,MONTHLY,GENERAL,199608,4915,-0.500000614567793,-0.339658571768938,-0.214520444693373,-0.112360267594242,-0.0156246133241321,0.0847121772193699,0.206050445706813,0.381039157695942,0.700188851249366
MOM_CZ,MONTHLY,GENERAL,199609,4947,-0.495780146127814,-0.322599199750801,-0.193548462352449,-0.0989748922827533,0.00685076565809406,0.107626162099245,0.224122854882626,0.397727732041017,0.717641584466231
MOM_CZ,MONTHLY,GENERAL,199610,4984,-0.437861557073464,-0.266666726452773,-0.134085666059868,-0.025001700451066,0.0875168896637721,0.193758489733627,0.327180730430644,0.521141063892711,0.894399316543717
MOM_CZ,MONTHLY,GENERAL,199611,5034,-0.491029395800711,-0.310138083694439,-0.174643687961985,-0.0624367151390923,0.0482095342337127,0.152244416914981,0.286779347472271,0.46236274393904,0.837737778949648
MOM_CZ,MONTHLY,GENERAL,199612,5030,-0.468151066280488,-0.287769398936408,-0.152324110697582,-0.0357454010766557,0.0636551842637332,0.176470485218594,0.307561225721649,0.476207751938134,0.825278756324135
MOM_CZ,MONTHLY,GENERAL,199701,5054,-0.50870148286186,-0.321428467794699,-0.181818103194839,-0.0691783384464323,0.0369804783297235,0.142855353695361,0.273378786343514,0.459458864942134,0.808897034204783
MOM_CZ,MONTHLY,GENERAL,199702,5103,-0.484166694197466,-0.295201217794062,-0.157894955461839,-0.0488608241095468,0.0533081263203656,0.162936843051491,0.280281313203754,0.445164360429053,0.798418820096855
MOM_CZ,MONTHLY,GENERAL,199703,5123,-0.515011202799725,-0.320187498019538,-0.199999819148854,-0.0911310602452483,0.00370350588671919,0.106886536219605,0.223698738954846,0.369565065717074,0.648863553736434
MOM_CZ,MONTHLY,GENERAL,199704,5188,-0.596576518520806,-0.428571567857886,-0.310840018148312,-0.200000732503532,-0.0970414975889627,1.47129096847993e-06,0.111724887830203,0.248533875038823,0.458931813634731
MOM_CZ,MONTHLY,GENERAL,199705,5236,-0.659081660955762,-0.515337180878487,-0.384615173835622,-0.272222667542461,-0.163879325541569,-0.060605475542616,0.044454619847507,0.167648827457751,0.372159599893115
MOM_CZ,MONTHLY,GENERAL,199706,5249,-0.581937968948626,-0.415372470479294,-0.275558750422886,-0.155124116459058,-0.0409836666618656,0.0589186394090731,0.169835047560776,0.306122952081578,0.55555425229695
MOM_CZ,MONTHLY,GENERAL,199707,5268,-0.499999002516485,-0.312951421673061,-0.156227204142764,-0.0193395781492293,0.0984763950973912,0.209846340958557,0.332163857452303,0.491604270169284,0.791463109089289
MOM_CZ,MONTHLY,GENERAL,199708,5270,-0.525025577178964,-0.315789755732606,-0.165119180642025,-0.030031654568829,0.089422524106014,0.210421378973032,0.348387782549279,0.517070286995003,0.831779536260208
MOM_CZ,MONTHLY,GENERAL,199709,5315,-0.513325566586565,-0.30912700150604,-0.16243348364528,-0.0285724409455905,0.0921039371020962,0.20891448586512,0.332699951299553,0.506775985615543,0.81858438534712
MOM_CZ,MONTHLY,GENERAL,199710,5341,-0.41666718705614,-0.209458815912616,-0.0476189597235337,0.0830843217764414,0.202466727662398,0.322579606781487,0.464286942057654,0.657533374674995,1.03076929359918
MOM_CZ,MONTHLY,GENERAL,199711,5354,-0.43461135352998,-0.236719904601276,-0.0949665017987341,0.0244270179047564,0.131000368640057,0.250000008500379,0.376052384281734,0.563821910887198,0.887476686833752
MOM_CZ,MONTHLY,GENERAL,199712,5318,-0.456254906927591,-0.264713317044639,-0.120755767506967,0.00651325613742528,0.123384691131022,0.233943970500361,0.369327015984533,0.53953054237142,0.861110004734727
MOM_CZ,MONTHLY,GENERAL,199801,5311,-0.5669013081086,-0.379628923660512,-0.218750208961473,-0.0855843991040715,0.0458722858950451,0.169327860809419,0.29435593799573,0.459459865214509,0.734940311283452
MOM_CZ,MONTHLY,GENERAL,199802,5300,-0.513512912530483,-0.333333258166731,-0.175076401653497,-0.0488347015576813,0.0649647287567249,0.181429416881059,0.307132531950449,0.482126677855916,0.760742680853078
MOM_CZ,MONTHLY,GENERAL,199803,5275,-0.426108175391919,-0.222221692275817,-0.0658614596374021,0.066666212734132,0.190187179867632,0.326541120993059,0.471853555138352,0.662184607572049,1.03769516307119
MOM_CZ,MONTHLY,GENERAL,199804,5268,-0.377225109989428,-0.146232226024209,0.00892883313092259,0.150824888383583,0.278677210045318,0.410730083277761,0.564219570692173,0.77777905793511,1.17954718334134
MOM_CZ,MONTHLY,GENERAL,199805,5272,-0.39479146881697,-0.207417852462919,-0.0620690461541044,0.0668294938315445,0.180530935789645,0.310142081058033,0.45228942203558,0.645111765479635,0.993748763674664
MOM_CZ,MONTHLY,GENERAL,199806,5265,-0.445470588089047,-0.280388839281354,-0.143675535132645,-0.0254189521149987,0.0909077539341134,0.199824994344436,0.326348719368445,0.508531674015986,0.795830660374036
MOM_CZ,MONTHLY,GENERAL,199807,5252,-0.521343328385703,-0.3499996832944,-0.2194782791905,-0.106632929929319,-8.38305722616894e-07,0.112142684784659,0.24640989975262,0.431356865887127,0.732504459554187
MOM_CZ,MONTHLY,GENERAL,199808,5234,-0.598038867268294,-0.441024222828589,-0.312101184550789,-0.201654465593649,-0.0964627545751766,0.0126287996308945,0.147825609656345,0.319201341537771,0.616123301894724
MOM_CZ,MONTHLY,GENERAL,199809,5230,-0.730158537080562,-0.6179188239159,-0.514739459554429,-0.424866820562905,-0.329004110869477,-0.232568857023293,-0.131065287487717,0.00262597698384582,0.218780742628213
MOM_CZ,MONTHLY,GENERAL,199810,5201,-0.711934162812581,-0.589999611490082,-0.478560846901552,-0.378781051522826,-0.274725371030501,-0.180789921588284,-0.0693071081136809,0.0695355633839061,0.309523201689273
MOM_CZ,MONTHLY,GENERAL,199811,5188,-0.681817797178327,-0.549999778519964,-0.43930006445634,-0.338235024974654,-0.238094599249344,-0.131329262884951,-0.0294318819470547,0.109526080342726,0.359189752079152
MOM_CZ,MONTHLY,GENERAL,199812,5141,-0.636363075871675,-0.484847998794445,-0.362637527574632,-0.2600005666704,-0.161211167422379,-0.0542176717308557,0.0600206754847699,0.216464360250138,0.510204617308044
MOM_CZ,MONTHLY,GENERAL,199901,5108,-0.644793824506636,-0.500000544592133,-0.376233263884408,-0.268689662177275,-0.15649394280378,-0.0385239602845905,0.092288364432877,0.281843070805034,0.597981727906979
MOM_CZ,MONTHLY,GENERAL,199902,5082,-0.625448201426233,-0.489342616429947,-0.376764343263806,-0.276265561470156,-0.178571403288151,-0.0747105454442137,0.0450157255082059,0.235109479783661,0.587685299708539
MOM_CZ,MONTHLY,GENERAL,199903,5028,-0.666666457601266,-0.541666282590521,-0.447312408060823,-0.351351444143189,-0.265306544876806,-0.174551735777647,-0.0555550434201322,0.101902593641204,0.382463297302158
MOM_CZ,MONTHLY,GENERAL,199904,5013,-0.678637893176687,-0.562499551128181,-0.472946009829308,-0.391304663980678,-0.305883399539809,-0.217419677685919,-0.10995659127283,0.0425525889593558,0.357830880029957
MOM_CZ,MONTHLY,GENERAL,199905,5007,-0.628325459513814,-0.500000211587545,-0.401077993427347,-0.304975237801738,-0.214286618058998,-0.117498991598568,-0.0041342149514194,0.173150107697032,0.538745069576009
MOM_CZ,MONTHLY,GENERAL,199906,4982,-0.593865684084696,-0.458334242384998,-0.34729679072308,-0.254606434071435,-0.159436085747435,-0.065362535280061,0.0544113156371932,0.226743790359704,0.600348095235985
MOM_CZ,MONTHLY,GENERAL,199907,4953,-0.556519081199706,-0.391892117433795,-0.281404370260303,-0.164614095025324,-0.0622161720249576,0.0427437918327657,0.180901683506774,0.395279753238179,0.858165716802951
MOM_CZ,MONTHLY,GENERAL,199908,4898,-0.411764833080246,-0.236841495373835,-0.0908425543133637,0.0310968098287112,0.161817395718103,0.311476173076569,0.500001168335629,0.812027072225901,1.50300463471353
MOM_CZ,MONTHLY,GENERAL,199909,4833,-0.458584305891778,-0.278411231533859,-0.140803500528002,-0.0267117674313963,0.077874361137525,0.218814213970636,0.395830443464898,0.691978475198327,1.37454380770544
MOM_CZ,MONTHLY,GENERAL,199910,4793,-0.477688301707093,-0.320358209913424,-0.205363211987959,-0.102113119814498,0.00287383377725314,0.131619787245115,0.321490366485641,0.618018579708102,1.30702031866278
MOM_CZ,MONTHLY,GENERAL,199911,4745,-0.551324061176627,-0.394654179328765,-0.273784340446447,-0.16882582272117,-0.0645156123656129,0.0607389443436983,0.225551995880114,0.507358924745684,1.10194068043576
MOM_CZ,MONTHLY,GENERAL,199912,4697,-0.523872937700377,-0.368600009391328,-0.246426766296649,-0.139685017482103,-0.0357144851425737,0.105145757914458,0.300965884915301,0.634841625737704,1.3925868945848
MOM_CZ,MONTHLY,GENERAL,200001,4684,-0.538826784605918,-0.37499987920707,-0.249999496424678,-0.137256169956118,-0.0136438695470613,0.132074658345831,0.347391073861643,0.707722515152873,1.52750402589249
MOM_CZ,MONTHLY,GENERAL,200002,4663,-0.463086476539863,-0.315289822909536,-0.193717721813377,-0.0799456375142499,0.0514730535290526,0.223659226592461,0.50675978370292,0.975467531737026,1.98209761961834
MOM_CZ,MONTHLY,GENERAL,200003,4652,-0.437500267750473,-0.266969795782158,-0.144456957389739,-0.0193584281335744,0.132502101376493,0.350001217243122,0.763981643861846,1.46089816667289,3.29397744125508
MOM_CZ,MONTHLY,GENERAL,200004,4664,-0.464863843879344,-0.311812343621423,-0.178595533142258,-0.0654217077431883,0.0670226838293815,0.274530742671849,0.617085397563763,1.20698342376184,2.45682314925549
MOM_CZ,MONTHLY,GENERAL,200005,4671,-0.535714577467842,-0.37704985920557,-0.258566518334832,-0.140185733508345,-0.0263153044366162,0.125001076075203,0.364223149231435,0.790943656605576,1.64014900831909
MOM_CZ,MONTHLY,GENERAL,200006,4670,-0.597587615089222,-0.439432369990654,-0.314113848964569,-0.205579756866364,-0.0965039621467225,0.0363638119021097,0.216448325650895,0.517053236041001,1.10421838632391
MOM_CZ,MONTHLY,GENERAL,200007,4663,-0.576567735330355,-0.418073544180876,-0.294375273457019,-0.175635120801348,-0.0623321687622753,0.0849145082316036,0.307615684263322,0.656785209446536,1.45282410342923
MOM_CZ,MONTHLY,GENERAL,200008,4656,-0.566666684338438,-0.399151470860392,-0.273419935496418,-0.153152332274576,-0.0319153421715544,0.101762984151134,0.299450832184095,0.603175041861112,1.26205453170078
MOM_CZ,MONTHLY,GENERAL,200009,4659,-0.546636548615918,-0.368221736717703,-0.227461211150589,-0.102816994805826,0.0216458435819196,0.194722137003609,0.409789923308341,0.78245331049432,1.5632672824521
MOM_CZ,MONTHLY,GENERAL,200010,4635,-0.599317674568299,-0.401123177903513,-0.262752378719323,-0.1332970797989,3.87779828352475e-05,0.15999861519702,0.381550816662823,0.723722891751388,1.41603629065702
MOM_CZ,MONTHLY,GENERAL,200011,4614,-0.717200754251831,-0.517199174444169,-0.360032728837602,-0.229674488965203,-0.0973568641546468,0.0433673165690103,0.231951510508569,0.478897954913295,1.03541602934607
MOM_CZ,MONTHLY,GENERAL,200012,4560,-0.821187337450571,-0.662990242822633,-0.51199217303054,-0.368953719759883,-0.22649056913433,-0.0932676398708958,0.0586013670678479,0.277245526088315,0.621324789244519
MOM_CZ,MONTHLY,GENERAL,200101,4550,-0.87722873669191,-0.741240092342544,-0.599999730462601,-0.43992377503737,-0.269390486181643,-0.103717248163123,0.0733445171481859,0.293093154981445,0.66666694165989
MOM_CZ,MONTHLY,GENERAL,200102,4563,-0.836695319744847,-0.697857713559275,-0.54939017667122,-0.404795276239758,-0.236842233183934,-0.0777756600967205,0.115455137691231,0.323212214527543,0.629984988329181
MOM_CZ,MONTHLY,GENERAL,200103,4565,-0.852631625806524,-0.725098361455375,-0.594277209616066,-0.442506324485213,-0.288461384647095,-0.120497052325657,0.0458816292110583,0.231809649658158,0.515738301119974
MOM_CZ,MONTHLY,GENERAL,200104,4520,-0.826923050448697,-0.699329139724054,-0.561248162786213,-0.403619956584329,-0.250717495232172,-0.113559308766362,0.0475896387934513,0.227049724680614,0.508621303832452
MOM_CZ,MONTHLY,GENERAL,200105,4484,-0.767242391354382,-0.601787871069032,-0.440000297326593,-0.277939324303766,-0.144827323253759,-0.0126579768948977,0.127703732662944,0.311834366256867,0.618283212053816
MOM_CZ,MONTHLY,GENERAL,200106,4481,-0.800909177969543,-0.626174565094866,-0.465714369685267,-0.306666950974956,-0.150281132079006,-0.000505162411378324,0.160468925290217,0.356904821098169,0.684815059371465
MOM_CZ,MONTHLY,GENERAL,200107,4494,-0.784507500385562,-0.59970162462453,-0.424999964107632,-0.256486708707589,-0.114046727559362,0.0315736270866038,0.180802857866408,0.366437542970594,0.735526486586856
MOM_CZ,MONTHLY,GENERAL,200108,4449,-0.820044997196625,-0.654337504344017,-0.492291795530845,-0.336113063205484,-0.179154849972341,-0.0298964189555595,0.122573309979316,0.304645589364572,0.623145911590702
MOM_CZ,MONTHLY,GENERAL,200109,4435,-0.821773196013671,-0.657180633979209,-0.489655345419188,-0.325408450902522,-0.1676608145598,-0.0165873112599805,0.141955882019297,0.324627883975323,0.643905114617246
MOM_CZ,MONTHLY,GENERAL,200110,4414,-0.836749801666934,-0.680000326655541,-0.536814954496851,-0.387234915645529,-0.254067769523374,-0.111588894390515,0.0262528741247514,0.201687192633319,0.470046240959394
MOM_CZ,MONTHLY,GENERAL,200111,4365,-0.725598658448299,-0.537164530961311,-0.3757360552092,-0.230161797408383,-0.0977060051896992,0.0301449924866978,0.175025251316838,0.369993489996229,0.721528856951315
MOM_CZ,MONTHLY,GENERAL,200112,4329,-0.656145559567955,-0.451429397406467,-0.293458701917335,-0.161730813314955,-0.0300566061124331,0.0909088429452918,0.23724747792166,0.464900572926144,0.931287851914234
MOM_CZ,MONTHLY,GENERAL,200201,4296,-0.707377268010362,-0.526316156369468,-0.379452758394443,-0.239668975072478,-0.106294561202794,0.0250228295422457,0.154328797197048,0.327103240473633,0.679798565074328
MOM_CZ,MONTHLY,GENERAL,200202,4268,-0.611762522778743,-0.405798398308701,-0.267830866054593,-0.145904415202168,-0.0181053678042716,0.0989476614039379,0.22806949096181,0.429828785839717,0.837801486633323
MOM_CZ,MONTHLY,GENERAL,200203,4235,-0.584130313390285,-0.379387360062893,-0.208865037900509,-0.0819294560833317,0.0212774085181928,0.140065338051162,0.290996065119556,0.489660107757884,0.899360791908676
MOM_CZ,MONTHLY,GENERAL,200204,4205,-0.582777748872829,-0.370966354917591,-0.199882085857727,-0.0779647190424349,0.0327279816926729,0.154328841702117,0.291910414909231,0.47444502411619,0.872323011202361
MOM_CZ,MONTHLY,GENERAL,200205,4181,-0.641509460860654,-0.443181398941422,-0.270833728631584,-0.143008204344041,-0.0235285313202482,0.0909102771293213,0.225320109042857,0.399130559259648,0.749998408215345
MOM_CZ,MONTHLY,GENERAL,200206,4153,-0.66454931643827,-0.474881361547813,-0.310321054346115,-0.171329137019314,-0.039614701389263,0.0692418375189867,0.195823339476563,0.358083563887969,0.689354411548112
MOM_CZ,MONTHLY,GENERAL,200207,4127,-0.686687763777517,-0.509325052238365,-0.346639744427186,-0.203033892790187,-0.0824354282608029,0.0348384115479565,0.15564961862115,0.311002937754832,0.623428400714429
MOM_CZ,MONTHLY,GENERAL,200208,4077,-0.698825420090028,-0.550319075562761,-0.398432229161559,-0.274876322055387,-0.163460702533597,-0.0569024547590702,0.0554051700827241,0.198262624628971,0.436260070962224
MOM_CZ,MONTHLY,GENERAL,200209,4056,-0.639661049484935,-0.443069322314943,-0.28578718165336,-0.144123748994206,-0.0215589425455586,0.0873776689023671,0.206407925717075,0.369922351157159,0.692696687361424
MOM_CZ,MONTHLY,GENERAL,200210,4022,-0.737099690059564,-0.576225114916619,-0.428944245007048,-0.29280549882574,-0.169511828507682,-0.0442242067558056,0.0708881013988654,0.210396786772779,0.482213689663892
MOM_CZ,MONTHLY,GENERAL,200211,3997,-0.752902628102686,-0.603820762197552,-0.456151482479241,-0.328687021577238,-0.195979862695243,-0.0829298951496182,0.0357183328762805,0.173834393121424,0.387069521553011
MOM_CZ,MONTHLY,GENERAL,200212,3961,-0.698591724061117,-0.544629472028754,-0.410931767193805,-0.282350038946451,-0.170706405460798,-0.0763489356369468,0.0282479765750322,0.150448299176281,0.386187000570781
MOM_CZ,MONTHLY,GENERAL,200301,3933,-0.733016835432765,-0.593858782578724,-0.465800679721143,-0.339233472951616,-0.218725542938915,-0.11783196646247,-0.0220294648439653,0.0886726245417973,0.280451961104333
MOM_CZ,MONTHLY,GENERAL,200302,3907,-0.687586183515018,-0.546588560273068,-0.422386296145179,-0.311020988321382,-0.21472394826986,-0.127158267342387,-0.0345357486125595,0.0787454451602204,0.294021238253495
MOM_CZ,MONTHLY,GENERAL,200303,3860,-0.72156978188056,-0.59231444686449,-0.482684933786117,-0.391431371131433,-0.297763497968659,-0.208204526148506,-0.121326398898445,-0.0143867580355897,0.177113116452084
MOM_CZ,MONTHLY,GENERAL,200304,3841,-0.694648251817648,-0.560360413966653,-0.459243409434227,-0.371192570327887,-0.289204756664808,-0.209678866195771,-0.120000313079443,-0.0174359864806011,0.171735015246467
MOM_CZ,MONTHLY,GENERAL,200305,3824,-0.615109468195709,-0.473987248136739,-0.375008999118068,-0.286294707343249,-0.204090734328682,-0.120129226876908,-0.0396272806433419,0.0746688580514261,0.294771504455629
MOM_CZ,MONTHLY,GENERAL,200306,3799,-0.487300214488216,-0.337653603146107,-0.225135313516831,-0.137503841131532,-0.0431819175553961,0.0377860943897875,0.140637736456047,0.309779235895558,0.687994900027459
MOM_CZ,MONTHLY,GENERAL,200307,3760,-0.3233499148326,-0.16679856819782,-0.0635598255684231,0.0328289162401954,0.122503189605299,0.227686004731747,0.360073254847963,0.595871989302105,1.08623902368183
MOM_CZ,MONTHLY,GENERAL,200308,3725,-0.25831061110271,-0.0959190499944047,-4.63432521113815e-07,0.094649642212753,0.189707137918985,0.303403735146616,0.459998569224086,0.74646491150913,1.34206761606396
MOM_CZ,MONTHLY,GENERAL,200309,3704,-0.144293397822458,0.0139573870137821,0.127076146789771,0.249158608167629,0.375001507011874,0.523425218009991,0.756712101968549,1.14143190122391,1.96508405227234
MOM_CZ,MONTHLY,GENERAL,200310,3687,-0.136590210898527,1.7041095269125e-05,0.112016640730031,0.214137566659165,0.326488891644255,0.467071246981161,0.689430010857957,1.06275347551592,1.8629919492686
MOM_CZ,MONTHLY,GENERAL,200311,3663,-0.16280957070053,-0.013138535563312,0.104085016280271,0.202073083178171,0.31733785930134,0.445463338593312,0.624722003523501,0.949998987545493,1.62219022831892
MOM_CZ,MONTHLY,GENERAL,200312,3637,-0.0808832609952067,0.0777895260241158,0.188062131125218,0.312245040342328,0.434958605973964,0.594828406615272,0.837521186065128,1.21144047734835,2.09751784524734
MOM_CZ,MONTHLY,GENERAL,200401,3620,-0.00867601752783786,0.153846706583205,0.266423648447489,0.382678583569083,0.515889215145989,0.666664684237767,0.892810567852827,1.25669795433448,2.12864588574351
MOM_CZ,MONTHLY,GENERAL,200402,3602,0.10017669371526,0.253496680491813,0.36774596099673,0.505580688394693,0.644363608656165,0.844573004166242,1.13826809495212,1.57963433811518,2.548285189437
MOM_CZ,MONTHLY,GENERAL,200403,3586,0.100613777420999,0.256262850355659,0.385106774388821,0.50875722252352,0.654134277308789,0.853294876074579,1.11481004293232,1.58812225362841,2.49399743785792
MOM_CZ,MONTHLY,GENERAL,200404,3566,0.00554394118571799,0.164260104033076,0.279261307695001,0.396299483878175,0.535119108712669,0.697699548043569,0.941050421877617,1.31110867437691,2.11829960373665
MOM_CZ,MONTHLY,GENERAL,200405,3556,-0.134793166058894,0.0253680259521774,0.148804796272714,0.243352655916946,0.346457062517969,0.467153814805069,0.626106009489189,0.883558754658217,1.44281369396466
MOM_CZ,MONTHLY,GENERAL,200406,3541,-0.182152827396969,-0.0127388033000709,0.0975115391885819,0.19781175638897,0.289774706085844,0.400839234926578,0.551610953593762,0.785489279783149,1.25000004456567
MOM_CZ,MONTHLY,GENERAL,200407,3522,-0.238386580978456,-0.0531073166214982,0.061771551705202,0.153161494441252,0.252552760791182,0.353507973039601,0.499015512699243,0.699196743794273,1.09814571715681
MOM_CZ,MONTHLY,GENERAL,200408,3505,-0.376876996981175,-0.196539707327372,-0.0754137068133106,0.0245490291452188,0.117391267736512,0.217752360770565,0.338241897190298,0.503835702963201,0.828955477323838
MOM_CZ,MONTHLY,GENERAL,200409,3510,-0.420368735067876,-0.237155203597651,-0.110856297686781,0.00506032694611886,0.100051716283314,0.204595850678083,0.304929612328697,0.436393780719912,0.741180269720221
MOM_CZ,MONTHLY,GENERAL,200410,3511,-0.452054976694146,-0.283059342055811,-0.152627637185006,-0.050468233736789,0.0564227710204306,0.163063000226721,0.263734538654944,0.418136461527399,0.690659253205635
MOM_CZ,MONTHLY,GENERAL,200411,3515,-0.452033371723288,-0.301589022310769,-0.168940956313522,-0.0632381756066646,0.0303932220595278,0.12691652935217,0.24050167856198,0.389177098241365,0.634600039164173
MOM_CZ,MONTHLY,GENERAL,200412,3504,-0.418271457350423,-0.255625830744948,-0.127599209518855,-0.0242056752626251,0.0729554617350231,0.170561066737383,0.280698544778965,0.42462621049264,0.700068873230299
MOM_CZ,MONTHLY,GENERAL,200501,3508,-0.42675816039617,-0.265192029620931,-0.144018460574228,-0.0347132536961135,0.0643030375648901,0.161885517384049,0.273852204240698,0.427417888218077,0.687995914448229
MOM_CZ,MONTHLY,GENERAL,200502,3509,-0.451992488038428,-0.294511063540831,-0.170288312861316,-0.0740610463264814,0.0192828424014164,0.111916196616755,0.219615811763221,0.359373249845994,0.60122432782592
MOM_CZ,MONTHLY,GENERAL,200503,3504,-0.443926363475177,-0.284530341699433,-0.173454308701216,-0.06868285795815,0.0272398020407251,0.127701633338212,0.236772649049277,0.386328225257519,0.645429971796639
MOM_CZ,MONTHLY,GENERAL,200504,3503,-0.442469560142882,-0.272369574054593,-0.164425742439658,-0.0602956183036589,0.025847601059922,0.130084796461477,0.234207160564148,0.363152984239204,0.626289208979821
MOM_CZ,MONTHLY,GENERAL,200505,3501,-0.495903663695736,-0.333759417364153,-0.212903018017832,-0.114081732051362,-0.0191303967629093,0.0641012505068868,0.165943151310973,0.286555106277487,0.516851769675559
MOM_CZ,MONTHLY,GENERAL,200506,3504,-0.45882939808896,-0.295432105900796,-0.185843602901383,-0.0999485883720047,-0.0146375199624378,0.0767350645639024,0.178977937988898,0.316385456883687,0.542553307197855
MOM_CZ,MONTHLY,GENERAL,200507,3492,-0.365605063016301,-0.190114173445537,-0.0805352916868983,0.0065428547009993,0.0951167453280181,0.184141204646229,0.297808685306024,0.441804808450177,0.70306908353003
MOM_CZ,MONTHLY,GENERAL,200508,3473,-0.295386655844519,-0.114523786355214,4.42976964620906e-07,0.0971017357868436,0.179966891439631,0.276891584393226,0.400955817399537,0.571918130969415,0.870924359555759
MOM_CZ,MONTHLY,GENERAL,200509,3470,-0.332185576737106,-0.160858740498562,-0.0552633629731397,0.0331253256148414,0.11443475237537,0.217335426636853,0.329940186664772,0.492173935039209,0.784846835098366
MOM_CZ,MONTHLY,GENERAL,200510,3456,-0.339644486139321,-0.179120106232958,-0.0749034997346,0.0111622490667547,0.0946189414966274,0.199009186980344,0.322327360895468,0.479159487878107,0.799221723628727
MOM_CZ,MONTHLY,GENERAL,200511,3454,-0.432799128396166,-0.266605494557821,-0.170378188172593,-0.0841684589996734,-0.00591719878926272,0.078320823534619,0.184871398322409,0.325181633258497,0.555967336805994
MOM_CZ,MONTHLY,GENERAL,200512,3436,-0.464671846793566,-0.302098603788489,-0.187547653834829,-0.101335367927332,-0.019122637269386,0.05600753264754,0.171550447807928,0.311922895088008,0.555674641981604
MOM_CZ,MONTHLY,GENERAL,200601,3430,-0.422225226716026,-0.250570829870317,-0.145230249949427,-0.0622550837891178,0.0172315560702541,0.103281908629757,0.213941116867865,0.350369078226176,0.610677687647748
MOM_CZ,MONTHLY,GENERAL,200602,3413,-0.352002579325893,-0.198464035785713,-0.0930742405247584,-0.00734186891364081,0.0714727149859846,0.165770427922669,0.279414692789067,0.430893614973688,0.757528929147439
MOM_CZ,MONTHLY,GENERAL,200603,3405,-0.312171076657104,-0.166425353695123,-0.0644346359496511,0.0204436106228756,0.112113580360427,0.206778685610879,0.312150240619383,0.489402364792123,0.831042976220138
MOM_CZ,MONTHLY,GENERAL,200604,3401,-0.230769658132873,-0.0707812014780908,0.0323379794043466,0.134178704563502,0.230883849591892,0.343128708678397,0.481661190767107,0.692476016721619,1.0767957747679
MOM_CZ,MONTHLY,GENERAL,200605,3404,-0.274860986552001,-0.114394351354228,-0.00733700494709753,0.0792320636382215,0.172205579470313,0.280487182206348,0.418619752291051,0.616999782476813,1.02221182937896
MOM_CZ,MONTHLY,GENERAL,200606,3410,-0.337464284100486,-0.189991597555916,-0.0801938497647121,0.00508386028197984,0.0802769863374818,0.182170660208584,0.298755158204413,0.457137549613296,0.79463672632523
MOM_CZ,MONTHLY,GENERAL,200607,3415,-0.410250203486805,-0.254137999165363,-0.155899452481111,-0.0656321626861177,0.0140467560073181,0.10334915502012,0.199806297653397,0.343622596226649,0.624740167452451
MOM_CZ,MONTHLY,GENERAL,200608,3416,-0.428066235199499,-0.280503700275252,-0.167550960095803,-0.0868951223872572,-0.0081656149623735,0.0744638600118799,0.171707735606836,0.292312769636455,0.513361166841475
MOM_CZ,MONTHLY,GENERAL,200609,3415,-0.407273423096698,-0.257101915018511,-0.155413814796631,-0.064394792192555,0.0133344560869231,0.0950865779755412,0.189011586176599,0.302828471370519,0.526796258223821
MOM_CZ,MONTHLY,GENERAL,200610,3411,-0.368222042418156,-0.210570927819577,-0.108168124792181,-0.0194801789544172,0.058530799794384,0.139261671671059,0.235273499084069,0.368646062011661,0.603029069915239
MOM_CZ,MONTHLY,GENERAL,200611,3410,-0.356179151013949,-0.202187213868764,-0.0882359526503896,-0.00440153329743563,0.0684707863559821,0.149480238494607,0.244948730025964,0.379856654918143,0.631758711244089
MOM_CZ,MONTHLY,GENERAL,200612,3395,-0.33916697623388,-0.179086142578406,-0.0769228532391963,0.00748075256482329,0.0869504347159735,0.16451936318722,0.25685243696847,0.393380422668492,0.669937929258547
MOM_CZ,MONTHLY,GENERAL,200701,3379,-0.402289781024405,-0.240158262962739,-0.143484138117746,-0.0491678601303233,0.0233566640096456,0.0984560699265506,0.186715323226388,0.304706470443064,0.524183257656519
MOM_CZ,MONTHLY,GENERAL,200702,3379,-0.374333246285977,-0.211608233931969,-0.110245323299741,-0.0253701581963075,0.0429869525624336,0.123925973457764,0.212383564462655,0.322321298154288,0.555841180066397
MOM_CZ,MONTHLY,GENERAL,200703,3372,-0.394235606304572,-0.24505499125632,-0.148634015482676,-0.0666642528372199,0.00879021770982924,0.0792276578707923,0.16723230054975,0.276924148644453,0.470342217475831
MOM_CZ,MONTHLY,GENERAL,200704,3362,-0.407389595436401,-0.249870992353632,-0.146242383703952,-0.0621514936182991,0.0118192315268103,0.0925962774171335,0.174139697824122,0.287374243071149,0.484190940756534
MOM_CZ,MONTHLY,GENERAL,200705,3360,-0.337598651609422,-0.176482923850366,-0.0627835619393329,0.0174829299534672,0.099994050632182,0.185038749735569,0.272830793838179,0.389190476055184,0.627418255656983
MOM_CZ,MONTHLY,GENERAL,200706,3337,-0.303423091295784,-0.134397297444635,-0.0272313556599932,0.0545566787333373,0.133414785824073,0.222286949126907,0.326568164452478,0.45839754563192,0.712124146577843
MOM_CZ,MONTHLY,GENERAL,200707,3330,-0.267358425776451,-0.0942330690608049,0.015119086646587,0.100662783976254,0.181105153622465,0.265489533727332,0.367874050987855,0.510670460146164,0.796254613329511
MOM_CZ,MONTHLY,GENERAL,200708,3315,-0.319029388602563,-0.17542207684387,-0.0637616569829954,0.0219455221753739,0.105145063327617,0.194085440953405,0.293441400000195,0.428806330854107,0.713290899715229
MOM_CZ,MONTHLY,GENERAL,200709,3316,-0.365591184911175,-0.214156082369836,-0.0935548938305378,7.03597597961903e-08,0.0837366368393366,0.164611062425938,0.263363229366046,0.405591003474832,0.690484963771047
MOM_CZ,MONTHLY,GENERAL,200710,3308,-0.409433675520625,-0.250201017553616,-0.140952913686471,-0.0472337975198119,0.0410571486569482,0.1331739625847,0.240807039868311,0.377096246136706,0.67127209106867
MOM_CZ,MONTHLY,GENERAL,200711,3294,-0.432309217060531,-0.281892977819588,-0.170668535178841,-0.0684843950654328,0.0266281873147314,0.123082523494965,0.230647904706031,0.380588574926172,0.694665099493196
MOM_CZ,MONTHLY,GENERAL,200712,3277,-0.532508245347135,-0.370281880755927,-0.259006198566659,-0.154208352097274,-0.0595282217952351,0.0409132651753777,0.136558696658704,0.281651726183351,0.51608733940107
MOM_CZ,MONTHLY,GENERAL,200801,3276,-0.56572742390374,-0.41296874613498,-0.301526291240715,-0.192406683432962,-0.0961222293316313,0.00122726402722706,0.113493581899329,0.248738535856078,0.512558136098563
MOM_CZ,MONTHLY,GENERAL,200802,3281,-0.580999871455305,-0.446153525825409,-0.350097244286444,-0.260204794647352,-0.16642264444543,-0.0803480802421341,0.0189065812741129,0.137562727465288,0.334420428606534
MOM_CZ,MONTHLY,GENERAL,200803,3276,-0.599664937939718,-0.468132570327432,-0.375512242943936,-0.286237367496399,-0.196516220442639,-0.104166239547079,-0.0112287176054684,0.0997704602662839,0.318383327117338
MOM_CZ,MONTHLY,GENERAL,200804,3284,-0.632758256788825,-0.507108499900635,-0.402051144619612,-0.318705851114235,-0.235028089835622,-0.147346989167669,-0.0512265970973345,0.0591961731670646,0.25449243225437
MOM_CZ,MONTHLY,GENERAL,200805,3274,-0.630460095026688,-0.50697622873281,-0.398765216665719,-0.308719080366586,-0.227344407035859,-0.146387666484422,-0.0516456343000021,0.0539459596247313,0.24999932822694
MOM_CZ,MONTHLY,GENERAL,200806,3275,-0.624057794528617,-0.487555319245851,-0.382134959434883,-0.28571366427435,-0.196158114870226,-0.114601995449856,-0.0155191629591835,0.103020656596578,0.323819686364925
MOM_CZ,MONTHLY,GENERAL,200807,3281,-0.643978956000323,-0.530434251452279,-0.419517894187946,-0.323048402299483,-0.236931235543427,-0.146915038645635,-0.05025124523478,0.0708133015005039,0.313672436384031
MOM_CZ,MONTHLY,GENERAL,200808,3257,-0.642899216063227,-0.518000594593109,-0.406602263407443,-0.300305552389299,-0.213836100188223,-0.126842049074082,-0.0290531258150442,0.0923548204472125,0.322275616174634
MOM_CZ,MONTHLY,GENERAL,200809,3253,-0.63945037984559,-0.51033516602187,-0.388918863559414,-0.289728209528178,-0.198674759612822,-0.110827385303688,-0.0217016359455192,0.0814592095463972,0.29698339076578
MOM_CZ,MONTHLY,GENERAL,200810,3248,-0.717608900850482,-0.589923123796845,-0.483634319897552,-0.397065711795146,-0.304686419757616,-0.219604699240388,-0.138385587389636,-0.035239165317063,0.111791034635837
MOM_CZ,MONTHLY,GENERAL,200811,3242,-0.784691174193226,-0.681046242326213,-0.588920868492497,-0.514828828598734,-0.436773722074577,-0.355513490594004,-0.270613026410756,-0.167063272192149,-3.19422558969747e-07
MOM_CZ,MONTHLY,GENERAL,200812,3227,-0.837666723028148,-0.753936908898098,-0.672322473758279,-0.600310909552504,-0.524512252991925,-0.440890032903914,-0.352253252945413,-0.251248934774673,-0.0815153444170006
MOM_CZ,MONTHLY,GENERAL,200901,3220,-0.825867140115184,-0.724075994047321,-0.631797365065679,-0.55109833194999,-0.461126367945981,-0.369426878494541,-0.278967188759668,-0.171144424553411,0.016355210335312
MOM_CZ,MONTHLY,GENERAL,200902,3207,-0.817375482633947,-0.720114248314082,-0.644262947790101,-0.562445286634551,-0.483183764664902,-0.401854870752913,-0.304101011860991,-0.189740670583256,-0.036128671447585
MOM_CZ,MONTHLY,GENERAL,200903,3182,-0.841662199044434,-0.755036464756054,-0.678702360704634,-0.598437137992145,-0.521647430163035,-0.449071759330603,-0.357794950612928,-0.256774764561316,-0.0926928977673941
MOM_CZ,MONTHLY,GENERAL,200904,3165,-0.821366698290525,-0.730511370336647,-0.653081185713321,-0.571481169289986,-0.496712269329866,-0.420024821195877,-0.32786468716524,-0.225320232678225,-0.0581481539865499
MOM_CZ,MONTHLY,GENERAL,200905,3147,-0.758920350509989,-0.653040109157445,-0.567547642776631,-0.486127155945108,-0.415183252289246,-0.340386811620055,-0.255701026897521,-0.162268074619511,-0.00812074686593151
MOM_CZ,MONTHLY,GENERAL,200906,3128,-0.70499883929663,-0.588037940308511,-0.487758006889117,-0.402377950634083,-0.316421731517461,-0.232834674970688,-0.139096280180743,-0.0370725272315825,0.151516039203946
MOM_CZ,MONTHLY,GENERAL,200907,3118,-0.684614903453203,-0.556721708371112,-0.463679597250339,-0.378077932041156,-0.298422678079504,-0.22030884553432,-0.133847976252734,-0.019956529887458,0.170438052017655
MOM_CZ,MONTHLY,GENERAL,200908,3103,-0.652571562713548,-0.519637777388918,-0.42503076434878,-0.326455398755616,-0.247400310444182,-0.171655253679441,-0.0866693797840498,0.023961364228699,0.236001272338404
MOM_CZ,MONTHLY,GENERAL,200909,3096,-0.51844419625935,-0.37903187610402,-0.274773964335414,-0.197291468302734,-0.119675450591008,-0.0373546960893523,0.0629052701565664,0.206817352859613,0.482972497444446
MOM_CZ,MONTHLY,GENERAL,200910,3083,-0.28148546484022,-0.108575901314905,0.00579646972600051,0.108204134238227,0.211215015798068,0.338556642623178,0.501159123662095,0.733121076777449,1.23970786357022
MOM_CZ,MONTHLY,GENERAL,200911,3057,-0.198964502600611,-0.0463265184027183,0.0899893683233839,0.215972193233335,0.349071018437817,0.506060902553052,0.705869751689713,1.00782015425615,1.69928601045018
MOM_CZ,MONTHLY,GENERAL,200912,3036,-0.226370816380865,-0.0451825018005688,0.0781530399304264,0.199626486909369,0.334217102774452,0.482042268235355,0.661266092014737,1.00465289129224,1.76360610217397
MOM_CZ,MONTHLY,GENERAL,201001,3019,-0.116600414600977,0.0956627951481902,0.238851413491576,0.360071762982428,0.500360985774781,0.659310831585332,0.88227065056497,1.25745642742506,2.06705854778082
MOM_CZ,MONTHLY,GENERAL,201002,3001,0.00778097843245496,0.213623391372341,0.353358989123391,0.493165693914072,0.642856841741567,0.823534946371845,1.08083478578785,1.55163707031855,2.57009148981619
MOM_CZ,MONTHLY,GENERAL,201003,2984,-0.0513777181847195,0.158528194784158,0.297387330331579,0.420884379450046,0.572966284192808,0.76235271578276,0.993458948843005,1.34830580319876,2.30558391680741
MOM_CZ,MONTHLY,GENERAL,201004,2972,-0.0877217808625213,0.0856300214929751,0.204097240028606,0.306019454654367,0.417469403381807,0.549071930855492,0.728590814343971,0.977407278013921,1.6094883578587
MOM_CZ,MONTHLY,GENERAL,201005,2968,-0.0999998495295664,0.0723439543141762,0.198404715170765,0.300987901295657,0.414212588989945,0.536862559070731,0.682851325349318,0.970825926415277,1.50288032825786
MOM_CZ,MONTHLY,GENERAL,201006,2964,-0.228698195741595,-0.049412566199819,0.067205347634194,0.17350729343974,0.268891259378571,0.385798355946665,0.529109896002252,0.744939305128233,1.26581031986297
MOM_CZ,MONTHLY,GENERAL,201007,2942,-0.34199317445314,-0.189409659019605,-0.0827916694185066,0.0113367212922762,0.0955199698924957,0.18912404485863,0.295377400408136,0.450158374090662,0.795719781155265
MOM_CZ,MONTHLY,GENERAL,201008,2940,-0.321450236738274,-0.161009569788593,-0.0542782446977284,0.0309829783534367,0.119051792443217,0.21343013963327,0.30765689353681,0.457435544824476,0.74848330368101
MOM_CZ,MONTHLY,GENERAL,201009,2941,-0.432989178091036,-0.282983059933204,-0.183525917593556,-0.0981691974847979,-0.0161893963665226,0.0644795387608288,0.146816510303125,0.271188534276008,0.489711892055129
MOM_CZ,MONTHLY,GENERAL,201010,2940,-0.292501124521731,-0.119332091131427,-0.0195298518626794,0.0725835610827683,0.155692746023101,0.241405350007484,0.338549178587145,0.500989671915411,0.750043292441173
MOM_CZ,MONTHLY,GENERAL,201011,2928,-0.260849551756567,-0.105053814518699,-0.00437256102756541,0.0819689405065741,0.165132994326109,0.264454719022767,0.370025053244362,0.520732575652522,0.803392257535195
MOM_CZ,MONTHLY,GENERAL,201012,2907,-0.318192570855039,-0.154041322487291,-0.0438543112731771,0.040579110877392,0.124646453968518,0.215905817516209,0.324283571003416,0.4644099724965,0.759594311722643
MOM_CZ,MONTHLY,GENERAL,201101,2906,-0.233140745285701,-0.0490206620645765,0.0642788611034278,0.158311726977215,0.249041316376314,0.349479399393106,0.462420476055895,0.618105956398595,0.912734231082639
MOM_CZ,MONTHLY,GENERAL,201102,2904,-0.26806988588098,-0.0801534551971456,0.0364083461284266,0.119374328572721,0.206364636196488,0.297930604128466,0.420331912011717,0.565650523381842,0.859891588616288
MOM_CZ,MONTHLY,GENERAL,201103,2895,-0.286562205830138,-0.10953160704812,-0.00793945858869799,0.0869353476634612,0.167798639957667,0.258671171920843,0.370442167521202,0.522211331415893,0.810397980069745
MOM_CZ,MONTHLY,GENERAL,201104,2884,-0.334311133712776,-0.153836197525405,-0.0403759406647102,0.0528430589738101,0.13647300147344,0.225648271261573,0.330222938126259,0.459538307859614,0.731407431347193
MOM_CZ,MONTHLY,GENERAL,201105,2878,-0.250044107524822,-0.0608800032820997,0.0642340440329299,0.157138320293824,0.25838639008552,0.355910757680796,0.467089732150584,0.622659624578136,0.943282413922889
MOM_CZ,MONTHLY,GENERAL,201106,2858,-0.193628982994757,7.91614634243478e-07,0.132788524199466,0.228243543369491,0.327199571557148,0.433789923279695,0.55965687556097,0.725758630087992,1.05837815366087
MOM_CZ,MONTHLY,GENERAL,201107,2851,-0.270467892126283,-0.076086667154483,0.0447764835818789,0.134859810834174,0.232703948423395,0.329230789110513,0.433627567495576,0.572687548210773,0.890647011916315
MOM_CZ,MONTHLY,GENERAL,201108,2843,-0.217482173975689,-0.0243398012171695,0.0926702518830391,0.180347316600822,0.271720786706738,0.36688730488028,0.483259214865128,0.65559613947739,0.957618920301532
MOM_CZ,MONTHLY,GENERAL,201109,2838,-0.407166135523424,-0.231721436632876,-0.110823521774142,-0.0243069637818926,0.0504184896154442,0.117605087517275,0.213599633098095,0.321482326967876,0.558473958144227
MOM_CZ,MONTHLY,GENERAL,201110,2840,-0.518437640761383,-0.362759182520606,-0.256252741935888,-0.172471567567756,-0.102289490532876,-0.0323998544767295,0.0378989317705863,0.134507829278901,0.318947033327469
MOM_CZ,MONTHLY,GENERAL,201111,2831,-0.482050676553351,-0.302246470152437,-0.18419281314864,-0.0997813417575747,-0.0144241150546992,0.0657185237802762,0.142648303808033,0.241611387409685,0.427734381517274
MOM_CZ,MONTHLY,GENERAL,201112,2820,-0.562769415412248,-0.399477549988864,-0.275650576349851,-0.175518263614186,-0.091274989022127,-0.0164507037152133,0.0714486571507432,0.163281453318115,0.338341917423432
MOM_CZ,MONTHLY,GENERAL,201201,2816,-0.581138623495297,-0.410792692501108,-0.288968047988942,-0.18918919342329,-0.111406710193008,-0.0321174416518967,0.0516245030549136,0.154259693294172,0.341913525848704
MOM_CZ,MONTHLY,GENERAL,201202,2810,-0.533435144695646,-0.364494461798333,-0.250680613207447,-0.149177219952154,-0.0761692245727415,-0.0115247369970116,0.0599666139100219,0.152097447870206,0.301015182454041
MOM_CZ,MONTHLY,GENERAL,201203,2807,-0.508626361906134,-0.340000029763468,-0.231526762339601,-0.146591744321079,-0.0666154185844232,0.001137873620344,0.0675401549366774,0.159732514473956,0.313526260806285
MOM_CZ,MONTHLY,GENERAL,201204,2803,-0.506213778512851,-0.337292753561282,-0.23191885172404,-0.141856665897726,-0.0694338218211745,-0.00320867015161581,0.0734245482201834,0.172723738183076,0.336763402873737
MOM_CZ,MONTHLY,GENERAL,201205,2805,-0.510598843787581,-0.346048966129835,-0.241667730708778,-0.150618977252418,-0.0671101405923281,0.00526143748785157,0.0825722642484731,0.185994265902556,0.347950250719707
MOM_CZ,MONTHLY,GENERAL,201206,2812,-0.549845637514345,-0.395383858036842,-0.284952949366689,-0.201059953241101,-0.127172894893758,-0.0498949608704602,0.0375106953135667,0.140994049414104,0.303327863193197
MOM_CZ,MONTHLY,GENERAL,201207,2796,-0.518064688734334,-0.348967266585177,-0.227434205007196,-0.137691085224596,-0.0515595013791589,0.0253632901713492,0.104769675095521,0.218132395195,0.403843772968127
MOM_CZ,MONTHLY,GENERAL,201208,2777,-0.455280928282055,-0.273014615966952,-0.153863787970435,-0.0500175445255663,0.0302209217221918,0.106003353635894,0.195030095646769,0.318285673755489,0.51362678609499
MOM_CZ,MONTHLY,GENERAL,201209,2770,-0.338305557032708,-0.143779921028898,-0.00883171684091905,0.0956151609321131,0.180608341966793,0.269066577045398,0.374196109578301,0.524363279366197,0.774632157846832
MOM_CZ,MONTHLY,GENERAL,201210,2763,-0.383593992541886,-0.206920199754327,-0.0858101622896064,0.000221515737072623,0.0757907926918606,0.159814323322226,0.265288632137657,0.379752645910793,0.603017633187132
MOM_CZ,MONTHLY,GENERAL,201211,2756,-0.381206658687179,-0.202884394797878,-0.0976660423717423,-0.00770360830838579,0.0668676853087463,0.146744454792883,0.240668272933448,0.367381226008874,0.610918445346402
MOM_CZ,MONTHLY,GENERAL,201212,2740,-0.377942976853647,-0.200672344421617,-0.0914633284043397,-0.00108231207678911,0.07782108861077,0.159600905307487,0.241363501997959,0.372185114198326,0.620617163000537
MOM_CZ,MONTHLY,GENERAL,201301,2744,-0.434394137158663,-0.248913295300183,-0.132217829532462,-0.0469166831692612,0.0328180219050428,0.102635491315972,0.186676228880655,0.293372193199348,0.498087396126529
MOM_CZ,MONTHLY,GENERAL,201302,2745,-0.400714764973303,-0.223238285500058,-0.110685998884463,-0.0202330050679292,0.0552539894286459,0.128082881244911,0.219835752170929,0.327091629602409,0.534787280534016
MOM_CZ,MONTHLY,GENERAL,201303,2743,-0.415922106982363,-0.240650143937502,-0.121006892433951,-0.0360121022079277,0.0355360365072372,0.11653798810816,0.190019791831333,0.305879020141631,0.490182849493788
MOM_CZ,MONTHLY,GENERAL,201304,2738,-0.366904266600144,-0.189297243091939,-0.0710430552188747,0.0239391385604327,0.100006278021595,0.179528200438537,0.278321041926543,0.394592420192552,0.614736448284055
MOM_CZ,MONTHLY,GENERAL,201305,2728,-0.290350166953361,-0.107580609871823,0.0122387755922628,0.107381824515494,0.193858520745538,0.274184882553997,0.364064054769284,0.49956819185322,0.764273749612626
MOM_CZ,MONTHLY,GENERAL,201306,2724,-0.27976393338934,-0.0996510210004001,0.0224991653295979,0.116010364054159,0.2016670600285,0.282864260920789,0.383086211065706,0.507206598837121,0.776019077639623
MOM_CZ,MONTHLY,GENERAL,201307,2715,-0.273393291728371,-0.0896033164138434,0.0314955674179987,0.12960845271054,0.215738950750425,0.292083071703623,0.405381218397952,0.538854861771267,0.812673171714985
MOM_CZ,MONTHLY,GENERAL,201308,2703,-0.230806475445354,-0.0341927956705503,0.0761140444194473,0.175194767696234,0.254753946816288,0.34314541732342,0.452986306904895,0.602996425217953,0.868232919902191
MOM_CZ,MONTHLY,GENERAL,201309,2710,-0.278132389969161,-0.0897374126978221,0.0282320205871294,0.107993065038879,0.192338386908346,0.282916851943658,0.386184355905224,0.524898235101615,0.791375912666698
MOM_CZ,MONTHLY,GENERAL,201310,2698,-0.21351077083836,-0.00922590861335265,0.107635098766974,0.196131210841472,0.291796967618944,0.386387291331991,0.508502331016359,0.669466488248193,0.964660520279638
MOM_CZ,MONTHLY,GENERAL,201311,2687,-0.186767038195833,0.0110015090097811,0.123592721532024,0.222177037742779,0.312483008704021,0.406002741092044,0.529285744639944,0.69004236083144,1.02045639345269
MOM_CZ,MONTHLY,GENERAL,201312,2684,-0.165089699152325,0.0218705723505293,0.134656739769361,0.241605945922887,0.333333174480463,0.420091665670344,0.542572423416198,0.714287508459509,1.06990608609618
MOM_CZ,MONTHLY,GENERAL,201401,2687,-0.191507974521647,-0.0166160764590213,0.0982859752203384,0.193318147200538,0.279459184660946,0.366438534217983,0.484509470900783,0.653120075879688,0.97887819950607
MOM_CZ,MONTHLY,GENERAL,201402,2675,-0.179824351761998,-0.0201255275661727,0.0703649827884025,0.1489995944133,0.230416062480829,0.311917750937695,0.431697168891878,0.596995146819344,0.95142988831704
MOM_CZ,MONTHLY,GENERAL,201403,2684,-0.164454310879341,-0.0295612031426761,0.0633945374213366,0.151753503097449,0.230556930969244,0.315860983754652,0.43454038462588,0.602633157206335,0.948516064616494
MOM_CZ,MONTHLY,GENERAL,201404,2700,-0.165087942367242,-0.0232894035041637,0.0699324503400781,0.151159490519843,0.234711778685817,0.325653543874078,0.424797041454079,0.593239430757622,0.94460412023132
MOM_CZ,MONTHLY,GENERAL,201405,2709,-0.243429781625515,-0.0956180744823197,0.000966064460073591,0.0758450616830813,0.143715920911421,0.225960898904981,0.310617905889618,0.451995537419089,0.723481272886547
MOM_CZ,MONTHLY,GENERAL,201406,2721,-0.264174586889759,-0.099182160005951,0.0147562129555177,0.0891593357553078,0.157861624653412,0.248564235315671,0.336063672590788,0.467264149031693,0.736618704552356
MOM_CZ,MONTHLY,GENERAL,201407,2721,-0.273020531601627,-0.112969824683885,-0.00989792499037038,0.0694153523643772,0.145174199787274,0.214762034024827,0.303207958698925,0.422033294709142,0.675218916907053
MOM_CZ,MONTHLY,GENERAL,201408,2735,-0.298339930600406,-0.126588160741717,-0.0321291508888909,0.0451506407400703,0.113036304264877,0.185151242424329,0.266144683401462,0.379948969408454,0.589277828498651
MOM_CZ,MONTHLY,GENERAL,201409,2742,-0.326067606527604,-0.149895497696267,-0.048777801176616,0.0264170988095356,0.0967088767700668,0.159475458429623,0.242429929363238,0.362488774602087,0.582215214368299
MOM_CZ,MONTHLY,GENERAL,201410,2752,-0.372228031851623,-0.226552345597864,-0.122912966861643,-0.0519447783731448,0.013800167173983,0.0853806685291865,0.162634513696316,0.26347187044998,0.467756510734781
MOM_CZ,MONTHLY,GENERAL,201411,2748,-0.419433300676015,-0.246526446522082,-0.137653952511417,-0.0558174945372707,0.0196493801330321,0.0852581424386024,0.158220646528144,0.249996126414434,0.447446344577562
MOM_CZ,MONTHLY,GENERAL,201412,2752,-0.466303168759498,-0.289903567094757,-0.166112608360066,-0.0864129231767991,-0.0106997218492821,0.0574777889393835,0.138251094987511,0.236836282421162,0.414690967215415
MOM_CZ,MONTHLY,GENERAL,201501,2757,-0.479960117510042,-0.277136975408057,-0.152409336214796,-0.0602817109810559,0.0215660304249983,0.09303473081628,0.181577002515745,0.282787576557885,0.448183916105015
MOM_CZ,MONTHLY,GENERAL,201502,2773,-0.53360962302807,-0.36359675829311,-0.234897888853403,-0.135810627213304,-0.0564603129500166,0.021860417473176,0.103099780049452,0.198930512771849,0.356923313953668
MOM_CZ,MONTHLY,GENERAL,201503,2781,-0.487470960435421,-0.312226703203405,-0.179087867514053,-0.0767581423061748,0.00876431543614031,0.0843831840949221,0.170897174448948,0.280851278609866,0.455568938170484
MOM_CZ,MONTHLY,GENERAL,201504,2789,-0.473762137339145,-0.290156224669842,-0.148747425426062,-0.0377715783933145,0.0533838611709978,0.13561702624938,0.233314150705162,0.351908780255296,0.560153461356065
MOM_CZ,MONTHLY,GENERAL,201505,2803,-0.456873174632208,-0.265334344333003,-0.1325897309037,-0.0462492923655841,0.0253547098926852,0.106597274622169,0.190086365253183,0.294547259243657,0.486104812966831
MOM_CZ,MONTHLY,GENERAL,201506,2818,-0.497293565971599,-0.308614217460495,-0.177863552596426,-0.0850673058558497,0.00128985303294615,0.0818597672918654,0.163289366108237,0.284418343373157,0.484834079116967
MOM_CZ,MONTHLY,GENERAL,201507,2815,-0.470722403343467,-0.268672190837427,-0.143516326655351,-0.0396087673619177,0.0548167193820137,0.132887656163806,0.217115503572059,0.337355664264252,0.572509255341209
MOM_CZ,MONTHLY,GENERAL,201508,2813,-0.555303167040996,-0.355863549889951,-0.210700290783979,-0.100065604216411,-0.0131632262214874,0.0714080792193074,0.166775208650706,0.296428213363388,0.515773818928329
MOM_CZ,MONTHLY,GENERAL,201509,2825,-0.544613876727622,-0.34084671692031,-0.212392056394993,-0.107597947640482,-0.0198666965032969,0.0673331249134425,0.161748358169035,0.276564469304415,0.478534263144619
MOM_CZ,MONTHLY,GENERAL,201510,2824,-0.59073227959836,-0.40741000881224,-0.284298203262529,-0.19062854298236,-0.106004409723904,-0.0216349778429031,0.0607306503547642,0.173266025856571,0.354300208707535
MOM_CZ,MONTHLY,GENERAL,201511,2831,-0.554029257481812,-0.377271151956309,-0.243049307638084,-0.148291958254877,-0.0590337217818069,0.0162826799691185,0.0999021343981082,0.217820874249103,0.39897531299969
MOM_CZ,MONTHLY,GENERAL,201512,2819,-0.550704769510528,-0.372488680274855,-0.241912840744704,-0.155374594415987,-0.0698424794018964,0.00932770008140276,0.101710901540609,0.209422306537775,0.414880581788586
MOM_CZ,MONTHLY,GENERAL,201601,2810,-0.573527415823608,-0.394194369702858,-0.272120712189207,-0.155767268730739,-0.079453291399415,0.0125497638673135,0.102648002796678,0.19843473005351,0.3768600782418
MOM_CZ,MONTHLY,GENERAL,201602,2796,-0.667879320408347,-0.509259027762899,-0.3950283619513,-0.295789855645434,-0.208705962042937,-0.128873241677285,-0.0399727732227023,0.0490442946596232,0.191779711167805
MOM_CZ,MONTHLY,GENERAL,201603,2805,-0.642084434122439,-0.501043928729442,-0.387132200686404,-0.284876172425955,-0.202248053891921,-0.126278295230352,-0.0490784091834128,0.0428026537881423,0.184476473661155
MOM_CZ,MONTHLY,GENERAL,201604,2801,-0.610210685389071,-0.445181139021492,-0.33229793664935,-0.22869580446376,-0.134227762440174,-0.0614199155994596,0.0250880588391363,0.116152314847807,0.249666000895329
MOM_CZ,MONTHLY,GENERAL,201605,2801,-0.574835260692394,-0.413541356070665,-0.30358243260408,-0.214620942966945,-0.133750026584356,-0.0576354455241232,0.0150922121491033,0.0970261804402228,0.230679354560822
MOM_CZ,MONTHLY,GENERAL,201606,2824,-0.589721836381275,-0.422914036414999,-0.315545225451485,-0.215427888179134,-0.124635495814212,-0.0463670096144727,0.0281646773028743,0.116891283992129,0.255573475221138
MOM_CZ,MONTHLY,GENERAL,201607,2814,-0.589710425906634,-0.414915637663924,-0.298328084534649,-0.193967394391971,-0.105224135785221,-0.0209409635202991,0.0600831518276583,0.157712373495837,0.303124710688019
MOM_CZ,MONTHLY,GENERAL,201608,2805,-0.505232306538898,-0.319900336485537,-0.19103924951192,-0.0821545493232369,-0.00346858635825265,0.0795402893231627,0.163489941433628,0.255046315479699,0.42074592213324
MOM_CZ,MONTHLY,GENERAL,201609,2798,-0.449647929824409,-0.250124537850117,-0.112021042648495,-0.0139074166008541,0.0729788663838611,0.149969258921,0.245917992743787,0.342321214924881,0.54751703916999
MOM_CZ,MONTHLY,GENERAL,201610,2799,-0.436860645151438,-0.254290409744403,-0.133091932591611,-0.043362400512512,0.0295141309234868,0.102691813504842,0.185596981872368,0.283675949697671,0.498837861807577
MOM_CZ,MONTHLY,GENERAL,201611,2785,-0.515150849620868,-0.320525273152155,-0.204723032393124,-0.101515105788317,-0.0191858509073152,0.046256101070282,0.119786278022615,0.21438245177389,0.383378033566979
MOM_CZ,MONTHLY,GENERAL,201612,2769,-0.458442249393923,-0.237161745968142,-0.0893256890223331,0.0131475907323688,0.0924451866784013,0.180600194669696,0.272188920431394,0.39470504319457,0.635345325792572
MOM_CZ,MONTHLY,GENERAL,201701,2765,-0.377260457953655,-0.128269099020857,0.0137667523885551,0.112043153342682,0.209030710591872,0.314568095552124,0.426412867404827,0.577722249872267,0.869846243240078
MOM_CZ,MONTHLY,GENERAL,201702,2756,-0.355946463979511,-0.119247365953713,0.0211030742664024,0.120959108572694,0.208926750866382,0.307672102781507,0.429162158688344,0.58200079475816,0.923342535656673
MOM_CZ,MONTHLY,GENERAL,201703,2755,-0.369774520967222,-0.168007950420264,-0.0285060449316356,0.0680473280029828,0.148687444738061,0.23404556856589,0.335955774977784,0.46794396754387,0.73747841635421
MOM_CZ,MONTHLY,GENERAL,201704,2751,-0.413043803842119,-0.179486950332145,-0.0351528329226501,0.0578629165946889,0.140797416057943,0.219735640416673,0.322256517185666,0.448526134526447,0.68072226118742
MOM_CZ,MONTHLY,GENERAL,201705,2750,-0.38879884854818,-0.160628947647975,-0.0208783782617481,0.0628541772245912,0.144194391257285,0.2203303895875,0.323744119025044,0.455259976054306,0.693081382321323
MOM_CZ,MONTHLY,GENERAL,201706,2755,-0.43253468707658,-0.187952898477966,-0.0578368117008642,0.0383971923631094,0.120930109558304,0.209383454807217,0.323880936301845,0.465205033486378,0.710554521119536
MOM_CZ,MONTHLY,GENERAL,201707,2755,-0.437862112584466,-0.221843199373946,-0.0822818069951681,0.0158876187639154,0.0909106923201974,0.170869840967364,0.284306095762255,0.412840518204657,0.644292765227814
MOM_CZ,MONTHLY,GENERAL,201708,2754,-0.438020458262666,-0.22920480696602,-0.100372520317151,-0.00119955591580211,0.0848215568318572,0.170324467510369,0.269905396515749,0.384272464194717,0.594529791096784
MOM_CZ,MONTHLY,GENERAL,201709,2756,-0.495627294241683,-0.290978995372494,-0.151780517091136,-0.0362758469716861,0.0634269483359684,0.146359185605848,0.240507633044591,0.361246366819174,0.573188929204104
MOM_CZ,MONTHLY,GENERAL,201710,2748,-0.395628640067181,-0.174460691940663,-0.0329940441879877,0.074308813107812,0.177149352487349,0.270321509434843,0.36795377933215,0.510479280930984,0.812319928881536
MOM_CZ,MONTHLY,GENERAL,201711,2734,-0.462577762260389,-0.254607622272829,-0.106261077109351,-0.00530805423920632,0.0887472413535707,0.185778197131806,0.285896476553244,0.419998263813137,0.673241267870452
MOM_CZ,MONTHLY,GENERAL,201712,2727,-0.423060995406933,-0.210020279992401,-0.0938854713503014,0.00654605727148378,0.0994243579048724,0.194534724934883,0.299419976958928,0.448751361272968,0.727111309686465
MOM_CZ,MONTHLY,GENERAL,201801,2727,-0.413652910519214,-0.218557190827973,-0.0930683533503748,0.00902368602932712,0.0992543895974032,0.186000710307828,0.288395780263945,0.419384781403029,0.67479157384996
MOM_CZ,MONTHLY,GENERAL,201802,2729,-0.401994459278969,-0.205698718465139,-0.080572924200671,0.0164203643925298,0.106888661405866,0.20408318241188,0.318098228191831,0.446002258915728,0.700733707394187
MOM_CZ,MONTHLY,GENERAL,201803,2738,-0.446944033210199,-0.268522585289719,-0.134665202919635,-0.0400271482381199,0.0519270417628734,0.153494966656387,0.255601457975799,0.388641904346136,0.625959919227911
MOM_CZ,MONTHLY,GENERAL,201804,2735,-0.450895296403603,-0.255419986534957,-0.135413822809929,-0.0373512131359829,0.0488696621761284,0.1533062911562,0.249486863058837,0.383256721518581,0.644670279622298
MOM_CZ,MONTHLY,GENERAL,201805,2746,-0.417201251911443,-0.21469010284636,-0.104701964278061,-0.0145223037292023,0.0657153497700861,0.15532364318354,0.258707468337498,0.400711912188613,0.691763538912159
MOM_CZ,MONTHLY,GENERAL,201806,2745,-0.396604093030918,-0.216759130211645,-0.094581754835439,-0.00380136586294446,0.0832852632544525,0.181544575165278,0.293889416619662,0.451450919861716,0.743178691572549
MOM_CZ,MONTHLY,GENERAL,201807,2744,-0.392169438837203,-0.203702293925012,-0.0789071578178705,0.00913293251654248,0.0948535798566245,0.183983887144767,0.2995710524003,0.459993624432627,0.764419325034216
MOM_CZ,MONTHLY,GENERAL,201808,2743,-0.373301215267438,-0.169092638790952,-0.0535557641253474,0.0423978264748452,0.134016587419582,0.226458097355285,0.333129804514442,0.467984311916904,0.791086220132344
MOM_CZ,MONTHLY,GENERAL,201809,2760,-0.420879064250377,-0.216248195976867,-0.0903599275255604,0.0117108352527176,0.0955335452708965,0.192395127765451,0.30406194121156,0.484319317684638,0.781052668719362
MOM_CZ,MONTHLY,GENERAL,201810,2761,-0.414144486609492,-0.228521113012885,-0.108596892476386,-0.0131079441497988,0.0755569726233596,0.165981285591421,0.284188357859148,0.465110027837801,0.785654846801661
MOM_CZ,MONTHLY,GENERAL,201811,2756,-0.51842671369543,-0.336134048779619,-0.230326171951885,-0.141899507121125,-0.0554507782653111,0.0269825183669636,0.131316945130796,0.273248225535223,0.522120503007308
MOM_CZ,MONTHLY,GENERAL,201812,2749,-0.569928322117679,-0.368868765688172,-0.24646087902223,-0.149685061982733,-0.0662592695012444,0.017029474443385,0.122556492256642,0.251303803043088,0.477115884240974
MOM_CZ,MONTHLY,GENERAL,201901,2748,-0.66397732384283,-0.493019231608056,-0.37984671937827,-0.283659578924579,-0.205228599705603,-0.123569563471952,-0.0272525882396712,0.0773058387986068,0.285458550370411
MOM_CZ,MONTHLY,GENERAL,201902,2754,-0.539221961878654,-0.358523903350932,-0.239218841687218,-0.149410094682434,-0.0702500703580022,0.00798937175447006,0.090175368237254,0.205837314737032,0.407184386871077
MOM_CZ,MONTHLY,GENERAL,201903,2753,-0.5052670651616,-0.324802367588221,-0.211270357369926,-0.119062293426569,-0.0296550274476067,0.0495256262509855,0.137874006955964,0.254418388805618,0.452333928756125
MOM_CZ,MONTHLY,GENERAL,201904,2756,-0.529777419344016,-0.334280329112045,-0.228107102996192,-0.13406731662924,-0.0512994985360863,0.04104684609414,0.134035463909247,0.243164433109564,0.443786026138493
MOM_CZ,MONTHLY,GENERAL,201905,2783,-0.55043196375339,-0.36242467044051,-0.243370674523245,-0.147351344897785,-0.0635660412786727,0.0190193772172092,0.102010407407268,0.206517316744751,0.39041628238237
MOM_CZ,MONTHLY,GENERAL,201906,2797,-0.623396631927617,-0.451696494197374,-0.334268570675209,-0.244037860916979,-0.160177078288498,-0.0699203903597726,0.0281515139901794,0.133052712464588,0.323094962535693
MOM_CZ,MONTHLY,GENERAL,201907,2796,-0.611679349983561,-0.420391620158796,-0.296139772108473,-0.197191653981236,-0.114703964924155,-0.0209250698784915,0.0620134366597121,0.180399214485133,0.374525653462051
MOM_CZ,MONTHLY,GENERAL,201908,2804,-0.645551505800457,-0.456221188053646,-0.333262932191082,-0.227112641246863,-0.133727287859661,-0.0543493040608332,0.0326114793435578,0.134250215090163,0.306236505516352
MOM_CZ,MONTHLY,GENERAL,201909,2810,-0.674636349374857,-0.500101605066974,-0.371776663937324,-0.259858691841879,-0.176126870107731,-0.0897804917133934,0.00204104307951095,0.129122480668464,0.322711596472479
MOM_CZ,MONTHLY,GENERAL,201910,2800,-0.602211485260496,-0.408620206796343,-0.267704639618777,-0.144580968402422,-0.0487550673664311,0.0482781095214406,0.137901986149202,0.260594550089816,0.46300583765768
MOM_CZ,MONTHLY,GENERAL,201911,2793,-0.595234068687281,-0.398899405132397,-0.249553100740819,-0.136621020452664,-0.0422110155991889,0.0485537025454859,0.140435410450577,0.254213803762576,0.457235931069542
MOM_CZ,MONTHLY,GENERAL,201912,2780,-0.513838286461782,-0.26249026898777,-0.0959056847821962,0.0306242140315528,0.12292427882065,0.221298676572839,0.337112630750422,0.483006358528776,0.724107677192699
MOM_CZ,MONTHLY,GENERAL,202001,2782,-0.552545635308436,-0.329099354868193,-0.178103585417684,-0.0511889906447035,0.0458036750667121,0.128289358655522,0.232841300116285,0.360397829291501,0.563441839911537
MOM_CZ,MONTHLY,GENERAL,202002,2786,-0.593265826244714,-0.376055701482998,-0.244310162719897,-0.133265949996261,-0.041612262214849,0.0472362010765657,0.147291986732775,0.271714487545493,0.484314640432988
MOM_CZ,MONTHLY,GENERAL,202003,2799,-0.627136681148896,-0.431558588138795,-0.306750215813521,-0.202522639425709,-0.104186915895821,-0.0252170845802063,0.0585120898071665,0.177094240946667,0.399305127722909
MOM_CZ,MONTHLY,GENERAL,202004,2805,-0.768964654790295,-0.639995808494466,-0.513454160659472,-0.427262483996614,-0.334079650885181,-0.257331728722276,-0.158079516158344,-0.031039322227077,0.151967477095468
MOM_CZ,MONTHLY,GENERAL,202005,2818,-0.654425069771603,-0.491534659950949,-0.355883645709693,-0.258568608517374,-0.156872574799371,-0.0590948482658447,0.03613837879229,0.162959470462317,0.410930118992308
MOM_CZ,MONTHLY,GENERAL,202006,2818,-0.631930906652931,-0.475057127906742,-0.357874392264858,-0.242790169009872,-0.14501820649834,-0.0467521468410113,0.0526055497245818,0.215841754694325,0.477114978677643
MOM_CZ,MONTHLY,GENERAL,202007,2809,-0.574269432672138,-0.41188833480636,-0.303961550122111,-0.206099157981701,-0.112717883604191,-0.0198978966891128,0.0899912243247085,0.256993362417482,0.590309259894856
MOM_CZ,MONTHLY,GENERAL,202008,2810,-0.526651823590593,-0.357432143922148,-0.236601140545092,-0.134872925496722,-0.0294355817911697,0.0795556396155994,0.207789255148858,0.423078571077556,0.824273162726826
MOM_CZ,MONTHLY,GENERAL,202009,2823,-0.506449996487391,-0.349384845302207,-0.215075002053489,-0.101572884801704,0.00593748362675739,0.105618868852956,0.262862966083774,0.473258578687624,0.898103928905517
MOM_CZ,MONTHLY,GENERAL,202010,2819,-0.527093975649167,-0.369416809889025,-0.241310053160515,-0.132298272028036,-0.0291137929443713,0.082997541156887,0.213899707715384,0.447541434524797,0.867020011166992
MOM_CZ,MONTHLY,GENERAL,202011,2822,-0.541573671356439,-0.36760276689339,-0.254657411466756,-0.159856366257351,-0.0594460587722821,0.0335164010806565,0.174776389310012,0.362740249639642,0.810127383742022
MOM_CZ,MONTHLY,GENERAL,202012,2828,-0.433678085011183,-0.263689833907024,-0.149856623831064,-0.0611341600977149,0.0372922425827128,0.157092945770349,0.302447766006939,0.504521574238786,1.04775954033192
MOM_CZ,MONTHLY,GENERAL,202101,2830,-0.343610027439431,-0.166619036553019,-0.0660039413263486,0.0363365228383049,0.134450579825479,0.249237183565926,0.39566301297283,0.663684741731855,1.24436059416136
MOM_CZ,MONTHLY,GENERAL,202102,2826,-0.188420451152358,-0.0358053555128486,0.0774672886448649,0.18128628002263,0.299954090306898,0.427064188254736,0.632911925895374,0.963210550469067,1.75182616837571
MOM_CZ,MONTHLY,GENERAL,202103,2827,0.0754431227407146,0.298892652198605,0.473905112136086,0.643235940668093,0.844662903959475,1.11305671263031,1.45734363405641,2.11602979012526,3.30185646044318
MOM_CZ,MONTHLY,GENERAL,202104,2821,-0.0511666300849235,0.14856016910714,0.31446418927753,0.449396050141139,0.617229682979177,0.806271148129794,1.05468556085099,1.50924021651104,2.36111002564914
MOM_CZ,MONTHLY,GENERAL,202105,2833,-0.142754953139717,0.0901102874393109,0.248519535392754,0.375328993681031,0.53018775898254,0.701156518359712,0.933486637903045,1.28546302457242,2.01893325476209
MOM_CZ,MONTHLY,GENERAL,202106,2849,-0.224913292737561,0.0413296748923151,0.205288530064887,0.339313581155544,0.490265977610648,0.637391083804816,0.84345240861484,1.16953411689807,1.82515465505818
MOM_CZ,MONTHLY,GENERAL,202107,2862,-0.200886281512242,0.0295536608862619,0.196003090480343,0.318508710338891,0.447085664433583,0.604137801895072,0.797294117708583,1.13279725089832,1.85303443244607
MOM_CZ,MONTHLY,GENERAL,202108,2894,-0.265505106300543,-0.0314218218587795,0.124371950671197,0.241899094100288,0.357565481307748,0.487479683975598,0.656429800334112,0.931420866272073,1.46333938240009
MOM_CZ,MONTHLY,GENERAL,202109,2934,-0.251240745592696,-0.0204169355134944,0.147286031957593,0.285318459213969,0.420310732816467,0.560822857422463,0.750391617440122,1.03990570408728,1.65782702954588
MOM_CZ,MONTHLY,GENERAL,202110,2956,-0.261669853668399,-0.0291454086366346,0.106401427439748,0.238905703283411,0.351579560014146,0.484226257400756,0.669705141074002,0.914770649332832,1.56646899338304
MOM_CZ,MONTHLY,GENERAL,202111,2981,-0.388646307498816,-0.175118969712621,-0.0295350749908424,0.0684522118669091,0.181818808867826,0.284961297181705,0.422079058492016,0.621078312916508,1.04545132141562
MOM_CZ,MONTHLY,GENERAL,202112,3003,-0.525965381961809,-0.317609193896342,-0.170207642476735,-0.0515553174998084,0.0473108090531298,0.160158499892857,0.286069124786716,0.445830086431209,0.763130800130294
MOM_CZ,MONTHLY,GENERAL,202201,3052,-0.641608468016113,-0.460595883213624,-0.26899694558535,-0.111603508176136,0.0131055759308345,0.13155280160889,0.256716610765709,0.426446093571532,0.671600215199464
MOM_CZ,MONTHLY,GENERAL,202202,3128,-0.711472968765171,-0.56167784432521,-0.387362569200753,-0.230500951630275,-0.106978685825937,-0.00776542610337279,0.0857611015140134,0.207267526229218,0.386793760960672
MOM_CZ,MONTHLY,GENERAL,202203,3185,-0.709336165728527,-0.545579271095571,-0.383362940185291,-0.237027630300542,-0.129315017564463,-0.0296097086600776,0.0385443794069117,0.148849973853858,0.341741445816083
MOM_CZ,MONTHLY,GENERAL,202204,3226,-0.695017568999293,-0.533898354081624,-0.374315572269296,-0.243628763681912,-0.14130429452746,-0.0407721972570652,0.0222488333785754,0.126919459475375,0.360563565415857
MOM_CZ,MONTHLY,GENERAL,202205,3263,-0.765830657966828,-0.621985561792238,-0.475888256480219,-0.338546859531161,-0.231420357003056,-0.134989350048208,-0.0404061339087911,0.0320792278694401,0.211795282728347
MOM_CZ,MONTHLY,GENERAL,202206,3321,-0.80378433785711,-0.683650336146342,-0.535248418983984,-0.397621482242192,-0.26119731680039,-0.150389590247222,-0.0536846431125091,0.0220334277578134,0.190139223900374
MOM_CZ,MONTHLY,GENERAL,202207,3346,-0.797223294905352,-0.677237092885631,-0.553193234864945,-0.42170000592635,-0.306406888950018,-0.211267840829548,-0.100603685921766,0.00923120519826592,0.135509200189842
MOM_CZ,MONTHLY,GENERAL,202208,3378,-0.781058097335843,-0.65428949044515,-0.516247340995776,-0.379533379027053,-0.246426631846732,-0.153866643906887,-0.0446417345674296,0.0275780432179024,0.178595132376707
MOM_CZ,MONTHLY,GENERAL,202209,3419,-0.774437422640534,-0.636780103633878,-0.502775390369144,-0.377921719897687,-0.25204454051022,-0.139546407586091,-0.0320472376356705,0.0361139352413897,0.215943160920357
MOM_CZ,MONTHLY,GENERAL,202210,3459,-0.814056907625897,-0.700232353134095,-0.57434626269188,-0.455856795416135,-0.347620137539342,-0.254923432436735,-0.146729925787205,-0.0123798855503921,0.081439367213129
MOM_CZ,MONTHLY,GENERAL,202211,3488,-0.789375641046015,-0.652760296397473,-0.524253097093049,-0.389107661384912,-0.258303492966477,-0.147486065439122,-0.0250294271847668,0.0447228737329166,0.234623492247535
MOM_CZ,MONTHLY,GENERAL,202212,3444,-0.788792568610882,-0.645337997727672,-0.506746571864395,-0.384778772934701,-0.260809342980242,-0.139078830515034,-0.0291597672927738,0.0469743183700722,0.24219139442954
MOM_CZ,MONTHLY,GENERAL,202301,3449,-0.782324191168611,-0.620221836289634,-0.474350936666702,-0.342260059675221,-0.227962715843516,-0.116871277323195,-0.000989113204777514,0.074023560663599,0.266856037248012
MOM_CZ,MONTHLY,GENERAL,202302,3446,-0.68627108346692,-0.492021898584136,-0.358992028543634,-0.227707734809424,-0.119295959853186,-0.0182394103004835,0.043395824669454,0.133027283800206,0.326055913959339
MOM_CZ,MONTHLY,GENERAL,202303,3434,-0.724755621277879,-0.541889695324349,-0.401035595555706,-0.260507981525941,-0.153476143113308,-0.0528562682325975,0.0359192683467343,0.112651066967891,0.287773428705507
MOM_CZ,MONTHLY,GENERAL,202304,3430,-0.724210928860567,-0.508640167440823,-0.340628732653634,-0.207035792029408,-0.102776452301673,-0.000165267932263499,0.066830091261354,0.193268750735783,0.39439377672506
MOM_CZ,MONTHLY,GENERAL,202305,3416,-0.706849392745502,-0.485185117544161,-0.332178259118494,-0.212675991973873,-0.102759844580643,-0.00383975076026899,0.0680868309576069,0.190915229711166,0.402808558633729
MOM_CZ,MONTHLY,GENERAL,202306,3399,-0.674902907227027,-0.436153725354592,-0.260743735907054,-0.148004128370403,-0.0483209928177424,0.0485160207208099,0.145658351074858,0.281239562560951,0.567991965056705
MOM_CZ,MONTHLY,GENERAL,202307,3387,-0.686500170242167,-0.450684717448084,-0.286467954301422,-0.163826849086103,-0.05649853716481,0.0425145162333136,0.119459723638484,0.260120300285783,0.499316641149777
MOM_CZ,MONTHLY,GENERAL,202308,3370,-0.658899946117254,-0.433836847873523,-0.243565809905745,-0.115545304228159,-0.00381036864141127,0.0733297839372821,0.185015530861998,0.318336799598978,0.561376997861064
MOM_CZ,MONTHLY,GENERAL,202309,3356,-0.668638573458121,-0.415264788493679,-0.217808720054569,-0.0745489352593413,0.0481923058779981,0.144477857249352,0.265659094529031,0.432987102482404,0.72096203026668
MOM_CZ,MONTHLY,GENERAL,202310,3332,-0.704068474472709,-0.492533883806592,-0.322617307366884,-0.195796856235962,-0.0778582823746331,0.0212678395797712,0.102856909160624,0.234815350600374,0.485910301877387
MOM_CZ,MONTHLY,GENERAL,202311,3305,-0.741926356845644,-0.524771413986999,-0.376083874492585,-0.26725831349926,-0.162036800350019,-0.0690902651717082,0.0358528293707995,0.129246958485261,0.355352699296976
MOM_CZ,MONTHLY,GENERAL,202312,3280,-0.695390825662407,-0.448336379581227,-0.274986314249433,-0.156973141713459,-0.0528789347718818,0.0489489203686523,0.134634469664248,0.301133186189613,0.587372668100379
MOM_CZ,MONTHLY,GENERAL,202401,3270,-0.725218205557848,-0.481048453498573,-0.285526510455789,-0.161110126234906,-0.0691986411974924,0.0405841810376019,0.121774799060864,0.267901485493507,0.521965577089618
MOM_CZ,MONTHLY,GENERAL,202402,3255,-0.721781009542288,-0.468283384349206,-0.292295201276917,-0.161346131504435,-0.0600077404816646,0.0298994735000527,0.127294317614034,0.277657220633771,0.555746941470973
MOM_CZ,MONTHLY,GENERAL,202403,3235,-0.65803125138387,-0.389081162776188,-0.2213910066198,-0.0940632175144949,0.0133243748958904,0.104104613873486,0.233605036081646,0.398624672989673,0.731567526499934
MOM_CZ,MONTHLY,GENERAL,202404,3218,-0.645549797914216,-0.372136073591765,-0.189515641563759,-0.0572627653065369,0.0494781748254889,0.163977276782045,0.296791330670693,0.489821590714666,0.83516386986042
MOM_CZ,MONTHLY,GENERAL,202405,3204,-0.700800745968877,-0.43261626647021,-0.262530502659262,-0.111023188990238,0.00839194279941191,0.113816444215725,0.228629417000006,0.389072054661122,0.675773055793576
MOM_CZ,MONTHLY,GENERAL,202406,3202,-0.704143944611414,-0.454537801623432,-0.280693103366716,-0.144451345660592,-0.027713672282488,0.0699660808962813,0.176115274221342,0.338024204335064,0.618577497382619
MOM_CZ,MONTHLY,GENERAL,202407,3188,-0.739961582556616,-0.507714827995415,-0.333737827399925,-0.201175921097883,-0.0833399386168729,0.0191633385337233,0.109357391869247,0.25630567438479,0.520656000646153
MOM_CZ,MONTHLY,GENERAL,202408,3171,-0.67733794832491,-0.392085993484996,-0.220861892598048,-0.0890754387652681,0.018350043605623,0.116382850844124,0.232886015495672,0.385391793159174,0.682811050046022
MOM_CZ,MONTHLY,GENERAL,202409,3157,-0.671874053489924,-0.36684544038096,-0.197358928819317,-0.0508893231022563,0.0617705811365292,0.176355416807518,0.318550562258985,0.492837733125373,0.814796114879284
MOM_CZ,MONTHLY,GENERAL,202410,3139,-0.626816967780251,-0.302176941689357,-0.121731187522559,0.0295615901379826,0.141880182149375,0.269919369775791,0.415457753778519,0.636379750055542,1.02794428574199
MOM_CZ,MONTHLY,GENERAL,202411,3120,-0.621114742931344,-0.359866538476447,-0.192533873741753,-0.0557110039507327,0.0548706605252618,0.157511694247256,0.282865852284029,0.454237464504897,0.80984197402471
MOM_CZ,MONTHLY,NYSE,196306,959,-0.0119073327519741,0.101091703371091,0.167917478965607,0.222207995859337,0.274475653759981,0.339748278623608,0.418648868431624,0.503385471516303,0.661215841320023
MOM_CZ,MONTHLY,NYSE,196307,959,-0.0836411378519156,0.0189754805356296,0.0946547446249281,0.137468511151829,0.193775340383699,0.241009490937599,0.312101734577743,0.404440793967738,0.532024221364995
MOM_CZ,MONTHLY,NYSE,196308,961,-0.126707545679101,-0.0213998256233238,0.0467554403986188,0.103652025705343,0.154047240619084,0.206792806298451,0.265344324561173,0.358926438831762,0.482651706273021
MOM_CZ,MONTHLY,NYSE,196309,959,-0.0246127152869369,0.0934946585907864,0.173845989929894,0.229616293267714,0.285804335663011,0.344564922773875,0.423129755271047,0.520275504508276,0.695838555958088
MOM_CZ,MONTHLY,NYSE,196310,955,0.00581069932902538,0.106374403013318,0.173627174913743,0.235590648883939,0.292024124685868,0.349216640888827,0.41493394492343,0.502522875432972,0.6343291894463
MOM_CZ,MONTHLY,NYSE,196311,956,-0.112770083864508,-0.0127455283798918,0.0487509951760579,0.102771262674629,0.150052219738486,0.20434268124513,0.26338329680757,0.34963798086669,0.499999493525004
MOM_CZ,MONTHLY,NYSE,196312,960,-0.0913889698554829,-0.0106072701167139,0.0532218260395514,0.103225077160344,0.156882507264374,0.207585871245913,0.268726090743532,0.349017229232021,0.494555087949547
MOM_CZ,MONTHLY,NYSE,196401,956,-0.168029664272234,-0.0742883539344851,-0.014882706575211,0.0328958364686429,0.0857222181157058,0.12655874451486,0.186642092997967,0.262134926019094,0.391025953360493
MOM_CZ,MONTHLY,NYSE,196402,961,-0.131691382593551,-0.0502332683820477,0.012820583759503,0.0654865592110021,0.1233707409825,0.182410309608391,0.242545317273916,0.326387014006156,0.472973100851809
MOM_CZ,MONTHLY,NYSE,196403,965,-0.113394965796194,-0.0353018616174521,0.019538826864139,0.06681520346466,0.120004776551316,0.181103690719072,0.245412215487486,0.323283406053864,0.484247508191956
MOM_CZ,MONTHLY,NYSE,196404,970,-0.127275121827709,-0.0482037700577422,0.0180788375843299,0.0775973320468772,0.122634401991051,0.172288023553667,0.247215382371871,0.314087371950397,0.462530105208089
MOM_CZ,MONTHLY,NYSE,196405,971,-0.153207821462655,-0.0779755659140732,-0.0191653380022035,0.0434716382769671,0.0890209604033978,0.130680310939608,0.183673440942422,0.252648694777065,0.385190332304218
MOM_CZ,MONTHLY,NYSE,196406,972,-0.152824633580232,-0.0592428878058882,0.0157625788375473,0.0635520394393473,0.116259918572646,0.17205261901664,0.220712528147999,0.299291673424387,0.451613608527411
MOM_CZ,MONTHLY,NYSE,196407,971,-0.118824243019064,-0.0235306592324508,0.0391257362112494,0.096826847869564,0.151167448493443,0.206083330668353,0.267533109110161,0.338096102277385,0.472183130113337
MOM_CZ,MONTHLY,NYSE,196408,975,-0.145952392848128,-0.0482376649979719,0.0159765887936359,0.0746888795868035,0.12459750553239,0.174636821595081,0.233163271478083,0.303673275278783,0.419012506862
MOM_CZ,MONTHLY,NYSE,196409,974,-0.141517828623458,-0.0268438274864818,0.0321714189853825,0.0797169034632455,0.130292487052337,0.187907375953674,0.244717655100778,0.320479323093402,0.438106895373501
MOM_CZ,MONTHLY,NYSE,196410,972,-0.111111739254142,-0.0151034866728893,0.0521757329440179,0.102456918161286,0.152699527221476,0.207014846055339,0.268951746366269,0.34688845023888,0.467398480346485
MOM_CZ,MONTHLY,NYSE,196411,977,-0.0953549723866686,0.00265583192143179,0.0663042111827928,0.122315941444703,0.185792136310753,0.24410398941535,0.316415796424084,0.389937956696746,0.517854050184018
MOM_CZ,MONTHLY,NYSE,196412,983,-0.101837703743365,-1.5220068039223e-07,0.0679932919676215,0.116294017985695,0.169910723820825,0.231971480586763,0.293371900256663,0.368152135717729,0.506762429096813
MOM_CZ,MONTHLY,NYSE,196501,982,-0.119533404166533,-0.022566571913757,0.0381638447394965,0.0855475953167782,0.138163621780336,0.192152671636865,0.249656318112488,0.323053652747133,0.456146508436314
MOM_CZ,MONTHLY,NYSE,196502,981,-0.07547205805697,0.0209907342865889,0.0807450465787099,0.129376289676445,0.174545999188503,0.231404213731412,0.289244793900008,0.360216705832541,0.478127188298246
MOM_CZ,MONTHLY,NYSE,196503,981,-0.0804807076130244,0.00284973746642914,0.0668749057364329,0.123150091728612,0.17392815029641,0.227248344272509,0.290326964683761,0.373038747183327,0.501774117413122
MOM_CZ,MONTHLY,NYSE,196504,984,-0.066387606465929,0.0305114161424528,0.0767935965985454,0.132640602404884,0.185285288883473,0.238384623272358,0.2956555819881,0.384129217529328,0.517568649942291
MOM_CZ,MONTHLY,NYSE,196505,993,-0.0533277022120879,0.0411095884788675,0.10302903476867,0.157644880002112,0.213467776721522,0.277747980993802,0.353013128748894,0.447910962253471,0.597686468926484
MOM_CZ,MONTHLY,NYSE,196506,996,-0.0760838373914695,0.0112154860427334,0.0777730267442739,0.129888861309946,0.192847665982081,0.249418603291644,0.323187283539931,0.407671222055857,0.530428123743676
MOM_CZ,MONTHLY,NYSE,196507,995,-0.148986367258506,-0.0734596003664223,-0.0180583366499819,0.0330579761130072,0.0711277043464231,0.121602884188925,0.175574763673646,0.245696623426126,0.351391001984158
MOM_CZ,MONTHLY,NYSE,196508,998,-0.125448284839119,-0.0477219157195334,0.0100594043076439,0.0613816642185702,0.11320790940907,0.165040929533417,0.22080271689045,0.314354364795678,0.462630364320059
MOM_CZ,MONTHLY,NYSE,196509,997,-0.128825061797021,-0.0426899573368189,0.00787955507809391,0.0673968383314161,0.125446598702097,0.181149266727172,0.247997758723369,0.327877174754883,0.453175894740604
MOM_CZ,MONTHLY,NYSE,196510,995,-0.118302849609569,-0.0408823908040167,0.0250024205334008,0.0805150293762686,0.14049917187576,0.197762168313616,0.26274577237066,0.345545108759869,0.492114304796065
MOM_CZ,MONTHLY,NYSE,196511,997,-0.0781625678002058,-0.00229114581080878,0.0613858647461896,0.124760545238214,0.186907008124474,0.253924364015777,0.329976602050066,0.43878483574484,0.59468437925624
MOM_CZ,MONTHLY,NYSE,196512,999,-0.0695454603507463,0.00563445178759957,0.0857510819809632,0.159396972105597,0.226029227219216,0.310618399759797,0.399015514068742,0.526857430127065,0.719963390864252
MOM_CZ,MONTHLY,NYSE,196601,995,-0.0806928508332812,0.00598177421732179,0.0653114940196018,0.128344284258406,0.186823774916207,0.267125850677211,0.356306651856737,0.463699006076331,0.680825125440758
MOM_CZ,MONTHLY,NYSE,196602,995,-0.0703424263579583,0.0156254138862138,0.0737455476180226,0.139724617156295,0.204188186050654,0.283319800982915,0.379472514833221,0.5026816418798,0.719058154419218
MOM_CZ,MONTHLY,NYSE,196603,997,-0.0641169579596244,0.000884542241742727,0.0677649036830718,0.141177288797507,0.219122503936834,0.30098909570924,0.390804150955031,0.511564086268844,0.746836289930395
MOM_CZ,MONTHLY,NYSE,196604,997,-0.111692456083503,-0.0393964341122755,0.015347636504537,0.075783237284708,0.137051321084358,0.205235391565412,0.290589689517603,0.407103781323936,0.639405401316099
MOM_CZ,MONTHLY,NYSE,196605,1001,-0.102806430371044,-0.0231957792402245,0.0493425340160858,0.124686372563956,0.185402773141442,0.269479433074309,0.369179951022039,0.510867699932531,0.762985624705782
MOM_CZ,MONTHLY,NYSE,196606,1005,-0.0955966531284797,-0.0198415949596251,0.0550338593187422,0.119650063517701,0.185477380790785,0.259100163392068,0.382675213907979,0.496850958501434,0.75031768813016
MOM_CZ,MONTHLY,NYSE,196607,1009,-0.119409064917478,-0.0468259582475116,0.0127869629042657,0.0712432964854823,0.138137296899491,0.217183899977562,0.321637780519986,0.452842903633714,0.687064072964511
MOM_CZ,MONTHLY,NYSE,196608,1014,-0.15916252599472,-0.089385842168718,-0.0329082018892065,0.019304843961762,0.070508767247303,0.136141927901261,0.222290431499877,0.354020901536382,0.573912376426618
MOM_CZ,MONTHLY,NYSE,196609,1016,-0.236748548425017,-0.186530214915225,-0.146107542509009,-0.0988385512851586,-0.0573423209993031,-0.00266267531768138,0.0559439285033497,0.173357281371727,0.35157934593903
MOM_CZ,MONTHLY,NYSE,196610,1015,-0.295987306904557,-0.238825359509362,-0.199393803417216,-0.153194695576038,-0.108793412739255,-0.0633033866152423,-0.00443308874236189,0.0828148921836968,0.229841518636288
MOM_CZ,MONTHLY,NYSE,196611,1017,-0.315224124138235,-0.253738329127036,-0.205798257368683,-0.164013127734539,-0.120917509821474,-0.0768007556987861,-0.0345697683065279,0.0495794775749348,0.157837056592102
MOM_CZ,MONTHLY,NYSE,196612,1016,-0.328790999452425,-0.267083076342439,-0.215631075748137,-0.174152680970055,-0.128962606921466,-0.0764295141845939,-0.0239419075084663,0.0594034821567921,0.18646130831135
MOM_CZ,MONTHLY,NYSE,196701,1015,-0.358422677131647,-0.291858653798815,-0.247264625020799,-0.199395048617286,-0.159896788660126,-0.106857100033933,-0.0483237738559679,0.0391168353096371,0.143097116113146
MOM_CZ,MONTHLY,NYSE,196702,1017,-0.247961525598923,-0.181974269843361,-0.129339843921076,-0.0868144559788969,-0.0469534773191546,-0.00105723595196023,0.0534064738482404,0.134834827420899,0.26221223326816
MOM_CZ,MONTHLY,NYSE,196703,1017,-0.225322990894134,-0.141343520028916,-0.0902294372891065,-0.0431449632975109,-0.00613935955492606,0.0501976728153908,0.102991517490924,0.199222444928676,0.360372250240614
MOM_CZ,MONTHLY,NYSE,196704,1020,-0.221303796758412,-0.126968061157607,-0.0770124356540597,-0.0259304411575308,0.0214685992697997,0.06962273520788,0.134102204163753,0.224484835102279,0.375213092292415
MOM_CZ,MONTHLY,NYSE,196705,1014,-0.114259619866179,-0.0324703242484022,0.026850585944199,0.0766800887863098,0.131357408177633,0.192426536621168,0.288618769273048,0.406795035608251,0.607326475805647
MOM_CZ,MONTHLY,NYSE,196706,1018,-0.135419679032236,-0.0437659715990979,0.0168887281290792,0.0659974498558045,0.129555350887114,0.193069921541916,0.26918274331683,0.373681318375379,0.545971983435081
MOM_CZ,MONTHLY,NYSE,196707,1016,-0.0809257423003351,0.00538905906038445,0.0674682744731841,0.124352682354649,0.197246135304125,0.272323649719653,0.373849373246871,0.513371356385326,0.722869309675158
MOM_CZ,MONTHLY,NYSE,196708,1018,0.0778870430643773,0.178672345490254,0.240653938305268,0.324101634999444,0.42506894443137,0.516045732153593,0.622653518555097,0.787239944642629,1.06151982079924
MOM_CZ,MONTHLY,NYSE,196709,1012,0.105393774022442,0.195431138001693,0.282378717743372,0.372419874814054,0.457690403874238,0.537606305010675,0.652808086880243,0.820224629034166,1.09995513710066
MOM_CZ,MONTHLY,NYSE,196710,1008,0.129556291090064,0.233435575757262,0.31050733413456,0.397617203150904,0.488404737492997,0.593972618226057,0.726304877766879,0.920637864578838,1.25219698817408
MOM_CZ,MONTHLY,NYSE,196711,1006,0.0471394724299136,0.145077831900478,0.216865710850032,0.29982065358314,0.378144963922909,0.477817508295043,0.593932255011116,0.769374259246045,1.09441187038659
MOM_CZ,MONTHLY,NYSE,196712,1004,0.035333762645544,0.127555903685354,0.191470282325431,0.27261280856767,0.362134729321303,0.470418858809995,0.600261497197326,0.776381975002805,1.10226122018488
MOM_CZ,MONTHLY,NYSE,196801,992,-0.0490000755846248,0.0290337473845228,0.0988767372074847,0.164697547891438,0.25527087709623,0.349076225783969,0.459457418783986,0.613138146080885,0.909432223329529
MOM_CZ,MONTHLY,NYSE,196802,987,-0.076902500441568,0.013346489065969,0.0811017430303574,0.152361898975266,0.223702313491059,0.310497597478213,0.419367720173964,0.550522106299126,0.786495564626099
MOM_CZ,MONTHLY,NYSE,196803,989,-0.164758069299885,-0.0760265704574828,-0.0092349731027736,0.0497790869692957,0.0998659965879103,0.182454735700872,0.265402002973479,0.393170611166887,0.60173883268692
MOM_CZ,MONTHLY,NYSE,196804,987,-0.213304581390798,-0.1155145706552,-0.0483668520972133,0.00743755414108685,0.068553934980212,0.132556108599913,0.226306279394045,0.339980356101733,0.542166768614585
MOM_CZ,MONTHLY,NYSE,196805,985,-0.0822614620910479,-0.0106174631618044,0.0725421495618553,0.152857310671047,0.218064552806912,0.291986929346909,0.410014787836294,0.549878914524804,0.77483949426436
MOM_CZ,MONTHLY,NYSE,196806,984,-0.105060417436196,-0.00716030092286767,0.0695919567084165,0.149071481564814,0.23615227200283,0.317577097723476,0.42750759694701,0.567883100505138,0.81426761920563
MOM_CZ,MONTHLY,NYSE,196807,980,-0.157975282749751,-0.0694944955609789,0.0156333652963215,0.0864194404592865,0.171094101342074,0.242773482440334,0.319778947541678,0.447981011542922,0.662597530022212
MOM_CZ,MONTHLY,NYSE,196808,984,-0.196250691180918,-0.0854126953698414,-0.0193683937468301,0.0462189876916743,0.112477911818341,0.19781252448395,0.283799888586602,0.396286819644339,0.583478493978975
MOM_CZ,MONTHLY,NYSE,196809,984,-0.208669790129478,-0.111145089561096,-0.0339257000402736,0.0373702438458373,0.108327052230482,0.1784859602136,0.269950586977461,0.410358739620334,0.568187166993249
MOM_CZ,MONTHLY,NYSE,196810,980,-0.106999662423724,0.000254629228023753,0.0689734843110219,0.137099865598329,0.212671666153494,0.284355521071453,0.393793268890084,0.522530553232098,0.743534317128464
MOM_CZ,MONTHLY,NYSE,196811,979,-0.101354800249236,0.00345711249256389,0.0810196580310781,0.141503487451946,0.217887256851423,0.306848810755661,0.412867708148556,0.54168488076283,0.745898230531947
MOM_CZ,MONTHLY,NYSE,196812,981,-0.0630988265575786,0.0203328713179807,0.0940536172915405,0.160423089848992,0.234305921110405,0.30509991727715,0.409235551423079,0.535374318513454,0.756187564698387
MOM_CZ,MONTHLY,NYSE,196901,981,-0.0455162222593981,0.0609712665332178,0.124633463266409,0.184908009453871,0.24210448352804,0.313169245287639,0.390065003967481,0.503017332788109,0.686464982212238
MOM_CZ,MONTHLY,NYSE,196902,978,-0.00466274834106024,0.0938449234430423,0.156215659868592,0.221264793496007,0.284223297218991,0.359320374265965,0.439871607416719,0.554832651842146,0.737619307686503
MOM_CZ,MONTHLY,NYSE,196903,977,-0.0699181012550263,0.0204654290489193,0.0823440757297971,0.146579549835338,0.204405070572179,0.265022320620718,0.339263708496203,0.436940244576341,0.579488569428319
MOM_CZ,MONTHLY,NYSE,196904,979,-0.193047006728258,-0.0818881417944112,-0.013394529704798,0.0308405575797157,0.0884782782702653,0.150080068849998,0.219946638079341,0.316012128819904,0.452092504364799
MOM_CZ,MONTHLY,NYSE,196905,980,-0.246300596969996,-0.137016374544019,-0.0725426514252395,-0.0178897831045945,0.0397353290437137,0.0935210765965043,0.161338991447116,0.246901671964088,0.36423585960687
MOM_CZ,MONTHLY,NYSE,196906,980,-0.259961778460692,-0.162598268664629,-0.0769328801464033,-0.0130966850735866,0.0345588105304946,0.0937410993221913,0.158441443550419,0.237286358782478,0.36821782414247
MOM_CZ,MONTHLY,NYSE,196907,987,-0.302339915812635,-0.21524775900764,-0.132036944005068,-0.0711677617191615,-0.0215466792651446,0.0303238436421943,0.0935411557399832,0.160135761443351,0.271512232406361
MOM_CZ,MONTHLY,NYSE,196908,988,-0.403089204344285,-0.309633363734941,-0.234414444016363,-0.17979075615486,-0.125022101980001,-0.0750082544369335,-0.0187543416457042,0.0481960425239598,0.149063981578671
MOM_CZ,MONTHLY,NYSE,196909,988,-0.400397719007179,-0.323115771972211,-0.260091680270439,-0.200269905970046,-0.14667793981372,-0.0903164998233325,-0.0271665701707856,0.0504848693972768,0.162948969414574
MOM_CZ,MONTHLY,NYSE,196910,991,-0.425793296373271,-0.345405083560567,-0.281807339045678,-0.231315521180994,-0.181007892989462,-0.119173174331254,-0.058195610009533,0.0177071215904892,0.150236549609545
MOM_CZ,MONTHLY,NYSE,196911,994,-0.419515569817176,-0.342691793882286,-0.288364635069568,-0.230513020560701,-0.181500433920868,-0.130000163478409,-0.0611189305664903,0.0226896399697879,0.151627610204376
MOM_CZ,MONTHLY,NYSE,196912,997,-0.465782902736161,-0.385527769716396,-0.313816384619538,-0.255270226430065,-0.20677404492324,-0.147887909619227,-0.0709233080027196,0.0243375542597823,0.155593304177039
MOM_CZ,MONTHLY,NYSE,197001,1003,-0.496786243814249,-0.419750507613266,-0.349628488320995,-0.288749107312402,-0.228765782309828,-0.166861529042748,-0.0860508588021875,0.0154792785364426,0.168673046773825
MOM_CZ,MONTHLY,NYSE,197002,1007,-0.484844352186762,-0.397226920983659,-0.325171242926415,-0.271373620150765,-0.217220576433223,-0.167287310075618,-0.0837398253290813,0.00638095906487291,0.171706676652626
MOM_CZ,MONTHLY,NYSE,197003,1008,-0.472577771384182,-0.379874704318643,-0.306393210991714,-0.252686385843729,-0.199177969384815,-0.133463197934872,-0.0601353629740248,0.0410314000120299,0.182884323710761
MOM_CZ,MONTHLY,NYSE,197004,1010,-0.490529413901502,-0.382990489881823,-0.320345921951542,-0.258164407881707,-0.195535650852544,-0.132524927752555,-0.0741453186851121,0.0128408145657944,0.120360534826704
MOM_CZ,MONTHLY,NYSE,197005,1013,-0.566151212300844,-0.472849623784739,-0.417636808413943,-0.35529114171059,-0.303445018189539,-0.251443867894475,-0.18740605321681,-0.112719441786477,-0.0131859430016289
MOM_CZ,MONTHLY,NYSE,197006,1016,-0.5624981539941,-0.46995799052327,-0.407565741434433,-0.351167962946867,-0.305774186614745,-0.246750246483685,-0.189746752457262,-0.121197045798842,-0.0122417587086931
MOM_CZ,MONTHLY,NYSE,197007,1023,-0.586754821405874,-0.487556791029222,-0.418548247337876,-0.347720670033243,-0.293649289740856,-0.227025464251498,-0.166433269568575,-0.089826593342368,0.03568960595867
MOM_CZ,MONTHLY,NYSE,197008,1027,-0.578172609028265,-0.481000838535076,-0.393403670678833,-0.330658725796034,-0.268114941297577,-0.209073880240163,-0.139350520035041,-0.0676366810989655,0.0411493050652488
MOM_CZ,MONTHLY,NYSE,197009,1032,-0.51709151755944,-0.416813891709991,-0.335740096264019,-0.270481927374092,-0.203480738806788,-0.146583079253678,-0.0790033727003654,-0.0255703661418109,0.0750126618715635
MOM_CZ,MONTHLY,NYSE,197010,1033,-0.480619318317639,-0.395382354113212,-0.323090364507672,-0.259515715628193,-0.207673546309387,-0.14867003501742,-0.0946562909748988,-0.0206447294606279,0.0640435776870363
MOM_CZ,MONTHLY,NYSE,197011,1034,-0.519060646370387,-0.413349631737607,-0.330675229611069,-0.264428057719783,-0.197123018537613,-0.130238363267034,-0.0756778568065844,0.00569528201084375,0.0959324834692824
MOM_CZ,MONTHLY,NYSE,197012,1035,-0.472236985822439,-0.373873268860815,-0.294029978548046,-0.216140620147043,-0.136665509669909,-0.0794168846115533,-0.00225919024219769,0.0696592194748583,0.195558260655681
MOM_CZ,MONTHLY,NYSE,197101,1038,-0.393783655963908,-0.254454020771971,-0.15981738858296,-0.0709718711924998,0.00221314299674891,0.0762903328920837,0.137940261393135,0.226944578011791,0.361529448651971
MOM_CZ,MONTHLY,NYSE,197102,1039,-0.301993615844086,-0.186668930193738,-0.100606179745263,-0.0213716477273155,0.0402788591018641,0.10068379789052,0.173101029446362,0.256628674955165,0.395329086918367
MOM_CZ,MONTHLY,NYSE,197103,1040,-0.252356808597081,-0.142871585369197,-0.0468980439720712,0.028400648503994,0.089153327526014,0.147491673033077,0.217609394497344,0.300069593596052,0.455902145513672
MOM_CZ,MONTHLY,NYSE,197104,1041,-0.046978252556639,0.0665788302365482,0.152193472207215,0.226267514410605,0.299655679890195,0.380570806023031,0.472271350812437,0.60403994145753,0.798018656822394
MOM_CZ,MONTHLY,NYSE,197105,1045,0.09539812114307,0.211089175203081,0.310758406009085,0.402114250627827,0.48691006461241,0.585321759390802,0.690706703680739,0.851631119334638,1.07020075035254
MOM_CZ,MONTHLY,NYSE,197106,1043,0.127846704115011,0.266396824922377,0.338666558021177,0.433473374536311,0.53018106509574,0.647370908197108,0.774151943024665,0.916218801055536,1.19696264885627
MOM_CZ,MONTHLY,NYSE,197107,1043,0.0375302652948439,0.155131438922012,0.250888189047795,0.328637905605577,0.405715923007783,0.521330592657732,0.637012997355895,0.788735334799541,1.02689377076014
MOM_CZ,MONTHLY,NYSE,197108,1047,-0.0570488668611097,0.036154249749168,0.111504915539797,0.180056798646263,0.268111657343915,0.348412513482854,0.444478541616386,0.558892121404036,0.768794755050735
MOM_CZ,MONTHLY,NYSE,197109,1050,-0.1286939432535,-0.0125880922425441,0.0744351397669512,0.158396787631695,0.243312233410375,0.323156618302524,0.400066024769919,0.50998038299542,0.698257886721164
MOM_CZ,MONTHLY,NYSE,197110,1054,-0.0960064855311035,0.0227195856870612,0.118948163972426,0.202262373779413,0.285446355259055,0.376412146707005,0.461860871168644,0.593892599968125,0.765193824554441
MOM_CZ,MONTHLY,NYSE,197111,1057,-0.183321437744193,-0.0586369723170211,0.0317769874076649,0.100560862609594,0.178864514747974,0.249999216440987,0.329586991757615,0.44187039826288,0.653760107119304
MOM_CZ,MONTHLY,NYSE,197112,1060,-0.268281614749427,-0.163271002762182,-0.0832198508217941,-0.0156281325728961,0.0463474591602654,0.113924972135345,0.200511501572715,0.29689129904245,0.487728788042227
MOM_CZ,MONTHLY,NYSE,197201,1061,-0.257878608466242,-0.149451342943159,-0.0661286532891151,-9.85856201340951e-07,0.067016085857434,0.133479806982042,0.221901416807979,0.312333896744168,0.499961703337436
MOM_CZ,MONTHLY,NYSE,197202,1062,-0.213044234202754,-0.109406450813398,-0.0335439074895857,0.0197262752252176,0.0802884345819992,0.163310449841493,0.241290695619292,0.351755300787037,0.509142093431796
MOM_CZ,MONTHLY,NYSE,197203,1068,-0.239307080434713,-0.126303528376,-0.0510482776643494,0.0130201355742071,0.0749334677700055,0.153916963445125,0.233618148463232,0.329208717857437,0.477487451850259
MOM_CZ,MONTHLY,NYSE,197204,1071,-0.261020491521496,-0.155555394831633,-0.0910529140189834,-0.0202886348731992,0.0234367682665586,0.11124983407977,0.185626694540902,0.282720114784115,0.438810528771744
MOM_CZ,MONTHLY,NYSE,197205,1073,-0.226085885547085,-0.120183885755152,-0.0426536078424264,0.0276753729021724,0.103092234699446,0.174936116495556,0.256908647855335,0.341924241878733,0.516227964396806
MOM_CZ,MONTHLY,NYSE,197206,1077,-0.236631075526237,-0.12202039652568,-0.051725724353437,0.0277033760300247,0.102893401266478,0.174363032934871,0.260176764794384,0.369144529993595,0.552278895177449
MOM_CZ,MONTHLY,NYSE,197207,1083,-0.231094001412125,-0.117522205734278,-0.020784340638853,0.042272786637471,0.119563635889633,0.201466554308184,0.29114873057091,0.403785793810636,0.589982721630747
MOM_CZ,MONTHLY,NYSE,197208,1083,-0.291195804849845,-0.194032995578936,-0.10715964017841,-0.0334752104553204,0.0361088064463595,0.107253724675675,0.194827000691596,0.290312740819582,0.433559416984229
MOM_CZ,MONTHLY,NYSE,197209,1086,-0.25315479096436,-0.153125364925072,-0.068973637723631,-1.5547512681735e-06,0.0789851200451082,0.156822273359011,0.228214418105463,0.32770087645164,0.484084836428283
MOM_CZ,MONTHLY,NYSE,197210,1090,-0.234398401309247,-0.110907104637337,-0.0373777202043006,0.0390807297157238,0.106873670664275,0.176561553975608,0.262699047291717,0.366881971661128,0.54204158026047
MOM_CZ,MONTHLY,NYSE,197211,1096,-0.228324445047414,-0.102800111255141,-0.0138058412564138,0.04953902474199,0.118403664018375,0.186476980311637,0.270658514804612,0.382074315453576,0.554227930401745
MOM_CZ,MONTHLY,NYSE,197212,1101,-0.272634913078658,-0.149054072197272,-0.0542600478931062,0.0156323651657553,0.0701675135143967,0.129449716955088,0.209498896452522,0.288289061740146,0.427534668358908
MOM_CZ,MONTHLY,NYSE,197301,1101,-0.34404626613267,-0.225634776534386,-0.136688876169671,-0.0642859673164297,-0.00928971948162671,0.0548571157285083,0.133612154368628,0.21940827171843,0.355415711109166
MOM_CZ,MONTHLY,NYSE,197302,1103,-0.39631182588617,-0.31231401796535,-0.230385566771889,-0.163371394854811,-0.102443126761406,-0.0401447071231461,0.0363691778710925,0.139299545791659,0.278342244834247
MOM_CZ,MONTHLY,NYSE,197303,1104,-0.448059731059196,-0.358630949360517,-0.286146597635016,-0.221246211964142,-0.163490218222001,-0.0985545166347023,-0.0226520202695652,0.0725249005943591,0.203189199409777
MOM_CZ,MONTHLY,NYSE,197304,1106,-0.471418129283503,-0.387436281029894,-0.320322207685918,-0.252302376374384,-0.19646793318077,-0.127314756491835,-0.0466738356593661,0.0382585381942828,0.175934147556146
MOM_CZ,MONTHLY,NYSE,197305,1105,-0.529649522257924,-0.432530699037047,-0.362727147284437,-0.295883347323872,-0.231708046716878,-0.161992746107403,-0.0934732831704374,-0.0119663105750372,0.110041310649335
MOM_CZ,MONTHLY,NYSE,197306,1111,-0.553506681615474,-0.470953460402577,-0.395079299408705,-0.333333231988918,-0.264360135712288,-0.184059304863859,-0.110644253278066,-0.0237891439250074,0.09490098393486
MOM_CZ,MONTHLY,NYSE,197307,1118,-0.565845482858316,-0.478966532965615,-0.401891639529829,-0.33187014033587,-0.267382875826741,-0.206484349957331,-0.125366964407208,-0.0340387936696105,0.095500200573341
MOM_CZ,MONTHLY,NYSE,197308,1117,-0.495084901628661,-0.394355041770597,-0.32737547920905,-0.263002232184178,-0.21089064594847,-0.143067069863328,-0.065380427158851,0.015910421999065,0.134359725510157
MOM_CZ,MONTHLY,NYSE,197309,1117,-0.504903750631681,-0.404790707000875,-0.339866496502285,-0.275667585708224,-0.208866460151502,-0.140939360253106,-0.0692672663121084,0.0195184842730212,0.140726897536105
MOM_CZ,MONTHLY,NYSE,197310,1119,-0.424310538375752,-0.309690946365795,-0.244979418925612,-0.175936760192478,-0.112628778133992,-0.0498190608162962,0.014783300044231,0.112397682942206,0.24559768411425
MOM_CZ,MONTHLY,NYSE,197311,1133,-0.497825188753935,-0.379527676919193,-0.307475271890382,-0.24728540359363,-0.182010042062834,-0.110068366757728,-0.0333674051544009,0.0716645763303686,0.244346108274956
MOM_CZ,MONTHLY,NYSE,197312,1137,-0.609452364506367,-0.520189435350932,-0.44631930417039,-0.39540388390419,-0.324295530751375,-0.252996103981584,-0.17371860859075,-0.104146291401669,0.064219001706496
MOM_CZ,MONTHLY,NYSE,197401,1137,-0.607010867871101,-0.508890154142645,-0.44069403031834,-0.381964669813194,-0.30760219341373,-0.223254580663229,-0.145591687032829,-0.0394774177851369,0.190759860756875
MOM_CZ,MONTHLY,NYSE,197402,1137,-0.482156207835857,-0.382631438800446,-0.312616120418175,-0.244376138643853,-0.183360839369506,-0.106071375916187,-0.0247076755812167,0.0743070517084364,0.26345656141825
MOM_CZ,MONTHLY,NYSE,197403,1138,-0.469543873957051,-0.353463127147617,-0.281039437915538,-0.211802809573542,-0.141932804943056,-0.0711102937210278,-0.00160760018563333,0.113680117519075,0.287371982277064
MOM_CZ,MONTHLY,NYSE,197404,1136,-0.402968280856386,-0.290342809532519,-0.218573841704301,-0.152706721406161,-0.0874737292282483,-0.0234537686058837,0.046844406831363,0.136108137098687,0.304432855304385
MOM_CZ,MONTHLY,NYSE,197405,1136,-0.3824453401293,-0.276834220144816,-0.192729645728629,-0.130735223504375,-0.0645286718404206,0.0145558127488563,0.0858283113870471,0.185794539135436,0.351990255390199
MOM_CZ,MONTHLY,NYSE,197406,1137,-0.402538035136636,-0.284300734455582,-0.212656046119051,-0.13990549091944,-0.0849900576370756,-0.0235845656547597,0.0477410948988599,0.146186760801319,0.29582811599784
MOM_CZ,MONTHLY,NYSE,197407,1140,-0.506122089778509,-0.395327156100957,-0.322685187730321,-0.251218464338297,-0.194418813867009,-0.13647247145475,-0.0663630850958209,0.0188557183331254,0.151668496775739
MOM_CZ,MONTHLY,NYSE,197408,1143,-0.519760903177765,-0.411617966877733,-0.3333332842967,-0.27034534806754,-0.209220884357068,-0.148899354821477,-0.077146777945493,0.0115788259647347,0.145319164797518
MOM_CZ,MONTHLY,NYSE,197409,1142,-0.621548550689915,-0.522259909983375,-0.460316843259433,-0.399836738238781,-0.346928088709674,-0.287257659701324,-0.231244638767178,-0.160215071972142,-0.046058132001204
MOM_CZ,MONTHLY,NYSE,197410,1144,-0.639737019621479,-0.562888379726474,-0.507297631836042,-0.453933009455838,-0.404740743612238,-0.352168742898669,-0.304101103294738,-0.242368246594963,-0.150272647796904
MOM_CZ,MONTHLY,NYSE,197411,1142,-0.506647311378436,-0.409486384791895,-0.318756721620883,-0.249869194762928,-0.191632635951965,-0.13840274838796,-0.0663460318372371,0.024238491873248,0.146285330617672
MOM_CZ,MONTHLY,NYSE,197412,1140,-0.523387987718888,-0.416769594881755,-0.339019971713529,-0.281109780895202,-0.224989200983017,-0.16525787833056,-0.108064598938161,-0.0148639541156754,0.124905933050805
MOM_CZ,MONTHLY,NYSE,197501,1140,-0.604789231975818,-0.513836134165868,-0.446966034188014,-0.39050593181531,-0.336431633121104,-0.276145562463374,-0.219488743963233,-0.136931587898739,-0.00251232026220161
MOM_CZ,MONTHLY,NYSE,197502,1141,-0.45187642334479,-0.343119277233314,-0.280421646042541,-0.222561926406015,-0.168298699951533,-0.106757532491622,-0.0516664168691048,0.0131533952400855,0.125821014691347
MOM_CZ,MONTHLY,NYSE,197503,1140,-0.404226845375111,-0.311816332485972,-0.237033427887517,-0.181817770486991,-0.126942428969996,-0.0650033475576752,-4.72541167750816e-08,0.0872858992834609,0.207045867982512
MOM_CZ,MONTHLY,NYSE,197504,1137,-0.292520024182313,-0.204988375481462,-0.133073305862981,-0.0786568004291072,-0.0213671715275973,0.0388903553881725,0.105397761405118,0.22225601782076,0.378003675357339
MOM_CZ,MONTHLY,NYSE,197505,1137,-0.223575146084074,-0.121394649934697,-0.0419871445680842,0.0165728353830438,0.0917181721870841,0.166468398732282,0.265649870992798,0.380025308682726,0.622988926856522
MOM_CZ,MONTHLY,NYSE,197506,1136,-0.157094939178254,-0.0430315509930207,0.0318866425824303,0.108695746373692,0.17606073934023,0.2633458197092,0.366292780881542,0.507856517078335,0.795916549510197
MOM_CZ,MONTHLY,NYSE,197507,1134,-0.0505349741228435,0.0697161208305588,0.178893750057214,0.251839159782774,0.336017207288295,0.426697308995135,0.552044683627592,0.731366788738765,1.00786678484595
MOM_CZ,MONTHLY,NYSE,197508,1134,5.50603061766356e-07,0.127604610452596,0.226844066500561,0.309626751705425,0.390607849093878,0.510285313234894,0.636621458813738,0.819823659195949,1.09622977305814
MOM_CZ,MONTHLY,NYSE,197509,1135,0.0519167653198234,0.183301898318043,0.308097388579385,0.406464884464319,0.498297889423608,0.614196992598762,0.749999777180245,0.934265902067773,1.25728786426683
MOM_CZ,MONTHLY,NYSE,197510,1135,-0.0755862791848601,0.0392309285638703,0.119910765963045,0.208075161343038,0.293645782830716,0.381206901742922,0.498119909738987,0.66536908177596,0.958721140857173
MOM_CZ,MONTHLY,NYSE,197511,1133,-0.0473973487733425,0.104913746345191,0.201971378775228,0.304279484825806,0.401498357778612,0.518598701817187,0.647309593949355,0.84873388042646,1.14780381152662
MOM_CZ,MONTHLY,NYSE,197512,1135,0.0625879759983653,0.212130002839746,0.325997700803768,0.432280466797018,0.558622825840551,0.68305149150207,0.840892691680545,1.09999958687271,1.42098767534625
MOM_CZ,MONTHLY,NYSE,197601,1136,-0.1197827796269,-0.016684424111496,0.0714283343788418,0.135848187998204,0.230393468530766,0.322362250033674,0.419223628550302,0.549699923917132,0.776338865897509
MOM_CZ,MONTHLY,NYSE,197602,1133,-0.0153848726054249,0.120957407637487,0.219025436797766,0.308672739235317,0.402993317307669,0.503324800238062,0.625846175334588,0.775917117961635,0.998364209863373
MOM_CZ,MONTHLY,NYSE,197603,1132,-0.0159022739076163,0.123080368357509,0.2103492940239,0.300154403573516,0.395901412465544,0.486112810865211,0.593033886739413,0.729716119741023,0.94974080930393
MOM_CZ,MONTHLY,NYSE,197604,1132,-0.0153034460769153,0.0883846049289634,0.178916315547271,0.255365107696265,0.334266803371784,0.444468557220262,0.552598403692457,0.698402082388214,0.89285080213671
MOM_CZ,MONTHLY,NYSE,197605,1129,-0.117951190953006,0.00287324857425687,0.0843964428410163,0.155009976790333,0.234535924759643,0.325640395330995,0.433646120501631,0.550214628953655,0.75594006215892
MOM_CZ,MONTHLY,NYSE,197606,1127,-0.16914722260578,-0.0725222909739751,0.00410429741769211,0.076772212809364,0.14258906527843,0.222393024833316,0.311060987322174,0.419510280478665,0.589719421553014
MOM_CZ,MONTHLY,NYSE,197607,1131,-0.0713626475544898,0.0281600935989099,0.107228349155737,0.180910407893926,0.255312243645311,0.346089242494465,0.434727127539963,0.555778368385953,0.741937135359996
MOM_CZ,MONTHLY,NYSE,197608,1134,-0.0296470843939499,0.0774969644276413,0.147585338622337,0.227255319607988,0.30066133025704,0.385026071336677,0.482257597807824,0.618423435823923,0.794744590453271
MOM_CZ,MONTHLY,NYSE,197609,1136,-0.00501324142806925,0.0981950863205094,0.178779422614259,0.24568776019938,0.322616138364969,0.405848344980326,0.504891243910204,0.635693626360129,0.839418298850696
MOM_CZ,MONTHLY,NYSE,197610,1140,-0.0355553583951903,0.0724852431959677,0.147231423796912,0.224852809041333,0.292601208599809,0.381708430420875,0.471139394103137,0.627155404381723,0.806661213610827
MOM_CZ,MONTHLY,NYSE,197611,1144,-0.088947396099956,0.00316445761033886,0.0812958786316636,0.154328642013007,0.226674683268783,0.305044890896758,0.383703697644182,0.513116356527274,0.716416992286309
MOM_CZ,MONTHLY,NYSE,197612,1146,-0.0688364796038999,0.0614195552016632,0.130362172338216,0.194445703987016,0.271007747956162,0.349009785157644,0.439260964858795,0.586910495446607,0.781147300358781
MOM_CZ,MONTHLY,NYSE,197701,1141,-0.121098170297669,-0.023402314592872,0.0377351429382165,0.0997437948843953,0.164060921893953,0.239550307295067,0.308126232481638,0.402241573205162,0.557541598585317
MOM_CZ,MONTHLY,NYSE,197702,1139,-0.208632363502247,-0.11325226802387,-0.0496182785691005,0.0174895653864755,0.0919718803015093,0.155332403180221,0.234480031973314,0.318066671471178,0.483226800862764
MOM_CZ,MONTHLY,NYSE,197703,1141,-0.248496585827429,-0.143961609770881,-0.0693284017918076,0.00484218253595881,0.0658636101468597,0.120804541778074,0.18873784961504,0.285109620287438,0.422442987035065
MOM_CZ,MONTHLY,NYSE,197704,1142,-0.218902355782292,-0.12772094264064,-0.0471563722415934,0.0198118302535725,0.0849014534733703,0.144168219750087,0.210196577589836,0.297436744498827,0.460077533428174
MOM_CZ,MONTHLY,NYSE,197705,1143,-0.19829358425924,-0.114832532839706,-0.0208289460754599,0.0553056183991263,0.119651264717294,0.179039436368479,0.255690062369244,0.349666974853323,0.520476501054738
MOM_CZ,MONTHLY,NYSE,197706,1149,-0.250707577349602,-0.155238429586923,-0.0798652646971682,-0.0133075326135889,0.0526198164791913,0.115325225393238,0.187561723810894,0.278456873638513,0.459399867198517
MOM_CZ,MONTHLY,NYSE,197707,1146,-0.199430421835289,-0.0980393902527546,-0.0145157530346925,0.0541600253533761,0.122143078420002,0.185839854316425,0.263009108210478,0.364186374604643,0.552263606519481
MOM_CZ,MONTHLY,NYSE,197708,1146,-0.187481644199068,-0.0827332177521656,-0.0186273069220107,0.0660056711862938,0.125319037774221,0.191966741089314,0.262587068613235,0.377162184758175,0.53924104638487
MOM_CZ,MONTHLY,NYSE,197709,1145,-0.203326224354673,-0.110357940196692,-0.0417122000623412,0.0199776909983587,0.0699886741610751,0.134767225889916,0.205256324753258,0.298301149553131,0.486677324344572
MOM_CZ,MONTHLY,NYSE,197710,1144,-0.17794629115991,-0.0764447184853814,-0.00974603609201184,0.0484789793680681,0.10830057984798,0.171972659343652,0.249575816186702,0.358155720299406,0.545111149157522
MOM_CZ,MONTHLY,NYSE,197711,1145,-0.215832120799603,-0.125288088839384,-0.060247140600396,-0.0110517165447024,0.0427399823253978,0.0898498053477212,0.166139211287291,0.256688577913883,0.460825758576381
MOM_CZ,MONTHLY,NYSE,197712,1142,-0.235534004221849,-0.143183955048938,-0.0759674088939253,-0.021852728902805,0.0354355705876124,0.104027176942536,0.166408432786818,0.260596705713158,0.434710348538158
MOM_CZ,MONTHLY,NYSE,197801,1136,-0.209230551463233,-0.123393052312023,-0.0650461482072693,-0.00485669044374304,0.0460404017906342,0.102119406456431,0.166299035871678,0.253416997085571,0.426469529984194
MOM_CZ,MONTHLY,NYSE,197802,1140,-0.21797521815687,-0.137745796005387,-0.0782896748746463,-0.0313244853807815,0.0183737286183174,0.0699872340818699,0.132439568492144,0.228043055971843,0.392360666119038
MOM_CZ,MONTHLY,NYSE,197803,1142,-0.234782135547512,-0.14764909718846,-0.0914099835227994,-0.0392066321533777,0.0242910888882474,0.0761211107211521,0.163433391991474,0.257603713246963,0.424966210974207
MOM_CZ,MONTHLY,NYSE,197804,1141,-0.192846594592811,-0.116218821152613,-0.0601532598117249,0.00424976897222362,0.0681953799183916,0.138450354580385,0.227375031338437,0.340488082145582,0.549229659910422
MOM_CZ,MONTHLY,NYSE,197805,1137,-0.115293545714251,-0.0321053451247416,0.0280271796678753,0.0891563665979334,0.172571319964794,0.249497048976628,0.335470908267915,0.460456197915162,0.629690236984157
MOM_CZ,MONTHLY,NYSE,197806,1141,-0.125000235269042,-0.0475347651904043,0.0127991394882638,0.0892973049877641,0.153750643964496,0.229245109867533,0.328886539812777,0.431088925922094,0.63319612502088
MOM_CZ,MONTHLY,NYSE,197807,1140,-0.118225063947133,-0.0483788918522079,0.0218223553181895,0.0941397535784067,0.158531072175274,0.234715301398164,0.322623911699276,0.428677152565433,0.643694028677051
MOM_CZ,MONTHLY,NYSE,197808,1139,-0.0588375958695289,0.0253658788270414,0.0982202371159993,0.170718647924099,0.241687138371062,0.325521700984575,0.429741498636894,0.554310531780481,0.814260460752532
MOM_CZ,MONTHLY,NYSE,197809,1144,-0.0150590899838117,0.0843668618547604,0.156461525714728,0.234019411616438,0.325606370511342,0.426612963860351,0.550512609048429,0.723020338896624,0.999101159201559
MOM_CZ,MONTHLY,NYSE,197810,1143,0.0274529783864525,0.120549293564775,0.194887532840263,0.259031458083698,0.334571572614589,0.442149591571613,0.547113749242181,0.723122225658509,1.00735329571436
MOM_CZ,MONTHLY,NYSE,197811,1142,-0.204699153156736,-0.113907754603363,-0.0596191832249946,-0.00850846625955665,0.0353543888084259,0.0850797807686444,0.147549537166915,0.227992178911002,0.378266365372114
MOM_CZ,MONTHLY,NYSE,197812,1146,-0.167032996971766,-0.0830843935007727,-0.0314956217458487,0.0185241877789142,0.0730874700214015,0.128801984488668,0.19626169305815,0.296598524702903,0.47144062989349
MOM_CZ,MONTHLY,NYSE,197901,1137,-0.14981737425569,-0.0541156857892382,0.0160467298448921,0.0772435321972929,0.136656179772723,0.198786992838597,0.273886797381674,0.378797212878513,0.571997181248856
MOM_CZ,MONTHLY,NYSE,197902,1133,-0.0545573099856842,0.0316508804618243,0.0985836285397022,0.158616997581235,0.217052005529817,0.290008252777973,0.371054792265053,0.480734635588195,0.674671370351089
MOM_CZ,MONTHLY,NYSE,197903,1130,-0.135163261506799,-0.0548418190884377,0.0082511760528598,0.0523885396965602,0.103535908702527,0.155736438975639,0.226841022048394,0.317163180001212,0.472243517064356
MOM_CZ,MONTHLY,NYSE,197904,1132,-0.133805373894547,-0.0556622330683336,-0.00444461251488169,0.0476202215688385,0.105763232809809,0.165629778902091,0.235925441320694,0.327667493638136,0.513109724757424
MOM_CZ,MONTHLY,NYSE,197905,1132,-0.174251366130421,-0.0921003044430837,-0.0316944186084861,0.0241501849607411,0.0697241811409811,0.127600499621233,0.184197389836651,0.287803888964097,0.428542951334751
MOM_CZ,MONTHLY,NYSE,197906,1133,-0.177300067300265,-0.0940952674124075,-0.0381929353803857,0.015702239341408,0.0687031394528535,0.122152340556355,0.190210555214858,0.283038116350049,0.48173097336992
MOM_CZ,MONTHLY,NYSE,197907,1127,-0.20339700158025,-0.108950318485136,-0.0509847773386559,0.00324764213903084,0.0451698962942488,0.095558936508643,0.165484516035492,0.280132530139028,0.442562519299017
MOM_CZ,MONTHLY,NYSE,197908,1127,-0.241058275639008,-0.154328463350839,-0.0932430076950433,-0.0401215896774191,0.00821385589991563,0.063415238919912,0.129676796084174,0.225306869946995,0.39060822218686
MOM_CZ,MONTHLY,NYSE,197909,1123,-0.148843975276816,-0.0565286915804082,0.0041989033432865,0.055484984856506,0.112725643949059,0.163102228473359,0.242508450159384,0.340955602441493,0.518856048700436
MOM_CZ,MONTHLY,NYSE,197910,1127,0.0363505536891887,0.121750561965543,0.196192724696245,0.262911711736464,0.337684055335686,0.432675653602577,0.5250027459768,0.677535175530137,0.953254567030752
MOM_CZ,MONTHLY,NYSE,197911,1128,-0.135580707786099,-0.0387729634430419,0.0213115949038375,0.092788015860321,0.156414273907485,0.228194251889901,0.318634809378228,0.445086409016492,0.65886360450699
MOM_CZ,MONTHLY,NYSE,197912,1128,-0.106167657630916,-0.00321431070969469,0.0694208542379974,0.13165409282394,0.214179607120252,0.305573326153446,0.408403572567913,0.581541499595011,0.84224485344027
MOM_CZ,MONTHLY,NYSE,198001,1124,-0.144144534439238,-0.0513411698701859,0.0281177736306322,0.0960760261416917,0.161883682537936,0.248397206091213,0.370791755915122,0.542867403488199,0.791414821940034
MOM_CZ,MONTHLY,NYSE,198002,1123,-0.082246938543013,0.0362935869443104,0.11498365046878,0.193536177913688,0.289874428064871,0.393616457694437,0.524796799657903,0.720326056485687,1.11551900381926
MOM_CZ,MONTHLY,NYSE,198003,1122,-0.179732792698924,-0.0796541371427634,-0.0104590272867566,0.0590228431904241,0.143348105302121,0.243750413598987,0.362871118724953,0.548699486964711,0.829128536416918
MOM_CZ,MONTHLY,NYSE,198004,1118,-0.318480589590692,-0.208257558663771,-0.139700862611182,-0.081940719369416,-0.026933216341435,0.0452862245436141,0.126295174683796,0.264351506107606,0.470802442089768
MOM_CZ,MONTHLY,NYSE,198005,1115,-0.268475055739916,-0.171819255123264,-0.0987433395998947,-0.0309641985059715,0.025585660707748,0.0920617713717279,0.204980890134638,0.337769779929166,0.569975475240858
MOM_CZ,MONTHLY,NYSE,198006,1118,-0.233955430021668,-0.125482847127484,-0.0511514448557083,0.00804602283555425,0.062756445163659,0.144905659824766,0.236828598079782,0.3414492361596,0.574082014809811
MOM_CZ,MONTHLY,NYSE,198007,1118,-0.224779276182167,-0.126032660877357,-0.0559406088441602,0.0075349450960244,0.0684213310384125,0.135456318214328,0.223999751306102,0.355009382120041,0.564176484235959
MOM_CZ,MONTHLY,NYSE,198008,1117,-0.200737181859006,-0.107376708983563,-0.0289119559344645,0.0320981224072469,0.0948226799015392,0.16954930324144,0.251396274123345,0.365289912345389,0.612636471314454
MOM_CZ,MONTHLY,NYSE,198009,1116,-0.147126651627199,-0.0513694805348108,0.0128773780070674,0.0796976689127777,0.147116868567548,0.224983835862133,0.320436693379491,0.465039093115622,0.722519042191738
MOM_CZ,MONTHLY,NYSE,198010,1114,-0.0248385910203062,0.0780686873990002,0.156686481018245,0.238056293366614,0.309600645168351,0.400001203660988,0.517363011499801,0.706421526763548,1.0253237641037
MOM_CZ,MONTHLY,NYSE,198011,1111,-0.0655033579344034,0.0296145783652315,0.105063675298251,0.179488873634867,0.255059802428419,0.344584647347577,0.459448535878194,0.616692442961832,0.886870440008346
MOM_CZ,MONTHLY,NYSE,198012,1112,-0.088779538693099,0.00694518733561496,0.0943879803897268,0.175055535543203,0.266001356232715,0.361796239844234,0.50318447628818,0.711620572856971,1.01496643563643
MOM_CZ,MONTHLY,NYSE,198101,1110,-0.166678389994294,-0.0597111036655193,0.0164053020880422,0.0991752908270929,0.157390541294034,0.250741834440027,0.344290880902039,0.475644975227143,0.743406247768485
MOM_CZ,MONTHLY,NYSE,198102,1107,-0.103976682610127,-0.0175669973468283,0.0600574072335888,0.127513156344302,0.198667825527137,0.264531004158536,0.364841241476679,0.491777887257491,0.677371637608858
MOM_CZ,MONTHLY,NYSE,198103,1104,0.0670650717364556,0.179617911324572,0.26546392229454,0.352006962000007,0.414297446003053,0.505231339330181,0.63480754964822,0.781682089420377,1.06688941704179
MOM_CZ,MONTHLY,NYSE,198104,1097,0.110562136034554,0.2279111755079,0.312154824474762,0.401619533029094,0.482948242899236,0.576022532584288,0.6895299433592,0.850066524518556,1.12920978319775
MOM_CZ,MONTHLY,NYSE,198105,1097,0.0551054983280173,0.160566338423592,0.23903163625319,0.313130668276369,0.398571316084181,0.491841700473259,0.595908044346585,0.748074388516777,1.00844288639133
MOM_CZ,MONTHLY,NYSE,198106,1097,0.00225548473386922,0.121121462327475,0.206640737298498,0.281654614608364,0.386079687144601,0.471195495598282,0.587450386389734,0.767660388136244,1.10031169814077
MOM_CZ,MONTHLY,NYSE,198107,1096,-0.101529677631811,0.00504177564116937,0.0889172464707108,0.154922096477059,0.232860380267027,0.304868547767359,0.390410543174684,0.510514022717549,0.731228269055251
MOM_CZ,MONTHLY,NYSE,198108,1092,-0.179737408747827,-0.0592088748847106,0.0269070661343203,0.0919781907234156,0.157326026928724,0.225763959387526,0.301420379063899,0.401505975374523,0.613587209918589
MOM_CZ,MONTHLY,NYSE,198109,1092,-0.267891438706204,-0.155139457835409,-0.0745722259269836,-0.0134738204165487,0.0451741966223083,0.105383855974532,0.169093256532189,0.263018996096411,0.439365915862919
MOM_CZ,MONTHLY,NYSE,198110,1089,-0.350825718355104,-0.25473451861831,-0.181293130408623,-0.107093332571645,-0.043300231456244,0.0256830991046156,0.0947828908672366,0.182267870464174,0.358894787844722
MOM_CZ,MONTHLY,NYSE,198111,1091,-0.396334718881485,-0.277210205335051,-0.204179098484447,-0.132588191597289,-0.0457235134596651,0.0492994652107219,0.141340756800066,0.265637542635864,0.444443896796669
MOM_CZ,MONTHLY,NYSE,198112,1089,-0.333547051312673,-0.219759198118253,-0.128534371393405,-0.0499270528100694,0.023367183669895,0.111692408378971,0.204107674968268,0.323292531161966,0.489964889507595
MOM_CZ,MONTHLY,NYSE,198201,1088,-0.311058922554276,-0.199620687771149,-0.125966679110073,-0.0607899169582332,0.00551085587061007,0.0826868859613945,0.163057863477364,0.27538887610477,0.434164877255661
MOM_CZ,MONTHLY,NYSE,198202,1089,-0.339565093427464,-0.242600825032746,-0.17383806853812,-0.111924191580414,-0.0495372667013337,0.0208102737665892,0.106168127295251,0.202415898291867,0.365773699687533
MOM_CZ,MONTHLY,NYSE,198203,1084,-0.434125821867262,-0.340244801747564,-0.275024812369425,-0.217277969915985,-0.15348832466183,-0.0932818005550248,-0.0160648976053342,0.0708732323007448,0.193709316878443
MOM_CZ,MONTHLY,NYSE,198204,1082,-0.442960781559159,-0.349654411851111,-0.296645568621082,-0.238365947578431,-0.17845236953178,-0.117165472930056,-0.0478915233562983,0.0474004115924441,0.164768668427797
MOM_CZ,MONTHLY,NYSE,198205,1078,-0.435734193101336,-0.333838086113341,-0.260124085281797,-0.204098013847107,-0.149010577087795,-0.0962926161348349,-0.0107887129774235,0.0903414809740805,0.218223710654988
MOM_CZ,MONTHLY,NYSE,198206,1079,-0.448851619608314,-0.347831336396117,-0.276365178847598,-0.220031063095527,-0.169058171412354,-0.108633400283722,-0.0463033289706645,0.0440807783851832,0.178704178545925
MOM_CZ,MONTHLY,NYSE,198207,1075,-0.471067986179925,-0.372495526106142,-0.299503679427725,-0.226159340821408,-0.164120843967432,-0.0871775575749062,-0.0127126376883287,0.0873045520447215,0.226081587032369
MOM_CZ,MONTHLY,NYSE,198208,1070,-0.45136451869965,-0.341953707676049,-0.264451236792398,-0.178695686971547,-0.101454506635098,-0.0255761851794693,0.0651099418878591,0.187089279509392,0.353566296485319
MOM_CZ,MONTHLY,NYSE,198209,1063,-0.319148895194836,-0.1982941189582,-0.0982934376635079,-0.0149310775101013,0.0695504269614757,0.144587748602558,0.239338753212241,0.343961869641938,0.551315944215314
MOM_CZ,MONTHLY,NYSE,198210,1061,-0.358711919123527,-0.225344982154282,-0.126457904140388,-0.0463306773267502,0.0322867070251509,0.101181379640684,0.207131476495244,0.302024265932663,0.480912261633134
MOM_CZ,MONTHLY,NYSE,198211,1059,-0.319729706175487,-0.154166903484909,-0.0441050856888362,0.0556036052055644,0.138388098199395,0.231696646854949,0.320748448420524,0.438747725369601,0.650217499818177
MOM_CZ,MONTHLY,NYSE,198212,1058,-0.263456687812494,-0.10785155480962,0.0266358932675776,0.135385496943903,0.24758384335321,0.348047117099624,0.447650641850079,0.597068950245094,0.904600033782831
MOM_CZ,MONTHLY,NYSE,198301,1055,-0.235861841560401,-0.0465199950851129,0.0565198273098003,0.175970153768716,0.287986603347354,0.40052902396348,0.510582322067958,0.655185194259872,0.950894827155577
MOM_CZ,MONTHLY,NYSE,198302,1054,-0.0902427694233648,0.0867688966645278,0.207250952898942,0.302421039550698,0.393412628218173,0.494553339050814,0.608986409405226,0.776335025517219,1.08689612977049
MOM_CZ,MONTHLY,NYSE,198303,1050,0.00236179766214624,0.157752620794041,0.274466876225638,0.374707773912977,0.460967020269271,0.576331764152333,0.72172893165451,0.898002575290304,1.15557804810008
MOM_CZ,MONTHLY,NYSE,198304,1052,-0.00109861871256483,0.146844327146154,0.262495512313719,0.367425239097804,0.465553418499987,0.578361973320195,0.719952940859236,0.865390937952175,1.16530733801646
MOM_CZ,MONTHLY,NYSE,198305,1055,0.0955865394654733,0.263353861555902,0.396008038482879,0.498660985409485,0.629249765740978,0.747005126231307,0.893891010255404,1.09229177672746,1.43476176123724
MOM_CZ,MONTHLY,NYSE,198306,1057,0.222871622520699,0.381408499236403,0.511650426035883,0.609292824670589,0.70498014284005,0.824802388043064,0.983353100111352,1.21307811952066,1.61334943886373
MOM_CZ,MONTHLY,NYSE,198307,1056,0.295071785942442,0.472504700898364,0.595273732148266,0.715995749458868,0.82767542047358,0.951893179732028,1.11711217345571,1.37234207580282,1.84893539872676
MOM_CZ,MONTHLY,NYSE,198308,1050,0.170634504837279,0.29241265005881,0.398610005967924,0.485910639131692,0.594759687173635,0.707401902473651,0.852304882103272,1.06961766737616,1.46888435793639
MOM_CZ,MONTHLY,NYSE,198309,1046,0.153875116901992,0.275256951195252,0.380027794100392,0.458429828538191,0.55177832467001,0.656296931622509,0.766515464432176,0.942725698470671,1.27974310936436
MOM_CZ,MONTHLY,NYSE,198310,1042,0.0442595147795547,0.168754151442882,0.246116941298723,0.316878137899993,0.386957804557784,0.46906286514944,0.578826948876235,0.750001109213545,1.05401270283744
MOM_CZ,MONTHLY,NYSE,198311,1041,-0.0764938169326003,0.0273935900392446,0.1188119988264,0.185328680092346,0.251380958513896,0.322164272879657,0.426076434264541,0.556835803882097,0.768203830075151
MOM_CZ,MONTHLY,NYSE,198312,1047,-0.0443204474947027,0.0639820872876519,0.152536079529144,0.214990310770859,0.285993624440623,0.372146304401848,0.472386618379852,0.605573832105541,0.85239262745311
MOM_CZ,MONTHLY,NYSE,198401,1049,-0.11089177316802,0.00664215287046397,0.092861911417132,0.165054748132965,0.233129395952909,0.305679998953498,0.375604385809442,0.486574446873022,0.694122838166821
MOM_CZ,MONTHLY,NYSE,198402,1043,-0.14210743507069,-0.0445946196438461,0.0289629231319901,0.0843387855120995,0.145877545221768,0.212261966437827,0.284310643652262,0.358587392185323,0.51151869638896
MOM_CZ,MONTHLY,NYSE,198403,1044,-0.234432929930985,-0.132084048258829,-0.068814976031475,-0.0185790982350495,0.0334027920443415,0.0932158629194759,0.151539864140916,0.233037549302015,0.375248065416096
MOM_CZ,MONTHLY,NYSE,198404,1041,-0.274659463349269,-0.177456503377544,-0.117625371722811,-0.0674044581372052,-0.00997208246981951,0.0516845524627274,0.108768345441615,0.199382538993814,0.314188815984391
MOM_CZ,MONTHLY,NYSE,198405,1044,-0.311766446259111,-0.219707583966679,-0.160818144467178,-0.109060393920945,-0.0598041836658233,-0.0060122995248368,0.0486204921397943,0.130053208335838,0.259345602678531
MOM_CZ,MONTHLY,NYSE,198406,1043,-0.404068811339577,-0.307497086852018,-0.25000044322973,-0.197156588498687,-0.148937290198808,-0.104044991052459,-0.0427352753020355,0.0384860779223017,0.153641163810621
MOM_CZ,MONTHLY,NYSE,198407,1040,-0.384549970353777,-0.267348568102392,-0.199596426513979,-0.144769486646939,-0.0976890363364788,-0.0527767356935601,0.0107580039743151,0.0902812395867185,0.212857619749985
MOM_CZ,MONTHLY,NYSE,198408,1043,-0.418343888681517,-0.317178808638047,-0.234986904452273,-0.167889616127593,-0.115554700734524,-0.0566494052655167,0.010914275546081,0.0861139357685855,0.190132256343798
MOM_CZ,MONTHLY,NYSE,198409,1043,-0.327924147123043,-0.211364657278588,-0.140197355441002,-0.0863473706037947,-0.035115184599848,0.0128609081398525,0.0786558991419701,0.159781713125819,0.261126796352587
MOM_CZ,MONTHLY,NYSE,198410,1040,-0.277382188950243,-0.178149500150644,-0.105614894210297,-0.0579870263750026,-0.00417901104620116,0.0537532788700886,0.112788380597123,0.188855414347467,0.301390986600069
MOM_CZ,MONTHLY,NYSE,198411,1034,-0.35810413609799,-0.250857827664226,-0.178129869152477,-0.114051747152016,-0.0583386894765468,-0.00130424615978487,0.0524511356677457,0.132091822886761,0.243055109543497
MOM_CZ,MONTHLY,NYSE,198412,1033,-0.363511523902658,-0.266681679106644,-0.191613606068012,-0.125513246789044,-0.0653267239258705,-0.00812565898159961,0.0576816859580883,0.118953175932266,0.219562754191071
MOM_CZ,MONTHLY,NYSE,198501,1036,-0.367408116326248,-0.243243396402585,-0.152583456053897,-0.0792959072984973,-0.0187140619882149,0.0484834059502424,0.0978570159196556,0.164364444055831,0.278224340997265
MOM_CZ,MONTHLY,NYSE,198502,1033,-0.228226452170542,-0.0859242348957649,0.000572395240825597,0.07838367626821,0.15139586748148,0.217907171147634,0.271293572637151,0.344757009429677,0.471784876322187
MOM_CZ,MONTHLY,NYSE,198503,1031,-0.243902663078433,-0.0971432453314055,0.00737994530870225,0.0786373534460612,0.150593146328822,0.21397937123708,0.280350011404925,0.374048468855659,0.499998941326057
MOM_CZ,MONTHLY,NYSE,198504,1031,-0.250000608657849,-0.111111240333945,-0.0205198983857328,0.0535801533939062,0.113016004828949,0.18488577093551,0.260455776647409,0.338468960656579,0.484486965748983
MOM_CZ,MONTHLY,NYSE,198505,1030,-0.211742853901677,-0.0653652455409781,0.0191760248945354,0.0894061662322425,0.156123385791068,0.228677152097283,0.317303726874012,0.398383492685235,0.532041837891955
MOM_CZ,MONTHLY,NYSE,198506,1027,-0.209078884093768,-0.064643575057369,0.032477961790602,0.110922161742907,0.188873499564762,0.25891296440988,0.326836264499874,0.420186775969449,0.592640400178067
MOM_CZ,MONTHLY,NYSE,198507,1027,-0.138435817738326,0.00565634297121645,0.103214775156766,0.174471880244339,0.251083974574255,0.325395430607322,0.400073271827316,0.50755028162684,0.663157668503789
MOM_CZ,MONTHLY,NYSE,198508,1024,-0.226000819001863,-0.0843930646660982,0.0142828669817461,0.078386188731591,0.14115292761305,0.203059743615252,0.26396561021272,0.357331383724803,0.503755867563291
MOM_CZ,MONTHLY,NYSE,198509,1025,-0.196245953232571,-0.0726390019088228,0.0122781354083494,0.0698236513562666,0.128024852475127,0.199428357080393,0.279535651888904,0.365456141443817,0.51611842981838
MOM_CZ,MONTHLY,NYSE,198510,1019,-0.225254286482487,-0.10042347922682,-0.028554774622372,0.0348539026646811,0.0980389340246179,0.157384291540138,0.228811008762095,0.314760806285103,0.45036455739247
MOM_CZ,MONTHLY,NYSE,198511,1017,-0.205890229437072,-0.075250057720358,0.00356765095427074,0.0861014723065421,0.150296998854655,0.225353925260799,0.300136821920014,0.393722219929441,0.558366458138954
MOM_CZ,MONTHLY,NYSE,198512,1011,-0.142869788803663,-0.0242303074341019,0.0615871575675962,0.140372623476608,0.196959275198904,0.268292319684467,0.361276092161243,0.472673383355801,0.643451128715387
MOM_CZ,MONTHLY,NYSE,198601,1007,-0.214074128098869,-0.0951060744430156,-0.00722219192369123,0.0668998451099932,0.138726411834768,0.199335279209302,0.29312634895809,0.383699814258528,0.561625071458581
MOM_CZ,MONTHLY,NYSE,198602,1006,-0.256609998239891,-0.117664776574342,-0.0221679005279939,0.0600166896024099,0.131724660250256,0.194469844106778,0.2820688046877,0.392717659388781,0.527738687020382
MOM_CZ,MONTHLY,NYSE,198603,1005,-0.206781784431623,-0.0379527251537566,0.0611389271632882,0.166380154998811,0.257403285074211,0.332358531862933,0.415996657501515,0.517132284801454,0.688190306526261
MOM_CZ,MONTHLY,NYSE,198604,998,-0.124859918261052,0.0460500885403359,0.156126979301987,0.26795571178481,0.365655572171356,0.441883797550967,0.52956851429457,0.651543573789539,0.841332735485183
MOM_CZ,MONTHLY,NYSE,198605,996,-0.161000623895828,9.81150658274643e-07,0.105046090040944,0.191911635148052,0.275667531580791,0.354883783836834,0.438234348045812,0.555151918430011,0.734861218927618
MOM_CZ,MONTHLY,NYSE,198606,988,-0.129635291723223,0.0235603212805101,0.130717942508764,0.222221858365606,0.306274813010845,0.386476373891196,0.468428017220537,0.587786674622973,0.778762843999192
MOM_CZ,MONTHLY,NYSE,198607,987,-0.208448326854568,-0.059977655493682,0.0713498164020662,0.168252056236701,0.270588467135168,0.370443105736042,0.470500860117714,0.60585287675568,0.828973644181308
MOM_CZ,MONTHLY,NYSE,198608,985,-0.292913106572995,-0.135773684194426,-0.0140929146665158,0.0784925386000208,0.169414142540097,0.284115126903832,0.384043615716414,0.49562910455411,0.705005072430144
MOM_CZ,MONTHLY,NYSE,198609,990,-0.20575041395267,-0.0155812939899141,0.0997905542268984,0.21643909305081,0.30684826446434,0.399592975415194,0.509168395611852,0.624568272993559,0.849177392051578
MOM_CZ,MONTHLY,NYSE,198610,983,-0.218588758525612,-0.0702148141348502,0.0332675690372378,0.128960790349373,0.206031688947376,0.274865657833962,0.355897755504548,0.449070880804014,0.596724780601024
MOM_CZ,MONTHLY,NYSE,198611,980,-0.278482338562695,-0.0893090055801215,0.0106128981906746,0.0932799715309164,0.177021983021693,0.247465855576578,0.331533089535593,0.443291013243516,0.607475879721886
MOM_CZ,MONTHLY,NYSE,198612,967,-0.264927738720893,-0.124615902576346,-0.0295209346165473,0.052337209867163,0.136364775249755,0.215483483064015,0.281176050131338,0.390229359031277,0.5235348151776
MOM_CZ,MONTHLY,NYSE,198701,961,-0.274389950779141,-0.127981400145347,-0.0303030075385237,0.0299694526904299,0.0936460115910969,0.161193527167215,0.234751557620812,0.315721948388236,0.451153470667791
MOM_CZ,MONTHLY,NYSE,198702,961,-0.22068414723933,-0.112774701202855,-0.0278492981297519,0.0524352943002415,0.129117056582803,0.205161040208163,0.2915097806118,0.366860287266766,0.522729098631317
MOM_CZ,MONTHLY,NYSE,198703,960,-0.210720199766614,-0.0888103378035789,-0.00266962539560896,0.0707317937064269,0.145567209545954,0.212874771360936,0.288511904031595,0.388332789808611,0.517935833591335
MOM_CZ,MONTHLY,NYSE,198704,960,-0.196513747496278,-0.070172860641186,0.0312038638375342,0.104467825757481,0.187936781712758,0.251567707124597,0.346618460585775,0.448894168126006,0.618353323679185
MOM_CZ,MONTHLY,NYSE,198705,967,-0.253502685255796,-0.106150977075521,-0.0307289379871133,0.0403637982549007,0.0979784604434821,0.181625604099131,0.244779337057952,0.344669870223719,0.557420803616452
MOM_CZ,MONTHLY,NYSE,198706,961,-0.224444195891658,-0.0933469943000549,-0.0149324188969669,0.0514662645481658,0.113053373007359,0.180850412041414,0.26692209286059,0.385234618449195,0.583416944665992
MOM_CZ,MONTHLY,NYSE,198707,959,-0.0917069936460614,0.0435799828046826,0.135100869880882,0.203867468925758,0.276358748123849,0.352947069855705,0.446430985449948,0.57358754148906,0.834968032770361
MOM_CZ,MONTHLY,NYSE,198708,955,-0.0820564880357935,0.0454093236057322,0.157987810121668,0.235622151810699,0.291667819490423,0.352229262417591,0.434522135456398,0.582287431718595,0.861611447217084
MOM_CZ,MONTHLY,NYSE,198709,957,-0.0132441306762613,0.13999709875357,0.242709128082921,0.334476493617228,0.40909315026414,0.500921598597684,0.588831687630636,0.73812585850332,0.989501876742714
MOM_CZ,MONTHLY,NYSE,198710,959,-0.0538670735714986,0.0746729022213877,0.167457943133878,0.249233520427709,0.309248228754721,0.392422057133966,0.496262353492151,0.639078634449196,0.913566067833074
MOM_CZ,MONTHLY,NYSE,198711,956,-0.393716278871069,-0.276204245164882,-0.186069456862343,-0.126690816268642,-0.0661257158489509,-0.00982673733661832,0.0725787126369945,0.164271741098519,0.307745177431791
MOM_CZ,MONTHLY,NYSE,198712,961,-0.434490901776381,-0.317125393372388,-0.220154728153909,-0.161137003730327,-0.104316172991227,-0.0421820658027822,0.0275708272074127,0.124759627897679,0.283481575013316
MOM_CZ,MONTHLY,NYSE,198801,967,-0.461137407064939,-0.348484836104315,-0.256574440599439,-0.186247513331099,-0.127039629531163,-0.0717041877428454,-0.00530642914231799,0.0814873566403596,0.223261406844535
MOM_CZ,MONTHLY,NYSE,198802,968,-0.459282204348988,-0.350558986818781,-0.267379577097273,-0.200161951749053,-0.144598925469343,-0.0952145005256234,-0.0387523519867437,0.0264140311631579,0.157647565427785
MOM_CZ,MONTHLY,NYSE,198803,968,-0.412002144021374,-0.300195301531885,-0.217252474719883,-0.161929677285729,-0.111180036767853,-0.0523033746590513,0.0133906751993486,0.0928751304037168,0.202311898513736
MOM_CZ,MONTHLY,NYSE,198804,970,-0.396676753418538,-0.272385324222619,-0.202502319005207,-0.142273863592928,-0.0841794122315304,-0.0189593350863051,0.0403055261452198,0.114918315306512,0.265359771507344
MOM_CZ,MONTHLY,NYSE,198805,962,-0.392571237454085,-0.282042420014157,-0.202221732211448,-0.134626829041723,-0.0820968175943894,-0.0260774632389191,0.0386726804269193,0.114941999660036,0.264608056886904
MOM_CZ,MONTHLY,NYSE,198806,953,-0.428197238105241,-0.306393650879549,-0.24654522299453,-0.18128748243587,-0.128024604242165,-0.0728409444244767,-0.0157625982908365,0.0465556704371041,0.176247687756437
MOM_CZ,MONTHLY,NYSE,198807,954,-0.422824444340916,-0.301562438565015,-0.229534989609422,-0.175992111073187,-0.131178897112429,-0.0792094286319221,-0.021085014186988,0.0569166822463669,0.169227245517037
MOM_CZ,MONTHLY,NYSE,198808,951,-0.437499708194932,-0.32323822093407,-0.254717037681176,-0.208528179924743,-0.168903731456919,-0.119427281586942,-0.068069993069026,0.00557017977177532,0.132866432703433
MOM_CZ,MONTHLY,NYSE,198809,950,-0.434980752258114,-0.319664865744043,-0.268216086403818,-0.224574521387728,-0.181105629004581,-0.13379333489498,-0.0834451524227981,-0.01636134166153,0.10447714239984
MOM_CZ,MONTHLY,NYSE,198810,948,-0.135761188244537,-0.0203710993167315,0.0716241122414861,0.134489679941682,0.194788800622094,0.26693422521025,0.336885219547188,0.469522037173135,0.67451444345794
MOM_CZ,MONTHLY,NYSE,198811,941,-0.0738739269093666,0.0505322652728748,0.129318669114577,0.203416244688686,0.27103306303942,0.339322181875009,0.433820855502613,0.562490638707843,0.795235238157283
MOM_CZ,MONTHLY,NYSE,198812,936,-0.177717382904656,-0.0600001694009501,0.00661033964588236,0.0728521342062771,0.13471864316506,0.197492999928701,0.255436920243211,0.366411691270246,0.559813198659102
MOM_CZ,MONTHLY,NYSE,198901,935,-0.167489567771773,-0.0493829950264658,0.0177595726311123,0.0666663239152021,0.13243004219272,0.192000325668633,0.26151498366558,0.369155113556071,0.536521684799137
MOM_CZ,MONTHLY,NYSE,198902,932,-0.192135125576471,-0.0719378688664115,-0.00800536460235714,0.0534748312375839,0.105885235963089,0.15922328626869,0.224828596137081,0.325948003534289,0.494379650239603
MOM_CZ,MONTHLY,NYSE,198903,930,-0.207250640164153,-0.0935540323915741,-0.02075067855935,0.0396613581333893,0.0866310502912996,0.12932738387307,0.201551846876447,0.28671707663315,0.452659084986282
MOM_CZ,MONTHLY,NYSE,198904,932,-0.21993080259587,-0.0862609179076838,-0.0209936836251432,0.0383936347005868,0.0992275882374853,0.147398687070986,0.219517972992275,0.323010386633417,0.498547173454904
MOM_CZ,MONTHLY,NYSE,198905,928,-0.186337931309992,-0.0511826615852046,0.0406815369051817,0.113317624364082,0.165492405570673,0.227573485542427,0.303374761708692,0.403785306039542,0.603001435437906
MOM_CZ,MONTHLY,NYSE,198906,930,-0.206405360388845,-0.0897724646567255,3.97495451065509e-07,0.0704904290974934,0.136748226702549,0.200515189018604,0.278374739786656,0.368898197062646,0.533513828699828
MOM_CZ,MONTHLY,NYSE,198907,928,-0.214704911410495,-0.0905796362294249,-5.46582659233228e-07,0.0658951864781972,0.135227940152942,0.201413776065181,0.269495000767127,0.37152190810683,0.509075918084718
MOM_CZ,MONTHLY,NYSE,198908,925,-0.183127861515051,-0.0226541421311421,0.0835912238317012,0.165591578944208,0.237642751179178,0.312663909316161,0.407339729047119,0.506311312153822,0.688518433586167
MOM_CZ,MONTHLY,NYSE,198909,920,-0.179316132173511,-0.0211554418933281,0.0839423363112905,0.169519240951713,0.243498920931791,0.303145062587152,0.392731823444858,0.500427779480766,0.655387659493335
MOM_CZ,MONTHLY,NYSE,198910,921,-0.166667630952023,-0.0285713986747883,0.058854633746521,0.133264859290185,0.204903943993527,0.284354289977351,0.366514778966196,0.482352664050001,0.648411924938245
MOM_CZ,MONTHLY,NYSE,198911,918,-0.221051684225779,-0.0833560761070773,0.0196298116182462,0.100010994708264,0.17571634389655,0.243700361241589,0.338527639410602,0.448803443632279,0.610875505644652
MOM_CZ,MONTHLY,NYSE,198912,922,-0.27381735266428,-0.130434917737275,-0.025291861768042,0.0585172398791042,0.146993049405421,0.23525312222372,0.340196521057048,0.449395969277381,0.614917678543287
MOM_CZ,MONTHLY,NYSE,199001,917,-0.317041931977548,-0.189657817812724,-0.0899401098465368,0.00714009813826052,0.0998161748366535,0.178180963210911,0.276028566927838,0.389629695896941,0.537679905689628
MOM_CZ,MONTHLY,NYSE,199002,915,-0.358541871233348,-0.247744458462512,-0.152883848022331,-0.0494772376323963,0.0289385063747194,0.107403355610421,0.196553866817177,0.291527168192961,0.424947425155284
MOM_CZ,MONTHLY,NYSE,199003,914,-0.365532043288151,-0.234451998380499,-0.145455597242184,-0.0662357846783216,0.0191895596427228,0.106501230839993,0.190991841619183,0.280766061179877,0.429302573914622
MOM_CZ,MONTHLY,NYSE,199004,913,-0.358707697899597,-0.220384577961813,-0.136487651363321,-0.0548587470041516,0.0146083698739519,0.0975004012879955,0.170201199215422,0.273196224363745,0.416786491985524
MOM_CZ,MONTHLY,NYSE,199005,919,-0.434923227101198,-0.298301316387136,-0.210047294035585,-0.129167779178569,-0.0606069832628434,0.0135111897395022,0.0940132467596734,0.188563345146346,0.308807654029639
MOM_CZ,MONTHLY,NYSE,199006,924,-0.383443643002354,-0.242884555587401,-0.14368012175918,-0.0573383826563118,0.0132483869962997,0.0962489953240196,0.195676654801232,0.310837807621796,0.474308224547819
MOM_CZ,MONTHLY,NYSE,199007,930,-0.421668457494357,-0.27464651960043,-0.180874305183162,-0.111923420615951,-0.0378216944776154,0.0322310138635613,0.115185320949749,0.21908520403723,0.38638614654726
MOM_CZ,MONTHLY,NYSE,199008,930,-0.472776035602485,-0.324717166629627,-0.239593728328364,-0.174434703395678,-0.10894315901551,-0.0160924908224084,0.0827111218519809,0.197605124408501,0.333873950290553
MOM_CZ,MONTHLY,NYSE,199009,935,-0.55043515581515,-0.411584919899664,-0.326040140254603,-0.268186711360179,-0.183935294032496,-0.114018290305108,-0.0378101840813924,0.0828734636093883,0.210226599631666
MOM_CZ,MONTHLY,NYSE,199010,934,-0.57413561005249,-0.440710632749876,-0.343770182368607,-0.28105090714274,-0.209638564138123,-0.126131099759221,-0.0436894356279278,0.0586184134080058,0.183331942742954
MOM_CZ,MONTHLY,NYSE,199011,938,-0.599251654703783,-0.502816523712805,-0.406736808293698,-0.323251223841684,-0.26159046327896,-0.187242322909381,-0.0945503889371871,-0.00709883835323219,0.120430323516553
MOM_CZ,MONTHLY,NYSE,199012,940,-0.577346957534831,-0.452813660503497,-0.368585223524999,-0.286490698623127,-0.218257462351338,-0.140788788610906,-0.0662463150877924,0.0322054468372115,0.167851403481989
MOM_CZ,MONTHLY,NYSE,199101,944,-0.521060760073863,-0.384738139020901,-0.278077654937504,-0.193384380933968,-0.120549404763157,-0.0463719241686648,0.0299963112716351,0.16246346956782,0.315873513657482
MOM_CZ,MONTHLY,NYSE,199102,950,-0.462595141051627,-0.325033453167763,-0.219937482354791,-0.150554647302027,-0.0675475737215213,0.00113235077041213,0.0826528412529491,0.202612519581776,0.379002375331777
MOM_CZ,MONTHLY,NYSE,199103,959,-0.419552454089491,-0.273440420009116,-0.170571341175293,-0.0914975244848489,-0.0238608579089049,0.0385407985866665,0.130368280246042,0.230378085691997,0.430446320412121
MOM_CZ,MONTHLY,NYSE,199104,966,-0.33333338505722,-0.196845514325237,-0.104599880815614,-0.0218608579538033,0.0547400773483874,0.124889714917355,0.211412703017299,0.345842785444495,0.560683064616204
MOM_CZ,MONTHLY,NYSE,199105,968,-0.382418442612039,-0.247258068353157,-0.166642054173211,-0.0897870421048373,-0.0196014804414308,0.0479978055998751,0.128773098863922,0.231802860772848,0.394622494981917
MOM_CZ,MONTHLY,NYSE,199106,976,-0.339243174092958,-0.18740474092831,-0.104002881875001,-0.0327866914017282,0.0315850093371077,0.111923221619148,0.196075100758648,0.295066031702486,0.443643036241692
MOM_CZ,MONTHLY,NYSE,199107,978,-0.348413920087914,-0.217629277925682,-0.126011385345912,-0.064098280186498,0.0317891454063143,0.0894131058689139,0.173379168698869,0.258065674050979,0.435575836781495
MOM_CZ,MONTHLY,NYSE,199108,982,-0.250001771658454,-0.0981375442036034,0.0124532876386235,0.0997212692778635,0.177598338006768,0.284038869237578,0.378111533555161,0.514796924427239,0.728270611398641
MOM_CZ,MONTHLY,NYSE,199109,980,-0.182099305890799,-0.0164255184688689,0.108019613496953,0.193150145887259,0.298871419552517,0.407025611019636,0.537971408206132,0.686735342020339,1.04910725166337
MOM_CZ,MONTHLY,NYSE,199110,983,-0.126849781750506,0.0529123204034101,0.155569254795038,0.25321069823546,0.352518292486405,0.45386271645375,0.597605835347954,0.775473013082933,1.15714523263901
MOM_CZ,MONTHLY,NYSE,199111,984,-0.142647549360821,9.24983042605089e-08,0.0866633529227685,0.169340333440496,0.256513846361115,0.363223926224913,0.510249382866418,0.666600418372239,1.0066019349436
MOM_CZ,MONTHLY,NYSE,199112,988,-0.201231330441907,-0.0798184112780827,0.0278753438282276,0.0987188377228897,0.171063131173598,0.259882118927529,0.379517462741431,0.552282793033517,0.860376861388709
MOM_CZ,MONTHLY,NYSE,199201,987,-0.247152283736518,-0.0933082007365879,4.10743238710163e-07,0.082241493672825,0.168824598768467,0.25462629288372,0.381435470245684,0.540267477120775,0.826259628839721
MOM_CZ,MONTHLY,NYSE,199202,995,-0.250021228538152,-0.125624237785262,-0.0171280190297869,0.0578325395958062,0.128440577507068,0.21194064977424,0.322714033653122,0.495275818554926,0.741533418567473
MOM_CZ,MONTHLY,NYSE,199203,999,-0.270360527139887,-0.121299554140017,-0.0370373877276344,0.0497054227945493,0.134624404477147,0.219256519524685,0.313827298825426,0.454950375086512,0.720505001612469
MOM_CZ,MONTHLY,NYSE,199204,1008,-0.283293931477641,-0.128774786368837,-0.0476082607209141,0.0448233955045661,0.116511912292931,0.188799033787191,0.299829587347443,0.440597176580257,0.672927467634159
MOM_CZ,MONTHLY,NYSE,199205,1009,-0.330460065411152,-0.173979834606699,-0.0786505214699642,4.48765530514099e-07,0.0622007942016143,0.138774005106771,0.224299252938004,0.343006003681034,0.566270825874107
MOM_CZ,MONTHLY,NYSE,199206,1019,-0.291760680945702,-0.137304040782295,-0.0319069255437297,0.0356792209612033,0.113030033335233,0.186414615581214,0.263336845447867,0.380401653969753,0.583732267580158
MOM_CZ,MONTHLY,NYSE,199207,1022,-0.357615760326736,-0.20042988177868,-0.107707608199677,-0.0257055354849374,0.038379210617054,0.108771528494198,0.179125136686088,0.273727748093221,0.461183473095215
MOM_CZ,MONTHLY,NYSE,199208,1023,-0.350719038063417,-0.199207250536727,-0.109829420694923,-0.0189079596816243,0.047718082765797,0.123295787466456,0.190670959535324,0.290501040659026,0.480461752504406
MOM_CZ,MONTHLY,NYSE,199209,1027,-0.352298485801072,-0.206836620376397,-0.100169097734511,-0.0150123762368865,0.0543185402280477,0.121127584637616,0.18474356024736,0.2746759558296,0.440771696412989
MOM_CZ,MONTHLY,NYSE,199210,1033,-0.350000350727639,-0.189237828851217,-0.0978919230262689,-0.0215750648347734,0.0450876146014183,0.108724026726264,0.190026040560445,0.289577098815587,0.460396823374691
MOM_CZ,MONTHLY,NYSE,199211,1038,-0.321871805005605,-0.1421847146105,-0.0470957851755918,0.0548568456987461,0.124287395422566,0.197749899540444,0.272022447495514,0.386647378446483,0.615263352441664
MOM_CZ,MONTHLY,NYSE,199212,1048,-0.304464188200691,-0.15290455601204,-0.0585905994217658,0.0180508439628761,0.0825888263379243,0.149708280914515,0.222221604779033,0.339838620443962,0.588667303230588
MOM_CZ,MONTHLY,NYSE,199301,1057,-0.340156647336157,-0.186877965270288,-0.0915842369112832,-0.0170287998675948,0.0587279051080261,0.134398097790708,0.19581470982926,0.306404218403675,0.482042206409195
MOM_CZ,MONTHLY,NYSE,199302,1066,-0.33669193732363,-0.194299307934615,-0.0909815013927274,-0.00617364164957557,0.0601607996615988,0.124916530553195,0.193597460655049,0.287035828473704,0.488142086912567
MOM_CZ,MONTHLY,NYSE,199303,1067,-0.319804233986548,-0.177569669585879,-0.0898019882127582,-0.0112695309725628,0.0589945846707183,0.137863478771266,0.203966470502553,0.314139167962216,0.526227428359632
MOM_CZ,MONTHLY,NYSE,199304,1070,-0.280422583058702,-0.128730653578832,-0.0476550988934694,0.0290823280793151,0.0952371449561381,0.166072986683545,0.248051586969034,0.369229070528332,0.615164462704373
MOM_CZ,MONTHLY,NYSE,199305,1080,-0.290672464995461,-0.139925658357594,-0.0607221118343163,0.0222734260026177,0.0813355520895042,0.152536104861385,0.238095154733808,0.349242840308847,0.592316937553221
MOM_CZ,MONTHLY,NYSE,199306,1086,-0.233626262078709,-0.0681806250209488,0.0178935423486924,0.0883281663167621,0.156566277884368,0.239948524368088,0.334955367587515,0.470000779266646,0.744532286248988
MOM_CZ,MONTHLY,NYSE,199307,1091,-0.278156166223752,-0.128509490823622,-0.0360538569357201,0.0533862839171415,0.12500039977664,0.204888514577459,0.310054836385421,0.437499928135811,0.684399212037759
MOM_CZ,MONTHLY,NYSE,199308,1092,-0.256360700235167,-0.110944356552335,-0.0164827419253514,0.0683047066723652,0.153999023360007,0.243192734748558,0.348462612376915,0.495020258199276,0.739554324795571
MOM_CZ,MONTHLY,NYSE,199309,1096,-0.24134820988146,-0.0909085415342197,0.00194455437182963,0.0890796392721436,0.172162770671374,0.259399638721526,0.381442456380871,0.528135023500242,0.781811369568773
MOM_CZ,MONTHLY,NYSE,199310,1099,-0.255785560343575,-0.125876625137006,-0.0171649694332553,0.0633298966446736,0.145831071965318,0.241314312018362,0.351056344844344,0.487466873240279,0.777352635131434
MOM_CZ,MONTHLY,NYSE,199311,1101,-0.284687035068009,-0.136363068908674,-0.0476500243073506,0.0364445920203602,0.116088503300414,0.205883739466274,0.318146681929376,0.457141436969743,0.669294086752844
MOM_CZ,MONTHLY,NYSE,199312,1110,-0.281817079726758,-0.152974231637082,-0.0572153439896431,0.0137322887054113,0.0869390752934124,0.166070088260919,0.24188211090617,0.362008603636106,0.559997384736355
MOM_CZ,MONTHLY,NYSE,199401,1114,-0.26597854592002,-0.13979969056881,-0.0509923288032882,0.0219956894612279,0.0924258848997665,0.160307060199994,0.244557800737967,0.365066904773655,0.555814045933101
MOM_CZ,MONTHLY,NYSE,199402,1114,-0.207148581468841,-0.0771630706046935,4.89748216614425e-07,0.0667804473068644,0.145220669703031,0.216125373243133,0.310869275693785,0.425339933943228,0.654787282403325
MOM_CZ,MONTHLY,NYSE,199403,1118,-0.224542986155759,-0.106773437781694,-0.0204031862075814,0.0428795444964043,0.102629356615585,0.184792652545377,0.260411180710872,0.378744094877595,0.568512239728987
MOM_CZ,MONTHLY,NYSE,199404,1127,-0.230499256656588,-0.113195630735303,-0.0464076895703413,0.0239581178880938,0.0841202977084681,0.150534681736327,0.248071366623842,0.336106409689934,0.544837075055817
MOM_CZ,MONTHLY,NYSE,199405,1132,-0.262249167523724,-0.152419712973838,-0.0781601721387042,-0.0124520345752542,0.0517440477074656,0.117188037315381,0.197633461272035,0.301009641900451,0.490830656552452
MOM_CZ,MONTHLY,NYSE,199406,1143,-0.249096522266181,-0.138101068189358,-0.0707210549979941,-0.00385460174591703,0.0504100128970895,0.108906376539439,0.180437059313257,0.29720094756904,0.498736326973965
MOM_CZ,MONTHLY,NYSE,199407,1147,-0.269399410474529,-0.152581570248877,-0.0816695853520742,-0.0163125436537467,0.0418382256160301,0.0917470626905748,0.154961491294707,0.247350119028886,0.409940379244733
MOM_CZ,MONTHLY,NYSE,199408,1150,-0.283394356003669,-0.158193112138491,-0.089251161998572,-0.0273529151192879,0.0258568552329107,0.082073901556472,0.148198655171521,0.233603555555828,0.411957522243589
MOM_CZ,MONTHLY,NYSE,199409,1157,-0.259259380120018,-0.128498577196557,-0.0448482109128274,0.0179030226585017,0.0752890509399353,0.139124865533169,0.218971165425272,0.321807293521135,0.492956320515433
MOM_CZ,MONTHLY,NYSE,199410,1163,-0.269704929779068,-0.161559515393603,-0.0843345860342567,-0.0248418921903569,0.0346687172593254,0.100381324455318,0.174851767026563,0.267002020818528,0.437376175591061
MOM_CZ,MONTHLY,NYSE,199411,1174,-0.2964712209035,-0.14981358253089,-0.071596347619695,-0.00511673050887576,0.052541749020854,0.108083449135481,0.191379868952989,0.284819715921645,0.465598539625063
MOM_CZ,MONTHLY,NYSE,199412,1187,-0.346283572942555,-0.227465375492194,-0.14771779993224,-0.0874051226375628,-0.0250154196809653,0.0365138403039766,0.10291088221967,0.190893674578696,0.321185719400378
MOM_CZ,MONTHLY,NYSE,199501,1184,-0.379276220540014,-0.258754106117137,-0.172250554178249,-0.104871091531796,-0.0443861244564758,0.00974337057479494,0.06807103463877,0.148363817455994,0.287720376497915
MOM_CZ,MONTHLY,NYSE,199502,1191,-0.374570230173356,-0.24896399598443,-0.179750231438606,-0.104014238128129,-0.0416672279166983,0.00712242092423043,0.0811780570337786,0.160416370171184,0.291968490422431
MOM_CZ,MONTHLY,NYSE,199503,1192,-0.299366565184048,-0.177136658267318,-0.0901049808435367,-0.0226589028260562,0.0402070022271449,0.093581263891277,0.151793849281547,0.243846547848941,0.387382924320933
MOM_CZ,MONTHLY,NYSE,199504,1200,-0.287961705739366,-0.151660240303687,-0.0656465937094367,0.0026718612985286,0.0570439088662228,0.117855990570252,0.183422083503545,0.265717780570976,0.408378026643228
MOM_CZ,MONTHLY,NYSE,199505,1200,-0.259405870998657,-0.134963987301468,-0.0494202841564781,0.0216864990875623,0.0737276394256433,0.138995349512849,0.201047661531665,0.294114181770078,0.441234933570443
MOM_CZ,MONTHLY,NYSE,199506,1201,-0.225398830568217,-0.0818061097417288,-0.00338843067047688,0.0567969496951326,0.125050966716019,0.187050225707563,0.255814591459045,0.343872836854234,0.500054324029436
MOM_CZ,MONTHLY,NYSE,199507,1200,-0.217183661351477,-0.0964575907482689,-0.0199470878982112,0.0546445582613339,0.117637711026063,0.184759206879582,0.263828294025668,0.372246609189057,0.522812190562598
MOM_CZ,MONTHLY,NYSE,199508,1208,-0.239378915580682,-0.108333198687617,-0.0262685628046969,0.045229477547563,0.114541711228667,0.180487573756758,0.254454592389431,0.361939557095879,0.529645735782338
MOM_CZ,MONTHLY,NYSE,199509,1207,-0.234117781569275,-0.101630096116966,-0.0132116065744918,0.0660878862629289,0.136173172237525,0.200727599907795,0.273838611772726,0.39215394952551,0.574631594862888
MOM_CZ,MONTHLY,NYSE,199510,1210,-0.22427437580073,-0.099219575468749,7.48798290839416e-07,0.0714081304183225,0.142857915081469,0.221152515582974,0.296346129685038,0.405606417910391,0.605344011058097
MOM_CZ,MONTHLY,NYSE,199511,1217,-0.277510400628527,-0.0998866128338749,-0.0045137723438075,0.07804117567723,0.153703326818222,0.234326377650229,0.321701278712889,0.433739866351194,0.611032656560505
MOM_CZ,MONTHLY,NYSE,199512,1226,-0.244141747321881,-0.088205390357687,0.0140246632416133,0.0901689320038752,0.178231866702483,0.265305451904063,0.344888371342825,0.468604961803131,0.672102107416157
MOM_CZ,MONTHLY,NYSE,199601,1229,-0.238725504318288,-0.0733760403228829,0.0336776815701111,0.128156587675223,0.200853363197503,0.289118408466423,0.37161773609358,0.487042351461994,0.713639513608467
MOM_CZ,MONTHLY,NYSE,199602,1230,-0.2520417843582,-0.0949134100314651,0.00652673560750874,0.0907742547251776,0.176396286869781,0.258667173961292,0.344091117003033,0.466700004961224,0.683808297053063
MOM_CZ,MONTHLY,NYSE,199603,1228,-0.224214079420476,-0.0802139216051031,0.00284955456684314,0.0971265192463346,0.179347648496864,0.256790446493322,0.344118009898041,0.453924901882529,0.685942919282549
MOM_CZ,MONTHLY,NYSE,199604,1227,-0.203464552009881,-0.0735694986796001,0.0214383210794985,0.118167336859472,0.193684938617871,0.262724485386689,0.353143573987098,0.456084323881541,0.695671379222115
MOM_CZ,MONTHLY,NYSE,199605,1232,-0.16666671469587,-0.0336998660076114,0.0501182523739702,0.124999470225964,0.190583882429786,0.277877930561509,0.358366263119242,0.523663566527605,0.754653510211702
MOM_CZ,MONTHLY,NYSE,199606,1243,-0.172542566622272,-0.0397488249366233,0.0469433521807345,0.12437726663653,0.204469310481468,0.269781729188811,0.353309276398803,0.485260810284488,0.814229128138948
MOM_CZ,MONTHLY,NYSE,199607,1244,-0.238913476743469,-0.108414683064004,-0.0184762678832638,0.0575822585813011,0.142429122018355,0.209572706151256,0.292662635628037,0.411154369771468,0.633352896211783
MOM_CZ,MONTHLY,NYSE,199608,1239,-0.324529482128125,-0.179926450566379,-0.0893232679461882,-0.0137128103521355,0.0485320483939373,0.116508253596475,0.204879036977972,0.308631732166363,0.490910854810039
MOM_CZ,MONTHLY,NYSE,199609,1242,-0.309340511702991,-0.156280899459991,-0.074605298030673,0.0150561460708749,0.0867907079577842,0.152234756249313,0.228814952738906,0.341269150325694,0.550735952631062
MOM_CZ,MONTHLY,NYSE,199610,1253,-0.234374697371012,-0.091627050126338,0.00707550798417904,0.0953515535822806,0.168439270412121,0.246058747589131,0.329148804439657,0.455068155848632,0.703196198809523
MOM_CZ,MONTHLY,NYSE,199611,1264,-0.279766389017424,-0.126573188746238,-0.0308415912495193,0.0620210112532017,0.128346641085231,0.192885874812125,0.285767713503959,0.402233344831759,0.62879973861714
MOM_CZ,MONTHLY,NYSE,199612,1278,-0.234418460792772,-0.0908768605857376,-7.84750577607782e-05,0.0775685390717531,0.159411833016759,0.23416478040197,0.316163931674796,0.431331004592467,0.620349866955761
MOM_CZ,MONTHLY,NYSE,199701,1278,-0.22331306654155,-0.0936944626633349,-0.00756186235785478,0.0774499168675758,0.144081982766069,0.221858693881522,0.309426363894458,0.422137948096685,0.663612864089851
MOM_CZ,MONTHLY,NYSE,199702,1289,-0.200336069023242,-0.0765828677906049,0.00120672154835634,0.0816791728501974,0.15132427801991,0.224714589143683,0.307064303772195,0.413583765795933,0.635056888211804
MOM_CZ,MONTHLY,NYSE,199703,1285,-0.232558434482539,-0.112176892749078,-0.0320912657042903,0.0510919429793041,0.118484798527582,0.193800058019711,0.265589250312172,0.367589373329052,0.541910748334919
MOM_CZ,MONTHLY,NYSE,199704,1297,-0.331431414524633,-0.194243218221818,-0.0975728866709366,-0.0259163449460391,0.0490786775450967,0.117976549039686,0.196610028773941,0.28667265134264,0.429896518069437
MOM_CZ,MONTHLY,NYSE,199705,1307,-0.373635917292563,-0.21662228038731,-0.120243359866111,-0.0429538955187289,0.035451347514156,0.109400757573761,0.175815263061451,0.27970363694621,0.422277159024189
MOM_CZ,MONTHLY,NYSE,199706,1311,-0.243697283144651,-0.100000296026097,-0.010120283891465,0.0634487146071425,0.139238692769143,0.203957283654631,0.275174817194241,0.377194124767698,0.555284921175609
MOM_CZ,MONTHLY,NYSE,199707,1319,-0.153161411160079,0.00617284310853013,0.113865028476563,0.185465762703339,0.268533298957053,0.342379580020796,0.429332103818357,0.544843340453874,0.750066442033289
MOM_CZ,MONTHLY,NYSE,199708,1315,-0.152124021037408,0.0127873827185283,0.124259543004582,0.21448038231346,0.297969093236285,0.368110331375559,0.466516263234249,0.593897036473743,0.80949877176398
MOM_CZ,MONTHLY,NYSE,199709,1325,-0.165041606343646,1.45675656870743e-07,0.105504687036507,0.187224746759578,0.261904999608198,0.333333475030535,0.424418405306335,0.544260767078676,0.756391570705469
MOM_CZ,MONTHLY,NYSE,199710,1335,-0.101165884320731,0.0698653733100538,0.162288874500701,0.244195360074353,0.318518465773726,0.394458416937426,0.49563734701542,0.630540080940554,0.867895881922079
MOM_CZ,MONTHLY,NYSE,199711,1335,-0.186247539796406,-0.0357244137660169,0.0623204588105125,0.128709532958135,0.210525154988464,0.291801116654406,0.380396275635586,0.52397697577032,0.731476126252558
MOM_CZ,MONTHLY,NYSE,199712,1343,-0.222202512276786,-0.0554273230176692,0.0536934942783313,0.143668697155141,0.21277502510328,0.30229497604568,0.387587416395213,0.498495550224158,0.714171975942113
MOM_CZ,MONTHLY,NYSE,199801,1336,-0.265748996312216,-0.0855843991040715,0.0307014391117307,0.120832803477802,0.193685708755415,0.275766062175217,0.377117534733348,0.476343533489592,0.643883947006909
MOM_CZ,MONTHLY,NYSE,199802,1338,-0.246060242790435,-0.0740444322965229,0.023819280654157,0.110382368252062,0.191380223362254,0.266345945941543,0.362387967225063,0.484788862662421,0.657523407139164
MOM_CZ,MONTHLY,NYSE,199803,1342,-0.132625675347736,0.024751592639278,0.132508195789112,0.213736042166607,0.313980041811394,0.403945321788778,0.511522153644013,0.646062706944486,0.89565274374573
MOM_CZ,MONTHLY,NYSE,199804,1345,-0.0848515830620953,0.0693302667142657,0.178497178971023,0.257196188750961,0.348701839378111,0.43765996436128,0.54845609546156,0.694574738322068,0.958374778028336
MOM_CZ,MONTHLY,NYSE,199805,1352,-0.170577094039037,-0.0181107026462201,0.0777183722049513,0.158706036183185,0.251929626846999,0.339258698139424,0.437534014813019,0.569487003383997,0.784398987279971
MOM_CZ,MONTHLY,NYSE,199806,1347,-0.241686399445546,-0.11261436164271,-0.00912765330920693,0.0805752787320957,0.151897372052134,0.231690732351988,0.32330943378343,0.433583126083069,0.615813710689358
MOM_CZ,MONTHLY,NYSE,199807,1347,-0.340302624749918,-0.209062539318665,-0.101614647321444,-0.0176131905854402,0.0703800972859161,0.161791394583772,0.254091821996381,0.37059000336423,0.564895251080337
MOM_CZ,MONTHLY,NYSE,199808,1343,-0.449307798478241,-0.293921790081805,-0.197291305380814,-0.103032138368877,-0.014127976134516,0.072508194742346,0.17354701512042,0.311764502692982,0.500147891049871
MOM_CZ,MONTHLY,NYSE,199809,1351,-0.620583332048146,-0.480724967159194,-0.378965732531334,-0.297787196569181,-0.220971300355866,-0.146028357853749,-0.0538581385457113,0.0548433295621833,0.217391553498191
MOM_CZ,MONTHLY,NYSE,199810,1358,-0.584975684308646,-0.453751855702192,-0.340711189122686,-0.246764391186227,-0.170052605564998,-0.0878267151670532,0.00427621817440549,0.106749803797166,0.3036933739287
MOM_CZ,MONTHLY,NYSE,199811,1359,-0.516948495420655,-0.387491971199436,-0.290820808140771,-0.199503013109259,-0.118344397350282,-0.046382319814469,0.0381005100363518,0.148161521414614,0.345069531766886
MOM_CZ,MONTHLY,NYSE,199812,1367,-0.516121057365673,-0.352107444033262,-0.254447813000851,-0.165781188034298,-0.0806639488731896,0.0122236185289589,0.0913078044433621,0.201884964926778,0.379811529669057
MOM_CZ,MONTHLY,NYSE,199901,1355,-0.516590130758208,-0.361801618065754,-0.254961013154301,-0.154645067738916,-0.0624615941102923,0.0368131979139373,0.130696408457681,0.291194217078471,0.493299190817103
MOM_CZ,MONTHLY,NYSE,199902,1355,-0.544909355661044,-0.419798389888532,-0.327349353871144,-0.23156376887533,-0.154125646097486,-0.0691320736562553,0.0238858211229002,0.16784428065599,0.413753191234139
MOM_CZ,MONTHLY,NYSE,199903,1354,-0.605791116139866,-0.482204487830279,-0.393489595568698,-0.310357448955267,-0.2428664589672,-0.155943682154993,-0.0649439877596166,0.0576210137599372,0.261091194221833
MOM_CZ,MONTHLY,NYSE,199904,1354,-0.599999983588926,-0.482508944021845,-0.40631396325214,-0.33060151319235,-0.253637624825141,-0.182718303532357,-0.0888474328302734,0.0478244877032227,0.267504311799613
MOM_CZ,MONTHLY,NYSE,199905,1361,-0.509960065568383,-0.380687319386747,-0.285576124418522,-0.21785937718855,-0.140515227891402,-0.0648420969259861,0.0310710185247094,0.159871735911391,0.399061106392011
MOM_CZ,MONTHLY,NYSE,199906,1357,-0.459285512373691,-0.332828553507701,-0.255784504243451,-0.171895476128922,-0.100130343412274,-0.0285764830900613,0.0590205460784284,0.172862846793257,0.357584799719403
MOM_CZ,MONTHLY,NYSE,199907,1351,-0.401082954356894,-0.256410615526224,-0.159174897088562,-0.0684926975529077,0.00768055039474347,0.0949716862784526,0.188200824378082,0.3146508604613,0.53003272687732
MOM_CZ,MONTHLY,NYSE,199908,1343,-0.304175497703382,-0.125692682702797,-0.00957231734046127,0.0933814813582098,0.191668645367599,0.305136703236554,0.438684711144064,0.608001128706787,0.907101026391752
MOM_CZ,MONTHLY,NYSE,199909,1338,-0.336073489622574,-0.177594606348527,-0.0724754755804779,0.0146140668672751,0.0976486285519123,0.203038095574326,0.30879613597603,0.475130253756161,0.753010774013396
MOM_CZ,MONTHLY,NYSE,199910,1329,-0.400617063605871,-0.248946251888676,-0.169135631908417,-0.0908860033858469,-0.0140193877696684,0.0781524275768997,0.177653869795223,0.335793205296247,0.608053501361097
MOM_CZ,MONTHLY,NYSE,199911,1315,-0.475325838820671,-0.331917557812215,-0.240590233283037,-0.159608577334026,-0.0799975852399097,0.0136665129364544,0.116593049884143,0.263909222104487,0.546077683649133
MOM_CZ,MONTHLY,NYSE,199912,1307,-0.484896610745031,-0.353050969943284,-0.253818512918492,-0.171191158216039,-0.0957458710580785,-0.008986450973979,0.107137970213407,0.254617699682098,0.55178516126002
MOM_CZ,MONTHLY,NYSE,200001,1306,-0.478068317538749,-0.315703063040809,-0.227349860216058,-0.141021486892948,-0.0593706295844889,0.0334925245448867,0.167173332195564,0.360869530112005,0.700258100455612
MOM_CZ,MONTHLY,NYSE,200002,1303,-0.466909320651299,-0.321040364460869,-0.226995582110142,-0.144632996915413,-0.0595428442046961,0.0437389102124448,0.161143707290356,0.339093140102256,0.705644242232021
MOM_CZ,MONTHLY,NYSE,200003,1291,-0.496063193782059,-0.351898347580461,-0.246794477714851,-0.174094764304988,-0.085001357296367,3.68243971093918e-07,0.113635787518584,0.284584583879122,0.75793751812809
MOM_CZ,MONTHLY,NYSE,200004,1285,-0.492744005351679,-0.371193968484447,-0.288536010990911,-0.199596881172354,-0.124992932505817,-0.0444006797406158,0.0769222872314695,0.252662838657678,0.727171861961878
MOM_CZ,MONTHLY,NYSE,200005,1274,-0.522806764257613,-0.384543808714127,-0.287918588206203,-0.204035815764303,-0.124736309703857,-0.0394857335111059,0.063909382578774,0.267350333630794,0.631568712535307
MOM_CZ,MONTHLY,NYSE,200006,1258,-0.552833381176065,-0.418515551053883,-0.308848621900941,-0.226035155105937,-0.14268920662865,-0.0747582009514523,0.0296489327839947,0.184803027615621,0.500144181048355
MOM_CZ,MONTHLY,NYSE,200007,1256,-0.535175617166649,-0.413289277335044,-0.314349273964651,-0.227273415852778,-0.139606708474462,-0.0516497264900063,0.0693027461219534,0.260013803148843,0.584432216286888
MOM_CZ,MONTHLY,NYSE,200008,1245,-0.500178542654584,-0.377540660164477,-0.268409251300384,-0.175163526221284,-0.0875806231685693,0.00206330817564723,0.11092298995639,0.285040227891959,0.579468029729936
MOM_CZ,MONTHLY,NYSE,200009,1244,-0.46071194899799,-0.325411450074357,-0.222255973206426,-0.131748092252605,-0.0320424561514358,0.0734400496099763,0.221678056167254,0.401506614315136,0.717842838053929
MOM_CZ,MONTHLY,NYSE,200010,1243,-0.449385930139406,-0.323205581595574,-0.226020829690102,-0.136098078928874,-0.0373369257276207,0.0886880937681584,0.227418228038263,0.444201531801942,0.807226961031752
MOM_CZ,MONTHLY,NYSE,200011,1229,-0.509926363833953,-0.344377966785915,-0.222637334427826,-0.131548076426746,-0.0367653328720732,0.0829065313046178,0.222581039940911,0.398683983929669,0.724888125427549
MOM_CZ,MONTHLY,NYSE,200012,1222,-0.575967314313133,-0.408788837499823,-0.285584856978551,-0.185860075876132,-0.0893271615297594,0.0246030617688446,0.154894436022222,0.321052770356608,0.613070367101693
MOM_CZ,MONTHLY,NYSE,200101,1210,-0.574166480638042,-0.354146792839308,-0.187149729995197,-0.0713113378299406,0.0425011793432937,0.15625603061297,0.313207919523698,0.488156794348405,0.807993226464706
MOM_CZ,MONTHLY,NYSE,200102,1202,-0.452681354961685,-0.229242093114391,-0.0826133992297944,0.0555925410338866,0.167511744278795,0.277181222088399,0.385974206221519,0.527758384194347,0.886059706879385
MOM_CZ,MONTHLY,NYSE,200103,1198,-0.517551358088769,-0.301219964948128,-0.149185380790076,-0.0375937735163105,0.0666653404378054,0.167835423162982,0.27509745676658,0.412182655787098,0.654281512543184
MOM_CZ,MONTHLY,NYSE,200104,1195,-0.551956215401032,-0.330352439682038,-0.176227532413636,-0.0733396482698832,0.034782305434379,0.130764551037737,0.234411988418832,0.359723684070971,0.577804338362057
MOM_CZ,MONTHLY,NYSE,200105,1198,-0.427509371627683,-0.226176082292803,-0.117994369711751,-0.00176441783377992,0.0885851282721892,0.176500237099823,0.288145772936814,0.426596424396625,0.677433385630838
MOM_CZ,MONTHLY,NYSE,200106,1187,-0.417171833206474,-0.200000992994716,-0.0548424306283463,0.0377012026698793,0.135801544477667,0.252281303772456,0.365077002559445,0.519851559587765,0.775184466287772
MOM_CZ,MONTHLY,NYSE,200107,1186,-0.401449420359037,-0.199841944979461,-0.05997641628929,0.0533019886859729,0.141719632195798,0.237718195106427,0.341680101773314,0.505138488045671,0.802806343793247
MOM_CZ,MONTHLY,NYSE,200108,1187,-0.474706862875745,-0.253187902915981,-0.105799945325221,-0.00445655764354362,0.0965602627342437,0.18962161587091,0.293716917454754,0.446101128417943,0.684461044379488
MOM_CZ,MONTHLY,NYSE,200109,1189,-0.458710514766133,-0.235147567840718,-0.108504252873989,0.00531435229782101,0.118768578716619,0.226308427391843,0.330514852887412,0.470912642314358,0.686067054556636
MOM_CZ,MONTHLY,NYSE,200110,1182,-0.548933319367277,-0.363682693874552,-0.249570948189128,-0.13261427979673,-0.0395003338127259,0.0595090853867785,0.170570290264797,0.276039075554995,0.497105250317533
MOM_CZ,MONTHLY,NYSE,200111,1171,-0.460942569869865,-0.273513703717884,-0.165340006002585,-0.063188307189392,0.0220634344800073,0.116778287097865,0.215258313556073,0.378012517328432,0.614415894375758
MOM_CZ,MONTHLY,NYSE,200112,1166,-0.419789285031849,-0.267817568278026,-0.152936524131591,-0.0486276248042924,0.0327766638387217,0.117354635559358,0.209810846153689,0.37086531235731,0.675124886825494
MOM_CZ,MONTHLY,NYSE,200201,1160,-0.437725250022286,-0.268692393174356,-0.13600843805827,-0.0408191268024769,0.0370464664379853,0.119674084049885,0.214641124658273,0.327211465859073,0.534869201095812
MOM_CZ,MONTHLY,NYSE,200202,1159,-0.376472425056291,-0.233625609460275,-0.115722504541562,-0.0226960448699898,0.0462233718868372,0.1236653479198,0.208410998249364,0.330879295261372,0.569565156197871
MOM_CZ,MONTHLY,NYSE,200203,1152,-0.365987814460842,-0.154668685060779,-0.0592374922719464,0.0357599928266097,0.116209241453828,0.198432417207828,0.300399000388803,0.429993720870271,0.651610741782193
MOM_CZ,MONTHLY,NYSE,200204,1149,-0.291479260922736,-0.138108404284549,-0.0432028803042478,0.0537492336721807,0.129269299545465,0.209836741948582,0.291649121566192,0.410502228536064,0.609672344316729
MOM_CZ,MONTHLY,NYSE,200205,1146,-0.332251277462186,-0.175618075502761,-0.0773036538405925,0.0190137284819767,0.0959637269569424,0.175077308195901,0.272679356506959,0.398869316638228,0.616706972106907
MOM_CZ,MONTHLY,NYSE,200206,1149,-0.329669723499112,-0.18112913054358,-0.0622961150976816,0.0103739041752679,0.0873883805829649,0.162503629874471,0.25087838852101,0.356322672359217,0.557318356598088
MOM_CZ,MONTHLY,NYSE,200207,1151,-0.414659628961638,-0.219335862895176,-0.106494293856523,-0.0248466909686418,0.0503496643949006,0.114922623948882,0.204481821405388,0.320511058509736,0.529868159507794
MOM_CZ,MONTHLY,NYSE,200208,1149,-0.481819739888868,-0.301651617145072,-0.20498746170425,-0.13313783942468,-0.0551887892781366,0.0140888275065131,0.0882279858427791,0.18923225880551,0.366147544203302
MOM_CZ,MONTHLY,NYSE,200209,1147,-0.362625674211946,-0.19343860809009,-0.0720661320057245,0.00845021051088262,0.0879617839334999,0.171214636971477,0.262733523882504,0.373799955816677,0.629597389609307
MOM_CZ,MONTHLY,NYSE,200210,1150,-0.496277722700675,-0.307644891545897,-0.20733332066973,-0.10184231015076,-0.0193045825632231,0.0469065631586873,0.12441728113021,0.238589759240269,0.432025374634867
MOM_CZ,MONTHLY,NYSE,200211,1150,-0.529022411077608,-0.362042434077093,-0.248283416655683,-0.150924327172384,-0.071848004620541,0.00447122089884808,0.0822602664108795,0.189433810304717,0.346960352689152
MOM_CZ,MONTHLY,NYSE,200212,1145,-0.459687201813803,-0.309471401805633,-0.211194623196971,-0.140524222539953,-0.0819554135877426,-0.012521905230237,0.0595719008427993,0.133553268111616,0.269313223634196
MOM_CZ,MONTHLY,NYSE,200301,1145,-0.511780688329248,-0.358145358709145,-0.253020450267558,-0.172775656865281,-0.101668463784916,-0.0390560619421737,0.0318152071987409,0.111428709940188,0.243029979019406
MOM_CZ,MONTHLY,NYSE,200302,1145,-0.509959440312214,-0.378355928707888,-0.292321023945454,-0.215404090851899,-0.155636720493173,-0.0915562550858414,-0.0276317780464126,0.045459961338517,0.190873794512785
MOM_CZ,MONTHLY,NYSE,200303,1146,-0.576505567787154,-0.453670438694628,-0.375824800172829,-0.306358948592122,-0.232380363581487,-0.179840852572039,-0.107587813104219,-0.0405814390118363,0.0849228483479629
MOM_CZ,MONTHLY,NYSE,200304,1141,-0.586301582496108,-0.455757394020828,-0.370435500545392,-0.307265245541939,-0.247631619513718,-0.19116841759298,-0.120098009649518,-0.0561799534630986,0.059054524122071
MOM_CZ,MONTHLY,NYSE,200305,1146,-0.517219211640017,-0.384936463208513,-0.305277187786557,-0.232246031259541,-0.169438725036208,-0.110134438998673,-0.0534394949986244,0.0221815966662888,0.140658682003393
MOM_CZ,MONTHLY,NYSE,200306,1146,-0.414483282058174,-0.293497459879494,-0.204493762847671,-0.13892787671165,-0.0676270483547325,-0.00223595564022883,0.0555087473275917,0.143171464633835,0.291437997451338
MOM_CZ,MONTHLY,NYSE,200307,1144,-0.251538194349029,-0.143283983096157,-0.0500998729973921,0.00668751865408454,0.0726662935108755,0.140455401624958,0.2135965048568,0.32893865730709,0.535295516029415
MOM_CZ,MONTHLY,NYSE,200308,1138,-0.198359008867049,-0.0879559760430524,-0.0207395266206969,0.0373604447238672,0.0994109229259378,0.160463858841786,0.259627253311146,0.359021614710272,0.575845264604125
MOM_CZ,MONTHLY,NYSE,200309,1139,-0.0861678799003614,0.0268476926140194,0.114603556491953,0.189306303957687,0.25963749151163,0.341461192896821,0.433967144518654,0.61264626205924,0.917784186422145
MOM_CZ,MONTHLY,NYSE,200310,1138,-0.113842729853697,-0.00427388066640723,0.0643651961363281,0.137212773023768,0.200424863538302,0.27906682059446,0.387635666176768,0.535471218690294,0.81989301085597
MOM_CZ,MONTHLY,NYSE,200311,1134,-0.1278759504098,-0.0132317848551005,0.0767296102521851,0.142113571098216,0.207850837808619,0.291062314444518,0.381479591387737,0.509422146548519,0.799944220049118
MOM_CZ,MONTHLY,NYSE,200312,1129,-0.0566976757446457,0.0558538737498288,0.14066692977314,0.208641791589187,0.303383747142899,0.38659614453719,0.48979371306475,0.660357587189799,1.01248083864867
MOM_CZ,MONTHLY,NYSE,200401,1126,0.0557715322364702,0.162139665385455,0.240593500200079,0.31858682342859,0.409979670263795,0.501991434766171,0.631662960649082,0.791531068279216,1.12052156441099
MOM_CZ,MONTHLY,NYSE,200402,1123,0.118248451243113,0.227656721403242,0.302493885628494,0.387033358142586,0.482062576069628,0.573693236888399,0.703147277450518,0.926172987585858,1.36111748042922
MOM_CZ,MONTHLY,NYSE,200403,1121,0.128315734197316,0.239268699063893,0.325350029358774,0.414910364108759,0.507093617221002,0.619738556790621,0.80011150747082,0.995800517633998,1.38915973065359
MOM_CZ,MONTHLY,NYSE,200404,1120,0.0575900905274514,0.160973435560457,0.251937169162024,0.33424476566969,0.402674232938054,0.507582341285389,0.63418324503015,0.809841582584676,1.21060318354662
MOM_CZ,MONTHLY,NYSE,200405,1113,-0.0331980812169138,0.0860588259130679,0.16295042883218,0.228243388737647,0.288295216904593,0.365396869765177,0.45677153868505,0.583416081974583,0.864848055156023
MOM_CZ,MONTHLY,NYSE,200406,1107,-0.0543720468050722,0.0605131922341433,0.132687389110877,0.205295978226716,0.268607241232747,0.334151996676206,0.425534502342196,0.553476261551812,0.794257497931055
MOM_CZ,MONTHLY,NYSE,200407,1107,-0.0550568815448736,0.059728515880514,0.136432685145357,0.206293627190938,0.273607916321984,0.346303076746115,0.441109775171307,0.591638519669946,0.803312940481602
MOM_CZ,MONTHLY,NYSE,200408,1104,-0.18587745820824,-0.0684095353506375,0.0355920183140907,0.105903131756477,0.174009623860076,0.250724750022731,0.328166984828549,0.438032383290196,0.665147153154346
MOM_CZ,MONTHLY,NYSE,200409,1104,-0.174808068086396,-0.0353089501827081,0.0623775951815461,0.124419199081094,0.204749139281133,0.272017923775498,0.346649983163357,0.434526915295692,0.645553389996106
MOM_CZ,MONTHLY,NYSE,200410,1104,-0.218030026911593,-0.0871108100231029,0.00668217121995756,0.0861912762504233,0.153567024930268,0.23096570295234,0.293751244500607,0.42434658149399,0.617143631156926
MOM_CZ,MONTHLY,NYSE,200411,1112,-0.230930976321964,-0.105398231478415,-0.0224783940980374,0.0533074609129856,0.127240810217196,0.198659822188076,0.277237356446801,0.399894340442879,0.576982517317917
MOM_CZ,MONTHLY,NYSE,200412,1110,-0.199851543742615,-0.0720327702291107,0.011421987260426,0.0796432863315778,0.146854831215496,0.218421944979989,0.297194249349688,0.410039792062096,0.624687087122806
MOM_CZ,MONTHLY,NYSE,200501,1116,-0.176362115055996,-0.0678264240550734,0.0204793318216308,0.0958657819753692,0.167192270679798,0.235886543654749,0.312087019897566,0.431216289404986,0.609950106099365
MOM_CZ,MONTHLY,NYSE,200502,1113,-0.230527040330846,-0.109814341732232,-0.0252699429970544,0.0447826266445206,0.118800282568034,0.186422888986408,0.264486536345784,0.373111638416357,0.535894134031427
MOM_CZ,MONTHLY,NYSE,200503,1108,-0.230931488971495,-0.102059425707754,-0.00832817281880791,0.0645318910248325,0.143011352374568,0.212130390016529,0.3066907212107,0.423752431697534,0.617973334244021
MOM_CZ,MONTHLY,NYSE,200504,1104,-0.204743719188275,-0.0916369291752608,-0.00642103095818662,0.07210865332637,0.140788337448962,0.213744018192413,0.293840163128684,0.410220581533606,0.603045851777255
MOM_CZ,MONTHLY,NYSE,200505,1101,-0.277356937374373,-0.148712230292956,-0.0517523368006506,0.0124516439109521,0.0843449173886186,0.158142410553707,0.236482563218948,0.337290668440353,0.493533717442941
MOM_CZ,MONTHLY,NYSE,200506,1102,-0.250466083214528,-0.135138696523115,-0.0553620252410246,0.0128732366965324,0.0839856999668442,0.146824571503443,0.23333399069533,0.343308020911279,0.500400195108227
MOM_CZ,MONTHLY,NYSE,200507,1101,-0.172880927551336,-0.0627242778042587,0.012594027437372,0.0873642813825637,0.146963117074709,0.223788460201945,0.321455606737811,0.434361541025276,0.605967509773919
MOM_CZ,MONTHLY,NYSE,200508,1093,-0.12086423990038,-0.00489819953397027,0.0803027884565706,0.153645379729501,0.219537579270649,0.308245141398983,0.408915875203132,0.534452816882213,0.741721044945141
MOM_CZ,MONTHLY,NYSE,200509,1093,-0.167851158166863,-0.0471349705430312,0.0286188060777558,0.0924565406435771,0.158168585153065,0.241864978015451,0.333579572496583,0.437219470459672,0.640747206323782
MOM_CZ,MONTHLY,NYSE,200510,1089,-0.182122299012461,-0.0827946386936796,-0.000446533870282831,0.0724522409379959,0.139989572486556,0.22094010357464,0.329534601075694,0.442288605270217,0.695215863652428
MOM_CZ,MONTHLY,NYSE,200511,1094,-0.27730073516564,-0.172148935687228,-0.0905826066485941,-0.0232557836957456,0.0291642047069532,0.105671116582589,0.191404118487061,0.301129430112497,0.462449794379278
MOM_CZ,MONTHLY,NYSE,200512,1091,-0.283906472675057,-0.170335294409975,-0.0937505173680206,-0.0251772064910433,0.0276280206977413,0.103101321896306,0.194138438856457,0.302732582592393,0.464433314535432
MOM_CZ,MONTHLY,NYSE,200601,1094,-0.24940870669509,-0.141683733126343,-0.0544695710157012,0.00212672389850456,0.0616248185862517,0.129439234891939,0.221564103258914,0.335224005175698,0.50454443743244
MOM_CZ,MONTHLY,NYSE,200602,1091,-0.213188022274576,-0.11726134247657,-0.0348368898564967,0.0299839384104479,0.093951772758397,0.161667985856355,0.255791752297462,0.391749876450157,0.601628361958114
MOM_CZ,MONTHLY,NYSE,200603,1089,-0.197464360521895,-0.100253886631419,-0.0291211700634224,0.0433212017894647,0.112831851751823,0.186393355425219,0.269152867767081,0.396524706143036,0.604596921292677
MOM_CZ,MONTHLY,NYSE,200604,1085,-0.137319070569004,-0.0125646278349368,0.0665515338847276,0.145177129839472,0.219881642279694,0.308155806017054,0.414743968162689,0.578796987685484,0.812623123185839
MOM_CZ,MONTHLY,NYSE,200605,1080,-0.168326833182847,-0.057627542584136,0.0247767180783051,0.0959132752153248,0.167762493514034,0.250066986559214,0.35964638386486,0.498851345420114,0.762566589848319
MOM_CZ,MONTHLY,NYSE,200606,1075,-0.230895913120317,-0.1090220307282,-0.0215478827903604,0.0370589303925127,0.0960986261493504,0.173932089219166,0.262477845332462,0.388021274339027,0.601714846703737
MOM_CZ,MONTHLY,NYSE,200607,1077,-0.294186337072027,-0.165822699733996,-0.0836184162356766,-0.0140168145431184,0.0530238647395718,0.115913657664681,0.187891437372561,0.296053376757942,0.459995179576099
MOM_CZ,MONTHLY,NYSE,200608,1079,-0.299737146101483,-0.179789821177401,-0.0944587504504457,-0.0254468685398965,0.0384626744927539,0.0985995827991059,0.175049440316002,0.270529278798282,0.422446125627132
MOM_CZ,MONTHLY,NYSE,200609,1077,-0.261830719718611,-0.150544033640778,-0.0662960871915498,-0.000655115864720559,0.0574929913358755,0.122354674831776,0.195388109142214,0.285791765607946,0.432055272469525
MOM_CZ,MONTHLY,NYSE,200610,1081,-0.207495412473447,-0.0926823527415461,-0.0174346467660823,0.0513077836367128,0.101646662775627,0.177801413494113,0.248254236894063,0.337000547675311,0.507394102415507
MOM_CZ,MONTHLY,NYSE,200611,1078,-0.193974141525194,-0.075988008487857,-0.00277507415661687,0.058663316808664,0.110682189943749,0.177246382689671,0.246221450223746,0.334902813419298,0.542162684596604
MOM_CZ,MONTHLY,NYSE,200612,1079,-0.173080009469656,-0.0514919474916526,0.0256199993467795,0.0838568017306453,0.133260128571009,0.194735169930107,0.281962903016168,0.382360342540886,0.564536455881139
MOM_CZ,MONTHLY,NYSE,200701,1072,-0.220728506544464,-0.120711238703889,-0.0275016494222818,0.0311311196587431,0.0915996216640921,0.147111054036818,0.219559111062888,0.303092678984072,0.430069555604134
MOM_CZ,MONTHLY,NYSE,200702,1071,-0.170634513829607,-0.062282126932124,0.00107993005858783,0.0596480096520775,0.124699257153174,0.187991571456019,0.251615813125238,0.327477691829065,0.49370565528702
MOM_CZ,MONTHLY,NYSE,200703,1072,-0.20773984543415,-0.109592455862657,-0.0312100267592917,0.0207306503535428,0.0791957438749753,0.137634958319057,0.201850512365022,0.285975493534401,0.404017661292102
MOM_CZ,MONTHLY,NYSE,200704,1072,-0.221223367019437,-0.121375613508994,-0.0318126720122978,0.0288751502431549,0.0880498827125262,0.142111439184984,0.208205687409897,0.306978855113175,0.445319992871524
MOM_CZ,MONTHLY,NYSE,200705,1073,-0.130871885259294,-0.0463898215261473,0.0288181456326835,0.0986081019231239,0.160472348776388,0.223511776742776,0.290497881501948,0.390719507726746,0.569307190088999
MOM_CZ,MONTHLY,NYSE,200706,1060,-0.0954979407939308,0.00784169354360232,0.0816445568220177,0.137797289483222,0.213856359502784,0.276149169879931,0.356620470591407,0.455994346712004,0.621010282056966
MOM_CZ,MONTHLY,NYSE,200707,1056,-0.0779078294368127,0.0355671041733816,0.11174235933031,0.175054527014976,0.240688616938814,0.306785219614156,0.391852147098822,0.485760725321833,0.696257594596416
MOM_CZ,MONTHLY,NYSE,200708,1049,-0.182261425751657,-0.0635132151226292,0.02117620777257,0.0949125075654394,0.159401893960424,0.232720008615791,0.303261978375023,0.396674033453798,0.577343651873775
MOM_CZ,MONTHLY,NYSE,200709,1053,-0.240101796543786,-0.0750872476911582,0.0186369800164151,0.0884830845311313,0.147307472198201,0.213388124219821,0.290441779747908,0.39881759803419,0.60405353867755
MOM_CZ,MONTHLY,NYSE,200710,1055,-0.280330679085876,-0.131593813789672,-0.0328969984852616,0.034526773440767,0.105031367154678,0.175320196905063,0.266578369520972,0.369661285015245,0.554624290782763
MOM_CZ,MONTHLY,NYSE,200711,1045,-0.311625634551383,-0.168602191162594,-0.0717962950961593,0.0147495232875383,0.0930003363564516,0.160135665868547,0.242133461597849,0.372324948791567,0.567914562902987
MOM_CZ,MONTHLY,NYSE,200712,1036,-0.385776586915671,-0.264772530194073,-0.158894427272637,-0.0594910185963635,0.0141955390543632,0.0855083309660008,0.187619325316742,0.292967851027729,0.459796960998673
MOM_CZ,MONTHLY,NYSE,200801,1035,-0.438135291856317,-0.31506940556216,-0.20414327742393,-0.103196311701189,-0.0360749219305354,0.0639477792384048,0.143619107605495,0.263958012935884,0.441036196573149
MOM_CZ,MONTHLY,NYSE,200802,1035,-0.448850407180764,-0.332072852118088,-0.23092755381454,-0.149871736475678,-0.0855857099918974,-0.0133362922404872,0.0644191784258597,0.164593183962198,0.318547644377551
MOM_CZ,MONTHLY,NYSE,200803,1036,-0.471990694022507,-0.374206431071772,-0.270042794359425,-0.194346598235175,-0.108577749205968,-0.0317384550854004,0.0367550750606301,0.150789680676801,0.343813151633467
MOM_CZ,MONTHLY,NYSE,200804,1043,-0.518621582009912,-0.398070832442566,-0.294037347577162,-0.211653373820452,-0.139477907515036,-0.0674749790764488,0.00928475454932079,0.109051313026144,0.288495888578447
MOM_CZ,MONTHLY,NYSE,200805,1044,-0.515337587244821,-0.396115491345386,-0.297425629841069,-0.226022616178736,-0.148790913708188,-0.0620531572913998,0.019347552494623,0.123991888598097,0.292739832435297
MOM_CZ,MONTHLY,NYSE,200806,1046,-0.501393852082446,-0.358911963415663,-0.269070921204991,-0.192614424595623,-0.113601020418337,-0.0239345557469193,0.0629436212408076,0.180732640531348,0.363850824666521
MOM_CZ,MONTHLY,NYSE,200807,1047,-0.562538214851634,-0.4190214188741,-0.308927783143894,-0.235294222626709,-0.148128987308395,-0.0679961258189315,0.0256269599358055,0.161455659681122,0.388619716259454
MOM_CZ,MONTHLY,NYSE,200808,1041,-0.546263001343755,-0.396417930827409,-0.289287206072463,-0.211927537643006,-0.132936424955187,-0.0470395351207205,0.0333611496813512,0.14461354778598,0.355395190563838
MOM_CZ,MONTHLY,NYSE,200809,1046,-0.512014190752196,-0.361586702785085,-0.25183480117286,-0.170454548962111,-0.104281877018048,-0.0343310633959506,0.037000815025209,0.139014257402132,0.324902151297419
MOM_CZ,MONTHLY,NYSE,200810,1047,-0.596082235448477,-0.451113985285648,-0.348671938483209,-0.275210711585085,-0.203977462700288,-0.149786352423056,-0.0782111800866454,0.00940732652391276,0.141971510519081
MOM_CZ,MONTHLY,NYSE,200811,1040,-0.714819450772811,-0.586252195575883,-0.509957414399689,-0.440099570240647,-0.371786854098838,-0.304608819521682,-0.236847196648249,-0.149277441429792,0.00265189627190487
MOM_CZ,MONTHLY,NYSE,200812,1031,-0.781724208996582,-0.67761081494666,-0.600125883862707,-0.53061412328966,-0.470149269906402,-0.390865435122583,-0.310713780893183,-0.214002095769205,-0.0796951692642796
MOM_CZ,MONTHLY,NYSE,200901,1027,-0.746036687048504,-0.629296323803431,-0.562450812933586,-0.470722311416259,-0.393120195353776,-0.320814649499937,-0.24013875493521,-0.155570247380864,-0.00495789763353597
MOM_CZ,MONTHLY,NYSE,200902,1025,-0.784244247139902,-0.66815792072051,-0.597079190494419,-0.518786326046271,-0.443702030307928,-0.374264285807545,-0.289875180145457,-0.196320724811775,-0.0796573082215131
MOM_CZ,MONTHLY,NYSE,200903,1020,-0.817458579556785,-0.727586484865857,-0.649931834053931,-0.572610453714943,-0.5068404326985,-0.445842655725659,-0.366631493366119,-0.266336917976001,-0.141654114102155
MOM_CZ,MONTHLY,NYSE,200904,1017,-0.806938125534449,-0.706014483519596,-0.634213866600404,-0.547860474600071,-0.485235085806039,-0.409737254961805,-0.332363424579882,-0.242932514364074,-0.129468751014316
MOM_CZ,MONTHLY,NYSE,200905,1020,-0.734288364859145,-0.616406334499869,-0.528914308382191,-0.452009044607654,-0.390537707357378,-0.328692047516535,-0.250829524521754,-0.178915846950775,-0.0552430455427448
MOM_CZ,MONTHLY,NYSE,200906,1019,-0.668179102250173,-0.528792055929334,-0.435571355696551,-0.360427471028444,-0.294312759714109,-0.231289680900646,-0.159718652755229,-0.0800253334726582,0.0507731744583207
MOM_CZ,MONTHLY,NYSE,200907,1020,-0.662146022450066,-0.528233482906317,-0.44082353931237,-0.355558749155044,-0.291709776202751,-0.23002550936807,-0.167246513842411,-0.0927501030533382,0.0373669943896874
MOM_CZ,MONTHLY,NYSE,200908,1016,-0.591564044794553,-0.481117276363921,-0.380116302643197,-0.309541904645089,-0.24882898804257,-0.19166884720311,-0.122248036585901,-0.0479031763884309,0.0803992133661514
MOM_CZ,MONTHLY,NYSE,200909,1014,-0.448453951986905,-0.333878515933451,-0.246142789696178,-0.176092237582707,-0.118605877987668,-0.0560949592834557,0.00816036781883141,0.10455405817383,0.240939674784218
MOM_CZ,MONTHLY,NYSE,200910,1013,-0.159834435435509,-0.0308009930523875,0.051569958665019,0.130533537788071,0.20969584881672,0.307949393713016,0.425738000294813,0.600731315533605,0.917537466215764
MOM_CZ,MONTHLY,NYSE,200911,1009,-0.107991188574336,0.00927452609165631,0.123626224919522,0.229023364016141,0.333089059763768,0.451876849359093,0.622942341910521,0.877585520101515,1.39377017626354
MOM_CZ,MONTHLY,NYSE,200912,1006,-0.125617229145937,0.0141312105103799,0.109187604155246,0.231809011520122,0.344475153496696,0.459695930185705,0.603179717182268,0.792526127994744,1.28556732949916
MOM_CZ,MONTHLY,NYSE,201001,1004,0.0163068952854875,0.181902051136542,0.296070900140143,0.407738168262509,0.552841662389046,0.693747349936323,0.876581660037269,1.17682888558603,1.92839505805051
MOM_CZ,MONTHLY,NYSE,201002,1002,0.140617958985149,0.294385669344909,0.424519870628028,0.555056104882218,0.68989847103475,0.812507372408868,1.08694260479566,1.5153620547714,2.58375208975842
MOM_CZ,MONTHLY,NYSE,201003,1001,0.100131080678123,0.252479377679632,0.372403020762451,0.495153134361764,0.620767701193747,0.784792384422002,0.989951561194918,1.36995472160319,2.45370487858085
MOM_CZ,MONTHLY,NYSE,201004,1003,0.0241702483516524,0.164028940071255,0.259960649136183,0.337424833869941,0.427159635506437,0.546616088835269,0.669017435010426,0.88952992711965,1.40037128756094
MOM_CZ,MONTHLY,NYSE,201005,1002,0.0359867366531067,0.172989801819573,0.263953061216692,0.36003093913229,0.450773295984188,0.560861127387404,0.677672946156531,0.95688529573186,1.36140923656978
MOM_CZ,MONTHLY,NYSE,201006,998,-0.0467267456245726,0.0718869701864049,0.169195427455896,0.24459018062101,0.326910213943748,0.449634268540262,0.586044767849852,0.798916621842143,1.29458345715638
MOM_CZ,MONTHLY,NYSE,201007,992,-0.211743426677456,-0.0987286241490454,-0.00725740813252429,0.0609078905950706,0.130579987930985,0.193126039001057,0.267893828811225,0.403717416014187,0.657690534755521
MOM_CZ,MONTHLY,NYSE,201008,994,-0.193981822576622,-0.0639280698970451,0.0156328381555219,0.0943494655811902,0.162575354885893,0.224141651272579,0.302811085381887,0.408317199469857,0.646228901134097
MOM_CZ,MONTHLY,NYSE,201009,996,-0.300835125683511,-0.192716420601156,-0.115192119665349,-0.0419171825207739,0.023512941205392,0.0760857776808137,0.14046405069319,0.223494505853718,0.390858595081866
MOM_CZ,MONTHLY,NYSE,201010,997,-0.126117959302272,-0.0235763196409661,0.0620894312832461,0.12923414313262,0.188100507190161,0.256252771024175,0.325800966893648,0.43918695166722,0.640794328908568
MOM_CZ,MONTHLY,NYSE,201011,999,-0.139430727082768,-0.0228838410375256,0.0597780941901028,0.124622508923455,0.192456717971718,0.259832667013296,0.338654198829729,0.45785738631745,0.66647074224476
MOM_CZ,MONTHLY,NYSE,201012,996,-0.181986655299492,-0.049676198454753,0.025458391285386,0.0862202806339807,0.153771404582683,0.232871458221506,0.319890896987579,0.409635010695113,0.60848215235097
MOM_CZ,MONTHLY,NYSE,201101,996,-0.0700689377122477,0.0548315729051851,0.144048899921984,0.215219349647707,0.300830958642617,0.365599366426038,0.468848620374955,0.582332230098866,0.771257814375725
MOM_CZ,MONTHLY,NYSE,201102,996,-0.0975810261585663,0.0205323091930418,0.104238653345982,0.165812645670689,0.235197684863557,0.300270575997108,0.40679991321165,0.529819565081651,0.703968882050125
MOM_CZ,MONTHLY,NYSE,201103,991,-0.117712048266763,-0.00851446559129443,0.0776256775077014,0.135614293432646,0.202824008384514,0.270075621377996,0.353784428246023,0.465821766951189,0.667049247663063
MOM_CZ,MONTHLY,NYSE,201104,993,-0.174784706732197,-0.0415775070763624,0.0417259179935687,0.111431010169165,0.178487936874948,0.25288909268261,0.324862252339108,0.423453923956159,0.599220268705428
MOM_CZ,MONTHLY,NYSE,201105,992,-0.0682430556884553,0.0628132706412208,0.151854242059509,0.245088544149968,0.315313268455341,0.398400358783011,0.491551199663382,0.598051495644902,0.819427764409113
MOM_CZ,MONTHLY,NYSE,201106,992,0.0135472608220974,0.150255705530386,0.23964859832476,0.319016065096008,0.406096604762636,0.500333272597001,0.594023204166828,0.706763773821008,1.01597492791263
MOM_CZ,MONTHLY,NYSE,201107,990,-0.0778798952833721,0.0541254910225979,0.126631987276865,0.208698024254109,0.274780482073368,0.353297473451829,0.436748308959426,0.562282571282597,0.76389376166868
MOM_CZ,MONTHLY,NYSE,201108,987,-0.0517920363143538,0.0805572560190796,0.17270853564052,0.239597806918595,0.316586976881755,0.40200057300131,0.493287928475095,0.624365500305454,0.887317727715873
MOM_CZ,MONTHLY,NYSE,201109,984,-0.282985652867317,-0.121600176533042,-0.0394449256578752,0.0199836786358661,0.0700070146024138,0.130458429549128,0.210010915862707,0.292345058699647,0.473348234961221
MOM_CZ,MONTHLY,NYSE,201110,987,-0.410096978344992,-0.2885833010868,-0.213588115146782,-0.147754798457206,-0.0898308473153669,-0.0394518732835357,0.0183997917617984,0.111320378237238,0.23168688346922
MOM_CZ,MONTHLY,NYSE,201111,991,-0.3433098893103,-0.197814432662949,-0.112204623040957,-0.0469143809601759,0.0211588616091962,0.0836291674720031,0.149319648043383,0.227420239559466,0.373811151432529
MOM_CZ,MONTHLY,NYSE,201112,986,-0.417723770403634,-0.286861960159817,-0.201932822272604,-0.115892982427189,-0.0549709048781796,0.0158330423151896,0.0840301493727488,0.157896774876452,0.291631964381496
MOM_CZ,MONTHLY,NYSE,201201,982,-0.433446584108383,-0.29335120246719,-0.19649117389474,-0.126672912130742,-0.075212952104541,-0.00170910414671991,0.0729162636375154,0.164777852526743,0.292098403478109
MOM_CZ,MONTHLY,NYSE,201202,983,-0.405633713433238,-0.256953010401459,-0.163659298894247,-0.0932816544583977,-0.0425753777672731,0.0162887033753015,0.0720562685226929,0.15195443324067,0.261167113589916
MOM_CZ,MONTHLY,NYSE,201203,986,-0.371410429947586,-0.244190696888548,-0.157317662539854,-0.0803888455711412,-0.0242750798288092,0.0255695995830052,0.0732105092670817,0.150302939456463,0.281330317445494
MOM_CZ,MONTHLY,NYSE,201204,989,-0.393244978170743,-0.247680248567838,-0.153499258418661,-0.0867030071483682,-0.0358838417805324,0.0203475425640099,0.075773722495145,0.157886065959107,0.282277310177839
MOM_CZ,MONTHLY,NYSE,201205,990,-0.384396587149472,-0.244087680608413,-0.160310411171748,-0.0833755219791267,-0.0318472030589196,0.0271776069764234,0.0874278036010651,0.177887633127494,0.319198531614994
MOM_CZ,MONTHLY,NYSE,201206,998,-0.451223165403209,-0.320375273096094,-0.218590249893095,-0.149471950293925,-0.0997068355787692,-0.0293482503058591,0.0485486270931042,0.134900169453733,0.266353725436291
MOM_CZ,MONTHLY,NYSE,201207,994,-0.398066648709151,-0.263465620041593,-0.166622038830065,-0.0854538807856311,-0.0175288177316887,0.0441813960331096,0.111112877158736,0.20604455039694,0.344585468618692
MOM_CZ,MONTHLY,NYSE,201208,993,-0.315048823350114,-0.172349764691968,-0.0602920012044682,0.0104965215782935,0.0671096334030623,0.133611470596663,0.213295966567815,0.319186638594626,0.447997983012878
MOM_CZ,MONTHLY,NYSE,201209,992,-0.163396043495669,0.0234919873268644,0.103898146817079,0.183330896065699,0.251845183037053,0.325679710075581,0.425961263037193,0.555998085208302,0.800142776056189
MOM_CZ,MONTHLY,NYSE,201210,990,-0.235346754984208,-0.0965590010950333,-0.0133926587874717,0.0502828901325963,0.111937038237978,0.190441053865131,0.277412188385035,0.376032200091814,0.577448703741307
MOM_CZ,MONTHLY,NYSE,201211,991,-0.242839704497907,-0.109977200424509,-0.0272280879544671,0.0393144313694123,0.0956531975521686,0.175281221621194,0.266373659166092,0.390716861371935,0.606727484091357
MOM_CZ,MONTHLY,NYSE,201212,987,-0.226684095471148,-0.0869989435271287,0.00351431261278986,0.0676980257265859,0.131883701475943,0.200463637301354,0.2752684447977,0.401392335897055,0.630028082058559
MOM_CZ,MONTHLY,NYSE,201301,989,-0.256806836232168,-0.0994011332024763,-0.0303039944423185,0.034247869311924,0.0949539635789853,0.154633448977684,0.228357022562648,0.33232088198561,0.506230680285797
MOM_CZ,MONTHLY,NYSE,201302,992,-0.237408344298464,-0.0794227808414935,-0.00492437891759483,0.0555170263443312,0.116350160504051,0.176436737190601,0.253471328292534,0.350525257962754,0.557121786027759
MOM_CZ,MONTHLY,NYSE,201303,996,-0.23794183030588,-0.088859041014845,-0.012267163269427,0.0503224906116775,0.11018717023184,0.174487382621075,0.251595280056514,0.341020637062087,0.506657957977451
MOM_CZ,MONTHLY,NYSE,201304,995,-0.173726362647484,-0.0453166430959732,0.0410868508821747,0.100446400072391,0.163772764931069,0.232109066145767,0.300649148069617,0.410964689493229,0.637690882937916
MOM_CZ,MONTHLY,NYSE,201305,994,-0.0994625612178281,0.0493727364703467,0.133565554272651,0.206666303363244,0.264875295083114,0.332406014135596,0.407086468530512,0.521279642011758,0.739746141836671
MOM_CZ,MONTHLY,NYSE,201306,996,-0.0940245170753749,0.046040869381963,0.137556116903893,0.216347486552036,0.27907429091213,0.343228868059818,0.42568764103436,0.531187142720747,0.763684166404305
MOM_CZ,MONTHLY,NYSE,201307,992,-0.0983793971733387,0.044952414480715,0.135472767444047,0.206379621675447,0.264992923934008,0.336384058710704,0.424817842477907,0.537417891246638,0.741550082637526
MOM_CZ,MONTHLY,NYSE,201308,990,-0.058516343808798,0.0745269806778437,0.177623739711255,0.233417882967427,0.302171052838816,0.373167483538446,0.4604922403626,0.590821951027062,0.778514780531928
MOM_CZ,MONTHLY,NYSE,201309,992,-0.129215740025759,0.0157126248261105,0.0933395197687711,0.163286500269103,0.224785226543344,0.301020463099484,0.376963659164325,0.485878974429552,0.684811548364744
MOM_CZ,MONTHLY,NYSE,201310,984,-0.0768520274216355,0.0738077257121079,0.160465747076838,0.232786481880918,0.314371956371986,0.400826927648793,0.497625834130871,0.616076607539116,0.836572103499471
MOM_CZ,MONTHLY,NYSE,201311,979,-0.0620262043821612,0.0805177222298855,0.182684558052855,0.256592183690298,0.339510874876312,0.401907999866039,0.508612063204302,0.644412553521491,0.821912471002132
MOM_CZ,MONTHLY,NYSE,201312,981,-0.0656367950021321,0.0934583304120469,0.185626620684794,0.264801003293182,0.340140369046765,0.404040286430953,0.492182390910785,0.624262298540893,0.82635821226052
MOM_CZ,MONTHLY,NYSE,201401,981,-0.0628276734782379,0.0513747889729406,0.145125176567109,0.212870949578854,0.277302701032132,0.341574674087167,0.438886697388708,0.543450903442967,0.738931741161769
MOM_CZ,MONTHLY,NYSE,201402,982,-0.131431877929776,0.00858100590181544,0.0830169218931277,0.143306275775941,0.207493116910692,0.275468026175608,0.352141624918901,0.471674376587258,0.662999195899155
MOM_CZ,MONTHLY,NYSE,201403,984,-0.114666568167539,0.00858848219439736,0.0847326558793798,0.156662996275337,0.22294566620467,0.285409604554137,0.36314872070644,0.472737299330124,0.686982523823778
MOM_CZ,MONTHLY,NYSE,201404,991,-0.105839402064285,0.0165089527681295,0.101416083016985,0.168675599067184,0.235787673026878,0.306689712177375,0.397047752788227,0.509587576017452,0.691734247505294
MOM_CZ,MONTHLY,NYSE,201405,995,-0.151981730680265,-0.0239555833550655,0.0563597633791231,0.108104286524047,0.164743856161721,0.228620168620759,0.298618054559255,0.397860179272563,0.567681770678206
MOM_CZ,MONTHLY,NYSE,201406,1000,-0.144733923187274,0.00106342420567529,0.0791765971617846,0.140196285601002,0.205178130492327,0.266310205794009,0.344945150382141,0.434186228536691,0.570646743303094
MOM_CZ,MONTHLY,NYSE,201407,1001,-0.163676967588644,-0.0225794952042619,0.054785515740418,0.124336879603355,0.171609709829746,0.237135121494914,0.296250619271369,0.379059003416593,0.531701558086486
MOM_CZ,MONTHLY,NYSE,201408,1003,-0.184254764580152,-0.046960856678418,0.0304317458174116,0.0973705816133588,0.142762000711503,0.20266470904052,0.267258480096665,0.357703979382384,0.480754967506967
MOM_CZ,MONTHLY,NYSE,201409,1006,-0.196719066880647,-0.0724737726455029,0.0173463773128277,0.0785333539201776,0.125810933896675,0.174298879497853,0.247361190801426,0.333331738284125,0.4975036660416
MOM_CZ,MONTHLY,NYSE,201410,1009,-0.284423605398858,-0.163571550089738,-0.0847103172584187,-0.0255826376512159,0.0319814757255799,0.0961701885898428,0.154017440115892,0.22280390778503,0.335049926647261
MOM_CZ,MONTHLY,NYSE,201411,1011,-0.312306821607388,-0.170991340018906,-0.0752460544812748,-0.001825673305619,0.0462493074257531,0.099094344532527,0.156913546222925,0.214111615436512,0.33403519631417
MOM_CZ,MONTHLY,NYSE,201412,1010,-0.370991479902106,-0.213888382756781,-0.122088381459252,-0.0420374384032493,0.020017873508716,0.0715050201061454,0.141226642995218,0.211934857170003,0.322916417548813
MOM_CZ,MONTHLY,NYSE,201501,1006,-0.350469969527362,-0.164034724856856,-0.0697259574077776,0.00779766130361459,0.0682707707442017,0.128015855533743,0.205096825826983,0.280424307876037,0.386240969876812
MOM_CZ,MONTHLY,NYSE,201502,1011,-0.428631689165352,-0.272356595579811,-0.16227719684232,-0.0804818628845783,-0.0214383495717971,0.0473152344722179,0.116230399090234,0.178948940029864,0.300444067315839
MOM_CZ,MONTHLY,NYSE,201503,1008,-0.377819811127091,-0.19808337904999,-0.101570060879228,-0.0156894338952126,0.0496841177832615,0.112628377579901,0.186255896013517,0.266577241897025,0.371088386280138
MOM_CZ,MONTHLY,NYSE,201504,1008,-0.372639813565178,-0.208969943595465,-0.0709983319247026,0.00925591128120159,0.0822274426789176,0.153123854271485,0.227056395708645,0.314150963431574,0.459566446582347
MOM_CZ,MONTHLY,NYSE,201505,1015,-0.328591702472058,-0.177742362380847,-0.0813002391830954,-0.0155706711280851,0.0503913298210219,0.106664703628173,0.174751384240734,0.261250938312386,0.376319151274105
MOM_CZ,MONTHLY,NYSE,201506,1018,-0.402626753295135,-0.241361604684696,-0.126413683923517,-0.0417047780811453,0.0291582139529808,0.0905610716616592,0.158853801069328,0.235481627175412,0.347333969551542
MOM_CZ,MONTHLY,NYSE,201507,1014,-0.380923967318461,-0.214141994289938,-0.0984859940892809,0.00240423186084781,0.0716431337950736,0.142620676951446,0.199426849864278,0.285217320410817,0.414442939535598
MOM_CZ,MONTHLY,NYSE,201508,1011,-0.485930249992743,-0.307955539451286,-0.180712277010271,-0.0613400897635935,0.00763295448360668,0.0774602312339274,0.15544425784893,0.247381970859708,0.392672223810015
MOM_CZ,MONTHLY,NYSE,201509,1013,-0.46514146275617,-0.277586141961145,-0.156658252471125,-0.0704613875491923,-0.000649847361220091,0.0783626623165118,0.16273214334219,0.254567489299258,0.354010544866878
MOM_CZ,MONTHLY,NYSE,201510,1012,-0.551820586530597,-0.353369343460654,-0.241823126613598,-0.163761021376609,-0.0929972940595505,-0.0181052996232803,0.0510331965959561,0.134840780566282,0.269388251518462
MOM_CZ,MONTHLY,NYSE,201511,1014,-0.472678652764944,-0.298192749274497,-0.192706967024536,-0.11051590586555,-0.0427894052918929,0.023625882258581,0.0986168547196616,0.176295211617805,0.326911824605702
MOM_CZ,MONTHLY,NYSE,201512,1008,-0.485933577371815,-0.293109750000409,-0.198329841138227,-0.110201764082033,-0.0429935035812891,0.0242002460291798,0.0960123638707547,0.177977379415912,0.317067199529607
MOM_CZ,MONTHLY,NYSE,201601,1004,-0.486251583077341,-0.320664973890993,-0.200307217998069,-0.128954732215651,-0.0615289034607368,0.0170961083042863,0.0937235640892429,0.177977172639922,0.304410343464443
MOM_CZ,MONTHLY,NYSE,201602,1001,-0.602359689157801,-0.437342925059509,-0.335436238870524,-0.257291961514148,-0.178574742220036,-0.109843498698507,-0.0431056633327472,0.0255051515145521,0.149159619676203
MOM_CZ,MONTHLY,NYSE,201603,999,-0.589509751954077,-0.421351684011443,-0.30950634711135,-0.241855680081369,-0.173300211408965,-0.108214289962334,-0.0453811818517277,0.0367207233824507,0.167667465159979
MOM_CZ,MONTHLY,NYSE,201604,991,-0.522734930914958,-0.352631110823197,-0.235063986805494,-0.149550266582673,-0.0891559593536144,-0.0250390745949036,0.041981065527374,0.113022336347997,0.233418487872515
MOM_CZ,MONTHLY,NYSE,201605,990,-0.457743892837992,-0.309647868550042,-0.208958358496251,-0.129429404660699,-0.0672735049153543,-0.0172115054955996,0.0341898332369323,0.10352045242607,0.213240368000555
MOM_CZ,MONTHLY,NYSE,201606,990,-0.474336771684809,-0.301945416928966,-0.201699997228206,-0.123605119805746,-0.0647743315744248,-0.00882010738284498,0.0553790111304351,0.139399330996221,0.248024913294193
MOM_CZ,MONTHLY,NYSE,201607,982,-0.419530151731625,-0.267741644046917,-0.18323413129317,-0.108424755328203,-0.0357657106836353,0.029925224712398,0.0999188109830444,0.18345340681932,0.298043327925628
MOM_CZ,MONTHLY,NYSE,201608,985,-0.321598595620448,-0.170134015202286,-0.0831065105909371,-0.00650715030006199,0.0690646762782883,0.132355524194735,0.194988847015083,0.272688210269097,0.384814565021453
MOM_CZ,MONTHLY,NYSE,201609,981,-0.239360900428075,-0.0872736268665376,0.00410569038123999,0.0807380472200634,0.148960804903626,0.225193002262302,0.295114014428051,0.369010157018632,0.529413267872531
MOM_CZ,MONTHLY,NYSE,201610,982,-0.266164945995266,-0.133537804773905,-0.0552983105471325,0.0104609501857022,0.080488794293838,0.144189028867417,0.2032066375085,0.28191235742698,0.439924559308815
MOM_CZ,MONTHLY,NYSE,201611,975,-0.309919127162685,-0.179041348273704,-0.0985229654065004,-0.031932099051223,0.0220863456237896,0.0773482481595919,0.135744943820167,0.204256780263898,0.339252805073591
MOM_CZ,MONTHLY,NYSE,201612,973,-0.191925081040179,-0.0490578799760366,0.0328483383960425,0.0892462948519076,0.162721437618161,0.228651116660855,0.304854938776923,0.43874742774214,0.658038550634302
MOM_CZ,MONTHLY,NYSE,201701,970,-0.0904119737281028,0.0315368703862353,0.125456717230193,0.201736644398729,0.282361341735452,0.373635200537709,0.467064672616891,0.614668595781429,0.889328943771075
MOM_CZ,MONTHLY,NYSE,201702,966,-0.0866371980895116,0.0417547605107846,0.129243434888639,0.203900585424277,0.275812848550203,0.359039455658266,0.452645274197922,0.591152326626628,0.907109981094911
MOM_CZ,MONTHLY,NYSE,201703,966,-0.150336170378007,-0.0190944234502914,0.0635310287861007,0.125108979182625,0.185482542988203,0.25568018282984,0.335355846372948,0.420955047106345,0.628825564592219
MOM_CZ,MONTHLY,NYSE,201704,962,-0.210834905481597,-0.0423721577109705,0.047102587786814,0.104869574748878,0.159284162858116,0.216268039534169,0.290177887431851,0.378592600822091,0.539735776012216
MOM_CZ,MONTHLY,NYSE,201705,962,-0.175103249430976,-0.0416756279359939,0.0376722547674184,0.0916188090470648,0.154449822582316,0.214743306811451,0.295499382158784,0.402077689343727,0.550808217348859
MOM_CZ,MONTHLY,NYSE,201706,962,-0.243588324796854,-0.100616256492243,0.00248937092615762,0.0696943285942959,0.133297443569679,0.199813618946728,0.282590983161975,0.398691663059234,0.561239790802735
MOM_CZ,MONTHLY,NYSE,201707,959,-0.258463413119813,-0.104152282335701,-0.0260002169300292,0.0384889341662617,0.104651495114049,0.157373025850476,0.245186708762355,0.347672922961924,0.496928365089295
MOM_CZ,MONTHLY,NYSE,201708,957,-0.280795042860352,-0.13961427486728,-0.0286128194772417,0.0305323456127436,0.103429460122683,0.163804456529943,0.228272308985295,0.324069755063293,0.446372905402498
MOM_CZ,MONTHLY,NYSE,201709,958,-0.340554135477811,-0.186115900167338,-0.0679331321001077,0.010823320431789,0.0840658521373329,0.150841038653936,0.220361756440179,0.301214972517509,0.447992920307365
MOM_CZ,MONTHLY,NYSE,201710,955,-0.23927832031028,-0.071689196154843,0.0380735906589274,0.109684219408063,0.193266981442338,0.273392204093885,0.337324876691277,0.442863219672876,0.623437317994623
MOM_CZ,MONTHLY,NYSE,201711,954,-0.330012114846512,-0.171939730906169,-0.0583167986669494,0.0252401702700095,0.117965433143022,0.19426594235828,0.26047347802663,0.36787596032946,0.528316837732637
MOM_CZ,MONTHLY,NYSE,201712,953,-0.326774668512585,-0.142448988289879,-0.0467415494452408,0.0409219133211285,0.128711839792191,0.215099324182067,0.299681020074167,0.412922874766931,0.561599937427507
MOM_CZ,MONTHLY,NYSE,201801,951,-0.283410178730787,-0.139112234227092,-0.0360690530201914,0.0562341212880142,0.132847352104106,0.206570366503092,0.29603350360353,0.393197781939338,0.530875387628712
MOM_CZ,MONTHLY,NYSE,201802,953,-0.270436761501494,-0.101301763793749,-0.0103048984944898,0.0599820258265818,0.141084316881556,0.232826789480936,0.323162918294126,0.41372404149356,0.58643043971804
MOM_CZ,MONTHLY,NYSE,201803,959,-0.293142484977667,-0.166305292306582,-0.0611025803108289,0.00400996055766104,0.0929439981513624,0.179008549070005,0.259760966676642,0.353750698866322,0.498439651397585
MOM_CZ,MONTHLY,NYSE,201804,960,-0.288077528359653,-0.155827172711183,-0.0556833051720173,0.0155272765506906,0.086219294907324,0.160510582381024,0.232259866019728,0.333760955301861,0.503477955534395
MOM_CZ,MONTHLY,NYSE,201805,961,-0.251991312186976,-0.115956709126438,-0.0336621579052341,0.034297407335403,0.101460219168861,0.168959798599931,0.249592359158382,0.344926732733242,0.561503206413918
MOM_CZ,MONTHLY,NYSE,201806,956,-0.256628142242193,-0.118422548059782,-0.0318128940253475,0.0406614034967705,0.11118627024898,0.201221452861978,0.285279134257357,0.402599279652887,0.591286145134053
MOM_CZ,MONTHLY,NYSE,201807,953,-0.208424255780677,-0.0943958474731789,-0.0202083324556338,0.0491589605909785,0.119960760202709,0.193078523354029,0.279048686365547,0.39630080495279,0.614426920218839
MOM_CZ,MONTHLY,NYSE,201808,953,-0.16705639964843,-0.0536126263748927,0.0318718134721059,0.107543018982738,0.179958650077926,0.251096957215544,0.335397298391546,0.446696260401686,0.653820709937472
MOM_CZ,MONTHLY,NYSE,201809,954,-0.231712330259385,-0.118429837708732,-0.0311831229832462,0.0526675180845241,0.12950983092627,0.201662941706473,0.283212333818658,0.433394995626879,0.625473252249754
MOM_CZ,MONTHLY,NYSE,201810,951,-0.276297068619652,-0.139393652424101,-0.037937915417668,0.0390748845864675,0.115308558007614,0.18235261262745,0.270537586147816,0.412447132324954,0.659906572897506
MOM_CZ,MONTHLY,NYSE,201811,945,-0.367342809880926,-0.265263737433921,-0.172695115051613,-0.104226718162145,-0.038117531309808,0.0364597605084584,0.116175476953667,0.224042846369419,0.422896393952192
MOM_CZ,MONTHLY,NYSE,201812,946,-0.398881689162666,-0.270558442476072,-0.184880232930663,-0.118805092715001,-0.0477541126960985,0.013308918970198,0.114726528506797,0.19890852770579,0.376090330472698
MOM_CZ,MONTHLY,NYSE,201901,949,-0.521435808078969,-0.407878528739586,-0.328154189142132,-0.252261815838163,-0.188411504806757,-0.118972209456589,-0.0411267763059953,0.0544663865105841,0.207412867923751
MOM_CZ,MONTHLY,NYSE,201902,944,-0.382323041418438,-0.254104483268816,-0.173681222667009,-0.115337880561098,-0.0493311865863708,0.0126564530614566,0.085912125678843,0.177475923919413,0.325475770491663
MOM_CZ,MONTHLY,NYSE,201903,943,-0.359553584245436,-0.236221162069494,-0.154082183109046,-0.0686477951744697,0.00258349221808296,0.0717325228405841,0.145433690057253,0.233021415943415,0.371063014547089
MOM_CZ,MONTHLY,NYSE,201904,942,-0.398774347204677,-0.259648477044389,-0.173164111641218,-0.0969735048382999,-0.0197939297853554,0.0609423129502478,0.140313403415874,0.211040463341785,0.364768900748344
MOM_CZ,MONTHLY,NYSE,201905,948,-0.389871374496311,-0.267851733089912,-0.163801864293342,-0.0882214898272314,-0.00460527487303475,0.0648200105927638,0.126974868559001,0.207136491996824,0.341458326273821
MOM_CZ,MONTHLY,NYSE,201906,952,-0.516632176334545,-0.383687854519387,-0.297777178083805,-0.208723799743374,-0.12505320821666,-0.0410324433197447,0.0399316646533486,0.134384878614211,0.27694564391909
MOM_CZ,MONTHLY,NYSE,201907,948,-0.493130674441883,-0.344882669511082,-0.237001539296004,-0.15672017694673,-0.0708312038114981,0.0134666089684553,0.0882395801720966,0.169069228169122,0.311243825162424
MOM_CZ,MONTHLY,NYSE,201908,951,-0.523024450342047,-0.347863014449905,-0.258021038173994,-0.160549479572964,-0.0859375680648336,-0.0172316730063178,0.0659536030007449,0.154159902204452,0.294144001979431
MOM_CZ,MONTHLY,NYSE,201909,954,-0.596118302149305,-0.426464274733993,-0.319052988652238,-0.215379914464855,-0.13463158712467,-0.0541888375182984,0.041066743746047,0.145189063676942,0.312789613214488
MOM_CZ,MONTHLY,NYSE,201910,954,-0.48216833575893,-0.306044638978664,-0.156589901216835,-0.0646024344290687,0.0200812941039793,0.0917638403898835,0.181745089080117,0.268961544701419,0.431341488833941
MOM_CZ,MONTHLY,NYSE,201911,952,-0.481519557841892,-0.270286573170877,-0.151291308046965,-0.062600168383364,0.0106966574394574,0.0993275073850311,0.175220395749607,0.269713598107654,0.417457175752652
MOM_CZ,MONTHLY,NYSE,201912,936,-0.343606339539528,-0.129526255314354,0.00648760441912279,0.11189565573946,0.186482419853603,0.275813146143671,0.382875525008233,0.500990002317337,0.674621896343294
MOM_CZ,MONTHLY,NYSE,202001,934,-0.368715049451223,-0.195000558962507,-0.0467027581355402,0.0415318772646547,0.104082195129547,0.177034031399969,0.26380019239779,0.357378295932385,0.50462400129346
MOM_CZ,MONTHLY,NYSE,202002,935,-0.462042489786032,-0.275580087588756,-0.157577969373795,-0.0690848770824989,0.00780675677349918,0.0940791834564493,0.185272216042743,0.271083048125773,0.404188402380247
MOM_CZ,MONTHLY,NYSE,202003,935,-0.533424423478684,-0.356921128935785,-0.228724960741137,-0.141788344520004,-0.0684990433368445,-0.00737938993816797,0.0705450741109278,0.157052612275708,0.317628133467533
MOM_CZ,MONTHLY,NYSE,202004,934,-0.759606471497645,-0.614228525152181,-0.501737450301698,-0.415187288664655,-0.331623320560164,-0.266319062925388,-0.174271594804085,-0.0686814328001392,0.0427367768799093
MOM_CZ,MONTHLY,NYSE,202005,937,-0.615424359743896,-0.436853336193585,-0.312861085217287,-0.227942985814905,-0.129602857871879,-0.0493118651120654,0.0226928797446217,0.112650849648679,0.274643474383974
MOM_CZ,MONTHLY,NYSE,202006,932,-0.620293221327511,-0.466436520882546,-0.350512276445375,-0.241614110537923,-0.153774518962994,-0.0613469569623806,0.0187911640039019,0.124376429249539,0.317031761413914
MOM_CZ,MONTHLY,NYSE,202007,926,-0.573993808752354,-0.413698585551579,-0.312778048195785,-0.225055706971106,-0.133556730694372,-0.0597972939918091,0.0200834439181581,0.125780394230112,0.303483699279024
MOM_CZ,MONTHLY,NYSE,202008,926,-0.524056678850213,-0.362926781999426,-0.238793738860198,-0.141357283017812,-0.0565516078687065,0.0496624188715205,0.13673369713025,0.266089563437871,0.515678797420231
MOM_CZ,MONTHLY,NYSE,202009,926,-0.515390646671349,-0.343334660767537,-0.220374727753438,-0.106943741444174,-0.0216018936577274,0.0597677906727325,0.145947418689165,0.312559248386413,0.54038836258206
MOM_CZ,MONTHLY,NYSE,202010,920,-0.535663908482578,-0.365880319475046,-0.252237691494364,-0.152547923173636,-0.0543459635300757,0.0256565495588076,0.126730481743674,0.238251195287936,0.52906953259386
MOM_CZ,MONTHLY,NYSE,202011,921,-0.553788620163775,-0.375747511995909,-0.256460833206181,-0.161018195588329,-0.0710008160393703,0.00186701685089341,0.0756683912491252,0.210665839737109,0.440234828422278
MOM_CZ,MONTHLY,NYSE,202012,922,-0.401786124967959,-0.237842736223277,-0.134648977349843,-0.0450902905981814,0.0291011304096431,0.10357707648355,0.201075548408234,0.323778265536961,0.548920731276202
MOM_CZ,MONTHLY,NYSE,202101,915,-0.26697713706118,-0.115098717999461,-0.0275780451724123,0.0527168540389781,0.123040389961224,0.19426677463537,0.299867867850462,0.434333641585166,0.758555666897108
MOM_CZ,MONTHLY,NYSE,202102,917,-0.110097075937605,-0.00356434536781198,0.101415163991982,0.177811449370159,0.265103194214622,0.342994017787213,0.453435615702875,0.677049803784603,1.07912622706966
MOM_CZ,MONTHLY,NYSE,202103,920,0.201938107595425,0.374271011082199,0.540229942496444,0.68764135645073,0.86342727577183,1.08895449900709,1.36483763007113,1.81719059108541,2.67117526779277
MOM_CZ,MONTHLY,NYSE,202104,916,0.11938360190983,0.265994131120447,0.378764714453604,0.50566479560477,0.651639171926568,0.836489441753228,1.05735582656577,1.35511421044593,1.98379359924926
MOM_CZ,MONTHLY,NYSE,202105,913,0.0885493207292315,0.238219651351284,0.347698808153869,0.481008393511631,0.604511171916089,0.764902708405269,1.00617102969343,1.30040073506058,1.90997729957024
MOM_CZ,MONTHLY,NYSE,202106,911,0.105179253254174,0.240565165233587,0.363329405949568,0.499406467206167,0.60286343303288,0.740620537422377,0.958453466588649,1.26326345517611,1.78570977757764
MOM_CZ,MONTHLY,NYSE,202107,908,0.0585033558851276,0.215701966806032,0.309097612484371,0.411598999033537,0.529456772482013,0.671719830148737,0.841877386959095,1.22861123897914,1.82841402793836
MOM_CZ,MONTHLY,NYSE,202108,916,0.0164689482306438,0.153015427056757,0.245475519315202,0.330679843168726,0.430033973755458,0.529377317788114,0.694623478348286,0.942928779824397,1.44471788461369
MOM_CZ,MONTHLY,NYSE,202109,920,0.0213732093371078,0.183549229052275,0.300873178352142,0.399080700927571,0.504631604587503,0.631887543692038,0.801285773341442,1.06230118456876,1.66560576736785
MOM_CZ,MONTHLY,NYSE,202110,921,-0.0123665651890612,0.126549627211733,0.241322281633182,0.32529176069337,0.437220628172613,0.557406742757881,0.719272718861428,0.968310883322487,1.71034588246546
MOM_CZ,MONTHLY,NYSE,202111,926,-0.121789884682141,0.00933313444781358,0.102182123207574,0.189211926883002,0.264394331212957,0.350505980495133,0.467884541853039,0.657054591513352,1.09204763694023
MOM_CZ,MONTHLY,NYSE,202112,922,-0.236924680441831,-0.105622195387663,-0.0130891038094629,0.0646498902298995,0.16450306121334,0.261883018164704,0.366534936486144,0.496756570856357,0.837467050592384
MOM_CZ,MONTHLY,NYSE,202201,926,-0.257556309895307,-0.0789677244118644,0.0246065313821175,0.123909620852755,0.211031744002836,0.296692881346249,0.39585735594086,0.536531886644363,0.78674216627414
MOM_CZ,MONTHLY,NYSE,202202,935,-0.382632534585124,-0.18998772348904,-0.0834837299887679,-0.00183870568046782,0.0691669544122995,0.128734114275246,0.204317498893958,0.306258016847377,0.50119468786536
MOM_CZ,MONTHLY,NYSE,202203,941,-0.393102277895454,-0.208906674613965,-0.134188085621449,-0.05539453703577,0.0144238798153533,0.0739800055676592,0.140262546457258,0.254613044891726,0.454768426291077
MOM_CZ,MONTHLY,NYSE,202204,947,-0.402699676894001,-0.268102127359356,-0.175522262055273,-0.102844420113142,-0.0277938871973364,0.0406691390115253,0.114291917222226,0.253506760247419,0.513191799700941
MOM_CZ,MONTHLY,NYSE,202205,955,-0.486644532189636,-0.340422410765209,-0.258489602484992,-0.182307589739171,-0.105738412952264,-0.0429001425039738,0.030371178380701,0.1465979626574,0.350971985748126
MOM_CZ,MONTHLY,NYSE,202206,969,-0.552475880027841,-0.371102180119839,-0.254522878144905,-0.182982317951214,-0.111711604454414,-0.0461567761266197,0.0289675219584396,0.147773612322588,0.409221346319631
MOM_CZ,MONTHLY,NYSE,202207,971,-0.607319780862673,-0.431748837341311,-0.324997509420393,-0.258170215251756,-0.196892383606319,-0.122564347710154,-0.0271644180956423,0.0716727569773961,0.27404706606605
MOM_CZ,MONTHLY,NYSE,202208,974,-0.593628692972839,-0.394674057411915,-0.273530661029136,-0.18981285198683,-0.127728894255138,-0.0490776343335312,0.0246561845865953,0.127273037643882,0.346219275140579
MOM_CZ,MONTHLY,NYSE,202209,985,-0.587876163108311,-0.396704108521484,-0.273476377824724,-0.187079889424927,-0.117192721335901,-0.0491510854594907,0.0365970051446375,0.15704753937801,0.354616948696834
MOM_CZ,MONTHLY,NYSE,202210,987,-0.65575307614108,-0.491427988998013,-0.389813394010868,-0.309152107630652,-0.248765153426785,-0.173762753738725,-0.0966125336154785,0.0125394085465148,0.170098757662677
MOM_CZ,MONTHLY,NYSE,202211,983,-0.612361446608782,-0.431478759919784,-0.315336593393306,-0.22277195159443,-0.133309149534842,-0.0447896238881941,0.046736988084746,0.171898526769359,0.434684509031293
MOM_CZ,MONTHLY,NYSE,202212,979,-0.604787989736157,-0.422725767694834,-0.315381126754073,-0.214473955626346,-0.121401025612457,-0.0408413149611246,0.0482895510351988,0.154554873042833,0.355522549706644
MOM_CZ,MONTHLY,NYSE,202301,978,-0.577722139743937,-0.384719126686028,-0.275647226458579,-0.187721847018851,-0.102232444393397,-0.0154880865584342,0.0608169322427359,0.156220511292801,0.314128690608854
MOM_CZ,MONTHLY,NYSE,202302,978,-0.454496292505177,-0.282296620327745,-0.165818947340556,-0.0735922373307262,-0.00876890990987439,0.0531406500381009,0.110678938584022,0.195228880224064,0.356034543068247
MOM_CZ,MONTHLY,NYSE,202303,972,-0.489365936316456,-0.30830547335266,-0.195870640954753,-0.119907796752627,-0.0406868753877682,0.0212157542044856,0.0936726301560791,0.173320556692772,0.306478639551746
MOM_CZ,MONTHLY,NYSE,202304,971,-0.416062756781854,-0.274403704493038,-0.172181742904983,-0.0694212059666115,-0.000604191704484669,0.0635689998711704,0.146841757526859,0.233447882357927,0.380487934158728
MOM_CZ,MONTHLY,NYSE,202305,968,-0.420024911295393,-0.272266058404286,-0.176271200533741,-0.0990658660315803,-0.0307327898293712,0.0455394581377093,0.124577683935458,0.214446464125907,0.335333240504783
MOM_CZ,MONTHLY,NYSE,202306,970,-0.349405471375556,-0.208871381411568,-0.103897678436082,-0.0338024888503276,0.0396748506267602,0.133361917033275,0.191882052029514,0.297761891964213,0.486475611052844
MOM_CZ,MONTHLY,NYSE,202307,965,-0.333604327910248,-0.197781970416242,-0.10268108683224,-0.0322215111830559,0.0396384021739453,0.11967706671279,0.205199115744711,0.320191613506721,0.481120179491395
MOM_CZ,MONTHLY,NYSE,202308,962,-0.291902962512107,-0.109573369723526,-0.0170866210931402,0.0566156332428661,0.128055875772294,0.211448345473681,0.292292575603428,0.409696137629112,0.603137664905774
MOM_CZ,MONTHLY,NYSE,202309,954,-0.24885000215451,-0.0828283545726765,0.0487835900707469,0.145400417752289,0.225744258035945,0.310068246247555,0.411273878486076,0.540773607827621,0.786007034896533
MOM_CZ,MONTHLY,NYSE,202310,952,-0.352668335289086,-0.213235415943237,-0.0978788023257004,-0.033484883375186,0.0391111457916264,0.10839251841185,0.201657879163271,0.320419202701919,0.501362557278446
MOM_CZ,MONTHLY,NYSE,202311,949,-0.418854241419069,-0.296838266603607,-0.195480783803087,-0.109056030010831,-0.0529408884748054,0.00653587393937915,0.0813666105110846,0.167033474405855,0.342144277833302
MOM_CZ,MONTHLY,NYSE,202312,946,-0.336174116628645,-0.198818468967782,-0.0923705323101536,-0.00723073981939515,0.0672414354997381,0.13419093668263,0.248611379274278,0.364163815306669,0.611759257775371
MOM_CZ,MONTHLY,NYSE,202401,940,-0.325992388835124,-0.192122072078269,-0.106795497974412,-0.0318391204609547,0.0514083196815895,0.117649575631995,0.213378220340251,0.330128393163162,0.505974142874849
MOM_CZ,MONTHLY,NYSE,202402,940,-0.364706194708269,-0.192023707234316,-0.0990596221784826,-0.0271974375731505,0.0310791252468879,0.112028721855809,0.203444845944715,0.317162475367566,0.508098673914729
MOM_CZ,MONTHLY,NYSE,202403,933,-0.315028594874353,-0.151240768749905,-0.0500070512142108,0.0259739207861085,0.111395795086753,0.199621400805293,0.278706561476779,0.440320148015469,0.6699094769146
MOM_CZ,MONTHLY,NYSE,202404,931,-0.269248566883502,-0.0993900258262399,0.0069242769544238,0.108824933526234,0.197722745440833,0.290555083259633,0.393572315156052,0.530289534108544,0.777205707420553
MOM_CZ,MONTHLY,NYSE,202405,932,-0.277381764683684,-0.11024315490193,-0.0090245094262051,0.0814318859458888,0.171359366859029,0.257921719998101,0.349530609193141,0.497678009293842,0.700493979064241
MOM_CZ,MONTHLY,NYSE,202406,942,-0.366175867543861,-0.169797034360009,-0.069471720879379,0.00825173292890123,0.0826403454410962,0.162715070986619,0.256579699341799,0.394090969543729,0.620006307944381
MOM_CZ,MONTHLY,NYSE,202407,939,-0.406528949755446,-0.237634100683485,-0.149922826454967,-0.0679648279258922,0.0111198030376667,0.0937107646436059,0.18781997057892,0.290649732569335,0.50607538131799
MOM_CZ,MONTHLY,NYSE,202408,936,-0.302537031901892,-0.124619842756966,-0.0371033141736669,0.0386912783199977,0.127830340732889,0.201287900886991,0.300076698613348,0.409054317229091,0.638739792383336
MOM_CZ,MONTHLY,NYSE,202409,937,-0.27403778648981,-0.114031667982444,-0.00764240397661961,0.0940600302756568,0.183282336182688,0.280644855787581,0.387145685332933,0.522494721991439,0.750840638095106
MOM_CZ,MONTHLY,NYSE,202410,931,-0.236559561284909,-0.0350416909172349,0.09103751439063,0.179673108539537,0.28035566753448,0.372264114650966,0.496083310370974,0.655820395005013,0.905159947866892
MOM_CZ,MONTHLY,NYSE,202411,926,-0.283269426570637,-0.129031322733356,-0.0106785524253041,0.0661714926829222,0.144920868962395,0.239058741281264,0.338588112820354,0.46099541170593,0.664097851338015
