METHOD,SPECIFICATION,FORMATION_YYYYMM,RETURN_YYYYMM,INTERCEPT,B_BM,B_GP,B_DUR,R_SQUARED,N_OBS,WEIGHT_SUM
OLS,i,197306,197307,0.164824903261836,-0.0720455639657092,,,0.0200366106966225,1771,
OLS,i,197307,197308,-0.0560673489302645,0.000245550384089395,,,5.17603683136692e-07,1779,
OLS,i,197308,197309,0.109611560284909,-0.0452759881493991,,,0.0102665195819602,1785,
OLS,i,197309,197310,-0.0217551665513383,0.0399018390941173,,,0.0083703441595826,1790,
OLS,i,197310,197311,-0.215590113675872,0.0334896318150963,,,0.0063671732172057,1789,
OLS,i,197311,197312,-0.0316901402746334,-0.0213953114276412,,,0.00207223413787461,1800,
OLS,i,197312,197401,0.0659275393162239,0.157129144678915,,,0.045746075312714,1808,
OLS,i,197401,197402,-0.0244674444967091,0.0490576662386954,,,0.0158818165707094,1762,
OLS,i,197402,197403,-0.0205166642715894,0.0361050646625223,,,0.00776940480726995,1763,
OLS,i,197403,197404,-0.0735241796302275,0.0366100500402138,,,0.0121513859626748,1763,
OLS,i,197404,197405,-0.0748825656184898,-0.00742108751365542,,,0.000472321029503786,1767,
OLS,i,197405,197406,-0.0390358452831856,0.024882456579563,,,0.00474416488958318,1774,
OLS,i,197406,197407,-0.0914215562608391,0.0685158158013913,,,0.0274604253040798,2353,
OLS,i,197407,197408,-0.105166187531942,0.0391979340708809,,,0.0101537756948238,2407,
OLS,i,197408,197409,-0.126092801065344,0.0529680345175591,,,0.0150094146275127,2413,
OLS,i,197409,197410,0.16418744250326,-0.126924379181643,,,0.0329889741825647,2493,
OLS,i,197410,197411,-0.0468145848617411,-0.0265583126691924,,,0.00367558470264207,2522,
OLS,i,197411,197412,-0.0601391435849915,-0.0512662101481196,,,0.0118515715783409,2552,
OLS,i,197412,197501,0.217105039790726,0.164063870713061,,,0.031030341894757,2659,
OLS,i,197501,197502,0.0724487776128702,-0.0383978431350659,,,0.00530063110397339,2386,
OLS,i,197502,197503,0.0783986363482742,0.0339031059918712,,,0.0032176421131408,2456,
OLS,i,197503,197504,0.0700508721849755,-0.0608820117758229,,,0.0129142234785764,2493,
OLS,i,197504,197505,0.0838164458208274,-0.0245492357305506,,,0.00209969387344466,2520,
OLS,i,197505,197506,0.0643992994251709,0.0234802803474704,,,0.00195320850941094,2636,
OLS,i,197506,197507,-0.0472626325571698,0.0614807288856487,,,0.0181975256250315,2906,
OLS,i,197507,197508,-0.0461100295749438,-0.0213633485099571,,,0.00438711543962211,2915,
OLS,i,197508,197509,-0.0460879034193547,0.00956554806110849,,,0.00073072413048747,2917,
OLS,i,197509,197510,0.0310446243050832,-0.0264893045057199,,,0.00363510294947211,2936,
OLS,i,197510,197511,0.012251045296436,0.0188263804426256,,,0.00189080000840458,2938,
OLS,i,197511,197512,-0.0181274590314308,0.012218214405996,,,0.000861889013621608,2935,
OLS,i,197512,197601,0.130607501429505,0.16249828452279,,,0.0591321112088258,2878,
OLS,i,197601,197602,0.0185240293983214,0.198924121279255,,,0.097176762771366,2880,
OLS,i,197602,197603,0.0172228935040882,-0.00629522187541809,,,0.000183028844966238,2864,
OLS,i,197603,197604,-0.0172574990799851,0.0021932224509832,,,3.39125604514878e-05,2882,
OLS,i,197604,197605,-0.00724551182742955,-0.0406637877534787,,,0.0143073424617552,2876,
OLS,i,197605,197606,0.0309281575614268,-0.00352539692555879,,,8.37259268181567e-05,2889,
OLS,i,197606,197607,-0.0191770082338228,0.0232444536377233,,,0.00472927862159156,3001,
OLS,i,197607,197608,-0.0317195789200967,0.013246070590506,,,0.00148277553049614,2794,
OLS,i,197608,197609,0.0208066647851668,-0.015962042053355,,,0.00192542331182388,2983,
OLS,i,197609,197610,-0.0292433741296662,-0.00257030697440001,,,5.44727741407236e-05,2962,
OLS,i,197610,197611,0.0260097233298786,-0.00709543202595501,,,0.000340781106619614,2975,
OLS,i,197611,197612,0.0780371178277746,0.0347432656580733,,,0.00549250093669995,2967,
OLS,i,197612,197701,-0.018931760658214,0.0962993069915613,,,0.0377687631372814,2944,
OLS,i,197701,197702,-0.0194137657035483,0.0271842560127979,,,0.00539686114321292,2933,
OLS,i,197702,197703,-0.00233941845357697,0.0157646808784794,,,0.00151298261809818,2925,
OLS,i,197703,197704,0.00104238998789285,0.0231426434911801,,,0.00362101311102447,2923,
OLS,i,197704,197705,-0.0153830878828146,0.0269911856690813,,,0.00488172117662833,2917,
OLS,i,197705,197706,0.0551733363899776,-0.000809914070578136,,,4.53833933033998e-06,2915,
OLS,i,197706,197707,-0.0123209485130522,0.0231989713699306,,,0.00405119536499532,2958,
OLS,i,197707,197708,-0.00281299264821584,-0.0233969866742046,,,0.00468877834314374,2947,
OLS,i,197708,197709,0.00475063120147485,0.00370482112208123,,,0.000116121735968533,2940,
OLS,i,197709,197710,-0.0459110677688782,0.0266325226542244,,,0.00470785970227283,2936,
OLS,i,197710,197711,0.0722055899841333,0.00410351946352138,,,8.57600849079043e-05,2932,
OLS,i,197711,197712,0.0122750484152838,0.00400556608919561,,,0.000128150520813386,2922,
OLS,i,197712,197801,-0.051452504454286,0.056298523219055,,,0.0232681385277893,2925,
OLS,i,197801,197802,0.00598112854525983,0.0291994016068852,,,0.00683385421781579,2868,
OLS,i,197802,197803,0.0580312891490178,0.0180303930128976,,,0.00187071991362198,2864,
OLS,i,197803,197804,0.0853619843547585,-0.00283854940551352,,,4.47783935388912e-05,2853,
OLS,i,197804,197805,0.0620606913922932,0.0139103993251323,,,0.000874751847849575,2849,
OLS,i,197805,197806,-0.0109263656745674,0.0178445624677806,,,0.00170512918051435,2836,
OLS,i,197806,197807,0.0620190830318827,-0.0210423003325328,,,0.0026633087603698,2891,
OLS,i,197807,197808,0.0858649186498181,0.00803805140077145,,,0.000177566831109477,2900,
OLS,i,197808,197809,-0.0236126606521119,0.0369016166169418,,,0.00758419623835449,2886,
OLS,i,197809,197810,-0.218887223275842,0.0159799247149268,,,0.0013762544388537,2882,
OLS,i,197810,197811,0.0683050644372726,-0.0379772122802796,,,0.00736167485058614,2873,
OLS,i,197811,197812,0.0228476793675993,-0.0358518678806338,,,0.00827311861701485,2859,
OLS,i,197812,197901,0.0696586169324419,0.049957787094469,,,0.011172650779164,2861,
OLS,i,197901,197902,-0.0472101967578436,0.0292961993434969,,,0.00816789631475434,2800,
OLS,i,197902,197903,0.0943683282384738,-0.025052993114245,,,0.00323818141524579,2796,
OLS,i,197903,197904,0.00735691805902158,0.0241037334420958,,,0.00408887421162096,2790,
OLS,i,197904,197905,-0.0346083845629817,0.0260236540040247,,,0.00491838144101786,2780,
OLS,i,197905,197906,0.0484704592177451,-0.0137289852290888,,,0.000855959732189104,2780,
OLS,i,197906,197907,0.0118267433675011,0.00435901234285076,,,0.000147465691674009,2811,
OLS,i,197907,197908,0.0896618040769828,-0.0298400902638824,,,0.00485060517124358,2805,
OLS,i,197908,197909,-0.00930323794833978,-0.00418012797811098,,,0.000122706301956654,2791,
OLS,i,197909,197910,-0.108226495416734,-0.000862218247189452,,,5.13256168976906e-06,2783,
OLS,i,197910,197911,0.0912144432621346,-0.063279075997386,,,0.0213746552265959,2779,
OLS,i,197911,197912,0.0708755823524992,-0.029218324914246,,,0.0041243851295818,2764,
OLS,i,197912,198001,0.0909236832196525,0.00698390245247369,,,0.000133566265744678,2752,
OLS,i,198001,198002,-0.0179447588250375,-0.0130986269713455,,,0.000934568444890482,2698,
OLS,i,198002,198003,-0.189726495485715,0.0216306749367857,,,0.00359600230092305,2685,
OLS,i,198003,198004,0.0509008223353934,-0.0320287706969791,,,0.00592276433780559,2678,
OLS,i,198004,198005,0.0722381388674827,-0.0112901160914491,,,0.00076682485324242,2669,
OLS,i,198005,198006,0.0381429917822595,-0.0112061267461788,,,0.000868444125364909,2678,
OLS,i,198006,198007,0.127623994214473,-0.0530028917010871,,,0.012429816876526,2811,
OLS,i,198007,198008,0.0915678964978497,-0.046525495712784,,,0.00902741703488807,2824,
OLS,i,198008,198009,0.0451877012256227,-0.0256767564587122,,,0.00313053580516942,2817,
OLS,i,198009,198010,0.0449962046629666,-0.0364995044567955,,,0.00659920861065833,2811,
OLS,i,198010,198011,0.127592373421628,-0.142985752036232,,,0.0680329032406901,2803,
OLS,i,198011,198012,-0.059020182588617,0.0151715917560508,,,0.00135261580084189,2797,
OLS,i,198012,198101,-0.0527441234484437,0.0943927697632854,,,0.0499868503161388,2835,
OLS,i,198101,198102,-0.0195148283175891,0.0432282568256024,,,0.013481015486176,2732,
OLS,i,198102,198103,0.0674933745361611,0.0105517719858051,,,0.000477162633642614,2726,
OLS,i,198103,198104,0.00406830669564476,0.0358464060112115,,,0.006082909247354,2718,
OLS,i,198104,198105,0.0222145394159408,-0.00209114550778221,,,2.1811291758711e-05,2709,
OLS,i,198105,198106,-0.0626368568165721,0.0855762186819331,,,0.0436393076159384,2747,
OLS,i,198106,198107,-0.0383408853356529,0.00849921445435593,,,0.00051930174458148,2935,
OLS,i,198107,198108,-0.128799091145584,0.0754523931090894,,,0.0400791917285192,2939,
OLS,i,198108,198109,-0.12895212991658,0.0662690212250294,,,0.0288720109008535,2927,
OLS,i,198109,198110,0.101910706273542,-0.0824070430431534,,,0.0292247011129142,2953,
OLS,i,198110,198111,-0.0117917329737916,0.0357603241025066,,,0.00661821337504465,2956,
OLS,i,198111,198112,-0.0481575005750264,0.0391282327714951,,,0.00908599014973976,2956,
OLS,i,198112,198201,-0.0428584534516859,0.0344807644782814,,,0.00692365383140325,2950,
OLS,i,198201,198202,-0.0902823834093826,0.0840448602061404,,,0.036781311919563,2850,
OLS,i,198202,198203,-0.0437459064154386,0.0506384272184066,,,0.0123450444759758,2858,
OLS,i,198203,198204,0.0584457292842859,-0.0240887470877848,,,0.00251256020278756,2857,
OLS,i,198204,198205,-0.0492077845050931,0.0295779041172651,,,0.00664534873927947,2858,
OLS,i,198205,198206,-0.0702901690809961,0.0697360600333343,,,0.0281521461806143,2852,
OLS,i,198206,198207,-0.0441528894874138,0.0373308462585254,,,0.00628705975916977,2985,
OLS,i,198207,198208,0.0767824650445204,-0.034703319048009,,,0.00467594468433874,2988,
OLS,i,198208,198209,0.000264601564355438,0.0483067535731519,,,0.00790488933643208,2982,
OLS,i,198209,198210,0.15172576370248,-0.04977287045756,,,0.00600612561587588,2995,
OLS,i,198210,198211,0.0621908815328925,0.0541918288625618,,,0.0054653527038393,2989,
OLS,i,198211,198212,0.00712204796694557,0.0198391882519576,,,0.00111841210728414,3005,
OLS,i,198212,198301,0.160931906817259,-0.10819788127461,,,0.0157404981712763,3030,
OLS,i,198301,198302,0.0117739981955234,0.0831958036229368,,,0.0230725176050184,2883,
OLS,i,198302,198303,0.021778338597114,0.0541599421569654,,,0.00863502101567581,2906,
OLS,i,198303,198304,0.0637146373747835,0.00981402272258686,,,0.000298409031407099,2898,
OLS,i,198304,198305,0.0981694910080604,-0.022041588142191,,,0.00129559570423488,2900,
OLS,i,198305,198306,0.0428293127615814,0.00806743356388325,,,0.000201447984108261,2935,
OLS,i,198306,198307,-0.0688038399444324,0.0821044442147663,,,0.0303546605589927,3213,
OLS,i,198307,198308,-0.0611328081390253,0.0383396305936734,,,0.0079708879130862,3222,
OLS,i,198308,198309,-0.0240981430177822,0.0332033209669706,,,0.0059549036783807,3210,
OLS,i,198309,198310,-0.102681563043441,0.0702895760784951,,,0.0272678257230741,3237,
OLS,i,198310,198311,0.0255305213945657,0.00527052805383364,,,0.000117480514161272,3245,
OLS,i,198311,198312,-0.0605412629974057,0.0636354290128303,,,0.0241824308406444,3245,
OLS,i,198312,198401,-0.0386862798200942,0.0670604005453935,,,0.018174217089454,3269,
OLS,i,198401,198402,-0.0807152808422561,0.0296591732637873,,,0.00594804529002935,3107,
OLS,i,198402,198403,-0.019428553363124,0.0450490223280886,,,0.00851093001735337,3131,
OLS,i,198403,198404,-0.0443867352546607,0.0356001052317261,,,0.00742142996768536,3130,
OLS,i,198404,198405,-0.0760156352414269,0.0380777051370137,,,0.00739498403799221,3123,
OLS,i,198405,198406,0.020924568295884,-0.0170029236317648,,,0.00142489653377831,3156,
OLS,i,198406,198407,-0.08352828186022,0.0464521393601113,,,0.0113924836616501,3280,
OLS,i,198407,198408,0.108322914992142,-0.0351636145336966,,,0.00374963934271078,3264,
OLS,i,198408,198409,-0.0417996506995852,0.0479655817728721,,,0.0102302541179494,3240,
OLS,i,198409,198410,-0.0493403463840432,0.0186330215982558,,,0.00150084898228575,3228,
OLS,i,198410,198411,-0.071633847682046,0.0485662558261092,,,0.0102003926072557,3205,
OLS,i,198411,198412,-0.000223354429324844,0.00211311105539739,,,1.43640358652997e-05,3173,
OLS,i,198412,198501,0.143733264776198,-0.0588140145182659,,,0.00778352939235083,3189,
OLS,i,198501,198502,0.0455374502353882,-0.0147745799449287,,,0.000639626536975468,3080,
OLS,i,198502,198503,-0.0377190982259011,0.0274869682015319,,,0.00295653911619531,3076,
OLS,i,198503,198504,-0.0433471524276571,0.0343516091948409,,,0.00659194947384545,3067,
OLS,i,198504,198505,0.0171723056432824,0.00302642965282518,,,3.78502613952447e-05,3051,
OLS,i,198505,198506,-0.0141541785697628,0.0124536012564479,,,0.000803166252240861,3070,
OLS,i,198506,198507,0.00252157256316584,0.0230299845149473,,,0.00204460893003289,3351,
OLS,i,198507,198508,-0.0223253498932512,0.0112217422335138,,,0.000537739983268337,3369,
OLS,i,198508,198509,-0.0816753782868151,0.0359997322085083,,,0.00718202587911654,3346,
OLS,i,198509,198510,0.0135148246528147,-0.00639574830563455,,,0.00014883806498911,3378,
OLS,i,198510,198511,0.0447997837060286,0.00694305733512779,,,0.000142553072727369,3371,
OLS,i,198511,198512,0.0300075488064785,-0.0190694147358652,,,0.00114481145278889,3362,
OLS,i,198512,198601,0.0442158153445327,-0.0283146379156928,,,0.00196600078638431,3395,
OLS,i,198601,198602,0.0587419350076536,-0.0120639258932008,,,0.000386400194910541,3209,
OLS,i,198602,198603,0.0325457958804699,0.025440445382751,,,0.00151465416444152,3246,
OLS,i,198603,198604,0.00547762910592533,0.000904948085996361,,,2.59290310677951e-06,3218,
OLS,i,198604,198605,0.0320375849680647,0.000619554173841679,,,1.10204674097503e-06,3265,
OLS,i,198605,198606,-0.00576586978686275,0.00683265959646187,,,0.000113011410443398,3306,
OLS,i,198606,198607,-0.102203144904729,0.0314467504645911,,,0.00361219899327414,3493,
OLS,i,198607,198608,0.000354905465536994,0.0301996985969993,,,0.00337122560786496,3483,
OLS,i,198608,198609,-0.0991625804837271,0.0700190976617434,,,0.0184305111083672,3469,
OLS,i,198609,198610,0.0387078436359052,-0.0279285520647195,,,0.0017629581070624,3459,
OLS,i,198610,198611,-0.0143862937069461,0.0161171889225505,,,0.00111842887015412,3421,
OLS,i,198611,198612,-0.0520779425699344,0.0273723533245639,,,0.00290546887959398,3397,
OLS,i,198612,198701,0.13704208895567,-0.0349456214723348,,,0.00253967382292797,3380,
OLS,i,198701,198702,0.104610125322306,-0.0495130913969422,,,0.00613879067651646,3259,
OLS,i,198702,198703,0.020848757263695,0.0214174333373732,,,0.00112546739927011,3268,
OLS,i,198703,198704,-0.0383660855085999,0.0363749495810968,,,0.00514080525359195,3253,
OLS,i,198704,198705,-0.0015490741360939,0.0180090220663498,,,0.00121404759486021,3249,
OLS,i,198705,198706,0.0128020225929028,0.0214730949218515,,,0.00172245991679088,3276,
OLS,i,198706,198707,0.00758194164852372,0.0670228980569099,,,0.0129772707889987,3464,
OLS,i,198707,198708,0.00547330644597466,0.00893218067787043,,,0.000299284012685863,3465,
OLS,i,198708,198709,-0.0236361987973289,0.0207711043015682,,,0.00174916328389452,3449,
OLS,i,198709,198710,-0.327911506942088,0.0550846905426153,,,0.0134801651809681,3460,
OLS,i,198710,198711,-0.0806798980229189,0.0420402903441243,,,0.00575700045351235,3433,
OLS,i,198711,198712,0.0434971848814797,-0.00827331769658329,,,0.000101116081584474,3407,
OLS,i,198712,198801,0.0844223079969428,-0.0223154964213761,,,0.000908433299748324,3434,
OLS,i,198801,198802,0.0723927299106529,0.000297135584053549,,,1.81699273293923e-07,3289,
OLS,i,198802,198803,0.0262319262746276,0.028827186195708,,,0.00248982714992729,3291,
OLS,i,198803,198804,0.00588466258246051,0.0177273400131064,,,0.00120321254307854,3265,
OLS,i,198804,198805,-0.0438050611015187,0.0426024792662312,,,0.00718296662788887,3244,
OLS,i,198805,198806,0.0562595091583373,-0.0109096933955338,,,0.000413899863102807,3261,
OLS,i,198806,198807,-0.0166505695882827,0.0141831444983201,,,0.000868154182400716,3544,
OLS,i,198807,198808,-0.0506902007255387,0.037133285211568,,,0.00578055230450625,3542,
OLS,i,198808,198809,0.0192971431442748,-0.00792362232456303,,,0.000203900153457948,3512,
OLS,i,198809,198810,-0.0361966098403375,0.0280420555130641,,,0.00368893040177665,3527,
OLS,i,198810,198811,-0.0699521244643671,0.0421907436075941,,,0.00558579035772366,3528,
OLS,i,198811,198812,0.0227988102423387,0.00441656072218014,,,6.44306334266487e-05,3508,
OLS,i,198812,198901,0.0690954627961622,-0.0119533915828707,,,0.000270953958994569,3532,
OLS,i,198901,198902,-0.00771563305342967,0.013586525679377,,,0.000665112235338161,3354,
OLS,i,198902,198903,-0.00302520322762868,0.0350682849567486,,,0.00457189814230363,3363,
OLS,i,198903,198904,0.0305459905843758,-0.00366328379530886,,,3.91340721286326e-05,3364,
OLS,i,198904,198905,0.0184330097347993,0.0126414531790223,,,0.000500677462747068,3353,
OLS,i,198905,198906,-0.0465957877321595,0.0456309010464823,,,0.00933792675278167,3384,
OLS,i,198906,198907,0.0328120319865815,-0.0191933135410602,,,0.00141643812753101,3632,
OLS,i,198907,198908,0.00427294610995723,0.0113508738810776,,,0.000432028738660772,3622,
OLS,i,198908,198909,-0.000573137794326995,-0.00870337806944933,,,0.000209778282735162,3607,
OLS,i,198909,198910,-0.0579076654416242,-0.00493118575111017,,,8.85802872443442e-05,3639,
OLS,i,198910,198911,-0.00614674085609374,-0.0204354029477502,,,0.00114842533841886,3623,
OLS,i,198911,198912,-0.0143726385587467,0.00096171843841779,,,3.15488037239131e-06,3599,
OLS,i,198912,199001,-0.0579690893722973,0.00408410664836364,,,2.07699912717629e-05,3612,
OLS,i,199001,199002,0.0182351544704625,0.0025988765393346,,,1.66017339595648e-05,3462,
OLS,i,199002,199003,0.0308717691745809,0.000439726249883212,,,4.95986976711826e-07,3505,
OLS,i,199003,199004,-0.027169159266466,-0.00279231690265351,,,1.98028134615891e-05,3490,
OLS,i,199004,199005,0.0712422210310644,-0.0438785315877601,,,0.00349358558377644,3478,
OLS,i,199005,199006,0.0114500989007278,-0.0181729767259327,,,0.000804019843744008,3472,
OLS,i,199006,199007,-0.0464018361738789,0.0230785668261292,,,0.00148121305086824,3599,
OLS,i,199007,199008,-0.1540446632159,0.056466078280395,,,0.00863911029569286,3581,
OLS,i,199008,199009,-0.1052697122894,0.0369882934246102,,,0.00408120416951607,3559,
OLS,i,199009,199010,-0.0639236289832751,-0.00265552156472386,,,1.73278618410544e-05,3562,
OLS,i,199010,199011,0.0553179470579199,-0.0404664360771911,,,0.00305564925379775,3543,
OLS,i,199011,199012,0.0031653935105674,-0.0124241699267244,,,0.000344002816601963,3528,
OLS,i,199012,199101,0.0981866798104904,0.00692537976609322,,,4.64392055490315e-05,3547,
OLS,i,199101,199102,0.167410561209352,-0.0772869027859436,,,0.00619128505308475,3452,
OLS,i,199102,199103,0.0896820786507602,-0.00922472476374797,,,7.81247060537282e-05,3445,
OLS,i,199103,199104,0.031165824924437,-0.0170489757139053,,,0.00043914376062415,3414,
OLS,i,199104,199105,0.0326683541372533,-0.00702781747076356,,,0.00011573728278913,3398,
OLS,i,199105,199106,-0.042524676978122,0.00472160119054312,,,6.28932073986066e-05,3416,
OLS,i,199106,199107,0.0281074335410841,0.00220504629482793,,,4.50266833129653e-06,3588,
OLS,i,199107,199108,0.0321956414934257,-0.00919933859120617,,,0.000106600613000718,3569,
OLS,i,199108,199109,0.0184261197164456,-0.0286118364762904,,,0.00167477738075483,3559,
OLS,i,199109,199110,0.0297543794362981,-0.014892621275303,,,0.000306516365085829,3567,
OLS,i,199110,199111,-0.0263883389758711,-0.00462261230746212,,,4.73895411912118e-05,3548,
OLS,i,199111,199112,0.0472747509807007,-0.028037711563443,,,0.00144610523709021,3528,
OLS,i,199112,199201,0.162494642275843,-0.000280772712107731,,,2.06695915938582e-08,3528,
OLS,i,199201,199202,0.0442870589635245,0.0256437510464002,,,0.000864822335088111,3433,
OLS,i,199202,199203,-0.0537817069376249,0.073274036262042,,,0.00713466223629045,3436,
OLS,i,199203,199204,-0.0729543499501783,0.0511751706334194,,,0.00921794851362856,3428,
OLS,i,199204,199205,-0.0100945944155197,0.0144097822600909,,,0.000658247668037348,3410,
OLS,i,199205,199206,-0.0707101400020948,0.0344380339042563,,,0.00319798574996133,3392,
OLS,i,199206,199207,0.0152280710649005,0.00433339543439709,,,5.53833450377406e-05,3537,
OLS,i,199207,199208,-0.0460386585475326,0.0275333556239692,,,0.00263426997008565,3506,
OLS,i,199208,199209,0.00804497060449493,0.00909138164016784,,,0.00025061132830273,3475,
OLS,i,199209,199210,0.0155149827343097,0.00684883653221609,,,0.00011864855838184,3481,
OLS,i,199210,199211,0.078219700693874,-0.00887701776355761,,,0.000146535942782466,3454,
OLS,i,199211,199212,0.0179005121820046,0.0291119600090469,,,0.00188584860099161,3441,
OLS,i,199212,199301,0.04045301706296,0.0483622791867044,,,0.00352976154654938,3463,
OLS,i,199301,199302,-0.0606427363289095,0.0869276131476839,,,0.0231388023137411,3381,
OLS,i,199302,199303,0.000743249889942957,0.0431654383889434,,,0.00499572228089762,3388,
OLS,i,199303,199304,-0.0419715243444511,0.0387482392996653,,,0.00368233032892784,3360,
OLS,i,199304,199305,0.0499660877643824,0.00175270232433758,,,7.27342252637708e-06,3350,
OLS,i,199305,199306,0.00596227154841326,0.0133441522854847,,,0.000205167458702471,3373,
OLS,i,199306,199307,-0.0156649893279727,0.0396288890966691,,,0.00449639236592958,3624,
OLS,i,199307,199308,0.0488938643550032,-0.0227368715320719,,,0.000336894540605703,3619,
OLS,i,199308,199309,0.0127003004442134,0.0202756873377868,,,0.00100997657264412,3616,
OLS,i,199309,199310,0.0418179999345623,0.00629025763132608,,,8.33447611569005e-05,3629,
OLS,i,199310,199311,-0.038537677671571,0.0372765742216751,,,0.00466857144931276,3621,
OLS,i,199311,199312,0.00617431884538839,0.00877080941735942,,,0.000222013844480395,3612,
OLS,i,199312,199401,0.0275108461418632,0.0524515128171095,,,0.00523095686010788,3639,
OLS,i,199401,199402,-0.0259900195858239,0.0477537789734186,,,0.00675169659209551,3517,
OLS,i,199402,199403,-0.0748025677733786,0.0525238953050138,,,0.0113856242242867,3517,
OLS,i,199403,199404,-0.0436442327984185,0.0501787783412697,,,0.0121916892807304,3505,
OLS,i,199404,199405,-0.0133265161037646,0.0165665398341126,,,0.000975539755010524,3502,
OLS,i,199405,199406,-0.0588325349749873,0.0390985884438536,,,0.00695110968035406,3537,
OLS,i,199406,199407,0.0145591678420836,-0.0034298600475321,,,5.17377809333697e-05,3859,
OLS,i,199407,199408,0.0433515787018279,-0.00530648579353359,,,7.14174969799197e-05,3872,
OLS,i,199408,199409,-0.00678730537659144,0.0273797388499376,,,0.00247976316825504,3859,
OLS,i,199409,199410,-0.0216014949651712,0.0445001669274201,,,0.00625671832494679,3875,
OLS,i,199410,199411,-0.0566044073490254,0.030755043591731,,,0.00371284929031346,3866,
OLS,i,199411,199412,-0.0197083338423457,0.00576278646418427,,,4.31472542311573e-05,3849,
OLS,i,199412,199501,0.0335330509478739,-0.0124858076930551,,,0.000302532965836377,3850,
OLS,i,199501,199502,0.0283429655099797,-0.00115271210489108,,,4.36272673487448e-06,3744,
OLS,i,199502,199503,0.0155776438826211,-0.000517409647511158,,,8.36618664123989e-07,3757,
OLS,i,199503,199504,0.00174625994493227,0.0406831187304918,,,0.00420320882529956,3729,
OLS,i,199504,199505,0.0146547397370634,-0.000915545720136461,,,2.11152627360711e-06,3709,
OLS,i,199505,199506,0.0838277337672906,-0.060778898598723,,,0.00737256156619859,3722,
OLS,i,199506,199507,0.0689571300289577,-0.0259797753755909,,,0.0015079324720555,4147,
OLS,i,199507,199508,0.0321029709000497,-0.00457214244129414,,,4.68152038860525e-05,4150,
OLS,i,199508,199509,0.0279806185233234,-0.00805034338903499,,,0.000161827768979661,4127,
OLS,i,199509,199510,-0.0681461969630938,0.0110427932267012,,,0.000444924806511482,4141,
OLS,i,199510,199511,0.0131174004557974,-0.0135667600645202,,,0.000595070793120378,4122,
OLS,i,199511,199512,0.00461665792407976,-0.00368938659720142,,,3.11178852697713e-05,4105,
OLS,i,199512,199601,0.0212306642565248,0.0155417466198255,,,0.000497915993385334,4121,
OLS,i,199601,199602,0.042049199573675,-0.00397522608800435,,,3.2199439564562e-05,3980,
OLS,i,199602,199603,0.0179448714932371,0.0207579487979372,,,0.0011822530918848,3991,
OLS,i,199603,199604,0.0700975291721861,-0.000101039741429332,,,1.78157144592461e-08,3970,
OLS,i,199604,199605,0.064419440205101,0.0250863159023375,,,0.000996456474843255,3961,
OLS,i,199605,199606,-0.0617789277098819,0.0347101729759809,,,0.00430941100525262,3983,
OLS,i,199606,199607,-0.135413224900033,0.0693441702808674,,,0.0198544152690092,4363,
OLS,i,199607,199608,0.0453738962392147,-0.0117632215986681,,,0.000441299367272885,4354,
OLS,i,199608,199609,0.036126809813715,-0.0218180195496367,,,0.00151542202673327,4324,
OLS,i,199609,199610,-0.0720001802825481,0.0758229456862142,,,0.0188197040738641,4347,
OLS,i,199610,199611,0.00951742181149141,0.0212413805860026,,,0.00123832073979768,4333,
OLS,i,199611,199612,-0.0246699107061877,0.0228748666899821,,,0.00149351256746821,4322,
OLS,i,199612,199701,0.0841693317268362,-0.036775936059819,,,0.00233508342699629,4304,
OLS,i,199701,199702,-0.0577215626346973,0.0641811623204014,,,0.0142053638214587,4154,
OLS,i,199702,199703,-0.102185856510933,0.091608731257266,,,0.0341946389455001,4172,
OLS,i,199703,199704,-0.0411239873693813,0.0224954841354625,,,0.00173159643812915,4149,
OLS,i,199704,199705,0.122001180386289,-0.0542710796989543,,,0.00752688360202725,4132,
OLS,i,199705,199706,0.017817123188556,0.0313555511959494,,,0.00245516886508912,4147,
OLS,i,199706,199707,0.0451757225709742,0.00811815584736142,,,0.000123675059309103,4522,
OLS,i,199707,199708,0.0336531222165859,0.00302922368271892,,,2.38407593133871e-05,4504,
OLS,i,199708,199709,0.0721338931848353,0.0126782936213507,,,0.000355043310521275,4458,
OLS,i,199709,199710,-0.0483987655066775,0.0396066578384451,,,0.00277576406850366,4462,
OLS,i,199710,199711,-0.0513490988052976,0.0382066877012821,,,0.00552779754285826,4429,
OLS,i,199711,199712,-0.0641087538019205,0.0217197457216299,,,0.00122323253348078,4410,
OLS,i,199712,199801,0.0142816044088633,0.00654969605503848,,,8.26982713210134e-05,4395,
OLS,i,199801,199802,0.0636335086538027,-5.80840052612692e-05,,,8.81919648421103e-09,4240,
OLS,i,199802,199803,0.0261611785486533,0.0278391264209492,,,0.00204155439993592,4236,
OLS,i,199803,199804,0.0102894815169948,0.0238115807670653,,,0.00109507549947474,4187,
OLS,i,199804,199805,-0.082831918062429,0.060852072891913,,,0.0135037738821547,4170,
OLS,i,199805,199806,-0.0349175356186204,-0.00110880915206041,,,3.2835076286819e-06,4187,
OLS,i,199806,199807,-0.0752847871926906,0.0169788543725335,,,0.000624681488953116,4713,
OLS,i,199807,199808,-0.25483462066887,0.0831747907110021,,,0.0225443084904717,4696,
OLS,i,199808,199809,0.0847605391594275,-0.0869274408223898,,,0.0094033703089117,4648,
OLS,i,199809,199810,0.0625743914228204,-0.0495403585246335,,,0.00348102005476547,4632,
OLS,i,199810,199811,0.121881144946104,-0.0702767737558528,,,0.00214707860055297,4564,
OLS,i,199811,199812,0.0382431567566996,-0.035337666225659,,,0.001426894456804,4519,
OLS,i,199812,199901,0.098464082885411,-0.0340086476737204,,,0.000708581238215711,4470,
OLS,i,199901,199902,-0.0717595835292191,0.0242082449146707,,,0.0015347139367019,4315,
OLS,i,199902,199903,0.00607424887761383,-0.0454189132062509,,,0.00338099043130657,4301,
OLS,i,199903,199904,0.0741465999460804,0.0286887905539155,,,0.00112192066038019,4235,
OLS,i,199904,199905,0.0308479905026813,0.0231886686027595,,,0.00117064158502245,4182,
OLS,i,199905,199906,0.0477257511829385,-0.010816929443149,,,0.0002493009740695,4175,
OLS,i,199906,199907,-0.00515292490019193,0.0284630075667923,,,0.00143293129353961,4506,
OLS,i,199907,199908,-0.0444571905335313,0.0156109174075954,,,0.000625120009217328,4483,
OLS,i,199908,199909,-0.000393533927543108,-0.0385476701961163,,,0.00338668713517842,4430,
OLS,i,199909,199910,0.0111286317903573,-0.0528244759945236,,,0.00511511543210785,4394,
OLS,i,199910,199911,0.156975631419927,-0.0915766402080358,,,0.00505368769521519,4355,
OLS,i,199911,199912,0.170364305115897,-0.133673704017536,,,0.0119241524515726,4293,
OLS,i,199912,200001,0.0555453116854169,0.0372049019406267,,,0.00108548656777463,4268,
OLS,i,200001,200002,0.211776015466472,-0.0862302983530054,,,0.00266933070987829,4167,
OLS,i,200002,200003,-0.014522796754905,0.0364854615434101,,,0.00177191555417722,4145,
OLS,i,200003,200004,-0.133098262552071,0.070521861372216,,,0.0085599070093304,4093,
OLS,i,200004,200005,-0.0957915167086707,0.0445441335772385,,,0.00442176458343713,4066,
OLS,i,200005,200006,0.126494736125135,-0.0871703622403092,,,0.00847994945648367,4049,
OLS,i,200006,200007,-0.0857640056910164,0.106843232132091,,,0.0243797395965931,4271,
OLS,i,200007,200008,0.103859477691943,-0.0736818389191884,,,0.00758344686204715,4250,
OLS,i,200008,200009,-0.0836210822134504,0.0653797057734368,,,0.00916820273371,4199,
OLS,i,200009,200010,-0.0829096828449897,0.0265038433548878,,,0.00139474091892688,4156,
OLS,i,200010,200011,-0.220257404402303,0.169705531961012,,,0.0493444303572587,4091,
OLS,i,200011,200012,-0.0555033975524049,0.0532337076719072,,,0.00375002669082924,4032,
OLS,i,200012,200101,0.361339769464903,-0.183918622229147,,,0.0107008297515659,3992,
OLS,i,200101,200102,-0.172009525482889,0.187587482563008,,,0.0690833156200412,3895,
OLS,i,200102,200103,-0.136030397780193,0.11983072212927,,,0.0271723111709549,3863,
OLS,i,200103,200104,0.125435076617458,-0.103711747735229,,,0.0153515796719527,3819,
OLS,i,200104,200105,0.0420116231816467,0.0537488166203553,,,0.0044047160437547,3752,
OLS,i,200105,200106,0.00747517157544113,-0.00145621588983119,,,4.49694952253665e-06,3722,
OLS,i,200106,200107,-0.0703530165019449,0.0702622663832407,,,0.00931905449177395,4030,
OLS,i,200107,200108,-0.0744939828473482,0.0524903805073808,,,0.00596989342117171,3983,
OLS,i,200108,200109,-0.174129745293085,0.0417561933361388,,,0.00333058294790611,3931,
OLS,i,200109,200110,0.147151152945072,-0.0995359319382207,,,0.00870004028819238,3919,
OLS,i,200110,200111,0.105668122382042,-0.045777612784642,,,0.0030687720138215,3894,
OLS,i,200111,200112,0.0611604455294915,0.00570563899112583,,,5.95773448831549e-05,3846,
OLS,i,200112,200201,-0.0401950092934833,0.127512447854825,,,0.02621660353197,3825,
OLS,i,200201,200202,-0.0774843778601405,0.0665314386279145,,,0.0112517612656922,3740,
OLS,i,200202,200203,0.0744091381442066,0.0304138485164431,,,0.00181258178762889,3722,
OLS,i,200203,200204,-0.0826652924447124,0.146369413292774,,,0.0408154249762962,3694,
OLS,i,200204,200205,-0.0632055697036572,0.0741600397910029,,,0.0122562411812484,3658,
OLS,i,200205,200206,-0.131910854636558,0.0947191754014225,,,0.024523639231976,3647,
OLS,i,200206,200207,-0.137480418581222,0.010624403608875,,,0.000256452803721885,3961,
OLS,i,200207,200208,-0.00567622204220913,8.18855313200791e-06,,,1.10482623050245e-10,3934,
OLS,i,200208,200209,-0.106631224909299,0.0127099609501891,,,0.000349159443508329,3889,
OLS,i,200209,200210,0.0918967480163713,-0.0769112283699886,,,0.00633549471890083,3875,
OLS,i,200210,200211,0.179967330008225,-0.0553600002294106,,,0.00231237237530291,3829,
OLS,i,200211,200212,-0.0945688156387536,0.0531155891769419,,,0.00699492146804703,3803,
OLS,i,200212,200301,-0.00467209572847228,0.00216024778230572,,,8.51153429792806e-06,3773,
OLS,i,200301,200302,-0.0398349264543019,0.0173850045453801,,,0.00098934182075483,3697,
OLS,i,200302,200303,0.0292053430434004,-0.0355989781124075,,,0.00271991678692451,3669,
OLS,i,200303,200304,0.127309636999556,-0.040587985102217,,,0.00261426851822133,3621,
OLS,i,200304,200305,0.208635148272707,-0.0994041237882796,,,0.00995070641141615,3587,
OLS,i,200305,200306,0.0442197700549935,0.0235884965158605,,,0.0010977103198575,3574,
OLS,i,200306,200307,0.0606470080258427,0.0389548652231767,,,0.0030232822353341,3635,
OLS,i,200307,200308,0.0483897854618255,0.0191493411070005,,,0.00105916903543102,3611,
OLS,i,200308,200309,0.000140251544318168,0.0465082756715436,,,0.00496116881043829,3579,
OLS,i,200309,200310,0.0580528067958168,0.0661901884564229,,,0.00848862708169773,3560,
OLS,i,200310,200311,0.0172973809024643,0.0461973989197778,,,0.00663241285410499,3530,
OLS,i,200311,200312,0.00539442842292205,0.0609745451565953,,,0.0115127766774604,3506,
OLS,i,200312,200401,0.0627701733270797,0.0382264073463692,,,0.00301540192008787,3477,
OLS,i,200401,200402,-0.00134964878612356,0.0187880546413263,,,0.000878856980862985,3443,
OLS,i,200402,200403,-0.0154910222162601,0.0321495037901597,,,0.0034303985029045,3423,
OLS,i,200403,200404,-0.0289428765173053,-0.00278411928206623,,,3.06320264871207e-05,3397,
OLS,i,200404,200405,-0.00545238522726673,0.00916822824238949,,,0.000402419570704526,3378,
OLS,i,200405,200406,0.0156407093265869,0.0232679111868707,,,0.0027848158090904,3360,
OLS,i,200406,200407,-0.123534673184406,0.0868396294394242,,,0.0354936657962739,3414,
OLS,i,200407,200408,-0.0327431650316937,0.0167440577842319,,,0.00148373036553995,3400,
OLS,i,200408,200409,0.045913947539203,-0.00483166146529412,,,0.000100516335354239,3383,
OLS,i,200409,200410,0.019143171510794,-0.0063429921732418,,,0.000166295487494472,3376,
OLS,i,200410,200411,0.0780929667864111,0.0313432914355848,,,0.00172031991126698,3359,
OLS,i,200411,200412,0.0751685786658735,-0.0153381061132992,,,0.000610363990221741,3341,
OLS,i,200412,200501,-0.0580239527838404,0.0347397414974934,,,0.0057063599405236,3314,
OLS,i,200501,200502,-0.0115593984232947,0.0407027789490236,,,0.00838630467300328,3288,
OLS,i,200502,200503,-0.0611749163444985,0.0575323778673427,,,0.0121024024201081,3276,
OLS,i,200503,200504,-0.0688667017997695,0.00494231413174568,,,0.000129622458403089,3260,
OLS,i,200504,200505,0.0616284190327317,-0.0219941509816737,,,0.0016678209742621,3239,
OLS,i,200505,200506,0.0133689710826744,0.032062185092399,,,0.00489282880609687,3216,
OLS,i,200506,200507,0.0615656844581514,0.0171353245681792,,,0.0010359823190319,3293,
OLS,i,200507,200508,-0.0302869531284912,0.0294069150652987,,,0.00345998123923286,3272,
OLS,i,200508,200509,0.00011124258468972,0.0079233038783964,,,0.000296654692235832,3239,
OLS,i,200509,200510,-0.048004797097131,0.0135342153964477,,,0.000872974380543345,3230,
OLS,i,200510,200511,0.0405170794621399,-0.00673940832715981,,,0.000176204924098533,3201,
OLS,i,200511,200512,0.00100797813882749,0.00792812523156837,,,0.000303862226578744,3179,
OLS,i,200512,200601,0.0855677764844688,0.00203042961803713,,,1.2919237267317e-05,3155,
OLS,i,200601,200602,0.00558333526289114,-0.00787941524055256,,,0.000335138532508772,3107,
OLS,i,200602,200603,0.0343705952423693,0.0199487878086158,,,0.00175945114155851,3100,
OLS,i,200603,200604,-0.0177476230920488,0.0451060219288747,,,0.00871280702447164,3078,
OLS,i,200604,200605,-0.0854931509543364,0.0452297730259451,,,0.0115638174014348,3062,
OLS,i,200605,200606,-0.0267160127145993,0.0196241207855434,,,0.00208440622657369,3034,
OLS,i,200606,200607,-0.0607508278711803,0.0282760999735081,,,0.00449699846535934,3219,
OLS,i,200607,200608,0.0355991972468822,-0.0265223316315356,,,0.0030660404688807,3203,
OLS,i,200608,200609,-0.0055688386780753,0.0221441495811645,,,0.00297454149309584,3185,
OLS,i,200609,200610,0.0604760182009716,-0.0176932381712551,,,0.00111208455095413,3174,
OLS,i,200610,200611,0.0193069964709546,0.00869331318351882,,,0.00033183948659532,3157,
OLS,i,200611,200612,-0.0114972548410303,0.040574363480214,,,0.00758387537922778,3136,
OLS,i,200612,200701,0.0287887238094261,-0.00397635299441139,,,8.39388318267798e-05,3116,
OLS,i,200701,200702,-0.00541566563906338,0.0152225545621125,,,0.00123511983093527,3061,
OLS,i,200702,200703,0.00630401475170406,-0.0089007801091544,,,0.0004602064591539,3050,
OLS,i,200703,200704,0.0348632037485161,-0.0201228556207612,,,0.00215316761464079,3027,
OLS,i,200704,200705,0.0263906596375591,-0.00291906253033497,,,3.99570209822508e-05,2999,
OLS,i,200705,200706,-0.0199650695697899,0.0225626324744959,,,0.00344669240241269,2983,
OLS,i,200706,200707,-0.0536611405332809,0.00832062926731733,,,0.000368435384520027,3142,
OLS,i,200707,200708,0.00237492030634913,-0.0450490400164031,,,0.00725741446598838,3127,
OLS,i,200708,200709,0.028021960227632,-0.0330830571923489,,,0.0051415261391764,3094,
OLS,i,200709,200710,0.0262714680362122,-0.0224259197388718,,,0.00124804970184145,3082,
OLS,i,200710,200711,-0.0873238328367237,-0.0105773363099349,,,0.000377199462882616,3053,
OLS,i,200711,200712,-0.0157291905703622,0.000235200295132906,,,2.02678905547593e-07,3021,
OLS,i,200712,200801,-0.0753325081227617,0.0207726225632296,,,0.00124407951542238,3002,
OLS,i,200801,200802,-0.0181962610277036,-0.00137372569278711,,,5.81786667819273e-06,2964,
OLS,i,200802,200803,-0.0393680448659562,0.0272350438464252,,,0.00254946064602746,2961,
OLS,i,200803,200804,0.0328976848410026,-0.00875884114402387,,,0.000211084354635349,2936,
OLS,i,200804,200805,0.0453607508632843,-0.00368731774265131,,,3.53158621304583e-05,2912,
OLS,i,200805,200806,-0.0962199211379891,0.0178729863892243,,,0.00110844942837285,2892,
OLS,i,200806,200807,0.0204954251916752,-0.0355073660644104,,,0.00285089813791128,3066,
OLS,i,200807,200808,0.0168607310573314,0.0145424774060874,,,0.000589503479929032,3048,
OLS,i,200808,200809,-0.139051521705046,0.0113396671572284,,,0.000418611270141089,3019,
OLS,i,200809,200810,-0.219075976833458,-0.028797203010434,,,0.00159461228614644,3007,
OLS,i,200810,200811,-0.113220631914174,-0.0753794007717971,,,0.00872678215608069,2978,
OLS,i,200811,200812,0.0515843937909247,-0.0280276469352321,,,0.000802674962308014,2955,
OLS,i,200812,200901,-0.00366228038966595,-0.043344395495413,,,0.00202452969278455,2940,
OLS,i,200901,200902,-0.0840217194546117,-0.0577994126071395,,,0.00649915796388834,2896,
OLS,i,200902,200903,0.116759233033876,0.0222392593050598,,,0.000298423181906649,2883,
OLS,i,200903,200904,0.170620249561203,0.140573713284219,,,0.0120673989928831,2859,
OLS,i,200904,200905,0.082213603176899,0.0401155106003998,,,0.000960910514999469,2835,
OLS,i,200905,200906,0.0528122266094017,-0.0200987311409019,,,0.000643973592185487,2817,
OLS,i,200906,200907,0.066985823485764,0.0688562483030023,,,0.00792669264284329,2980,
OLS,i,200907,200908,0.00821259472057911,0.129973893243778,,,0.0188757824463082,2965,
OLS,i,200908,200909,0.0669043604227946,0.0457715030834664,,,0.00426726691615242,2951,
OLS,i,200909,200910,-0.0663830767178023,0.0078995064728858,,,0.00025681476331374,2950,
OLS,i,200910,200911,0.0223870070112334,0.00670973052473052,,,8.26895278639439e-05,2930,
OLS,i,200911,200912,0.0666179782147719,0.0209944038199905,,,0.00107692019508343,2904,
OLS,i,200912,201001,-0.0355865468063862,0.0324969758404291,,,0.00443006461118345,2887,
OLS,i,201001,201002,0.0324416190452533,0.0247250317946957,,,0.0029156682808843,2849,
OLS,i,201002,201003,0.0665816045380583,0.0402669615058983,,,0.0032902347926097,2841,
OLS,i,201003,201004,0.0392637025648702,0.0709715340834197,,,0.0138546442304801,2822,
OLS,i,201004,201005,-0.0693563110110501,-0.0229603670463444,,,0.00340781045389071,2805,
OLS,i,201005,201006,-0.0570121549407364,-0.0405296612716547,,,0.00944833970706438,2803,
OLS,i,201006,201007,0.0622684473726667,0.0048999449216711,,,0.000110404695492727,2868,
OLS,i,201007,201008,-0.061935505893223,-0.0119457395846549,,,0.000601625049419186,2840,
OLS,i,201008,201009,0.138720372660626,-0.0255858829818081,,,0.00258629362557239,2825,
OLS,i,201009,201010,0.0434803804944723,0.00993037500461274,,,0.0004148107858154,2806,
OLS,i,201010,201011,0.0222198376619314,0.0160505147245462,,,0.00103061669008342,2787,
OLS,i,201011,201012,0.0865267405003707,-0.00214237044761774,,,1.54044143799714e-05,2763,
OLS,i,201012,201101,0.00328710561232119,0.0296790077480008,,,0.00331247028073856,2735,
OLS,i,201101,201102,0.0404459985390013,0.0175310684945249,,,0.000948006332595175,2714,
OLS,i,201102,201103,0.0299212146153815,-0.0179050348436385,,,0.0013551024510301,2698,
OLS,i,201103,201104,0.0344043601096824,-0.0323329892555133,,,0.00625803175745932,2682,
OLS,i,201104,201105,-0.00888549868492403,-0.0204765462800659,,,0.00213283564954558,2665,
OLS,i,201105,201106,-0.0378899759802864,0.0246438320973359,,,0.00364731950612196,2637,
OLS,i,201106,201107,-0.0477314907514297,0.0430288439240332,,,0.00921588402748441,2698,
OLS,i,201107,201108,-0.0884141098213079,-0.0179027611879528,,,0.00168051732380359,2685,
OLS,i,201108,201109,-0.114283135238337,0.00308576845926977,,,4.59477976303413e-05,2671,
OLS,i,201109,201110,0.157844105196749,-0.0464014994959554,,,0.00586183464574852,2665,
OLS,i,201110,201111,-0.0273120925225957,0.0178929420380206,,,0.00101738155169218,2650,
OLS,i,201111,201112,-0.0165092707991209,0.0291416286546242,,,0.00359424027170585,2630,
OLS,i,201112,201201,0.112944757388096,-0.0305511733269117,,,0.00246615886013291,2625,
OLS,i,201201,201202,0.0392120672949095,-0.000640450271423781,,,1.47060253985476e-06,2589,
OLS,i,201202,201203,0.0267916006930664,-0.0024349620505918,,,2.71827109182832e-05,2574,
OLS,i,201203,201204,-0.026171371055594,0.0183048336892674,,,0.00137469956576985,2562,
OLS,i,201204,201205,-0.0798561267075231,0.00359257750735384,,,5.37719733464392e-05,2549,
OLS,i,201205,201206,0.04081776996139,-0.00119323000111128,,,6.73825358099567e-06,2555,
OLS,i,201206,201207,-0.00648402557470627,-0.0132553658203414,,,0.000701852441324591,2657,
OLS,i,201207,201208,0.0338499389124774,-0.00898699407189278,,,0.000341000494908594,2642,
OLS,i,201208,201209,0.045083423263904,-0.0113469863404841,,,0.000405793475313443,2626,
OLS,i,201209,201210,-0.0442353523358928,0.039824006527917,,,0.00604485110846498,2614,
OLS,i,201210,201211,0.00142418433289518,0.0137245503355221,,,0.000631508084950383,2592,
OLS,i,201211,201212,0.00989207277667458,0.0322834930123951,,,0.00564040600095717,2578,
OLS,i,201212,201301,0.0576834446607425,0.0253894363305509,,,0.00286342515157745,2565,
OLS,i,201301,201302,6.83568675623019e-05,0.0131292457851539,,,0.000900981974851334,2535,
OLS,i,201302,201303,0.0562538807688713,-0.022941066524658,,,0.0027917224178261,2530,
OLS,i,201303,201304,0.0156636138084039,-0.0362489427145357,,,0.00618698394152017,2515,
OLS,i,201304,201305,0.0433313794771222,0.0218113068546416,,,0.00164331880655222,2498,
OLS,i,201305,201306,-0.00597710668519578,0.000662735493065974,,,2.23790773035137e-06,2496,
OLS,i,201306,201307,0.0871787900429871,-0.0208987401433843,,,0.00144859346497006,2586,
OLS,i,201307,201308,-0.0234934667090955,0.0114145328158342,,,0.000542392273844783,2575,
OLS,i,201308,201309,0.0554842246229216,0.0155881402002193,,,0.000899268041159029,2559,
OLS,i,201309,201310,-0.00420392688655207,0.0617877699202343,,,0.0177188808617231,2547,
OLS,i,201310,201311,0.0585560387488542,-0.0293517302965537,,,0.00345560727539074,2528,
OLS,i,201311,201312,0.032479006141382,-0.0020877836205992,,,2.1749801751958e-05,2512,
OLS,i,201312,201401,0.00777775554284216,-0.0154364727700243,,,0.000608714077723893,2502,
OLS,i,201401,201402,0.0513356092262293,-0.000615794744460821,,,1.95911638312118e-06,2483,
OLS,i,201402,201403,-0.0292779670134363,0.0543289525088597,,,0.014645109563541,2468,
OLS,i,201403,201404,-0.0429327351202257,0.0104035900401533,,,0.000732569426514562,2459,
OLS,i,201404,201405,0.00507052287067026,-0.0107428318154057,,,0.000692714164096775,2450,
OLS,i,201405,201406,0.0503661747930146,-0.0138934662716686,,,0.000966916371469062,2445,
OLS,i,201406,201407,-0.048527141812758,0.00219807829547151,,,2.83225526719333e-05,2541,
OLS,i,201407,201408,0.0468331440596379,-0.0064887619078184,,,0.000145187887579779,2540,
OLS,i,201408,201409,-0.048080315575765,-0.0144803141870542,,,0.000985685663643987,2530,
OLS,i,201409,201410,0.0517341349222399,-0.0562813738169881,,,0.0113060758207914,2523,
OLS,i,201410,201411,0.017606845205066,-0.0369205237699902,,,0.00621658662654034,2509,
OLS,i,201411,201412,0.00777437190674162,0.00880532314803252,,,0.000195738261714595,2500,
OLS,i,201412,201501,-0.0177915185583971,-0.0280713347262434,,,0.00324378667750547,2484,
OLS,i,201501,201502,0.0851473545695419,-0.0201824491691648,,,0.0013328230380425,2457,
OLS,i,201502,201503,0.00328211287112899,-0.016521767813466,,,0.00134914740978132,2442,
OLS,i,201503,201504,-0.0215255732105215,0.0485446490817639,,,0.00342881792887362,2428,
OLS,i,201504,201505,0.0165999968980048,-0.0242278770804274,,,0.00237656677878984,2420,
OLS,i,201505,201506,0.00355383080138228,-0.0254996295059221,,,0.00398557318704051,2419,
OLS,i,201506,201507,0.00988627179404249,-0.102636781486561,,,0.0453835831354302,2562,
OLS,i,201507,201508,-0.0848373871532355,0.0750840560420618,,,0.016244697004353,2548,
OLS,i,201508,201509,-0.0672321145142786,-0.00200849419048011,,,1.70151018311637e-05,2537,
OLS,i,201509,201510,0.0644815586707077,-0.00988506183001133,,,0.000288537391821886,2529,
OLS,i,201510,201511,0.0333881258106577,-0.022895241722762,,,0.000326784103626077,2506,
OLS,i,201511,201512,-0.0333455314838682,-0.0375676009099828,,,0.00526966306597687,2495,
OLS,i,201512,201601,-0.109426621488891,0.0254797628460788,,,0.002493668498871,2485,
OLS,i,201601,201602,0.00583690479085907,0.0089940947329208,,,0.000246069612315103,2444,
OLS,i,201602,201603,0.0625040566358446,0.0525242556455242,,,0.00548456723913737,2435,
OLS,i,201603,201604,0.00324007329334286,0.0607334238422829,,,0.0128412406296452,2422,
OLS,i,201604,201605,0.0175032704780539,-0.0378942696247347,,,0.00259731832642318,2403,
OLS,i,201605,201606,-0.0331394354591285,0.0666380558439325,,,0.00902216475816908,2395,
OLS,i,201606,201607,0.0586537459631405,0.00945650430871032,,,0.00021783906575612,2620,
OLS,i,201607,201608,0.00641345211210704,0.0265175786997166,,,0.00181398854015369,2605,
OLS,i,201608,201609,0.0304105847840533,-0.0147259713353286,,,0.000403244440412065,2589,
OLS,i,201609,201610,-0.0767173408676118,0.0232564773393873,,,0.00288554654053974,2568,
OLS,i,201610,201611,0.0458592932378643,0.0823624855425551,,,0.0165850692381343,2555,
OLS,i,201611,201612,-0.0088790284101124,0.0386730727086113,,,0.00605050087360937,2536,
OLS,i,201612,201701,0.0335023816591821,-0.0232023589622329,,,0.00176075923465724,2528,
OLS,i,201701,201702,0.040455633335645,-0.05287524826902,,,0.0121851374917863,2505,
OLS,i,201702,201703,0.0113070639864681,-0.00328567861477716,,,4.31742244675348e-05,2489,
OLS,i,201703,201704,0.00892713866812162,-0.0124907827763159,,,0.000698949264065996,2478,
OLS,i,201704,201705,-0.0110045850486678,-0.0200403728455816,,,0.001447072298013,2461,
OLS,i,201705,201706,0.0360344940360017,-0.00340156825687165,,,1.9717720095791e-05,2455,
OLS,i,201706,201707,-0.00118310245008066,-0.00401551707923981,,,0.000102625143146962,2592,
OLS,i,201707,201708,-0.00923160339762124,-0.0150962189810916,,,0.000726929112722985,2593,
OLS,i,201708,201709,0.0551863702603097,0.0377681385010861,,,0.00334252584539119,2574,
OLS,i,201709,201710,-0.0165691310835802,0.0273974944159875,,,0.00275551276989372,2562,
OLS,i,201710,201711,0.0209076114845993,0.0270470067607494,,,0.00194975443266321,2547,
OLS,i,201711,201712,0.0048980137936894,0.0153657836808524,,,0.000816758695747377,2524,
OLS,i,201712,201801,0.0465536199577639,-0.0228145564691937,,,0.00166304878129642,2507,
OLS,i,201801,201802,-0.0360996609015333,-0.0157990123875024,,,0.00115846497824701,2485,
OLS,i,201802,201803,0.00628700155345913,-0.005754847900012,,,0.000101174548757133,2476,
OLS,i,201803,201804,0.00204586418644307,0.00372993352017101,,,6.20378371900543e-05,2463,
OLS,i,201804,201805,0.0650164127907671,-0.0258667605370629,,,0.00201892276119953,2451,
OLS,i,201805,201806,0.012771260270483,-0.0118558569849637,,,0.000327486848441971,2449,
OLS,i,201806,201807,0.00331472063844011,-0.000328654037794372,,,5.17628105045631e-07,2561,
OLS,i,201807,201808,0.0682345868154369,-0.0606876089614514,,,0.0102734885805041,2552,
OLS,i,201808,201809,0.00172276013911029,-0.037817526656982,,,0.0047658680461975,2543,
OLS,i,201809,201810,-0.123132427329438,0.026276459280735,,,0.00256150110362807,2537,
OLS,i,201810,201811,0.00427441777125552,-0.0255917656757966,,,0.00213326066300967,2519,
OLS,i,201811,201812,-0.12959624994661,-0.0197687782781147,,,0.00165736655390858,2503,
OLS,i,201812,201901,0.155301144819256,-0.00191976257184596,,,1.47199882571947e-06,2490,
OLS,i,201901,201902,0.0688417825309023,-0.0367287180379124,,,0.00413124396342124,2464,
OLS,i,201902,201903,0.00406948770554631,-0.0346923740778681,,,0.00226526198981625,2453,
OLS,i,201903,201904,0.0161991200259833,0.00787298725548901,,,0.000209984628396498,2434,
OLS,i,201904,201905,-0.07143665449128,-0.0421327008771485,,,0.00562740581193,2424,
OLS,i,201905,201906,0.0795950013831916,-0.0506925816987508,,,0.00762460408219501,2422,
OLS,i,201906,201907,-0.00191213372742746,-0.0240570071487253,,,0.00203752185247075,2572,
OLS,i,201907,201908,-0.0255399045078328,-0.0606176812467444,,,0.0100602567106279,2562,
OLS,i,201908,201909,-0.0181910009087912,0.078861720792526,,,0.018986217907325,2552,
OLS,i,201909,201910,0.0285344783149214,-0.0575632505626991,,,0.00796836640757748,2548,
OLS,i,201910,201911,0.0617148235382386,-0.0565001126397626,,,0.00576063977485564,2529,
OLS,i,201911,201912,0.0226509953346514,0.0513517065932128,,,0.00488197634697951,2518,
OLS,i,201912,202001,0.0294772655587134,-0.0884864349105459,,,0.0094197459616262,2498,
OLS,i,202001,202002,-0.0505141228576076,-0.0528045603600874,,,0.0031929895044408,2478,
OLS,i,202002,202003,-0.167104410668041,-0.124891949034784,,,0.0193368377438407,2479,
OLS,i,202003,202004,0.179982330866517,0.0651898760244413,,,0.00322803273047334,2465,
OLS,i,202004,202005,0.112278914616459,-0.04529772905944,,,0.00218437430098051,2454,
OLS,i,202005,202006,0.0505565915688752,0.0461264064270367,,,0.00213716252034946,2439,
OLS,i,202006,202007,0.0351211720314014,0.0369906382385501,,,0.00126169051019287,2616,
OLS,i,202007,202008,0.0538983036022706,-0.0126625122270054,,,0.000228151688944633,2610,
OLS,i,202008,202009,-0.0178253917625829,-0.0222071755615882,,,0.00126782734294495,2601,
OLS,i,202009,202010,-0.00861782349334895,0.0276170887921989,,,0.00237034734137331,2594,
OLS,i,202010,202011,0.174525032350381,0.085287840767203,,,0.00603328512772983,2585,
OLS,i,202011,202012,0.100826443459185,-0.0137758627194353,,,0.000195064337393136,2578,
OLS,i,202012,202101,0.0572284526709263,0.164835335221153,,,0.00644792717810439,2567,
OLS,i,202101,202102,0.0541555975272425,0.0804216759199238,,,0.00893239749945118,2549,
OLS,i,202102,202103,-0.0229833566451425,0.0806160601218558,,,0.00779225583542387,2543,
OLS,i,202103,202104,0.0147652423517988,-0.000221406312031499,,,5.06939328293043e-08,2536,
OLS,i,202104,202105,-0.0235570814304026,0.0850424651036763,,,0.0170843167926871,2524,
OLS,i,202105,202106,0.0409059737873761,-0.0101769866409471,,,0.00024038634678647,2520,
OLS,i,202106,202107,-0.0494913721309949,0.0149566035266092,,,0.000826362690199756,2660,
OLS,i,202107,202108,0.020741440959662,0.00491350121464878,,,7.15064758419759e-05,2659,
OLS,i,202108,202109,-0.0542924482174259,0.0474724236324406,,,0.00550862141111508,2650,
OLS,i,202109,202110,0.0218508685356953,0.000354819753908136,,,4.3542411043429e-07,2647,
OLS,i,202110,202111,-0.0780288164727236,0.0394723799458385,,,0.00521913596921186,2636,
OLS,i,202111,202112,-0.0229038155277673,0.0479707964381188,,,0.00667944084691063,2621,
OLS,i,202112,202201,-0.149762067163964,0.122593085263273,,,0.070406012328417,2613,
OLS,i,202201,202202,-0.0276453086393056,0.0522339574585224,,,0.00941491886575796,2595,
OLS,i,202202,202203,0.0211470606186051,0.0137214521325169,,,0.000321177241640602,2595,
OLS,i,202203,202204,-0.170969001020976,0.108390270533978,,,0.0434816762279286,2583,
OLS,i,202204,202205,-0.0690447576658333,0.0879089883882508,,,0.0218445972764521,2572,
OLS,i,202205,202206,-0.0404359107856171,-0.0637199958674038,,,0.0102062931363808,2569,
OLS,i,202206,202207,0.12700611728569,-0.0793209705438702,,,0.014587995904493,2766,
OLS,i,202207,202208,0.00307794443637522,-0.00837313575062894,,,0.000124679077581735,2763,
OLS,i,202208,202209,-0.104567200114469,-0.0357088298679706,,,0.00466023709721652,2752,
OLS,i,202209,202210,0.0512184037269381,0.0452342473412702,,,0.00296007438197499,2744,
OLS,i,202210,202211,0.0219092478766139,-0.0174500448267685,,,0.000574023565948489,2734,
OLS,i,202211,202212,-0.0554911849953278,-0.0103001680293431,,,0.00014539709060124,2723,
OLS,i,202212,202301,0.13925277487788,0.0355690332312722,,,0.00144984736847165,2726,
OLS,i,202301,202302,-0.0423967663251856,-0.0115267125595499,,,0.000514380218755162,2691,
OLS,i,202302,202303,-0.0266612775920036,-0.0611748853630242,,,0.00730956792674209,2672,
OLS,i,202303,202304,-0.025035695225667,-0.0031763957320894,,,2.93443234354873e-05,2656,
OLS,i,202304,202305,0.0177032432535867,-0.0455484475017902,,,0.00355767142325392,2644,
OLS,i,202305,202306,0.0508309605712602,0.0249890645491931,,,0.00109938001128951,2643,
OLS,i,202306,202307,0.0273778721598212,0.0323611686821901,,,0.00216625719538388,3040,
OLS,i,202307,202308,-0.0732339117269365,0.00246090306239216,,,9.882522458593e-06,3039,
OLS,i,202308,202309,-0.0875185923170565,0.0247016280126823,,,0.00116385675954378,3017,
OLS,i,202309,202310,-0.0906698711983963,0.00394632091145843,,,1.5122011183144e-05,3011,
OLS,i,202310,202311,0.0956266213750406,-0.0273233222597483,,,0.000725810775047298,2987,
OLS,i,202311,202312,0.101474765917833,0.0402320229156163,,,0.00167782914838444,2961,
OLS,i,202312,202401,-0.0471643680161105,0.0235870639528595,,,0.000768817340972339,2944,
OLS,i,202401,202402,0.0572383526731658,0.00373708498813944,,,1.63612832544402e-05,2914,
OLS,i,202402,202403,0.00861738850037053,0.0288193156034146,,,0.00131668534072782,2902,
OLS,i,202403,202404,-0.0782282733411995,-0.00622186870111505,,,8.70571531745856e-05,2881,
OLS,i,202404,202405,0.0138055594879907,0.0584869093123086,,,0.000801969773537081,2866,
OLS,i,202405,202406,-0.00715542464317284,-0.0627808964117833,,,0.00899533057081658,2843,
OLS,i,202406,202407,0.0360060856956896,0.0519140178907109,,,0.00520954273869767,2983,
OLS,i,202407,202408,-0.0232151966974559,-0.0245862171084695,,,0.000971686074528244,2957,
OLS,i,202408,202409,-0.0048022742613283,0.00884581506272119,,,0.000143709887507337,2940,
OLS,i,202409,202410,-0.00270437377890441,-0.0119946478445798,,,0.000218130378776382,2927,
OLS,i,202410,202411,0.108500412132485,-0.0440592241734528,,,0.000703448729902467,2911,
OLS,i,202411,202412,-0.0512270249817412,0.0282598003472439,,,0.000628587996090446,2894,
OLS,ii,197306,197307,0.116934254302536,,0.0256296882686318,,0.00219773675390988,2338,
OLS,ii,197307,197308,-0.0441912961813287,,-0.0213956320555187,,0.00347341940684309,2394,
OLS,ii,197308,197309,0.0947311239022757,,-0.0188407023267128,,0.00154218402208917,2413,
OLS,ii,197309,197310,0.0253847882807473,,-0.0563940791783106,,0.0151544679376552,2493,
OLS,ii,197310,197311,-0.175331022524536,,-0.0500141659579803,,0.0127992806975091,2529,
OLS,ii,197311,197312,-0.0202089648567551,,-0.0492578525732567,,0.0105493363688605,2564,
OLS,ii,197312,197401,0.158011622771683,,-0.0396914188108143,,0.00290505469454894,2686,
OLS,ii,197401,197402,0.0110881571395094,,-0.0179016465521948,,0.0016325558928596,2721,
OLS,ii,197402,197403,-0.00891808677277431,,0.0274570355604588,,0.00397367893613132,2755,
OLS,ii,197403,197404,-0.0608502327920515,,0.0103381561133138,,0.000867278960292928,2834,
OLS,ii,197404,197405,-0.090717244145297,,0.0324740521713349,,0.00741731453020023,2878,
OLS,ii,197405,197406,-0.0165574948533696,,-0.0233470189038595,,0.00358081393745724,2894,
OLS,ii,197406,197407,-0.0432953431772802,,-0.0303040965730449,,0.00514068247270061,2923,
OLS,ii,197407,197408,-0.0707470302146864,,-0.0270127097117495,,0.00449291482170633,2926,
OLS,ii,197408,197409,-0.0937944329564981,,-0.0115124978634794,,0.000644497785573517,2915,
OLS,ii,197409,197410,0.114265088274392,,-0.0313138444177703,,0.00199100953798748,2930,
OLS,ii,197410,197411,-0.0574980447309512,,-0.00474285584186595,,0.000106483155009607,2922,
OLS,ii,197411,197412,-0.0878215655657906,,-0.00191372754948943,,1.60324978690785e-05,2914,
OLS,ii,197412,197501,0.297443333880229,,0.00619729154675941,,4.16273141149448e-05,2928,
OLS,ii,197501,197502,0.053425123181077,,0.00643739282922611,,0.000138424138899196,2928,
OLS,ii,197502,197503,0.0714461270209948,,0.0505276586200607,,0.006741586796566,2926,
OLS,ii,197503,197504,0.0391483348332519,,0.00775277308899216,,0.000184593544972911,2943,
OLS,ii,197504,197505,0.0739363696530175,,0.00724356209544895,,0.000159711394347117,2932,
OLS,ii,197505,197506,0.0869012628897187,,-0.0214146012666282,,0.00150517164583563,2939,
OLS,ii,197506,197507,-0.008531288791985,,-0.0088013376063849,,0.000341528741187536,3003,
OLS,ii,197507,197508,-0.0577036956732839,,0.00524324410261235,,0.00022961217098405,3000,
OLS,ii,197508,197509,-0.047749757944336,,0.014985729470656,,0.00170727513887181,2996,
OLS,ii,197509,197510,-0.00540684456146259,,0.0443717311466889,,0.00978788171366107,2991,
OLS,ii,197510,197511,-0.00466273395796122,,0.0486650505413395,,0.011763685567963,2988,
OLS,ii,197511,197512,-0.00204720043606902,,-0.0208629347839976,,0.00246614363832109,2982,
OLS,ii,197512,197601,0.232348593409838,,-0.0384555409963998,,0.00324835655295397,2923,
OLS,ii,197601,197602,0.131258873937903,,-0.0269653582345151,,0.00175822522887459,2982,
OLS,ii,197602,197603,0.00689920803365792,,0.0177895389570045,,0.00131246194146006,2944,
OLS,ii,197603,197604,-0.0100177962560968,,-0.0100614070176878,,0.000646464164951288,2959,
OLS,ii,197604,197605,-0.0160438517575046,,-0.0230414700341525,,0.0043473606555855,2952,
OLS,ii,197605,197606,0.0368230920497852,,-0.0197824994501513,,0.00258261634298473,2944,
OLS,ii,197606,197607,-0.00930953832883539,,0.00475133240480777,,0.00019077287059388,2973,
OLS,ii,197607,197608,-0.0320776943497148,,0.0123377307046086,,0.00126747516465864,2764,
OLS,ii,197608,197609,0.0130763228541921,,-0.00236097210810843,,4.09795783932188e-05,2958,
OLS,ii,197609,197610,-0.0271108664319855,,-0.00706427226567532,,0.00038749559643525,2947,
OLS,ii,197610,197611,0.0229572294953357,,-0.000795550096087499,,4.14369781842616e-06,2960,
OLS,ii,197611,197612,0.101355281621735,,-0.00744276929166919,,0.000239975105725487,2956,
OLS,ii,197612,197701,0.0465122253700408,,-0.0317506238688131,,0.00404014991885748,2933,
OLS,ii,197701,197702,-0.00481346075330857,,-0.0012017881167429,,1.04208848207277e-05,2942,
OLS,ii,197702,197703,0.0142515274209669,,-0.0141997322426741,,0.000804162696841138,2940,
OLS,ii,197703,197704,0.0222447152796064,,-0.0211548016045742,,0.00307001123505513,2942,
OLS,ii,197704,197705,-0.0062940471409655,,0.0080995040700992,,0.000431947816676215,2945,
OLS,ii,197705,197706,0.0552913299348443,,0.000893091005035859,,5.15184759464216e-06,2933,
OLS,ii,197706,197707,-0.00768841231649666,,0.0149353376421172,,0.00163506694221438,2978,
OLS,ii,197707,197708,-0.02996441132266,,0.034691802039238,,0.00980695926790165,2981,
OLS,ii,197708,197709,0.0027465560185544,,0.00844507466372402,,0.000580713796696997,2969,
OLS,ii,197709,197710,-0.0397778348010791,,0.0145476961462629,,0.00136555656313853,2965,
OLS,ii,197710,197711,0.068272350909067,,0.0112028851182597,,0.000625846376088646,2960,
OLS,ii,197711,197712,0.0142636280077825,,0.0030864708710436,,7.21953089451999e-05,2948,
OLS,ii,197712,197801,-0.0133121734071392,,-0.018320443127911,,0.00236906529540337,2949,
OLS,ii,197801,197802,0.0100806890689497,,0.0190522014682898,,0.00282593042756218,2931,
OLS,ii,197802,197803,0.06835558223703,,-0.00269982383054062,,4.06095898332071e-05,2921,
OLS,ii,197803,197804,0.0780184423378773,,0.0120904674035041,,0.000765337286669499,2911,
OLS,ii,197804,197805,0.0628341572294115,,0.0200165102583374,,0.00164412288587978,2901,
OLS,ii,197805,197806,0.00120547368553425,,-0.00618794394309345,,0.000208473121604436,2875,
OLS,ii,197806,197807,0.0557737547811834,,-0.00747373178098708,,0.00032607254684125,2884,
OLS,ii,197807,197808,0.0778151074624267,,0.0280914747429278,,0.00215740473285209,2887,
OLS,ii,197808,197809,0.0124979308006066,,-0.0360811935037641,,0.00712115376105926,2872,
OLS,ii,197809,197810,-0.206352326175141,,-0.0119097528489835,,0.000761517505489473,2865,
OLS,ii,197810,197811,0.0377497805147174,,0.0246574032010569,,0.00306568793430595,2858,
OLS,ii,197811,197812,0.000193150268789531,,0.00961186601736467,,0.000602099109314858,2846,
OLS,ii,197812,197901,0.105343707349227,,-0.0195407239104287,,0.00167011261621375,2853,
OLS,ii,197901,197902,-0.0257915867959968,,-0.0154146310823269,,0.00214534130136324,2839,
OLS,ii,197902,197903,0.0986436864654715,,-0.0344893503366713,,0.00600617264525494,2837,
OLS,ii,197903,197904,0.0288032443636648,,-0.0201053428468417,,0.00273846299674407,2853,
OLS,ii,197904,197905,-0.0195927606270679,,-0.00407241452414491,,0.00011540382419517,2854,
OLS,ii,197905,197906,0.0703570049855429,,-0.0609128225791124,,0.0164620680882209,2845,
OLS,ii,197906,197907,0.011730084306994,,0.00245646969725842,,4.34778308379125e-05,2895,
OLS,ii,197907,197908,0.0650267623790537,,0.0180710633930472,,0.00169911773694276,2893,
OLS,ii,197908,197909,0.000867617789022715,,-0.0204624704556328,,0.00262912827717254,2883,
OLS,ii,197909,197910,-0.108475888090453,,0.00535439554302555,,0.000179323781444696,2882,
OLS,ii,197910,197911,0.0650879737340765,,-0.0102471552550229,,0.000483553814224713,2881,
OLS,ii,197911,197912,0.0708820364780818,,-0.0255814523017109,,0.00293841663135397,2871,
OLS,ii,197912,198001,0.13826083868362,,-0.0803675450002349,,0.0163842483842439,2893,
OLS,ii,198001,198002,-0.00579379469361366,,-0.0251147627953854,,0.00302043159429433,2882,
OLS,ii,198002,198003,-0.202940791092342,,0.0463203327443205,,0.0156282303310664,2876,
OLS,ii,198003,198004,0.0342458900947692,,-0.00502466555669943,,0.000136934978658743,2897,
OLS,ii,198004,198005,0.0539645339506219,,0.0211891916493294,,0.00242074257604819,2898,
OLS,ii,198005,198006,0.0375926721920569,,-0.00954482036700373,,0.000567385842117796,2891,
OLS,ii,198006,198007,0.0802991182591162,,0.0406143177725974,,0.00656331629938223,3014,
OLS,ii,198007,198008,0.0662932171657659,,0.00784482182232117,,0.000237598991456034,3033,
OLS,ii,198008,198009,0.0407252677600477,,-0.00149699669754026,,7.24670498852831e-06,3026,
OLS,ii,198009,198010,0.0369375608956965,,-0.0111368428759719,,0.000448467913039652,3037,
OLS,ii,198010,198011,0.0921748870973193,,-0.0552415020583543,,0.0077659560539981,3040,
OLS,ii,198011,198012,-0.0741103316224381,,0.0440553799887187,,0.00877589789247335,3043,
OLS,ii,198012,198101,-0.0129761088248647,,0.0109755537773825,,0.000603811485287431,3052,
OLS,ii,198101,198102,-0.00195222904489075,,-0.0016292638249332,,1.5335806800576e-05,3034,
OLS,ii,198102,198103,0.0579265573087615,,0.0242312783843678,,0.0018782014349592,3020,
OLS,ii,198103,198104,-0.0105221989229086,,0.0629099836632262,,0.0142355591385117,3020,
OLS,ii,198104,198105,0.0102584476519159,,0.0230809975614086,,0.00228175321340629,3009,
OLS,ii,198105,198106,-0.0420006700089565,,0.0304658126935851,,0.00480397610881123,3006,
OLS,ii,198106,198107,-0.0177910576393864,,-0.0335489044891366,,0.00715009617365792,3102,
OLS,ii,198107,198108,-0.0977565473277182,,0.00917287904136618,,0.000559341627740961,3092,
OLS,ii,198108,198109,-0.130498845420339,,0.058440072117037,,0.0202495167589314,3075,
OLS,ii,198109,198110,0.0609481468432317,,0.00136409164040814,,6.95166799025149e-06,3111,
OLS,ii,198110,198111,-0.0114493474970646,,0.0269577437234004,,0.00344554791984653,3103,
OLS,ii,198111,198112,-0.0526005036721528,,0.0473402533869612,,0.0115776194879177,3106,
OLS,ii,198112,198201,-0.0385060358049847,,0.0237199754316979,,0.00301359367067866,3134,
OLS,ii,198201,198202,-0.0850780172141664,,0.0564652190596888,,0.0153648565963911,3148,
OLS,ii,198202,198203,-0.046175062751876,,0.0489748519999617,,0.0100282367136745,3143,
OLS,ii,198203,198204,0.0322704617608189,,0.0265658558532328,,0.00235180386192979,3177,
OLS,ii,198204,198205,-0.0474759167128114,,0.0233206552618599,,0.00271233292804507,3175,
OLS,ii,198205,198206,-0.0660322012595864,,0.0482203958243053,,0.0114845357290878,3167,
OLS,ii,198206,198207,-0.0631157272390267,,0.0671782784886215,,0.0180012360811841,3302,
OLS,ii,198207,198208,0.0514035915876717,,0.00365409411077819,,4.53926279819772e-05,3323,
OLS,ii,198208,198209,-0.00615156404034413,,0.0577025698478864,,0.00956574639969798,3320,
OLS,ii,198209,198210,0.123623160589458,,0.0134627753374587,,0.000325711763707104,3343,
OLS,ii,198210,198211,0.0444417171271944,,0.0932088750554635,,0.0137868988165446,3349,
OLS,ii,198211,198212,0.009007102929682,,0.0211582808633834,,0.00107175200540455,3365,
OLS,ii,198212,198301,0.170209651737779,,-0.108064070826846,,0.0137940988942618,3395,
OLS,ii,198301,198302,0.00718656501246431,,0.0836627647904296,,0.0193301781198421,3380,
OLS,ii,198302,198303,0.0429281480351821,,0.00513539059106822,,6.42059161770625e-05,3378,
OLS,ii,198303,198304,0.0681951971050899,,0.00237112888448541,,1.54324310985832e-05,3382,
OLS,ii,198304,198305,0.133981651160057,,-0.0700128852971102,,0.0101056137314703,3373,
OLS,ii,198305,198306,0.0526453237612098,,0.00043336751027918,,4.82331463547148e-07,3356,
OLS,ii,198306,198307,-0.0234762444908508,,-0.0131882244557748,,0.000772321375006047,3428,
OLS,ii,198307,198308,-0.0481434169166294,,0.00493779731862254,,0.000127354022751436,3421,
OLS,ii,198308,198309,-0.0261684202546522,,0.0380558956057938,,0.00651770062311152,3409,
OLS,ii,198309,198310,-0.0750313455161629,,0.00768533129478563,,0.000308981887495841,3411,
OLS,ii,198310,198311,0.00268137693513282,,0.0469085130382633,,0.00868130649967247,3402,
OLS,ii,198311,198312,-0.0419123920416558,,0.0211972956915714,,0.00262829570774836,3401,
OLS,ii,198312,198401,0.019655475098565,,-0.0505492242344033,,0.0101554442194721,3422,
OLS,ii,198401,198402,-0.0616958259599393,,-0.0156871271052722,,0.00149787233377485,3409,
OLS,ii,198402,198403,-0.00237525784589855,,0.00672869560815816,,0.000178678388670472,3397,
OLS,ii,198403,198404,-0.0455933991801993,,0.0338521515594476,,0.00622819765937011,3421,
OLS,ii,198404,198405,-0.0701715633417606,,0.0245588985489438,,0.00281919644281259,3426,
OLS,ii,198405,198406,-0.0155291717763892,,0.0517072980453765,,0.0120016806643977,3424,
OLS,ii,198406,198407,-0.0866741658507233,,0.0491613081755397,,0.0117655813138348,3614,
OLS,ii,198407,198408,0.0728869076193479,,0.0346263379508602,,0.00338989791935751,3635,
OLS,ii,198408,198409,-0.0229579122628449,,0.00750448108970389,,0.000221994819856963,3622,
OLS,ii,198409,198410,-0.0633289157703168,,0.0462926950923407,,0.00845010502040311,3640,
OLS,ii,198410,198411,-0.0741068150555742,,0.0471382906519154,,0.00950705898192816,3630,
OLS,ii,198411,198412,-0.0250534432161178,,0.0430387896047545,,0.00601626243424014,3622,
OLS,ii,198412,198501,0.120543113120164,,0.00733769079096398,,0.000104512571593052,3668,
OLS,ii,198501,198502,0.0493848024822233,,-0.00757951001407457,,0.000118517148177566,3668,
OLS,ii,198502,198503,-0.0237226717479726,,-0.00417625954768514,,5.59219163072111e-05,3655,
OLS,ii,198503,198504,-0.0387345802460175,,0.0206854851837776,,0.00211567478026087,3673,
OLS,ii,198504,198505,-0.00491595125030771,,0.0438272049975709,,0.00707482009478166,3661,
OLS,ii,198505,198506,-0.030856675783924,,0.0422508457707504,,0.00755272770149607,3649,
OLS,ii,198506,198507,0.014587995969291,,-1.88977990901355e-05,,1.41481160120804e-09,3749,
OLS,ii,198507,198508,-0.0174865744631968,,0.000708966990725456,,1.90506380537414e-06,3740,
OLS,ii,198508,198509,-0.0893206029373128,,0.0429173479384201,,0.00901793690529951,3713,
OLS,ii,198509,198510,-0.0195817378519683,,0.0517422829776075,,0.00916379109972332,3707,
OLS,ii,198510,198511,0.0262638233687122,,0.043566330384727,,0.00486101294781216,3695,
OLS,ii,198511,198512,-0.0055882440412194,,0.0492363129351447,,0.00693529794979708,3671,
OLS,ii,198512,198601,0.0398058792468917,,-0.0192285597837843,,0.000814134907777153,3677,
OLS,ii,198601,198602,0.0401885813139522,,0.0266567264882406,,0.00095021148691854,3664,
OLS,ii,198602,198603,0.0258224926535173,,0.0307480103942977,,0.00206006870786402,3655,
OLS,ii,198603,198604,-0.00544936213101816,,0.025463408598748,,0.00183655165510166,3639,
OLS,ii,198604,198605,0.0226353103149762,,0.0199623861777949,,0.000994557282568476,3671,
OLS,ii,198605,198606,-0.00976198534323552,,0.0153836524708965,,0.000552375514609294,3648,
OLS,ii,198606,198607,-0.0924753081575245,,0.00351511653015961,,4.31879847102579e-05,3751,
OLS,ii,198607,198608,0.0178011565196942,,-0.00985726206898252,,0.000329557050077756,3745,
OLS,ii,198608,198609,-0.0583141854067015,,-0.0111735767719852,,0.00036738008040238,3729,
OLS,ii,198609,198610,0.00591806469226427,,0.0347078307563277,,0.00242796409481427,3736,
OLS,ii,198610,198611,-0.0421547394871982,,0.0684216800249375,,0.0191694049746826,3694,
OLS,ii,198611,198612,-0.0567319304361337,,0.0325146266010069,,0.00384020333917856,3665,
OLS,ii,198612,198701,0.136519761986979,,-0.0322471289160682,,0.00205284439311082,3654,
OLS,ii,198701,198702,0.0836291896618381,,-0.00262557957395124,,1.53127262456643e-05,3637,
OLS,ii,198702,198703,0.0646479868892029,,-0.0607413066654381,,0.00817385665343684,3634,
OLS,ii,198703,198704,-0.0102550535481145,,-0.0214840744818122,,0.00155299760270144,3663,
OLS,ii,198704,198705,0.0174951010293825,,-0.0233012066985124,,0.00175366714519898,3667,
OLS,ii,198705,198706,0.0135650188664695,,0.017170799695006,,0.000974028549575179,3661,
OLS,ii,198706,198707,0.0517229359465406,,-0.0274707322987076,,0.00225306995337693,3853,
OLS,ii,198707,198708,-0.0191764787502639,,0.0557705174731743,,0.0114108001424413,3867,
OLS,ii,198708,198709,-0.0273620969366951,,0.0230298155341562,,0.00210718811503507,3849,
OLS,ii,198709,198710,-0.315649291834335,,0.0232062205476752,,0.00225939064193637,3865,
OLS,ii,198710,198711,-0.0627968213541772,,0.00130335287887003,,4.90773449446369e-06,3854,
OLS,ii,198711,198712,-0.0040857835059729,,0.0841603137187646,,0.0105006612637069,3828,
OLS,ii,198712,198801,0.0991212688854324,,-0.0539337565048798,,0.00512826036972147,3858,
OLS,ii,198801,198802,0.0514807309975653,,0.0385996273908733,,0.00295361614978351,3832,
OLS,ii,198802,198803,0.0418805767503346,,0.000537835962017532,,7.69341159889692e-07,3807,
OLS,ii,198803,198804,0.0102110917775934,,0.00933979617186261,,0.000288525586009558,3812,
OLS,ii,198804,198805,-0.0367674888134952,,0.0224700482699377,,0.00191989461569242,3805,
OLS,ii,198805,198806,0.0345318752857704,,0.0319451109629072,,0.00279046730063581,3774,
OLS,ii,198806,198807,-0.00317888033525338,,-0.00817107832467633,,0.000242065759472832,3963,
OLS,ii,198807,198808,-0.0427834103966704,,0.0223018105447262,,0.00184966170291745,3952,
OLS,ii,198808,198809,-0.00245067064493212,,0.0330813980097963,,0.00353103233836427,3925,
OLS,ii,198809,198810,-0.0384681160128908,,0.0308555656962956,,0.0039076352192321,3957,
OLS,ii,198810,198811,-0.0545503660342603,,0.0111044436334429,,0.000366319172649954,3941,
OLS,ii,198811,198812,0.00696807260439824,,0.0287705843246699,,0.00267209278879998,3906,
OLS,ii,198812,198901,0.0720697638805784,,-0.0187478042463321,,0.000646688162089792,3897,
OLS,ii,198901,198902,-0.00672774999609521,,0.00777398483866924,,0.00021086172387208,3880,
OLS,ii,198902,198903,0.0051345303777191,,0.0175006226723808,,0.00104601373473723,3847,
OLS,ii,198903,198904,0.0163531926241933,,0.0276826360011892,,0.00207057990839021,3842,
OLS,ii,198904,198905,0.0114692334980697,,0.0249599895758787,,0.00165730963883071,3818,
OLS,ii,198905,198906,-0.0226527550884395,,-0.00247711091962832,,2.49361388815483e-05,3782,
OLS,ii,198906,198907,0.0130229930902708,,0.0178135146807725,,0.00114030104857266,3870,
OLS,ii,198907,198908,0.00988218231486125,,-0.00152963728196739,,7.03681161806635e-06,3847,
OLS,ii,198908,198909,-0.0122046826797333,,0.0162116662136504,,0.000677415146993043,3826,
OLS,ii,198909,198910,-0.0595565275868512,,-0.00203910677369405,,1.33564239651607e-05,3811,
OLS,ii,198910,198911,-0.00981787183799054,,-0.0194361623913245,,0.00107624361135306,3790,
OLS,ii,198911,198912,-0.0234774159916836,,0.0175620297327279,,0.00100792868153121,3768,
OLS,ii,198912,199001,-0.0407457342724547,,-0.0329151911579641,,0.00139829811008108,3770,
OLS,ii,199001,199002,0.0245978143467206,,-0.0094546044585941,,0.000205939009989331,3746,
OLS,ii,199002,199003,0.0180053171360478,,0.0268736738068888,,0.0017797535461147,3732,
OLS,ii,199003,199004,-0.0234415490987015,,-0.00626830063706159,,8.88803269818439e-05,3730,
OLS,ii,199004,199005,0.0374247851899191,,0.0268339433303247,,0.00119184328488864,3711,
OLS,ii,199005,199006,-0.00136796865970778,,0.00593375272894107,,8.01523491915646e-05,3671,
OLS,ii,199006,199007,-0.0144154905608318,,-0.0414552485983667,,0.00457706607232811,3780,
OLS,ii,199007,199008,-0.10844660496325,,-0.0389551197684118,,0.00401944419944811,3767,
OLS,ii,199008,199009,-0.0808083570656083,,-0.014204164255087,,0.000574407796509968,3744,
OLS,ii,199009,199010,-0.0727279108983609,,0.0141281832004706,,0.000478984175094954,3746,
OLS,ii,199010,199011,0.0213552405138094,,0.0306447859622043,,0.00121099663946955,3727,
OLS,ii,199011,199012,-0.0424268860647647,,0.0706513387675313,,0.0114182685713705,3705,
OLS,ii,199012,199101,0.0855030763677157,,0.0213778921717767,,0.000453329847889483,3720,
OLS,ii,199101,199102,0.143807480493639,,-0.0208012387179243,,0.000422151325919162,3703,
OLS,ii,199102,199103,0.0775856633152521,,0.0168790930570372,,0.000252984004730505,3693,
OLS,ii,199103,199104,0.0149602191640284,,0.0195189423419016,,0.000473187090042515,3683,
OLS,ii,199104,199105,0.0181675877355278,,0.021024052693184,,0.000984058964704548,3660,
OLS,ii,199105,199106,-0.0437352163281452,,0.00600564480224168,,9.80645197506957e-05,3643,
OLS,ii,199106,199107,0.0338971997517342,,-0.00951025713358896,,8.55501568368666e-05,3774,
OLS,ii,199107,199108,0.00194304222813481,,0.0458980897725866,,0.00321874359140162,3748,
OLS,ii,199108,199109,0.0105506057280797,,-0.0124404082846579,,0.000303294594178549,3731,
OLS,ii,199109,199110,0.0239047489001336,,-0.00331597558139708,,1.54122931368406e-05,3736,
OLS,ii,199110,199111,-0.0308923451197069,,0.00495679057095512,,5.19269817990109e-05,3720,
OLS,ii,199111,199112,0.0089956341805213,,0.0463479375153222,,0.00395499098586516,3700,
OLS,ii,199112,199201,0.183148724519879,,-0.0526964456932263,,0.0013679216099266,3690,
OLS,ii,199201,199202,0.0424252392138535,,0.02320114282011,,0.000779972439679422,3676,
OLS,ii,199202,199203,-0.0178001544015413,,-0.00143293908328739,,2.76163044721223e-06,3648,
OLS,ii,199203,199204,-0.0494676856761345,,-0.00115288528362781,,4.67550998906052e-06,3654,
OLS,ii,199204,199205,0.00363907543968278,,-0.0174214368382899,,0.00096026561589746,3637,
OLS,ii,199205,199206,-0.0491992912054074,,-0.012916233749207,,0.000500690355359379,3580,
OLS,ii,199206,199207,0.0215936193577763,,-0.0116698559864238,,0.000392469422296426,3764,
OLS,ii,199207,199208,-0.0496799804354786,,0.029837136411272,,0.00309154747592955,3738,
OLS,ii,199208,199209,0.0176974457856854,,-0.0121805046730081,,0.000422955595604679,3716,
OLS,ii,199209,199210,-0.00133285130442575,,0.0425176821347033,,0.0045437465646736,3726,
OLS,ii,199210,199211,0.0495423872465424,,0.0534305886369551,,0.00559678599153635,3699,
OLS,ii,199211,199212,0.014740741959964,,0.0294303080537204,,0.00226525558167523,3695,
OLS,ii,199212,199301,0.0741098907854817,,-0.0238795447649116,,0.000894468152882522,3731,
OLS,ii,199301,199302,-0.0146482933000037,,-0.0175095092214019,,0.000938253134181166,3727,
OLS,ii,199302,199303,0.025617824831794,,-0.0080562051274295,,0.000158715729063119,3728,
OLS,ii,199303,199304,-0.00148771117979227,,-0.0433807547875361,,0.00496555058234782,3741,
OLS,ii,199304,199305,0.0578981235571019,,-0.0123263074521895,,0.000359908427927769,3744,
OLS,ii,199305,199306,0.021050996975717,,-0.0226836158197245,,0.000638448539502234,3737,
OLS,ii,199306,199307,0.00626200592004085,,-0.00921323847309892,,0.000252988358954154,3987,
OLS,ii,199307,199308,0.04594792837614,,-0.014492802243964,,0.000147573082541097,3992,
OLS,ii,199308,199309,0.0248996372710583,,-0.00055364718079378,,7.60573207747584e-07,3990,
OLS,ii,199309,199310,0.0528883382142144,,-0.0134151438103619,,0.000387012881229776,4014,
OLS,ii,199310,199311,-0.0505755260075537,,0.0520261764532485,,0.00924863368303608,4011,
OLS,ii,199311,199312,-0.00479684149832864,,0.0268488471290931,,0.00214299380073213,3995,
OLS,ii,199312,199401,0.073682874071253,,-0.0422599030854889,,0.00347485616889176,4013,
OLS,ii,199401,199402,-0.0217356717759973,,0.0338705987607165,,0.00344702188417478,3992,
OLS,ii,199402,199403,-0.0535167898429657,,0.00869271777536115,,0.000283327689949653,3971,
OLS,ii,199403,199404,-0.0402843546936721,,0.0353392328624173,,0.00570829939862427,3997,
OLS,ii,199404,199405,0.00168992843332658,,-0.0208193246989423,,0.0014584521003751,3991,
OLS,ii,199405,199406,-0.0480187962389373,,0.0142945814222964,,0.000820401566427931,3977,
OLS,ii,199406,199407,0.00856741729632517,,0.00544204634067675,,0.000120248343995488,4365,
OLS,ii,199407,199408,0.0209672552701978,,0.0374833146752237,,0.00361114814287888,4378,
OLS,ii,199408,199409,-0.00470884508699346,,0.0237055851426474,,0.00182914200169149,4357,
OLS,ii,199409,199410,-0.0234946413782337,,0.0501217168778659,,0.0075839539650111,4376,
OLS,ii,199410,199411,-0.0692647721008657,,0.0481529803340728,,0.00866739950654583,4361,
OLS,ii,199411,199412,-0.0367052846407851,,0.0310123744047383,,0.00134574749315519,4342,
OLS,ii,199412,199501,0.0358420003658946,,-0.0187855753239261,,0.000670685447410557,4362,
OLS,ii,199501,199502,0.0164451260749106,,0.0193659766847986,,0.00119804680677571,4358,
OLS,ii,199502,199503,0.010559316771606,,0.0121455150681126,,0.000421564263776153,4339,
OLS,ii,199503,199504,0.0134652057211059,,0.0126208939719976,,0.00051460391797975,4343,
OLS,ii,199504,199505,0.0161209788276143,,-0.0108999936753502,,0.000308621243515606,4334,
OLS,ii,199505,199506,0.050468098746611,,0.00682081549755559,,8.98703874421258e-05,4302,
OLS,ii,199506,199507,0.0525204373350657,,0.0121487144669634,,0.000313557844493828,4605,
OLS,ii,199507,199508,0.0437845686243109,,-0.0327399256076211,,0.00248217703805453,4598,
OLS,ii,199508,199509,0.0186451940525428,,0.0073421311681115,,0.00013707735780466,4571,
OLS,ii,199509,199510,-0.0763120150035794,,0.0260060104450668,,0.00241183808026701,4596,
OLS,ii,199510,199511,0.00330829305750444,,0.00949661537836901,,0.000268658961231183,4576,
OLS,ii,199511,199512,0.0240347041656844,,-0.0457657344865117,,0.00466047239659495,4557,
OLS,ii,199512,199601,0.0611353149828751,,-0.0691387399051682,,0.00976763808146441,4563,
OLS,ii,199601,199602,0.0378827792639991,,0.00329966377571361,,2.30714327286163e-05,4535,
OLS,ii,199602,199603,0.0228621091281369,,0.0146241281038892,,0.000571565307070698,4509,
OLS,ii,199603,199604,0.0527667359807923,,0.0344269880215591,,0.00212956078329951,4523,
OLS,ii,199604,199605,0.0610279188723414,,0.030758083288983,,0.00152272684896571,4509,
OLS,ii,199605,199606,-0.045746324399552,,-0.0016689745554966,,9.74191740354957e-06,4480,
OLS,ii,199606,199607,-0.123809602230567,,0.0356558685481328,,0.00414419772504104,4840,
OLS,ii,199607,199608,0.0376378880984901,,0.00554518594532681,,9.60325561402131e-05,4827,
OLS,ii,199608,199609,0.0221648020215331,,0.00576487296474532,,9.89701003429877e-05,4786,
OLS,ii,199609,199610,-0.0498760633594127,,0.022466209045671,,0.00157961667963569,4799,
OLS,ii,199610,199611,0.00216204463836165,,0.0301335946793916,,0.0024226287366198,4780,
OLS,ii,199611,199612,-0.0260152482455621,,0.0188623531378642,,0.001001487395628,4763,
OLS,ii,199612,199701,0.0928711676863618,,-0.0499686499108202,,0.00433943771729295,4769,
OLS,ii,199701,199702,-0.037403672482912,,0.0115569995304898,,0.000472219572437593,4739,
OLS,ii,199702,199703,-0.0678176756420062,,0.0121939392533678,,0.000564083626193312,4711,
OLS,ii,199703,199704,-0.0483884583978131,,0.0335155347378502,,0.0036002903774075,4715,
OLS,ii,199704,199705,0.0815629389022745,,0.0308029770416239,,0.00222284031509612,4693,
OLS,ii,199705,199706,0.0217453336069243,,0.0214982597973955,,0.00113019561885963,4668,
OLS,ii,199706,199707,0.0314848924471936,,0.0251819629691366,,0.00124802408817271,5208,
OLS,ii,199707,199708,0.0315874452694386,,0.00701369221077608,,0.000121279356623205,5192,
OLS,ii,199708,199709,0.0985548191436122,,-0.0361648778965822,,0.00260303206493506,5143,
OLS,ii,199709,199710,-0.0295745232620357,,-0.00723552009170256,,9.63703830719753e-05,5149,
OLS,ii,199710,199711,-0.0690458370190234,,0.0661102250589429,,0.0158167649044653,5120,
OLS,ii,199711,199712,-0.0804334145429204,,0.0456575028740007,,0.00523492520810254,5088,
OLS,ii,199712,199801,0.023995918918149,,-0.0151499038845237,,0.000426128998670228,5056,
OLS,ii,199801,199802,0.043963215585655,,0.036125077048427,,0.00326421567293178,5017,
OLS,ii,199802,199803,0.0376013369663934,,0.0118621428007313,,0.000301049675668463,4980,
OLS,ii,199803,199804,0.0126024564470961,,0.0189462423054713,,0.000691417657432414,4941,
OLS,ii,199804,199805,-0.067092333929051,,0.0227164898249814,,0.00170202565777777,4908,
OLS,ii,199805,199806,-0.0676074130946357,,0.0603527411592459,,0.00912449025482154,4874,
OLS,ii,199806,199807,-0.0785310834758504,,0.0232571267069294,,0.00113997934898824,5190,
OLS,ii,199807,199808,-0.24851911888709,,0.0610135804935259,,0.0115940089857548,5154,
OLS,ii,199808,199809,0.0518514586107429,,-0.0200450932782147,,0.000466536228225789,5111,
OLS,ii,199809,199810,0.0239582242020579,,0.0263080414319968,,0.000923107082757002,5072,
OLS,ii,199810,199811,0.0727640490472699,,0.0322945394441914,,0.00045802677540574,4985,
OLS,ii,199811,199812,-0.017290207272,,0.0751033398054168,,0.00633477138716521,4943,
OLS,ii,199812,199901,0.109369419753525,,-0.0467669592710131,,0.00133338692030849,4881,
OLS,ii,199901,199902,-0.0710761325868106,,0.0160146940371519,,0.000647232931836994,4827,
OLS,ii,199902,199903,-0.000744806776870953,,-0.0325459297755655,,0.00174447884844564,4769,
OLS,ii,199903,199904,0.0964876634225743,,-0.0190342294617946,,0.000475754279450347,4709,
OLS,ii,199904,199905,0.0253360187485122,,0.0289388662009639,,0.00171314447470139,4651,
OLS,ii,199905,199906,0.0291737668138533,,0.0211713335187791,,0.00095377874831859,4606,
OLS,ii,199906,199907,0.0120052011757721,,-0.00725626896971666,,9.35612345583925e-05,4804,
OLS,ii,199907,199908,-0.0398343145776161,,0.00434173254195978,,4.8329752542986e-05,4771,
OLS,ii,199908,199909,-0.0273750530442879,,0.0173212520952911,,0.000678897386658717,4711,
OLS,ii,199909,199910,-0.0332411511872853,,0.036339047229429,,0.00244153317172391,4665,
OLS,ii,199910,199911,0.106764445396567,,0.0138351905982076,,0.000112688404706573,4620,
OLS,ii,199911,199912,0.125490016114004,,-0.0418740733255126,,0.00117197742247899,4549,
OLS,ii,199912,200001,0.131434829476598,,-0.117565166194563,,0.0114690998625369,4517,
OLS,ii,200001,200002,0.248902554560717,,-0.154176993710785,,0.00854073544171097,4472,
OLS,ii,200002,200003,-0.0299630360810488,,0.0653834806721543,,0.00560835715791486,4430,
OLS,ii,200003,200004,-0.12587695654008,,0.0429356469394252,,0.00311133237836969,4397,
OLS,ii,200004,200005,-0.080077194941531,,0.00675293439772759,,9.83676691832525e-05,4370,
OLS,ii,200005,200006,0.118128447325254,,-0.0632306313694129,,0.00426806885521014,4332,
OLS,ii,200006,200007,-0.052327409956389,,0.028328190648844,,0.00164989990799769,4643,
OLS,ii,200007,200008,0.0708727624050094,,-0.014079938062828,,0.00026895640526059,4624,
OLS,ii,200008,200009,-0.081899102006884,,0.0427709731044948,,0.00362969425664428,4569,
OLS,ii,200009,200010,-0.119863349048803,,0.078442247644131,,0.0108611331260248,4542,
OLS,ii,200010,200011,-0.20966519839954,,0.115514390626738,,0.0217848841392897,4481,
OLS,ii,200011,200012,-0.0395156441224403,,0.00674622642737855,,5.26577922280724e-05,4416,
OLS,ii,200012,200101,0.314824187305487,,-0.0533894407994366,,0.000839046928213461,4378,
OLS,ii,200101,200102,-0.144801680361419,,0.0977167011664151,,0.0171047448874919,4317,
OLS,ii,200102,200103,-0.12201106048827,,0.0661192172444778,,0.00759482844758286,4276,
OLS,ii,200103,200104,0.0856801121176508,,-0.00966137911848737,,0.000105015623222515,4242,
OLS,ii,200104,200105,0.0703013907330544,,-0.00451943009273597,,2.86845235328848e-05,4165,
OLS,ii,200105,200106,-0.0290350272541395,,0.0711022345507453,,0.00945038490627448,4104,
OLS,ii,200106,200107,-0.0984926814919163,,0.103543733066697,,0.0194638938680201,4414,
OLS,ii,200107,200108,-0.0914911571521489,,0.0757246327627315,,0.0105637872218274,4362,
OLS,ii,200108,200109,-0.189862946353802,,0.0626474178238449,,0.00717519184997484,4299,
OLS,ii,200109,200110,0.121003673018008,,-0.0305811207062325,,0.000767561020756147,4285,
OLS,ii,200110,200111,0.0797816629860601,,0.0174247196439416,,0.000394493046948274,4253,
OLS,ii,200111,200112,0.0716962267223015,,-0.000896685199718379,,1.31502672906514e-06,4196,
OLS,ii,200112,200201,-0.035332319471799,,0.106469026649994,,0.0175985283620818,4161,
OLS,ii,200201,200202,-0.0949098544490072,,0.0837916906773041,,0.0167533619155178,4129,
OLS,ii,200202,200203,0.0799101214068019,,0.0156064285413422,,0.000448912454956041,4090,
OLS,ii,200203,200204,-0.0752503349650303,,0.114618255320835,,0.0241965901544174,4054,
OLS,ii,200204,200205,-0.0659472164841465,,0.0637245306870428,,0.00862040038274459,4017,
OLS,ii,200205,200206,-0.123241255739026,,0.0704755887129891,,0.0127731892515057,3976,
OLS,ii,200206,200207,-0.128509706161606,,-0.0103398914370951,,0.000240122223470585,4042,
OLS,ii,200207,200208,-0.0232796512666538,,0.036034896138887,,0.00212109813085271,4006,
OLS,ii,200208,200209,-0.123039763797737,,0.0433261634349512,,0.00406945271147896,3962,
OLS,ii,200209,200210,0.0422361714500823,,0.0190951658681435,,0.000386510919268557,3935,
OLS,ii,200210,200211,0.196193106838173,,-0.0834206878528977,,0.0052701170150613,3883,
OLS,ii,200211,200212,-0.0915860896062006,,0.0461677357183507,,0.00526466858539598,3854,
OLS,ii,200212,200301,-0.00520432973353304,,0.00192785607876417,,6.9628045532566e-06,3819,
OLS,ii,200301,200302,-0.0457962927013043,,0.0289319509383591,,0.00272698326011911,3782,
OLS,ii,200302,200303,0.00302188361324038,,0.0136391980985733,,0.000405494552999985,3740,
OLS,ii,200303,200304,0.128774916865523,,-0.0446216537097769,,0.00309611264753407,3694,
OLS,ii,200304,200305,0.24111832653405,,-0.159273415766099,,0.0255315030341209,3660,
OLS,ii,200305,200306,0.0517681427402875,,0.0142504680605223,,0.000392375416020774,3634,
OLS,ii,200306,200307,0.0525721415450661,,0.052228108752756,,0.0054753105147124,3659,
OLS,ii,200307,200308,0.0594614424167818,,-0.0032562451843165,,3.11994368685786e-05,3640,
OLS,ii,200308,200309,0.0449934981251465,,-0.0415255517780877,,0.00390869838526153,3608,
OLS,ii,200309,200310,0.0659943577070974,,0.0495116271960332,,0.00476191291457839,3587,
OLS,ii,200310,200311,0.025674573498153,,0.0282719657040564,,0.00249924020260672,3561,
OLS,ii,200311,200312,0.0712073544095075,,-0.0703308442364653,,0.0152408888807418,3535,
OLS,ii,200312,200401,0.103066465667296,,-0.0435397507477834,,0.00389348137750023,3501,
OLS,ii,200401,200402,-0.00375736130833995,,0.0239503506428277,,0.00142812545458826,3480,
OLS,ii,200402,200403,-0.010557528722198,,0.0225114692980856,,0.00168409821101367,3462,
OLS,ii,200403,200404,-0.0361852081434705,,0.0135979850018724,,0.000729334987162322,3449,
OLS,ii,200404,200405,-0.0143649517355033,,0.0239034006851037,,0.00276003120510526,3430,
OLS,ii,200405,200406,0.0227513809574888,,0.00873487011918605,,0.000388427842224814,3407,
OLS,ii,200406,200407,-0.0858664623021913,,0.014169714737667,,0.000883933700656314,3470,
OLS,ii,200407,200408,-0.0171793534277102,,-0.0147030237716531,,0.00112441294911936,3460,
OLS,ii,200408,200409,0.0440049955515685,,-0.000550535976324426,,1.27412886519185e-06,3445,
OLS,ii,200409,200410,0.00495135588358106,,0.02046457176759,,0.00171820246708876,3448,
OLS,ii,200410,200411,0.0950279425603096,,-0.000753420826877373,,9.85276573328697e-07,3428,
OLS,ii,200411,200412,0.0697808452718914,,-0.00461911919810853,,5.49430152955166e-05,3412,
OLS,ii,200412,200501,-0.0589391306864942,,0.0358205376200855,,0.00592742405127689,3388,
OLS,ii,200501,200502,0.0125646928995279,,-0.00437626963372039,,8.83390854706789e-05,3374,
OLS,ii,200502,200503,-0.0693636862460228,,0.070783622780272,,0.0177015727644554,3360,
OLS,ii,200503,200504,-0.0729060490133603,,0.00995854249720707,,0.000512350239982418,3349,
OLS,ii,200504,200505,0.042989520083367,,0.0164212082239119,,0.00091006998663945,3328,
OLS,ii,200505,200506,0.025312124589835,,0.00808192004426441,,0.000301654770958115,3304,
OLS,ii,200506,200507,0.0883154060216427,,-0.0342338382077536,,0.00406860939650511,3459,
OLS,ii,200507,200508,-0.00883806761286595,,-0.0126883024377161,,0.000595592652611998,3437,
OLS,ii,200508,200509,0.0119688656650367,,-0.0142726141839836,,0.000935135369515172,3404,
OLS,ii,200509,200510,-0.059670291960435,,0.0350288885761724,,0.00570631888318463,3384,
OLS,ii,200510,200511,0.0214842426803598,,0.0286778284652056,,0.00300560734802713,3360,
OLS,ii,200511,200512,0.000994997639547873,,0.00983197856226449,,0.00043674872802757,3337,
OLS,ii,200512,200601,0.122286912417874,,-0.0703167140423912,,0.0150826037587696,3318,
OLS,ii,200601,200602,-0.00552458058177065,,0.0115447413221519,,0.000685664119467244,3291,
OLS,ii,200602,200603,0.0420419711371151,,0.00415816076961484,,7.49874809715667e-05,3268,
OLS,ii,200603,200604,-0.00613896874080095,,0.0182997472224496,,0.00139020628042152,3255,
OLS,ii,200604,200605,-0.0732266915937873,,0.0188765704220264,,0.00185289346323392,3240,
OLS,ii,200605,200606,-0.0280177332441564,,0.0201682495230338,,0.00219151388699801,3213,
OLS,ii,200606,200607,-0.066008512416831,,0.0362382648219853,,0.00729274396142154,3366,
OLS,ii,200607,200608,0.0281829646682435,,-0.0161658069018816,,0.00109885772506446,3352,
OLS,ii,200608,200609,-0.030916811278773,,0.0700869530286255,,0.0288919568524055,3337,
OLS,ii,200609,200610,0.0595176443490285,,-0.0164147148909771,,0.000941761982819367,3333,
OLS,ii,200610,200611,0.0311198799999361,,-0.0147564065467322,,0.000923672375648499,3314,
OLS,ii,200611,200612,-0.000239101102569506,,0.018683884877165,,0.00159270656122601,3291,
OLS,ii,200612,200701,0.019625580791627,,0.0143798334195288,,0.00105177986955163,3270,
OLS,ii,200701,200702,0.00467812951371772,,-0.00647829298192501,,0.000214978819068512,3233,
OLS,ii,200702,200703,-0.00562492987923972,,0.0140305425842946,,0.00109521746693031,3215,
OLS,ii,200703,200704,0.0377591834464419,,-0.0208565787404144,,0.00207899399930533,3196,
OLS,ii,200704,200705,0.0155891104096337,,0.0168942414400248,,0.00125183005327678,3171,
OLS,ii,200705,200706,-0.0131736980823903,,0.010233324711253,,0.000685158934035202,3147,
OLS,ii,200706,200707,-0.0578257254078647,,0.0167746026456673,,0.0014761242273813,3297,
OLS,ii,200707,200708,-0.01755867694292,,-0.0083613793956146,,0.000252101013252015,3279,
OLS,ii,200708,200709,0.0220687516546749,,-0.0194206459928789,,0.00166966335079266,3249,
OLS,ii,200709,200710,0.015689421816309,,-0.000747908548288226,,1.36310038423293e-06,3234,
OLS,ii,200710,200711,-0.114754193720171,,0.0396288553285933,,0.00520302160616326,3208,
OLS,ii,200711,200712,-0.0160866968277105,,0.00531443645744344,,0.000100029249687439,3172,
OLS,ii,200712,200801,-0.0679415948623228,,3.01648060272597e-05,,2.61317723015964e-09,3159,
OLS,ii,200801,200802,-0.00965181640372864,,-0.0203446136736054,,0.00124973637368808,3143,
OLS,ii,200802,200803,-0.0437639286230042,,0.028564856980911,,0.00272744898128285,3130,
OLS,ii,200803,200804,0.0316792534887393,,-0.00659420602969825,,0.000114426070228602,3114,
OLS,ii,200804,200805,0.057938997740583,,-0.0250602508822698,,0.00150925357486964,3088,
OLS,ii,200805,200806,-0.0844506363147771,,-0.000579385976972193,,1.0089638566857e-06,3061,
OLS,ii,200806,200807,-0.00466941334442751,,0.0111658964961431,,0.000278693852993617,3227,
OLS,ii,200807,200808,-0.0135025832155165,,0.0704048008632872,,0.0134919468569723,3209,
OLS,ii,200808,200809,-0.180671813960568,,0.0898793556650691,,0.0250542172540937,3179,
OLS,ii,200809,200810,-0.259178644197148,,0.0457985920638886,,0.00400253039817422,3171,
OLS,ii,200810,200811,-0.161080143383123,,0.0203270900111773,,0.000617410725936129,3140,
OLS,ii,200811,200812,0.0328418814399268,,0.0104716368074931,,0.000108185497084801,3116,
OLS,ii,200812,200901,0.0193033421296192,,-0.078026498737997,,0.00594449513242068,3100,
OLS,ii,200901,200902,-0.149914925869868,,0.0741585631749411,,0.00997883534505362,3081,
OLS,ii,200902,200903,0.175769952753088,,-0.0798210007083578,,0.00245314902814364,3058,
OLS,ii,200903,200904,0.238859912970059,,0.0030361585963648,,5.61125898579373e-06,3038,
OLS,ii,200904,200905,0.18845669192142,,-0.161952770084458,,0.0152122384034589,3015,
OLS,ii,200905,200906,0.035461946783137,,0.0199994084822824,,0.000581708977019146,2984,
OLS,ii,200906,200907,0.114872861945661,,-0.0265363240297289,,0.00113669861196075,3028,
OLS,ii,200907,200908,0.0870444527307849,,-0.0273462272211346,,0.000846962276334407,3006,
OLS,ii,200908,200909,0.116370525289196,,-0.0515049761251167,,0.00531811659952464,2991,
OLS,ii,200909,200910,-0.102676736952879,,0.0801668084302256,,0.0259016707332341,2981,
OLS,ii,200910,200911,0.0313247259133772,,-0.0104633951436318,,0.000197366884833849,2965,
OLS,ii,200911,200912,0.0808586930857166,,-0.00856059805232427,,0.000175486970551253,2936,
OLS,ii,200912,201001,-0.0164918370509209,,-0.0048720553740167,,9.72030724634143e-05,2917,
OLS,ii,201001,201002,0.0313068157549587,,0.0255574336559399,,0.00307847680522488,2902,
OLS,ii,201002,201003,0.0742158310701555,,0.0207944568971879,,0.00087870341684515,2879,
OLS,ii,201003,201004,0.0894545148166409,,-0.0295816088975814,,0.00240476992663452,2861,
OLS,ii,201004,201005,-0.108345179750586,,0.0531951890152754,,0.018146941944254,2843,
OLS,ii,201005,201006,-0.0978491847435083,,0.0405847190367362,,0.00939891918971392,2831,
OLS,ii,201006,201007,0.083251148606459,,-0.0398518876536614,,0.00730384266926076,2906,
OLS,ii,201007,201008,-0.080939789340558,,0.0249896789004363,,0.00261119536374399,2880,
OLS,ii,201008,201009,0.115937947965961,,0.0169652640004896,,0.00113458013726819,2865,
OLS,ii,201009,201010,0.0514744828095943,,-0.00377821291787829,,5.94198273013991e-05,2849,
OLS,ii,201010,201011,0.0226657495139522,,0.0128105026301874,,0.000638329071167565,2829,
OLS,ii,201011,201012,0.113838643968847,,-0.0576891003526562,,0.011197206230495,2802,
OLS,ii,201012,201101,0.0285337311893713,,-0.0221149115870636,,0.00183892020654208,2785,
OLS,ii,201101,201102,0.0449716541916008,,0.00462972906665692,,6.72143435376249e-05,2774,
OLS,ii,201102,201103,0.010225210055106,,0.014000898740807,,0.000830279610243956,2756,
OLS,ii,201103,201104,0.00218380729497316,,0.0272941276377588,,0.00415065726657182,2740,
OLS,ii,201104,201105,-0.0391754895080514,,0.0390555784759888,,0.00751638846572056,2716,
OLS,ii,201105,201106,-0.0466777626393336,,0.0418577158565525,,0.010171131706932,2684,
OLS,ii,201106,201107,-0.0335096954427432,,0.0128634176706339,,0.000803849303495641,2770,
OLS,ii,201107,201108,-0.125877104998744,,0.0500119215430731,,0.0125198562034622,2761,
OLS,ii,201108,201109,-0.156204285741056,,0.0802397976431498,,0.0302273725176242,2748,
OLS,ii,201109,201110,0.155580783766603,,-0.0408967121872519,,0.00451104454371254,2744,
OLS,ii,201110,201111,-0.0308902201082544,,0.0214726816855801,,0.00139183124891074,2728,
OLS,ii,201111,201112,-0.0206232457513648,,0.0339446766934226,,0.00483431387306199,2707,
OLS,ii,201112,201201,0.130860074576346,,-0.0629654640212808,,0.0102698434050433,2693,
OLS,ii,201201,201202,0.0432890402460119,,-0.00877309287595545,,0.000259217780210319,2679,
OLS,ii,201202,201203,0.00229022572053761,,0.041845166817253,,0.00767671366116329,2664,
OLS,ii,201203,201204,-0.0268938318585649,,0.0178788464849665,,0.00124978869638193,2651,
OLS,ii,201204,201205,-0.0962835491209577,,0.0312127932001602,,0.00388778089863129,2638,
OLS,ii,201205,201206,0.0487041365699314,,-0.019680274110115,,0.00172815454894559,2629,
OLS,ii,201206,201207,-0.00639250598437417,,-0.0158297952636959,,0.000986868057950563,2707,
OLS,ii,201207,201208,0.0248725541647041,,0.00751133529728824,,0.000231270932594452,2694,
OLS,ii,201208,201209,0.0464739258309403,,-0.0163695049299022,,0.000830928804646303,2676,
OLS,ii,201209,201210,-0.0336007377162695,,0.0124203632375898,,0.000715916583577725,2660,
OLS,ii,201210,201211,0.00277985216578095,,0.00518454017901217,,9.68784872286133e-05,2638,
OLS,ii,201211,201212,0.022144093824341,,0.0071297117244384,,0.000270856557242793,2625,
OLS,ii,201212,201301,0.0802026007202003,,-0.0195411811082076,,0.00165688446663714,2605,
OLS,ii,201301,201302,0.00457326732169599,,0.00299959792831025,,4.65450291581293e-05,2594,
OLS,ii,201302,201303,0.0408479930762217,,0.00747798685447997,,0.00028835670260674,2584,
OLS,ii,201303,201304,-0.015583850370015,,0.0248961946858207,,0.00291758070403536,2570,
OLS,ii,201304,201305,0.0567691963634997,,-0.00649081805981298,,0.000144513991477191,2554,
OLS,ii,201305,201306,-0.0214421352488256,,0.0334446111511621,,0.00535857302687726,2544,
OLS,ii,201306,201307,0.0849328665120334,,-0.0164805722298589,,0.000880321310320231,2617,
OLS,ii,201307,201308,-0.0189804784958678,,0.0038975968315459,,6.14617506706772e-05,2611,
OLS,ii,201308,201309,0.0775669466589527,,-0.0262680987952057,,0.00250885401963186,2597,
OLS,ii,201309,201310,0.00216047083654398,,0.0479723561260866,,0.010347311933787,2587,
OLS,ii,201310,201311,0.0430218125144116,,0.000647035035624846,,1.63988622969846e-06,2572,
OLS,ii,201311,201312,0.0487378520985975,,-0.0331060549858341,,0.00512917923134926,2553,
OLS,ii,201312,201401,0.0433083802949569,,-0.0793874929082487,,0.0138811566037593,2544,
OLS,ii,201401,201402,0.0682049938059469,,-0.0336937177587136,,0.00570196597086758,2531,
OLS,ii,201402,201403,-0.00578247061760489,,0.003664611959734,,6.2910235937963e-05,2515,
OLS,ii,201403,201404,-0.0526277133447824,,0.0224693040642212,,0.00329046002657352,2512,
OLS,ii,201404,201405,0.00399352402881532,,-0.00699493383672969,,0.000271911559526328,2505,
OLS,ii,201405,201406,0.0683324746199054,,-0.0465722180069987,,0.0108757250435007,2494,
OLS,ii,201406,201407,-0.0677816369490927,,0.0350378164514807,,0.00703528427187916,2642,
OLS,ii,201407,201408,0.0362787956948486,,0.0107688115968353,,0.00041680742116057,2638,
OLS,ii,201408,201409,-0.0909365869960599,,0.0756946597741533,,0.0249258607696157,2628,
OLS,ii,201409,201410,-0.00975605441050073,,0.0648435972856921,,0.0148090694872915,2623,
OLS,ii,201410,201411,-0.0301136357416418,,0.0574687450825058,,0.014506353843235,2608,
OLS,ii,201411,201412,-0.0119615247821932,,0.0516612212362058,,0.00618635353703256,2596,
OLS,ii,201412,201501,-0.0279044545249398,,-0.00636224156698168,,0.00016038166094412,2584,
OLS,ii,201501,201502,0.114840781552555,,-0.0791038156571917,,0.0200906255140635,2571,
OLS,ii,201502,201503,-0.0223149909070874,,0.0345642261917933,,0.00517734735179365,2555,
OLS,ii,201503,201504,0.00759222688190076,,-0.0210596869684442,,0.00182026027784532,2541,
OLS,ii,201504,201505,0.015991213547441,,-0.0148707754352764,,0.000808256991478129,2533,
OLS,ii,201505,201506,-0.025953524828181,,0.0346154771735276,,0.00684952483428447,2522,
OLS,ii,201506,201507,-0.0722235515791054,,0.0628111249624845,,0.0159572280612041,2729,
OLS,ii,201507,201508,-0.0530487273442844,,0.010648748820497,,0.000168669033829616,2712,
OLS,ii,201508,201509,-0.122088563142658,,0.0994375741270601,,0.0380746769063365,2700,
OLS,ii,201509,201510,0.0529878157886404,,0.00661231086677284,,0.000124525413755516,2687,
OLS,ii,201510,201511,0.0483768639756767,,-0.0464498792028782,,0.00137245918526863,2665,
OLS,ii,201511,201512,-0.0962755620198068,,0.0871979742490009,,0.0273815263787863,2653,
OLS,ii,201512,201601,-0.170416075258765,,0.132182660718786,,0.0534810015522884,2640,
OLS,ii,201601,201602,-0.0210600255434963,,0.053702295333389,,0.00813386664784566,2616,
OLS,ii,201602,201603,0.12690189131349,,-0.0731930140675333,,0.0100021660420349,2599,
OLS,ii,201603,201604,0.084953840945099,,-0.0954468008468347,,0.0279313496652235,2590,
OLS,ii,201604,201605,0.000113869271633325,,-0.000281759171167882,,1.41138572828936e-07,2576,
OLS,ii,201605,201606,-0.0272149463584347,,0.055180650110379,,0.00589817055289432,2556,
OLS,ii,201606,201607,0.0521401139088189,,0.0194761021925729,,0.00119362883732554,2668,
OLS,ii,201607,201608,0.0219175826402864,,-0.00586947677384286,,8.62860463456405e-05,2657,
OLS,ii,201608,201609,0.057886351643512,,-0.0625501806254711,,0.00675940656592633,2641,
OLS,ii,201609,201610,-0.117373023733377,,0.101309500908021,,0.0516957268890155,2625,
OLS,ii,201610,201611,0.0952071496163352,,-0.0267415107734602,,0.00176068906564808,2612,
OLS,ii,201611,201612,-0.014035735563604,,0.0421268215811284,,0.00698841659363814,2595,
OLS,ii,201612,201701,0.0546535518223043,,-0.0639260991087218,,0.0126962608498895,2586,
OLS,ii,201701,201702,0.0239630739345256,,-0.014878032067738,,0.000846360535879498,2578,
OLS,ii,201702,201703,0.00940644110272126,,0.000953601590381602,,3.38594400695058e-06,2556,
OLS,ii,201703,201704,-0.0339469589888587,,0.0691837200861345,,0.0210207457083261,2551,
OLS,ii,201704,201705,-0.0636316980009071,,0.0822474441137108,,0.0234189530503084,2533,
OLS,ii,201705,201706,0.0677452429280023,,-0.066518635232921,,0.00751511012762984,2520,
OLS,ii,201706,201707,-0.00585017299094073,,0.00557015946287439,,0.000182250523010574,2628,
OLS,ii,201707,201708,-0.0280798096638304,,0.0225208101421244,,0.00154940627382849,2621,
OLS,ii,201708,201709,0.108533972723663,,-0.0644528320066557,,0.00872597129726282,2604,
OLS,ii,201709,201710,-0.0126328336433813,,0.0184581912650733,,0.00122297538715854,2587,
OLS,ii,201710,201711,0.0217181591279952,,0.0242081873056923,,0.00148485566578471,2573,
OLS,ii,201711,201712,0.0192206260588281,,-0.0117442151679595,,0.000471849170197936,2555,
OLS,ii,201712,201801,0.0492900965668757,,-0.0284296779920606,,0.00240932886253387,2538,
OLS,ii,201801,201802,-0.0676971008179298,,0.0453797803352156,,0.00940202160090631,2532,
OLS,ii,201802,201803,-0.0114563532450188,,0.03287727879546,,0.00256177143146219,2517,
OLS,ii,201803,201804,-0.000405756505856126,,0.00827734701618795,,0.000290776458703568,2511,
OLS,ii,201804,201805,0.0492490830084475,,0.00669423340041661,,0.000122734490054288,2499,
OLS,ii,201805,201806,-0.0264800912342849,,0.0718596326944253,,0.0105503063826692,2491,
OLS,ii,201806,201807,-0.0260418454685978,,0.0562696563385144,,0.0148569893237491,2610,
OLS,ii,201807,201808,0.00996074020231111,,0.0557794538235256,,0.00836376064018929,2604,
OLS,ii,201808,201809,-0.0132615287053595,,-0.00161269266760069,,7.52854233188049e-06,2600,
OLS,ii,201809,201810,-0.145937809153853,,0.0644259878313462,,0.0154684608194331,2598,
OLS,ii,201810,201811,-0.0304851421040731,,0.0415409618386257,,0.00507339558590558,2580,
OLS,ii,201811,201812,-0.198139555741938,,0.11166710747587,,0.050809729016235,2563,
OLS,ii,201812,201901,0.228679387148246,,-0.140548786089401,,0.00793486133050825,2547,
OLS,ii,201901,201902,0.0357933137492691,,0.0266041834667632,,0.00205356427941961,2533,
OLS,ii,201902,201903,0.0212788333876904,,-0.0618978691962687,,0.00691260874319521,2521,
OLS,ii,201903,201904,-0.000696256233435859,,0.0354225002129123,,0.00419038043100228,2511,
OLS,ii,201904,201905,-0.100452757586309,,0.0122814604751399,,0.000455516264023737,2498,
OLS,ii,201905,201906,0.0456348954480166,,0.0206025182153813,,0.00111285392194604,2493,
OLS,ii,201906,201907,-0.0510980812409561,,0.0670239876553688,,0.0147981770696943,2640,
OLS,ii,201907,201908,-0.0720691254681036,,0.0276997739386027,,0.00197360777644751,2636,
OLS,ii,201908,201909,-0.0154105507641783,,0.0660311334908813,,0.0125915852812177,2625,
OLS,ii,201909,201910,-0.0200096036075146,,0.0363446928041051,,0.00335231251797308,2618,
OLS,ii,201910,201911,0.0435608110609168,,-0.0167183553269501,,0.000446670864877818,2598,
OLS,ii,201911,201912,0.115568974081138,,-0.121155195447196,,0.023401788735068,2587,
OLS,ii,201912,202001,0.0234769925922626,,-0.0708971665835184,,0.00523010736508567,2570,
OLS,ii,202001,202002,-0.0528878142120446,,-0.0416902340272316,,0.00194437926914315,2558,
OLS,ii,202002,202003,-0.230097786466827,,0.00426132178064903,,2.12127842300625e-05,2552,
OLS,ii,202003,202004,0.245668524770503,,-0.049531391919172,,0.0017912649486912,2541,
OLS,ii,202004,202005,0.12707089905083,,-0.0609754626020203,,0.00376279554506487,2528,
OLS,ii,202005,202006,0.0900874867482213,,-0.0309322454837606,,0.000914177388174009,2513,
OLS,ii,202006,202007,0.0395415833404373,,0.0292508504042967,,0.000781638129524809,2633,
OLS,ii,202007,202008,0.0286445158939308,,0.0393565551914433,,0.00217889892630119,2624,
OLS,ii,202008,202009,-0.017471433253984,,-0.015022444974585,,0.000543735065907991,2616,
OLS,ii,202009,202010,-0.0320498756601849,,0.0593076610590067,,0.0107837698711378,2608,
OLS,ii,202010,202011,0.255786547849941,,-0.0688787829948703,,0.00378724714797929,2597,
OLS,ii,202011,202012,0.10705439163929,,-0.0211026592973273,,0.000440476066016049,2591,
OLS,ii,202012,202101,0.181057098208474,,-0.0832005053593665,,0.00169329318219824,2586,
OLS,ii,202101,202102,0.0966395629711821,,-0.0141576751434216,,0.000271425736559694,2578,
OLS,ii,202102,202103,-0.0117365972246052,,0.0468913545606376,,0.00258405360382685,2568,
OLS,ii,202103,202104,-0.0356513487099948,,0.094618370101227,,0.0093392252157497,2565,
OLS,ii,202104,202105,0.000220136994115502,,0.0276028785464858,,0.00178391702227287,2554,
OLS,ii,202105,202106,0.0390532626320122,,0.000672653224585566,,1.02805410318041e-06,2550,
OLS,ii,202106,202107,-0.117624859102702,,0.138543884932925,,0.0680480040307363,2723,
OLS,ii,202107,202108,0.0460065043987456,,-0.0466532122456609,,0.00617307497601016,2721,
OLS,ii,202108,202109,-0.0102362493460091,,-0.0482363993331432,,0.00544946206534525,2717,
OLS,ii,202109,202110,-0.0228029207794336,,0.081971328241222,,0.0215640983578477,2709,
OLS,ii,202110,202111,-0.114410013540986,,0.10218756939035,,0.0317221958016103,2704,
OLS,ii,202111,202112,-0.0597690903532512,,0.106550954396143,,0.0353657105335208,2691,
OLS,ii,202112,202201,-0.123710359687893,,0.0475224010171962,,0.00964642354293643,2696,
OLS,ii,202201,202202,-0.00730305575792753,,0.00388017264567527,,4.29050182847446e-05,2695,
OLS,ii,202202,202203,0.0801062139426419,,-0.102230788010558,,0.0174231632003781,2688,
OLS,ii,202203,202204,-0.181133103222628,,0.115531988092928,,0.0424324175762196,2680,
OLS,ii,202204,202205,-0.0530921944530597,,0.0475408764823756,,0.00585500464209388,2671,
OLS,ii,202205,202206,-0.046566195998661,,-0.048908938653452,,0.00531608795572081,2662,
OLS,ii,202206,202207,0.078152588029306,,0.0221043571606508,,0.00104706820771749,3036,
OLS,ii,202207,202208,0.0377848573181854,,-0.0789588398656168,,0.0107709670023185,3045,
OLS,ii,202208,202209,-0.141285637918267,,0.0357338380278454,,0.00383376146705028,3030,
OLS,ii,202209,202210,0.0233024572590355,,0.0875001903245969,,0.010833263815204,3025,
OLS,ii,202210,202211,-0.0555135530704977,,0.103784673213199,,0.0187065626774725,3013,
OLS,ii,202211,202212,-0.0765485759631282,,0.0158477905645055,,0.000331362142473979,3006,
OLS,ii,202212,202301,0.241486835591673,,-0.134859940783098,,0.0148190280170851,2992,
OLS,ii,202301,202302,-0.0869250471058356,,0.0743197516615925,,0.0172604528381677,2977,
OLS,ii,202302,202303,-0.103172313770455,,0.0911328361093931,,0.0137193108589142,2956,
OLS,ii,202303,202304,-0.00999065819279066,,-0.0275896476533704,,0.001935139901725,2939,
OLS,ii,202304,202305,0.0226712631442309,,-0.0451274509445012,,0.00302479814564316,2929,
OLS,ii,202305,202306,0.0207724242598873,,0.0720458475102944,,0.00882307514772862,2914,
OLS,ii,202306,202307,0.0207954605641339,,0.0348997157425374,,0.00237463521127079,3033,
OLS,ii,202307,202308,-0.114746323341339,,0.0797049154184104,,0.00988863882793223,3015,
OLS,ii,202308,202309,-0.107827257367042,,0.056543010987412,,0.00577129986388547,2993,
OLS,ii,202309,202310,-0.124370394070383,,0.0617986164467745,,0.00353788791665932,2980,
OLS,ii,202310,202311,0.0535451078044227,,0.0547162256667845,,0.00252906475333814,2959,
OLS,ii,202311,202312,0.148724591946616,,-0.0718796427484007,,0.00513388120406377,2932,
OLS,ii,202312,202401,-0.0329521565852076,,-0.0091802811111288,,0.000110801538361294,2915,
OLS,ii,202401,202402,0.106287112940602,,-0.0890332079924977,,0.00852997593536231,2903,
OLS,ii,202402,202403,0.00363541022344231,,0.033292589969106,,0.0014647647049798,2883,
OLS,ii,202403,202404,-0.105906513926629,,0.046305526323162,,0.00433886529379657,2864,
OLS,ii,202404,202405,0.026925740427649,,0.0347450769370669,,0.000273200018087838,2848,
OLS,ii,202405,202406,-0.0826067877211037,,0.0811729337692268,,0.0115111930712154,2819,
OLS,ii,202406,202407,0.0641497557692765,,-0.0112380848766951,,0.000192916546028932,2902,
OLS,ii,202407,202408,-0.0640118128550779,,0.0510867576542656,,0.00395464523188493,2879,
OLS,ii,202408,202409,-0.0191390280349519,,0.0335676733013645,,0.00194437949151194,2862,
OLS,ii,202409,202410,0.00580288694198695,,-0.0351205607888334,,0.00177944831158938,2847,
OLS,ii,202410,202411,0.0351556873286611,,0.0948237478494695,,0.00316180109718756,2829,
OLS,ii,202411,202412,-0.0654424623676518,,0.0574678975451347,,0.00250273637142473,2816,
OLS,iii,197306,197307,0.0920937892120244,,,0.0643397870454862,0.0178089979335487,1498,
OLS,iii,197307,197308,-0.0533634153242245,,,-0.00173895223089476,2.82428011231239e-05,1496,
OLS,iii,197308,197309,0.0628139889550509,,,0.0454096290282873,0.0110518731281488,1496,
OLS,iii,197309,197310,0.0181247291095094,,,-0.0315581546397141,0.00547183637294646,1496,
OLS,iii,197310,197311,-0.1858336363653,,,-0.0193765947842142,0.00228927169889759,1494,
OLS,iii,197311,197312,-0.0486741394818738,,,0.0215504644821417,0.0021882919093682,1496,
OLS,iii,197312,197401,0.220739727151076,,,-0.16676678186944,0.0640520375770345,1495,
OLS,iii,197401,197402,0.0193872010097033,,,-0.0378921368854174,0.010466125900454,1495,
OLS,iii,197402,197403,0.0144160041567751,,,-0.0342642881931288,0.00883349310364134,1494,
OLS,iii,197403,197404,-0.0298180298941202,,,-0.0464871598538165,0.0214719358297715,1493,
OLS,iii,197404,197405,-0.0785166736907365,,,0.0030520554913589,8.75543626899233e-05,1493,
OLS,iii,197405,197406,-0.0160239958354325,,,-0.0247799520894736,0.00598159682180455,1491,
OLS,iii,197406,197407,-0.0212666019530328,,,-0.0636529782710122,0.0269847217032805,1613,
OLS,iii,197407,197408,-0.0627818581402537,,,-0.0414531179786585,0.0130050785343873,1610,
OLS,iii,197408,197409,-0.0736068728730285,,,-0.0546434793329289,0.0190688656342695,1607,
OLS,iii,197409,197410,0.0395752420488119,,,0.13697204290266,0.0402973789007074,1609,
OLS,iii,197410,197411,-0.0802115819676489,,,0.0459862110565397,0.0126319986771024,1601,
OLS,iii,197411,197412,-0.106440638027985,,,0.0530395273909631,0.0143768248030546,1604,
OLS,iii,197412,197501,0.416336722532415,,,-0.235465768587337,0.0748845099504513,1605,
OLS,iii,197501,197502,0.0255810644381411,,,0.0439652502589835,0.0076756722006609,1604,
OLS,iii,197502,197503,0.120489017584496,,,-0.0575702687309111,0.0123136750607146,1603,
OLS,iii,197503,197504,0.0125743614102277,,,0.0475476122067854,0.00953278937750002,1603,
OLS,iii,197504,197505,0.061500191242544,,,0.010267614012721,0.000424095622612253,1603,
OLS,iii,197505,197506,0.0890611939229582,,,-0.023318712592151,0.00218807335475768,1602,
OLS,iii,197506,197507,0.0118531497943276,,,-0.0686226958239872,0.0257156745222783,2022,
OLS,iii,197507,197508,-0.0753813986920496,,,0.0393536021030586,0.0175187632645371,2023,
OLS,iii,197508,197509,-0.0405230765942659,,,-0.00766139325174642,0.0005593467124827,2023,
OLS,iii,197509,197510,-0.00122666029989187,,,0.0366096843408821,0.00820753051640655,2023,
OLS,iii,197510,197511,0.0397420949900208,,,-0.0279483156646129,0.0045788153234565,2022,
OLS,iii,197511,197512,-0.0111127160928851,,,-0.00714158732300902,0.000350927409343393,2019,
OLS,iii,197512,197601,0.326074178749419,,,-0.210672092864799,0.109177662941483,1970,
OLS,iii,197601,197602,0.228556006296975,,,-0.224304789130389,0.12792431859437,2016,
OLS,iii,197602,197603,0.00812211258113204,,,0.00122977326274409,8.37069529868728e-06,1984,
OLS,iii,197603,197604,-0.0243455610532275,,,0.0127078519117112,0.00138927975986813,1998,
OLS,iii,197604,197605,-0.0526211665852839,,,0.0511643804523756,0.0232237525805578,1992,
OLS,iii,197605,197606,0.0298565466730862,,,0.00668385087431254,0.000349706614629297,1983,
OLS,iii,197606,197607,0.00328342606502441,,,-0.025835573939479,0.00640930070025036,2452,
OLS,iii,197607,197608,-0.0205385484624614,,,-0.011995397935846,0.00132956606122903,2255,
OLS,iii,197608,197609,0.0036036707876413,,,0.0156261708067122,0.00208296753716075,2438,
OLS,iii,197609,197610,-0.0311269158707439,,,0.0027098716949407,7.00656509965425e-05,2418,
OLS,iii,197610,197611,0.0253791715847956,,,-0.00539355900617453,0.000207133107880564,2429,
OLS,iii,197611,197612,0.112422883819095,,,-0.0373097884518438,0.00678133753494803,2422,
OLS,iii,197612,197701,0.0818655730439328,,,-0.110540879391245,0.0517819186463735,2391,
OLS,iii,197701,197702,0.00711115750411007,,,-0.0272887160465052,0.00591549858021889,2400,
OLS,iii,197702,197703,0.012151525208358,,,-0.0192283960168373,0.00260270733634116,2393,
OLS,iii,197703,197704,0.0190174400426538,,,-0.0179618434203101,0.00249258203389191,2385,
OLS,iii,197704,197705,0.0119666897258983,,,-0.0277063224018065,0.00518236680374473,2379,
OLS,iii,197705,197706,0.0530041464509292,,,0.0040031856864608,0.000125148720164114,2365,
OLS,iii,197706,197707,0.0157254091019865,,,-0.0295321071248502,0.00638465650484921,2604,
OLS,iii,197707,197708,-0.0206160174475343,,,0.00954468159906288,0.00084066249551229,2590,
OLS,iii,197708,197709,0.00662311155482109,,,0.000377919578743821,1.17820825329407e-06,2577,
OLS,iii,197709,197710,-0.0185908725119618,,,-0.0252398240565446,0.00488883023786269,2560,
OLS,iii,197710,197711,0.0821672802161557,,,-0.015093355620877,0.00107331457060311,2557,
OLS,iii,197711,197712,0.012194151441437,,,0.00420443768339866,0.000146170804768198,2547,
OLS,iii,197712,197801,0.00751314816382711,,,-0.0601352487973345,0.025613355205093,2532,
OLS,iii,197801,197802,0.0381096715914657,,,-0.0371135912733222,0.0110911529460621,2516,
OLS,iii,197802,197803,0.076620515964273,,,-0.0199366266157582,0.0023429810187966,2502,
OLS,iii,197803,197804,0.0735880212700949,,,0.0172015909933285,0.00163455924787392,2493,
OLS,iii,197804,197805,0.0761066219985573,,,-0.0159933610651423,0.00135792870611107,2482,
OLS,iii,197805,197806,0.0107229102634695,,,-0.0286757596959453,0.00495194557197032,2458,
OLS,iii,197806,197807,0.0314742946016078,,,0.0362240828646357,0.00860870066691033,2559,
OLS,iii,197807,197808,0.0990602408327802,,,-0.0221577633132114,0.00151624755217961,2547,
OLS,iii,197808,197809,0.0127015169917042,,,-0.0329751127689656,0.00520653722064646,2531,
OLS,iii,197809,197810,-0.195699335823722,,,-0.0189172958248984,0.00189708879334216,2522,
OLS,iii,197810,197811,0.0272835314265643,,,0.0406260755906852,0.00835439104133862,2511,
OLS,iii,197811,197812,-0.0149926862359649,,,0.0388017962788345,0.00926348915455977,2499,
OLS,iii,197812,197901,0.120679733350349,,,-0.0549755395461539,0.0136405691593686,2486,
OLS,iii,197901,197902,-0.0237347362267217,,,-0.0163959117261583,0.00255232107000347,2462,
OLS,iii,197902,197903,0.0618246935706516,,,0.0337065578942186,0.00621902210404579,2449,
OLS,iii,197903,197904,0.022106100974281,,,-0.00638146694581063,0.00029978697722588,2442,
OLS,iii,197904,197905,-0.011706367663353,,,-0.0131533115898626,0.00123837118803016,2428,
OLS,iii,197905,197906,0.02143737525059,,,0.0364938551630372,0.00621476739947757,2412,
OLS,iii,197906,197907,0.0195066428745401,,,-0.00810862143315913,0.000491520033798931,2505,
OLS,iii,197907,197908,0.061503288391628,,,0.028647782927934,0.00422552868346771,2488,
OLS,iii,197908,197909,-0.0214243722787084,,,0.0209164904396668,0.00319867900952264,2473,
OLS,iii,197909,197910,-0.103859377757822,,,-0.00231048266190469,3.4833611374574e-05,2459,
OLS,iii,197910,197911,0.0192197457616822,,,0.077828872475304,0.0302672866154804,2455,
OLS,iii,197911,197912,0.0372997771770696,,,0.0394066467680139,0.0067874187995256,2439,
OLS,iii,197912,198001,0.103401138145165,,,-0.0136161164173781,0.000520679034379801,2416,
OLS,iii,198001,198002,-0.0267265181446605,,,0.00340909585556666,6.60036159902955e-05,2395,
OLS,iii,198002,198003,-0.166648699487927,,,-0.0184407799052268,0.00272430595387574,2378,
OLS,iii,198003,198004,0.0169553309954289,,,0.0272527376858374,0.00438497967020923,2374,
OLS,iii,198004,198005,0.0570750589489473,,,0.0159895912762918,0.00152271253270431,2364,
OLS,iii,198005,198006,0.0226011548832904,,,0.0182336348207286,0.00251173716843423,2356,
OLS,iii,198006,198007,0.078576933287807,,,0.0440419771350855,0.00888550858874182,2404,
OLS,iii,198007,198008,0.0455226015296879,,,0.0407714481081856,0.00731890364610288,2396,
OLS,iii,198008,198009,0.0206295183341239,,,0.0278356608138588,0.0034956736229822,2384,
OLS,iii,198009,198010,0.0131372911395214,,,0.0198950488836231,0.00207191424796227,2367,
OLS,iii,198010,198011,-0.0145937655408694,,,0.13747055043282,0.0685334753894817,2355,
OLS,iii,198011,198012,-0.0392726267465796,,,-0.0195107724469565,0.00206536882447361,2346,
OLS,iii,198012,198101,0.0454979968292433,,,-0.0998369112451954,0.0614819609864932,2336,
OLS,iii,198101,198102,0.0219154385569581,,,-0.041219894279966,0.0126801684256389,2317,
OLS,iii,198102,198103,0.0799636779046005,,,-0.0134586031994982,0.00081449862986982,2302,
OLS,iii,198103,198104,0.0407117049221009,,,-0.0363590890413999,0.00518773249762528,2293,
OLS,iii,198104,198105,0.0268426496721693,,,-0.0131712863526236,0.000899667834783902,2279,
OLS,iii,198105,198106,0.0245042514057,,,-0.0854351605633355,0.0472772236241991,2268,
OLS,iii,198106,198107,-0.0322344005051157,,,-0.00440833674354832,0.000157048616787225,2386,
OLS,iii,198107,198108,-0.0518355344065183,,,-0.0710194816865166,0.0375488618819503,2378,
OLS,iii,198108,198109,-0.0635930689563889,,,-0.0565331549620131,0.0229908345029556,2355,
OLS,iii,198109,198110,0.0233621268995811,,,0.0727428745501625,0.0241865180663841,2348,
OLS,iii,198110,198111,0.0144327622919814,,,-0.0115212283017246,0.00078765940093084,2339,
OLS,iii,198111,198112,-0.00672177352380561,,,-0.0379110380827721,0.00971539474405148,2332,
OLS,iii,198112,198201,-0.0039569145003163,,,-0.0433295928878694,0.0132263134906834,2317,
OLS,iii,198201,198202,-0.00774196401938804,,,-0.079025832132408,0.0415028726996411,2310,
OLS,iii,198202,198203,0.00841490826584158,,,-0.0477504166622065,0.0129070692139261,2290,
OLS,iii,198203,198204,0.0335913501842606,,,0.0203978404891278,0.00213348702212657,2272,
OLS,iii,198204,198205,-0.0130055773756835,,,-0.0423782311335179,0.0153578508803466,2259,
OLS,iii,198205,198206,-0.000553424354997315,,,-0.0612250464049007,0.0223040293034209,2244,
OLS,iii,198206,198207,-0.0025086895334576,,,-0.034965104339484,0.00659663195893256,2428,
OLS,iii,198207,198208,0.0360062049031963,,,0.0571245546839172,0.0146130995270027,2426,
OLS,iii,198208,198209,0.0476360480191782,,,-0.0448399118198665,0.0100340759780696,2410,
OLS,iii,198209,198210,0.105587102906158,,,0.0386689693401486,0.00432257992575924,2396,
OLS,iii,198210,198211,0.123482223527592,,,-0.0605905591731405,0.00893628522971834,2382,
OLS,iii,198211,198212,0.0251798455702823,,,-0.01444789366813,0.000870413559573402,2375,
OLS,iii,198212,198301,0.0653983617662752,,,0.040238743945206,0.00437940918988533,2358,
OLS,iii,198301,198302,0.0924021597246661,,,-0.0717114111931734,0.0186269165467186,2341,
OLS,iii,198302,198303,0.0688961509978843,,,-0.0368406121553019,0.00520858163643967,2328,
OLS,iii,198303,198304,0.0779222383290976,,,-0.0250053369224539,0.00259765020942127,2318,
OLS,iii,198304,198305,0.0660173771056534,,,0.0259087566152374,0.00226204175377753,2311,
OLS,iii,198305,198306,0.0512099643813949,,,-0.00896044567746588,0.000353017977604342,2301,
OLS,iii,198306,198307,0.00894131731964877,,,-0.0750810015653123,0.0354684711344253,2470,
OLS,iii,198307,198308,-0.0202080624529172,,,-0.0381826868873095,0.0105719107779677,2455,
OLS,iii,198308,198309,0.0244142315823175,,,-0.0486842907759791,0.0162201354695356,2443,
OLS,iii,198309,198310,-0.0296136920842591,,,-0.0655295862551093,0.0262208433012645,2429,
OLS,iii,198310,198311,0.0414548963660135,,,-0.0078500970652831,0.000359243686807731,2427,
OLS,iii,198311,198312,0.00218925193262083,,,-0.0478131256990406,0.0168377806086216,2421,
OLS,iii,198312,198401,0.0201326608376288,,,-0.0548005371265267,0.0161351131562412,2406,
OLS,iii,198401,198402,-0.0522728221801616,,,-0.0246918015506577,0.00451273925842766,2389,
OLS,iii,198402,198403,0.0280237829067561,,,-0.0447215394275144,0.010749743958538,2368,
OLS,iii,198403,198404,2.10663837094559e-05,,,-0.0429709797230481,0.0133979777739019,2362,
OLS,iii,198404,198405,-0.0309826947389153,,,-0.0450403777616435,0.0121296950526572,2348,
OLS,iii,198405,198406,0.0158895995438645,,,-0.000140497185267254,1.2317658282246e-07,2338,
OLS,iii,198406,198407,-0.0205033719791895,,,-0.0719233147293089,0.0322487672353005,2598,
OLS,iii,198407,198408,0.0801450862014938,,,0.0283978266035618,0.00321048958867198,2583,
OLS,iii,198408,198409,0.0133196759431548,,,-0.0574425906971034,0.0202870340508766,2564,
OLS,iii,198409,198410,-0.00942452553182486,,,-0.0546576437158431,0.0165822515928074,2542,
OLS,iii,198410,198411,-0.00474200505606114,,,-0.0701250378489696,0.025781252421567,2526,
OLS,iii,198411,198412,0.00759660139079806,,,-0.0152332126244341,0.00103489565551551,2502,
OLS,iii,198412,198501,0.0834836684939405,,,0.0576273122952968,0.01088505722267,2482,
OLS,iii,198501,198502,0.0339093563622974,,,0.000266810813566959,2.74724469395693e-07,2461,
OLS,iii,198502,198503,-0.00632292586351164,,,-0.0333505664162377,0.00544736128872103,2441,
OLS,iii,198503,198504,-0.00280449950054945,,,-0.0434442770991191,0.0123483697458582,2432,
OLS,iii,198504,198505,0.0322218814476693,,,-0.0211528217133406,0.00217077638330399,2417,
OLS,iii,198505,198506,0.00709402402236948,,,-0.0233219606070454,0.0033228937617491,2403,
OLS,iii,198506,198507,0.022049799687127,,,-0.0119357721302336,0.000774339674633473,2623,
OLS,iii,198507,198508,-0.00397174550903577,,,-0.0219762073675591,0.00248182514616813,2609,
OLS,iii,198508,198509,-0.0299983256843868,,,-0.0557145382786205,0.0214262756732927,2590,
OLS,iii,198509,198510,0.0245111450844729,,,-0.0247408187912843,0.00258089663399885,2570,
OLS,iii,198510,198511,0.0454815477072914,,,0.00229320923174956,1.98684824450623e-05,2555,
OLS,iii,198511,198512,0.0353305971709653,,,-0.0331566912843701,0.00496865810342684,2532,
OLS,iii,198512,198601,0.00987901399188315,,,0.0273597025688494,0.00250871555724175,2512,
OLS,iii,198601,198602,0.0618856894348861,,,-0.0166571934643276,0.000758828662877908,2497,
OLS,iii,198602,198603,0.0634736759156678,,,-0.040907744143668,0.00604553455677503,2485,
OLS,iii,198603,198604,0.00678225424233973,,,-0.00478020924037228,8.12779279805165e-05,2459,
OLS,iii,198604,198605,0.03457484495452,,,-0.00596680432898873,0.000165132923452438,2438,
OLS,iii,198605,198606,0.0026463318792253,,,-0.000906880807997227,2.11309070696775e-06,2423,
OLS,iii,198606,198607,-0.0651761289117551,,,-0.0427233021294997,0.00722593569660679,2702,
OLS,iii,198607,198608,0.0329878279407897,,,-0.0275594575989686,0.00310836904333467,2680,
OLS,iii,198608,198609,-0.0396155241900139,,,-0.0403961857386557,0.00700222484989077,2669,
OLS,iii,198609,198610,0.0249499523148674,,,0.0107622809880802,0.000256258686858968,2647,
OLS,iii,198610,198611,0.0140514839651611,,,-0.0353908850408764,0.00591431342308368,2616,
OLS,iii,198611,198612,-0.0128961125676358,,,-0.0480614841645348,0.0103766242049208,2587,
OLS,iii,198612,198701,0.106984994764924,,,0.0225967633240172,0.00148981548551186,2538,
OLS,iii,198701,198702,0.0496621145525186,,,0.0509935203081495,0.00886705177145575,2514,
OLS,iii,198702,198703,0.0330046358508198,,,0.000330887922098864,2.83168319015203e-07,2505,
OLS,iii,198703,198704,-0.0137499070391664,,,-0.00809268882137875,0.000295763059702359,2482,
OLS,iii,198704,198705,0.0122841838885932,,,-0.00917342500780411,0.000390326666352969,2465,
OLS,iii,198705,198706,0.0352341729255632,,,-0.0211732899791355,0.00184364966955819,2457,
OLS,iii,198706,198707,0.0485407544637358,,,-0.00553150033683742,9.49886113579268e-05,2809,
OLS,iii,198707,198708,0.0313383323490809,,,-0.0387949144630024,0.00681856109942669,2790,
OLS,iii,198708,198709,-0.00370954011773674,,,-0.0186702473287593,0.0016904253276494,2771,
OLS,iii,198709,198710,-0.267360484367488,,,-0.0563276307541371,0.0151221107147228,2746,
OLS,iii,198710,198711,-0.0307843929445393,,,-0.0476120710322029,0.00802667338194796,2720,
OLS,iii,198711,198712,0.0633330750656778,,,-0.0328231336473348,0.00266139610956995,2692,
OLS,iii,198712,198801,0.0520096414856135,,,0.0282463209171256,0.00185541408836787,2670,
OLS,iii,198801,198802,0.084022653051587,,,-0.024353536416124,0.00184675560403969,2647,
OLS,iii,198802,198803,0.0569197504751,,,-0.0371950579345892,0.00471910401042786,2632,
OLS,iii,198803,198804,0.023486278280215,,,-0.0177756298277661,0.00136681000485162,2613,
OLS,iii,198804,198805,-0.00179953753192716,,,-0.0394077734529175,0.00722095323938443,2592,
OLS,iii,198805,198806,0.0499795842538056,,,0.00364858151398126,5.36367975103591e-05,2566,
OLS,iii,198806,198807,0.00243607437048657,,,-0.0262663315283721,0.00361112009195885,2643,
OLS,iii,198807,198808,-0.0134939069540654,,,-0.0295485030492519,0.00401355017222282,2620,
OLS,iii,198808,198809,0.018189103219595,,,0.00273378569469745,2.63740527320921e-05,2593,
OLS,iii,198809,198810,-0.00167032405637101,,,-0.0316206316976747,0.00552909548160885,2574,
OLS,iii,198810,198811,-0.0256503803224102,,,-0.0392901754776243,0.00881726170565911,2551,
OLS,iii,198811,198812,0.0389419752868462,,,-0.0235842627210515,0.00240883903076727,2524,
OLS,iii,198812,198901,0.0466035614782416,,,0.0179462689580477,0.000653305690694217,2498,
OLS,iii,198901,198902,0.00725234227238339,,,-0.0202085257973095,0.00207332569745666,2481,
OLS,iii,198902,198903,0.0217699219668498,,,-0.00114089612896406,5.71239255353628e-06,2458,
OLS,iii,198903,198904,0.0288751412043367,,,0.000884198848095006,3.01991855344852e-06,2439,
OLS,iii,198904,198905,0.0269851623954441,,,-0.00150443341724515,8.79694790412167e-06,2426,
OLS,iii,198905,198906,-0.00747775968046051,,,-0.030326806858475,0.00493807650633416,2402,
OLS,iii,198906,198907,0.0205493541303637,,,0.00464816882948379,9.57590678408726e-05,2674,
OLS,iii,198907,198908,0.0215864633164623,,,-0.0207245087136876,0.0016267379200231,2655,
OLS,iii,198908,198909,-0.00768829831722783,,,0.00402353914853313,7.10226838067651e-05,2633,
OLS,iii,198909,198910,-0.0539564613084004,,,-0.0173718864473203,0.00133276304149943,2611,
OLS,iii,198910,198911,-0.0250313412892442,,,0.0152186038831162,0.000783791231662501,2593,
OLS,iii,198911,198912,-0.00609441095946309,,,-0.007371654092617,0.000240351102892444,2567,
OLS,iii,198912,199001,-0.0501564806948899,,,-0.0256777833182697,0.0023209696662998,2553,
OLS,iii,199001,199002,0.0152768004963363,,,0.0022198338848466,1.32931331064956e-05,2531,
OLS,iii,199002,199003,0.0395317783679019,,,-0.0206956235508565,0.0014072517999314,2521,
OLS,iii,199003,199004,-0.0301186269474451,,,-0.00110256019055317,4.54109509151479e-06,2506,
OLS,iii,199004,199005,0.0248162885771107,,,0.0528662873457233,0.00530915898296369,2490,
OLS,iii,199005,199006,-0.0118564592510055,,,0.0221209422283713,0.00169416298617442,2472,
OLS,iii,199006,199007,-0.0370487366991181,,,0.00556666849775151,0.00010076501030909,2797,
OLS,iii,199007,199008,-0.105685447790052,,,-0.0421625649742036,0.00522623976370207,2777,
OLS,iii,199008,199009,-0.0702638296848162,,,-0.0270225812986785,0.00232085778594315,2756,
OLS,iii,199009,199010,-0.0553146538893836,,,-0.0151537399238973,0.000660265266032578,2746,
OLS,iii,199010,199011,0.0292665584914012,,,0.0191581372315084,0.000776149391221392,2730,
OLS,iii,199011,199012,0.0167844030920727,,,-0.03056803690464,0.00249177612809914,2723,
OLS,iii,199012,199101,0.0939166039256019,,,0.00510271541278292,3.29934278846533e-05,2712,
OLS,iii,199101,199102,0.100169648379341,,,0.0502695853334977,0.00350878345152594,2699,
OLS,iii,199102,199103,0.0775195914623932,,,0.00728995402090881,4.92202847275358e-05,2690,
OLS,iii,199103,199104,0.0189734076186749,,,-0.00486548591846506,4.88114727632549e-05,2669,
OLS,iii,199104,199105,0.0247322812583277,,,0.0164666174910539,0.000629433105367783,2658,
OLS,iii,199105,199106,-0.0286637045969318,,,-0.0254519613383174,0.00188865434476715,2642,
OLS,iii,199106,199107,0.0170010289719899,,,0.0213866409600109,0.00129948340153285,2798,
OLS,iii,199107,199108,0.0256638060384479,,,0.00533136220993016,3.18749646956995e-05,2777,
OLS,iii,199108,199109,-0.0133205465136783,,,0.0264280823979732,0.00154043839136964,2765,
OLS,iii,199109,199110,0.00708942355829344,,,0.0340920925828719,0.00173676169220149,2755,
OLS,iii,199110,199111,-0.0353217047639305,,,0.00768433272616934,0.000163843786476936,2738,
OLS,iii,199111,199112,0.0468846173211581,,,-0.0137860499493435,0.00044188454508165,2722,
OLS,iii,199112,199201,0.124997103979,,,0.0613446975567897,0.000863158408165643,2704,
OLS,iii,199201,199202,0.0683737745706856,,,-0.0294792094542096,0.0013258557640039,2694,
OLS,iii,199202,199203,0.0152152688639026,,,-0.0567037232526664,0.00462839461256015,2680,
OLS,iii,199203,199204,-0.0181839266360792,,,-0.043763495108174,0.00746128205491248,2671,
OLS,iii,199204,199205,0.00557549745288172,,,-0.0202168792687862,0.00169659281045509,2654,
OLS,iii,199205,199206,-0.0339251182219507,,,-0.0316439147512097,0.00283956951265463,2627,
OLS,iii,199206,199207,0.0180200501905979,,,0.00409282312716085,5.60285678676831e-05,2756,
OLS,iii,199207,199208,-0.0140022024731596,,,-0.0322863180063504,0.00441667999214945,2732,
OLS,iii,199208,199209,0.00803522328490388,,,0.0119300853120359,0.000454111717945849,2708,
OLS,iii,199209,199210,0.0378540954973263,,,-0.0368577460850599,0.00415212928537534,2698,
OLS,iii,199210,199211,0.0817607378008794,,,-0.0136137749789484,0.000420695410298766,2679,
OLS,iii,199211,199212,0.0532484969977781,,,-0.0410746190946046,0.00489346054320028,2668,
OLS,iii,199212,199301,0.071874894945302,,,-0.0299795129492908,0.00183876371681513,2660,
OLS,iii,199301,199302,0.00348859021760809,,,-0.0354180328049703,0.0043343549323549,2651,
OLS,iii,199302,199303,0.0249562651183658,,,-0.00401597733433327,5.14001362573735e-05,2638,
OLS,iii,199303,199304,-0.0199641609414982,,,-0.0151842613166811,0.000863303306116947,2623,
OLS,iii,199304,199305,0.0474529832381575,,,0.00533568772197744,7.37497132943243e-05,2617,
OLS,iii,199305,199306,-0.00125693901776228,,,0.0137314526660954,0.000343883964814329,2610,
OLS,iii,199306,199307,0.0118613413767876,,,-0.015274044210484,0.000759773985998469,2794,
OLS,iii,199307,199308,0.0219075852615769,,,0.0397300323357677,0.000851948918674461,2781,
OLS,iii,199308,199309,0.0304605954630273,,,-0.0177392638652962,0.000875427016091002,2771,
OLS,iii,199309,199310,0.0401288043843099,,,0.00784059350307345,0.000142712093493258,2765,
OLS,iii,199310,199311,0.00240177228901732,,,-0.0335823303814133,0.00393019171171516,2755,
OLS,iii,199311,199312,0.0207210606414399,,,-0.00969143626151681,0.000278137711277826,2739,
OLS,iii,199312,199401,0.0515494006861289,,,0.00483714772630619,5.49136778532633e-05,2728,
OLS,iii,199401,199402,0.0200615823719404,,,-0.0363027409509131,0.00414224462073776,2715,
OLS,iii,199402,199403,-0.0235087238116178,,,-0.0440293332147343,0.00822271813996311,2696,
OLS,iii,199403,199404,0.00301585813836543,,,-0.0305852395894448,0.00490359682539354,2688,
OLS,iii,199404,199405,0.000425811965937749,,,-0.0062605194793051,0.000169459899494018,2674,
OLS,iii,199405,199406,-0.0160025027501605,,,-0.0358013474371322,0.00667803007865897,2659,
OLS,iii,199406,199407,0.0172978801242677,,,-0.0105250920717252,0.000571510614115312,2891,
OLS,iii,199407,199408,0.0505441661787213,,,-0.0222398341711462,0.00137292016965362,2884,
OLS,iii,199408,199409,0.0226308820161292,,,-0.0271031337362407,0.00264514018526674,2866,
OLS,iii,199409,199410,0.0273445689387524,,,-0.0436867695115879,0.00662860566872769,2852,
OLS,iii,199410,199411,-0.0125586662194156,,,-0.0508213460534158,0.0112190708927283,2839,
OLS,iii,199411,199412,-0.00570641233048865,,,-0.0233108967119218,0.0022262652027315,2826,
OLS,iii,199412,199501,0.021303732872011,,,0.0171188851704279,0.000596279700270541,2804,
OLS,iii,199501,199502,0.0347805101136303,,,-0.0083879810010775,0.000291983161779696,2793,
OLS,iii,199502,199503,0.0189597293277223,,,-0.00533874550465721,0.000107981802381696,2777,
OLS,iii,199503,199504,0.0324870234789059,,,-0.0141983197507536,0.000717447756432676,2756,
OLS,iii,199504,199505,0.0215251205802531,,,-0.0102147279975728,0.000301340246244175,2743,
OLS,iii,199505,199506,0.0318066267819024,,,0.03625578517532,0.00280551918529115,2725,
OLS,iii,199506,199507,0.0527373934813082,,,-0.00251433828288234,1.74189906745337e-05,3089,
OLS,iii,199507,199508,0.0178159432606455,,,0.0210071161958789,0.00117220909838689,3070,
OLS,iii,199508,199509,0.0262168426445228,,,-7.81398238810412e-05,1.57558691649129e-08,3051,
OLS,iii,199509,199510,-0.0369782059025188,,,-0.0466517944578121,0.00901848126587879,3028,
OLS,iii,199510,199511,0.00687598830349917,,,0.00657874630446888,0.000159754638566545,3012,
OLS,iii,199511,199512,-0.00634609011090634,,,0.0226211267448268,0.0015968597634668,2994,
OLS,iii,199512,199601,0.00933806602661102,,,0.0249472802195379,0.00164048403315276,2980,
OLS,iii,199601,199602,0.0344570486872926,,,0.00377054045990399,4.17343715882756e-05,2965,
OLS,iii,199602,199603,0.0244650620922965,,,0.00747915228338009,0.000182852120724886,2947,
OLS,iii,199603,199604,0.0616776463083357,,,0.00753088677962573,0.000149222688500705,2930,
OLS,iii,199604,199605,0.0774402582056477,,,-0.00311759303322407,1.69555003142197e-05,2914,
OLS,iii,199605,199606,-0.0257403100754184,,,-0.0349781870200803,0.00498478401655089,2893,
OLS,iii,199606,199607,-0.0602621379915386,,,-0.0705336713613511,0.02271999772864,3281,
OLS,iii,199607,199608,0.0361330976777406,,,0.00271003143865181,2.87406151823211e-05,3259,
OLS,iii,199608,199609,0.0219023384502888,,,0.00770369333335502,0.000228451774495375,3230,
OLS,iii,199609,199610,0.00487621763161838,,,-0.0635677595194172,0.0148235123895218,3210,
OLS,iii,199610,199611,0.0373417927748871,,,-0.0285296757607696,0.0028876962243185,3194,
OLS,iii,199611,199612,0.0118081507794565,,,-0.0376468022571222,0.00487989696801361,3181,
OLS,iii,199612,199701,0.0411005681067281,,,0.0385689270668589,0.0032816270128524,3149,
OLS,iii,199701,199702,0.00113834390360353,,,-0.0483842135463964,0.00840405791643351,3130,
OLS,iii,199702,199703,-0.0146260592144511,,,-0.068233074499533,0.0205958809689373,3114,
OLS,iii,199703,199704,-0.00814147054934202,,,-0.0356078502176987,0.0052876878148318,3096,
OLS,iii,199704,199705,0.0799241214358564,,,0.0270959245397655,0.00217578053707301,3078,
OLS,iii,199705,199706,0.0480283496523295,,,-0.022805330221978,0.00196715103428935,3062,
OLS,iii,199706,199707,0.0503032878559469,,,-0.00478530695684478,6.05651461046408e-05,3313,
OLS,iii,199707,199708,0.033470940927947,,,-0.000910120359870661,2.41932074296347e-06,3286,
OLS,iii,199708,199709,0.075991038968726,,,0.00237800472690471,1.41369430560756e-05,3258,
OLS,iii,199709,199710,-0.015155394469541,,,-0.0260185037694863,0.00120710438932925,3233,
OLS,iii,199710,199711,0.00681773028622156,,,-0.0601065328932959,0.0143151344913062,3206,
OLS,iii,199711,199712,-0.0283324821088324,,,-0.0297948089229125,0.00256846487270579,3187,
OLS,iii,199712,199801,0.0100267373017964,,,0.0017476619575515,7.92174096408971e-06,3144,
OLS,iii,199801,199802,0.0616790675526883,,,0.0066190908457915,0.000119507496171178,3116,
OLS,iii,199802,199803,0.0429411888399716,,,-0.00291739369727226,2.55563489828248e-05,3097,
OLS,iii,199803,199804,0.02775790377439,,,-0.0162405321915449,0.000608892737550826,3057,
OLS,iii,199804,199805,-0.0199475676119017,,,-0.0509687589554384,0.0104394486923715,3038,
OLS,iii,199805,199806,-0.013291111941531,,,-0.0373209046532167,0.00407485426042586,3018,
OLS,iii,199806,199807,-0.0571103917618582,,,-0.0208316533487144,0.00122665560769208,3226,
OLS,iii,199807,199808,-0.153837130384004,,,-0.0904942945451213,0.0301822502208825,3193,
OLS,iii,199808,199809,0.0124053560381754,,,0.0493767664507411,0.00473949819671293,3163,
OLS,iii,199809,199810,0.0385423628060049,,,0.00182129940541933,6.04717556662582e-06,3124,
OLS,iii,199810,199811,0.0996231529323275,,,-0.050992991476129,0.00192719827450472,3075,
OLS,iii,199811,199812,0.0414634877609118,,,-0.0458760473056583,0.00267311393898206,3045,
OLS,iii,199812,199901,0.0552933874139702,,,-5.00514417171408e-05,2.40539788087801e-09,3012,
OLS,iii,199901,199902,-0.0473479255919401,,,-0.0178183957356242,0.00102923402193966,2975,
OLS,iii,199902,199903,-0.0456581168289235,,,0.0553228037726244,0.00645468567220864,2953,
OLS,iii,199903,199904,0.0700604606189566,,,0.0404500177730513,0.00278732670635617,2916,
OLS,iii,199904,199905,0.0598882319473792,,,-0.0347764981793375,0.00266849916902667,2888,
OLS,iii,199905,199906,0.0544818283245021,,,-0.0245523541831253,0.0015271818456366,2865,
OLS,iii,199906,199907,0.0206572610502012,,,-0.0217683180495194,0.00102361137691509,3202,
OLS,iii,199907,199908,-0.0227771835302697,,,-0.0199031129674949,0.00110727287279455,3173,
OLS,iii,199908,199909,-0.0245850658797784,,,0.0060818952846502,9.83568444488103e-05,3136,
OLS,iii,199909,199910,-0.0116783593891203,,,-0.0125962958753342,0.000391968538199561,3095,
OLS,iii,199910,199911,0.0857085177316435,,,0.00586389966313988,3.38081205655261e-05,3071,
OLS,iii,199911,199912,0.0503784021547359,,,0.0759083724440288,0.00485269702073043,3023,
OLS,iii,199912,200001,0.0598911073042166,,,-0.017826797730563,0.000354319767092215,2993,
OLS,iii,200001,200002,0.123584909140895,,,0.0191047122131592,0.000184652367633986,2966,
OLS,iii,200002,200003,0.0168883444196603,,,-0.000102725137770905,1.48503146446544e-08,2941,
OLS,iii,200003,200004,-0.0581119134238212,,,-0.0387746983202716,0.00266957827220482,2907,
OLS,iii,200004,200005,-0.0590266055477036,,,-0.00412430126042873,4.20355658938831e-05,2885,
OLS,iii,200005,200006,0.0482494580015578,,,0.0314368739657596,0.00137786205824519,2862,
OLS,iii,200006,200007,0.0117108536611832,,,-0.0746798055390487,0.0128432894097692,3130,
OLS,iii,200007,200008,0.0257265064492991,,,0.0733446881818672,0.00871234477831862,3103,
OLS,iii,200008,200009,-0.0136297257751639,,,-0.0695816128080449,0.0112910305124782,3064,
OLS,iii,200009,200010,-0.0312980214991974,,,-0.0568525087583434,0.00712863059279312,3029,
OLS,iii,200010,200011,-0.0432551130672324,,,-0.145924610984891,0.0410580838644428,2984,
OLS,iii,200011,200012,-0.00485755229785821,,,-0.0152647571569562,0.000332940556715067,2946,
OLS,iii,200012,200101,0.158965801379687,,,0.138748746463529,0.00897285147178928,2907,
OLS,iii,200101,200102,0.0125291672257927,,,-0.148875993004683,0.0462646413172662,2875,
OLS,iii,200102,200103,-0.0329018990772204,,,-0.0665054015236314,0.00989100951217892,2854,
OLS,iii,200103,200104,0.0332494656912902,,,0.0643465486437043,0.00726425479252579,2827,
OLS,iii,200104,200105,0.085602119335749,,,-0.0383568297652401,0.00252543960929641,2789,
OLS,iii,200105,200106,0.0271008725203462,,,-0.0376787820331832,0.00328114267782553,2761,
OLS,iii,200106,200107,0.0255026344491251,,,-0.0986029779844852,0.0261464016866616,2906,
OLS,iii,200107,200108,0.00496737190205238,,,-0.0828016539823693,0.020339203034106,2879,
OLS,iii,200108,200109,-0.105747712596015,,,-0.0743532773382887,0.0121645724933059,2844,
OLS,iii,200109,200110,0.0431604590859464,,,0.0658581031788104,0.00536032424815647,2819,
OLS,iii,200110,200111,0.0758301953657939,,,-0.000551592696300503,5.51790077851777e-07,2802,
OLS,iii,200111,200112,0.0729736787089803,,,-0.0239032368301819,0.00130171548133295,2773,
OLS,iii,200112,200201,0.0910842898634449,,,-0.118690543070989,0.0252376986360582,2748,
OLS,iii,200201,200202,0.00663520962555726,,,-0.0688700245051021,0.014273102213412,2729,
OLS,iii,200202,200203,0.100677259235252,,,-0.02137439059728,0.000975676754673138,2707,
OLS,iii,200203,200204,0.0770154248929982,,,-0.139492515054766,0.0392722526716423,2685,
OLS,iii,200204,200205,0.0178167745077652,,,-0.0625369764621191,0.00944395662170916,2664,
OLS,iii,200205,200206,-0.0161546467698499,,,-0.111594895157654,0.0390777296277315,2638,
OLS,iii,200206,200207,-0.115526244807538,,,-0.0309723511282905,0.00297522977876818,2822,
OLS,iii,200207,200208,-0.00206511432936192,,,-0.00766369801202736,0.000137575856244632,2799,
OLS,iii,200208,200209,-0.0636430052264932,,,-0.0566209329819474,0.00780050794195786,2779,
OLS,iii,200209,200210,0.0235336752033408,,,0.0469654409021184,0.00263858161006636,2764,
OLS,iii,200210,200211,0.052841952917781,,,0.160895625122023,0.0240656496325975,2730,
OLS,iii,200211,200212,-0.0108602588687445,,,-0.0944764194139029,0.0307346076271554,2712,
OLS,iii,200212,200301,-0.000687493265756355,,,-0.0188030573046271,0.00101112915286039,2690,
OLS,iii,200301,200302,-0.0197694822152655,,,-0.015608682114522,0.00092639683797302,2668,
OLS,iii,200302,200303,-0.00281540270473711,,,0.0176498371258496,0.000940905456638719,2644,
OLS,iii,200303,200304,0.0681422168015865,,,0.0660819535926579,0.00787134980589999,2616,
OLS,iii,200304,200305,0.0797355850275135,,,0.10640757695637,0.0160236977688727,2597,
OLS,iii,200305,200306,0.0564276446484218,,,-0.0114246969781995,0.000337834423422834,2580,
OLS,iii,200306,200307,0.0944160603168411,,,-0.0262684374556409,0.00151566137781534,2802,
OLS,iii,200307,200308,0.0653932851293858,,,-0.0169847256866503,0.00109260725171711,2786,
OLS,iii,200308,200309,0.0229754689755027,,,-0.0107517408387378,0.000307443895291137,2761,
OLS,iii,200309,200310,0.109628658868568,,,-0.0264465115265479,0.00136555665315985,2740,
OLS,iii,200310,200311,0.0638890191203865,,,-0.0440989467288084,0.00708158049854446,2725,
OLS,iii,200311,200312,0.0280432179204391,,,0.0186731429058238,0.00118241188774704,2706,
OLS,iii,200312,200401,0.065668176892824,,,0.0147973715093166,0.000600919487805718,2686,
OLS,iii,200401,200402,0.024996127366506,,,-0.0298706217450475,0.00203784519690053,2672,
OLS,iii,200402,200403,0.0210794137852872,,,-0.0321503564280168,0.0033868513775247,2657,
OLS,iii,200403,200404,-0.0197312939618316,,,-0.013817527841156,0.000796289847299847,2646,
OLS,iii,200404,200405,0.0139770517073938,,,-0.0191993518460627,0.00187103463499083,2628,
OLS,iii,200405,200406,0.0433562602007859,,,-0.0252046785667484,0.00374969028468064,2606,
OLS,iii,200406,200407,-0.0365181393985597,,,-0.0727649047829526,0.0266869163361337,2678,
OLS,iii,200407,200408,-0.0139886414389833,,,-0.019757074696511,0.00235055739429713,2663,
OLS,iii,200408,200409,0.043056800226768,,,0.00196217405603957,1.81094071768362e-05,2650,
OLS,iii,200409,200410,0.0151819609524274,,,0.00511056648018305,0.000121658955018922,2640,
OLS,iii,200410,200411,0.0958793250758949,,,-0.00517212891597182,4.77435618991828e-05,2627,
OLS,iii,200411,200412,0.0569445662294077,,,0.0151227569257285,0.000589267848883135,2610,
OLS,iii,200412,200501,-0.00878030160165591,,,-0.0555916448380149,0.0149567120104896,2590,
OLS,iii,200501,200502,0.0167953088346323,,,-0.00424157662254959,9.49182998962739e-05,2577,
OLS,iii,200502,200503,0.00922899208032289,,,-0.0714378149213883,0.0189223524620465,2563,
OLS,iii,200503,200504,-0.0480334809948054,,,-0.0333371986467007,0.00622541509025931,2549,
OLS,iii,200504,200505,0.0479214665248754,,,0.0094948967708771,0.000346399872712788,2531,
OLS,iii,200505,200506,0.0403452472881259,,,-0.0226675428019023,0.00278529562614271,2514,
OLS,iii,200506,200507,0.0593262017311337,,,0.0198379915907233,0.00147040127874376,2565,
OLS,iii,200507,200508,-0.00749286687679243,,,-0.0161617481637734,0.00140367800687546,2548,
OLS,iii,200508,200509,-0.00552114523208834,,,0.0191747939639012,0.00206455280753493,2526,
OLS,iii,200509,200510,-0.023468662607436,,,-0.0223254879444236,0.00250855374118386,2511,
OLS,iii,200510,200511,0.0465706780432338,,,-0.0160512147424471,0.00109842161556395,2493,
OLS,iii,200511,200512,0.00799368310918919,,,-0.00262938675875135,3.81905128208349e-05,2477,
OLS,iii,200512,200601,0.0599727833660541,,,0.0415048358390109,0.00645510621894874,2456,
OLS,iii,200601,200602,0.00375445517989172,,,-0.00955104725637822,0.000585418297308626,2435,
OLS,iii,200602,200603,0.043444124701908,,,-0.00098986158500463,5.20532261472084e-06,2424,
OLS,iii,200603,200604,0.0137072385458654,,,-0.0142790804971346,0.000930582753753795,2406,
OLS,iii,200604,200605,-0.0378348002406213,,,-0.0370740606019314,0.00878475723207261,2396,
OLS,iii,200605,200606,-0.00812793647123464,,,-0.0135477984704087,0.00113465574305671,2377,
OLS,iii,200606,200607,-0.0217507885952478,,,-0.0420862356254463,0.011240637073653,2477,
OLS,iii,200607,200608,0.00544651904666256,,,0.0336507255742679,0.00522923531735686,2466,
OLS,iii,200608,200609,0.0369516289526905,,,-0.057212638095151,0.0228932013658703,2454,
OLS,iii,200609,200610,0.0401547037274022,,,0.014509696131694,0.00116596340634167,2443,
OLS,iii,200610,200611,0.0160525944789299,,,0.0176561696676679,0.00154769453650561,2426,
OLS,iii,200611,200612,0.023748426383167,,,-0.0273290051232706,0.00402347139787007,2408,
OLS,iii,200612,200701,0.0255954845550595,,,-0.000173881929948201,1.91438113250619e-07,2387,
OLS,iii,200701,200702,0.00291274434017466,,,0.00106104310839133,8.81009767406127e-06,2359,
OLS,iii,200702,200703,0.00452341099094593,,,-0.00265648194961093,4.73914335641368e-05,2350,
OLS,iii,200703,200704,0.0144473161403823,,,0.019838807189935,0.00242056055719109,2332,
OLS,iii,200704,200705,0.0298447777699713,,,-0.00559939116913953,0.000165533550934294,2313,
OLS,iii,200705,200706,-0.00499325807820197,,,-0.00355895157893984,0.000100347566181713,2293,
OLS,iii,200706,200707,-0.0425150461866406,,,-0.00662226367693334,0.000253148786897195,2413,
OLS,iii,200707,200708,-0.0341765814880661,,,0.0288690769352339,0.00310769049170268,2396,
OLS,iii,200708,200709,-0.00812610648967625,,,0.0366791414896259,0.00738163517983081,2369,
OLS,iii,200709,200710,0.00405500749928069,,,0.0307618102348343,0.00217221401166656,2349,
OLS,iii,200710,200711,-0.0736361203162447,,,-0.0272183463690248,0.00262604371915154,2326,
OLS,iii,200711,200712,-0.00519844065855806,,,-0.0154918833876971,0.00113603160995746,2302,
OLS,iii,200712,200801,-0.0555407331506268,,,-0.0119641735452295,0.000481775351387159,2278,
OLS,iii,200801,200802,-0.0228468634083938,,,0.01036622187763,0.000411382514540981,2268,
OLS,iii,200802,200803,-0.0053692152979864,,,-0.0196612283680157,0.00154420554211743,2260,
OLS,iii,200803,200804,0.026951864273554,,,0.00353473597351735,4.00161684283029e-05,2243,
OLS,iii,200804,200805,0.030816094878029,,,0.0230245115014703,0.00168044086543073,2226,
OLS,iii,200805,200806,-0.0805420560099278,,,-0.00889815362039704,0.000295281985706608,2210,
OLS,iii,200806,200807,0.0126312585814425,,,-0.0230302711644403,0.00146721972700459,2369,
OLS,iii,200807,200808,0.0536597884807164,,,-0.0511376217260492,0.00777875250978921,2353,
OLS,iii,200808,200809,-0.0885392716265488,,,-0.0740333331739396,0.0204799580867681,2333,
OLS,iii,200809,200810,-0.209825884182865,,,-0.0498082987393601,0.00544743039674667,2322,
OLS,iii,200810,200811,-0.157785097187405,,,0.0274374512359891,0.00113377815290217,2300,
OLS,iii,200811,200812,0.0554126988536892,,,-0.0326621987250684,0.00125827154139246,2289,
OLS,iii,200812,200901,-0.0740893712644286,,,0.0748606578068896,0.0064760348373617,2268,
OLS,iii,200901,200902,-0.0873198039840739,,,-0.0459789620301765,0.00461405889303235,2258,
OLS,iii,200902,200903,0.120435010407903,,,0.000432149829629277,1.53508070921404e-07,2241,
OLS,iii,200903,200904,0.259940669895242,,,-0.0325850857388419,0.000631057873652807,2229,
OLS,iii,200904,200905,0.0634943014163571,,,0.0402052679478728,0.00233930182752373,2212,
OLS,iii,200905,200906,0.0395246102574403,,,0.00333514052739184,1.97957387844117e-05,2197,
OLS,iii,200906,200907,0.0863329720656073,,,0.0317930462983713,0.00226854760020456,2329,
OLS,iii,200907,200908,0.0521309434024868,,,0.0394834333819843,0.00212400602047425,2316,
OLS,iii,200908,200909,0.0622945976920103,,,0.0411743672874245,0.00442230202650396,2306,
OLS,iii,200909,200910,-0.0187551231949063,,,-0.0762885934542578,0.0261725766228321,2298,
OLS,iii,200910,200911,0.0455362694780135,,,-0.0349926119227744,0.00208244340066588,2283,
OLS,iii,200911,200912,0.0677630481738247,,,0.0174440902387612,0.000954619421856262,2262,
OLS,iii,200912,201001,-0.0247334524942604,,,0.00772899659352223,0.000283068992149582,2249,
OLS,iii,201001,201002,0.0654930254896165,,,-0.0373908066342986,0.00802453374540491,2237,
OLS,iii,201002,201003,0.0893587772447996,,,-0.00943905552849608,0.000187347589241993,2221,
OLS,iii,201003,201004,0.0653490211573009,,,0.0156540356200536,0.00073694488849807,2209,
OLS,iii,201004,201005,-0.0594046680038663,,,-0.0389476466910289,0.0105591769006141,2195,
OLS,iii,201005,201006,-0.0668250402419341,,,-0.0149255595764989,0.00143230533104477,2187,
OLS,iii,201006,201007,0.0458790994970592,,,0.0418416252575089,0.00818700653789262,2319,
OLS,iii,201007,201008,-0.0616242279843577,,,-0.0104684561499429,0.000542594863847223,2298,
OLS,iii,201008,201009,0.120021761178252,,,0.00467520766698053,9.72809388860574e-05,2284,
OLS,iii,201009,201010,0.0412205187905909,,,0.0137072785935612,0.000893967219666503,2271,
OLS,iii,201010,201011,0.0379602689218385,,,-0.0124970683135844,0.000742919291806476,2255,
OLS,iii,201011,201012,0.0640058525946089,,,0.0346424926567645,0.00525793893826398,2235,
OLS,iii,201012,201101,0.00848827842264233,,,0.022468662396159,0.00215174665463036,2210,
OLS,iii,201101,201102,0.0466690580443576,,,0.00580372620310357,0.00010749184979042,2200,
OLS,iii,201102,201103,0.0181860995765389,,,0.00580433590943901,0.000167097375618819,2186,
OLS,iii,201103,201104,0.0279116992611091,,,-0.0165321084986898,0.00175579715535823,2173,
OLS,iii,201104,201105,-0.0111960191646667,,,-0.0126332413902823,0.000868568320089524,2162,
OLS,iii,201105,201106,0.000427198177012348,,,-0.0414354076760791,0.0115950510458815,2143,
OLS,iii,201106,201107,-0.00558986499654179,,,-0.0392720225259657,0.00851026823076251,2185,
OLS,iii,201107,201108,-0.0746661766325015,,,-0.0391654131820294,0.00926747936211247,2177,
OLS,iii,201108,201109,-0.068580086174048,,,-0.0823327368438846,0.0374912941564854,2166,
OLS,iii,201109,201110,0.0975454088052153,,,0.0697817175345207,0.015932751608411,2158,
OLS,iii,201110,201111,-0.00681566729504216,,,-0.0092907255127375,0.000294106059267607,2144,
OLS,iii,201111,201112,0.0132171404986833,,,-0.0231994221295263,0.00289946041123723,2131,
OLS,iii,201112,201201,0.0668936557036273,,,0.0504759577889332,0.00719236362218167,2117,
OLS,iii,201201,201202,0.0362452431203566,,,0.00259719246922726,3.59447453890382e-05,2105,
OLS,iii,201202,201203,0.0452859138527411,,,-0.0365726472471494,0.0072396285880173,2097,
OLS,iii,201203,201204,-0.00651955389105148,,,-0.014308900521619,0.000920656040361512,2087,
OLS,iii,201204,201205,-0.0489563956299324,,,-0.0530255786020491,0.0128430390262811,2076,
OLS,iii,201205,201206,0.0330766527771395,,,0.0136523857913015,0.000941615252391559,2069,
OLS,iii,201206,201207,-0.0165483735550659,,,0.00911042715004732,0.000416250494621906,2125,
OLS,iii,201207,201208,0.0171966517473282,,,0.0256152323576439,0.00331092829358759,2110,
OLS,iii,201208,201209,0.0270590616091441,,,0.0154924984190671,0.00160829673102714,2099,
OLS,iii,201209,201210,-0.0151639920361872,,,-0.0162305327426194,0.00151579909380006,2085,
OLS,iii,201210,201211,0.0170204376733368,,,-0.0168585384778044,0.00136130734241102,2070,
OLS,iii,201211,201212,0.0301796433337199,,,-0.000312895288872886,6.03404866961199e-07,2058,
OLS,iii,201212,201301,0.068833613697093,,,0.0033779192991023,7.25918502176848e-05,2041,
OLS,iii,201301,201302,0.0161265837668946,,,-0.0191700536412191,0.00228709090234924,2036,
OLS,iii,201302,201303,0.0372054303211442,,,0.00924390367195351,0.000594004787372038,2028,
OLS,iii,201303,201304,-0.00563170099170355,,,0.00624863806604865,0.000210996736012326,2018,
OLS,iii,201304,201305,0.0616105637495713,,,-0.00950809394104896,0.000353546874115374,2009,
OLS,iii,201305,201306,0.0107656146980622,,,-0.0326834586293886,0.00819054102708938,1999,
OLS,iii,201306,201307,0.0648784733379895,,,0.016418729622119,0.00121271526792655,2083,
OLS,iii,201307,201308,-0.0102884134741424,,,-0.0157338146101578,0.00124491215408762,2073,
OLS,iii,201308,201309,0.0549365790973067,,,0.0163236091535628,0.00101639739420134,2062,
OLS,iii,201309,201310,0.0487865835404859,,,-0.0296110991589832,0.00452670857221582,2051,
OLS,iii,201310,201311,0.0472203489837159,,,-0.00863089992825684,0.00031926312270214,2036,
OLS,iii,201311,201312,0.0182399984474732,,,0.0197489898148721,0.00298108721053703,2021,
OLS,iii,201312,201401,-0.0324758135899225,,,0.0449455279355697,0.00665761597286474,2008,
OLS,iii,201401,201402,0.0430242629329257,,,0.0155459182824023,0.00133880397689568,1998,
OLS,iii,201402,201403,0.0103073026168772,,,-0.0145444472220875,0.00126083156058798,1984,
OLS,iii,201403,201404,-0.0312621068562537,,,-0.00498682156615899,0.00018333051120234,1978,
OLS,iii,201404,201405,-0.00361545724990065,,,0.00596656889094818,0.000232977856346683,1972,
OLS,iii,201405,201406,0.0138841537881446,,,0.0576046747917717,0.0162238110689092,1962,
OLS,iii,201406,201407,-0.0288242797248676,,,-0.0346260311050547,0.0102924260712178,2022,
OLS,iii,201407,201408,0.0471258706813799,,,-0.00640359637152983,0.00015545969402031,2013,
OLS,iii,201408,201409,-0.0203534130707324,,,-0.0599689727613813,0.0168766480644312,2005,
OLS,iii,201409,201410,0.0480119851477471,,,-0.0431542660085833,0.00726993065815063,1997,
OLS,iii,201410,201411,0.0243593170927066,,,-0.0452591316753776,0.0101853069233542,1984,
OLS,iii,201411,201412,0.0438922247834798,,,-0.0604462985792334,0.00888128639463604,1978,
OLS,iii,201412,201501,-0.0242867508467542,,,-0.0127920606206886,0.000820139982216084,1964,
OLS,iii,201501,201502,0.034375243870515,,,0.0729082476034787,0.0213946697154659,1953,
OLS,iii,201502,201503,0.0173846153467509,,,-0.0422534631133703,0.0103241029196671,1939,
OLS,iii,201503,201504,-0.00920155637916013,,,0.0171068044445796,0.00142265242982376,1928,
OLS,iii,201504,201505,0.00851681033047739,,,-0.0135148924412746,0.000932441102329928,1923,
OLS,iii,201505,201506,0.0091690332414019,,,-0.0361479517453912,0.00958432517987207,1917,
OLS,iii,201506,201507,-0.0171162587126086,,,-0.0410464145427473,0.00790278940937972,1975,
OLS,iii,201507,201508,-0.0350709861175283,,,-0.0112506477082848,0.000351284353871328,1958,
OLS,iii,201508,201509,-0.0245619339288366,,,-0.0779232154016843,0.0294317833973327,1949,
OLS,iii,201509,201510,0.0534908864240914,,,0.0184119997327457,0.00113247269606187,1937,
OLS,iii,201510,201511,0.0099357739502047,,,0.0128667444597289,0.000708195955097746,1921,
OLS,iii,201511,201512,-0.0156413551356243,,,-0.0680052262779835,0.0223833879230541,1917,
OLS,iii,201512,201601,-0.0390665208663267,,,-0.0912964479699217,0.036134414734636,1901,
OLS,iii,201601,201602,0.0303178295345872,,,-0.0309849921460076,0.00324832856188151,1879,
OLS,iii,201602,201603,0.0620364736383173,,,0.0454226362955829,0.00623804434589403,1869,
OLS,iii,201603,201604,0.00387857486578459,,,0.0550614028261386,0.0119888316007234,1859,
OLS,iii,201604,201605,-0.0163045303364964,,,0.0296481695471859,0.00144344881560843,1844,
OLS,iii,201605,201606,0.0333876994168401,,,-0.0510747438428502,0.00488858373496437,1831,
OLS,iii,201606,201607,0.0649108469567435,,,-0.00333011638636097,2.84068950399119e-05,1905,
OLS,iii,201607,201608,0.0162239239845124,,,-0.00299099650758482,3.035704477794e-05,1895,
OLS,iii,201608,201609,0.00342053429934187,,,0.0260548274458115,0.00374770253007595,1885,
OLS,iii,201609,201610,-0.0153473469180309,,,-0.0777224466279626,0.0432782270854599,1869,
OLS,iii,201610,201611,0.0932811405485546,,,-0.00923246386406224,0.000266609664856254,1864,
OLS,iii,201611,201612,0.0405419541403991,,,-0.0481446155860841,0.0115586390779643,1848,
OLS,iii,201612,201701,-0.016283569494699,,,0.0637303059814956,0.0240480260633355,1842,
OLS,iii,201701,201702,-0.00103614216907399,,,0.0234986153837683,0.00295858459194309,1835,
OLS,iii,201702,201703,0.00833712398358768,,,-0.00284203353091522,4.02324778533414e-05,1820,
OLS,iii,201703,201704,0.0232399530989356,,,-0.0297867946818402,0.00612100384452208,1809,
OLS,iii,201704,201705,-0.000547465922531918,,,-0.0283346666173547,0.00405909761021117,1795,
OLS,iii,201705,201706,0.0229261419798516,,,0.00126018112018117,9.06671172795637e-06,1784,
OLS,iii,201706,201707,-0.00340764038128508,,,0.00155304827600548,1.84092063143515e-05,1879,
OLS,iii,201707,201708,-0.0146991116419887,,,-0.00150025860992444,9.86903266553263e-06,1874,
OLS,iii,201708,201709,0.0488716386976994,,,0.0369230477979247,0.00434283533353641,1861,
OLS,iii,201709,201710,0.0051936093374074,,,-0.00140698160446514,9.33099915578772e-06,1847,
OLS,iii,201710,201711,0.0555952367236057,,,-0.0382328960422785,0.00470496395258513,1838,
OLS,iii,201711,201712,0.0128708134537257,,,0.00147443374408998,8.96038729880644e-06,1825,
OLS,iii,201712,201801,0.0181098401506187,,,0.0233821826393716,0.00250896648665477,1814,
OLS,iii,201801,201802,-0.0332289293032826,,,-0.0213348322786127,0.00252684804502656,1809,
OLS,iii,201802,201803,0.0179890614706429,,,-0.0296893640448642,0.00516464450870868,1799,
OLS,iii,201803,201804,0.00296912329102809,,,0.000688810412720844,2.52657753130325e-06,1788,
OLS,iii,201804,201805,0.0572469451985465,,,-0.0164106034497297,0.00113330025076219,1782,
OLS,iii,201805,201806,0.032122904736949,,,-0.043138807504582,0.00994950522110061,1778,
OLS,iii,201806,201807,0.0312305590207945,,,-0.039308977524783,0.00980371661026291,1843,
OLS,iii,201807,201808,0.0480622414992018,,,-0.0253565376928206,0.0028091205765074,1834,
OLS,iii,201808,201809,-0.0238813514224262,,,0.00764682575411376,0.000365929891657513,1830,
OLS,iii,201809,201810,-0.0694195035662092,,,-0.0742057071743595,0.0312331767876681,1825,
OLS,iii,201810,201811,0.0121567787959225,,,-0.0311992539448583,0.00356893944378001,1817,
OLS,iii,201811,201812,-0.0821328415032985,,,-0.09324213014662,0.0440731242303999,1802,
OLS,iii,201812,201901,0.0834946483814354,,,0.100080479957566,0.0330721665113987,1793,
OLS,iii,201901,201902,0.0339671603721839,,,0.0298042817168835,0.00308627522366944,1784,
OLS,iii,201902,201903,-0.0333370337507882,,,0.0251912815562477,0.00318136126882762,1777,
OLS,iii,201903,201904,0.0417887666993238,,,-0.0353328131353541,0.00587233620768712,1765,
OLS,iii,201904,201905,-0.0799648991107759,,,-0.0283687810010596,0.00304999817630558,1758,
OLS,iii,201905,201906,0.055104601435302,,,0.0148071015962555,0.000765256814340365,1752,
OLS,iii,201906,201907,0.00567588368490376,,,-0.0205303710706765,0.00173873478799014,1843,
OLS,iii,201907,201908,-0.0436187486597736,,,-0.0233639447543146,0.00168429503259404,1831,
OLS,iii,201908,201909,0.0720915951481582,,,-0.0877520053621398,0.0298748719936971,1823,
OLS,iii,201909,201910,0.0205387486706574,,,-0.0402174745792191,0.00565779995251403,1814,
OLS,iii,201910,201911,0.0138801881837192,,,0.0467548618844627,0.0045436158635308,1802,
OLS,iii,201911,201912,0.0248359658973879,,,0.0286364284416057,0.00254861035693643,1792,
OLS,iii,201912,202001,-0.055313740761578,,,0.0676578208615698,0.0100511285438538,1779,
OLS,iii,202001,202002,-0.0830541924689086,,,0.0102464576602997,0.000114941423241421,1777,
OLS,iii,202002,202003,-0.220871009764366,,,-0.0206977281838042,0.000826210044481468,1773,
OLS,iii,202003,202004,0.16449354148768,,,0.0880433611797328,0.00646583653369282,1764,
OLS,iii,202004,202005,0.0494503674857355,,,0.0524213698949304,0.00480260763295093,1760,
OLS,iii,202005,202006,0.0398427427626122,,,0.0546886996147858,0.00464242674235349,1746,
OLS,iii,202006,202007,0.0410409164732772,,,0.0212650884998221,0.000854192928342545,1808,
OLS,iii,202007,202008,0.0629236442916534,,,-0.0157474154134876,0.000578848353057548,1796,
OLS,iii,202008,202009,-0.0238519138416585,,,-0.0160546206978913,0.000942778778827091,1792,
OLS,iii,202009,202010,0.0255944697395897,,,-0.0271212047553711,0.00261368342565704,1783,
OLS,iii,202010,202011,0.168766963718761,,,0.0964140789266617,0.00772852338742702,1777,
OLS,iii,202011,202012,0.0662074583273529,,,0.0401986418941094,0.00316715909788035,1771,
OLS,iii,202012,202101,0.0906128857690062,,,0.0517258729368769,0.000747320485136593,1763,
OLS,iii,202101,202102,0.0860443673710362,,,0.024206223362154,0.00100188990108141,1757,
OLS,iii,202102,202103,0.055079283600354,,,-0.057345671882098,0.00356683889242548,1749,
OLS,iii,202103,202104,0.0394364862942466,,,-0.0461164958162128,0.00938012828173773,1745,
OLS,iii,202104,202105,0.0304841905938985,,,-0.0118554057418194,0.000318088005773265,1734,
OLS,iii,202105,202106,0.0134817650464842,,,0.0413064586840216,0.00346581400483892,1730,
OLS,iii,202106,202107,0.0299341926049295,,,-0.117419156304447,0.0744452926827826,1797,
OLS,iii,202107,202108,0.00869455307105534,,,0.0171278104261381,0.0011204014614864,1792,
OLS,iii,202108,202109,-0.0485015750778478,,,0.0336814160476699,0.00640024963865737,1784,
OLS,iii,202109,202110,0.0529454188793717,,,-0.0407377090394158,0.00914985036929517,1775,
OLS,iii,202110,202111,0.0126559469186518,,,-0.11845350863883,0.0507485352438606,1767,
OLS,iii,202111,202112,0.0622235193553822,,,-0.0839737609457085,0.0239229945528959,1759,
OLS,iii,202112,202201,-0.0621095364005805,,,-0.0256099854219505,0.00329262205040937,1749,
OLS,iii,202201,202202,-0.00933834719919054,,,0.030456796561152,0.00341889377918658,1748,
OLS,iii,202202,202203,-0.0194754785012849,,,0.0836545753122436,0.0211765213482045,1744,
OLS,iii,202203,202204,-0.030944182716777,,,-0.134925672519936,0.0829084274639267,1733,
OLS,iii,202204,202205,0.0158947826136879,,,-0.052094891958428,0.00953850698320724,1727,
OLS,iii,202205,202206,-0.0837212701389239,,,0.0090932842073564,0.000279670210165617,1718,
OLS,iii,202206,202207,0.0938438889944433,,,-0.00763796389478693,0.000179837217721079,1814,
OLS,iii,202207,202208,-0.045479295056629,,,0.0561603780283051,0.0101312910203082,1806,
OLS,iii,202208,202209,-0.0966515137745103,,,-0.0437875192121657,0.010880144451036,1799,
OLS,iii,202209,202210,0.135566669206797,,,-0.0920476532986707,0.0189910423825626,1793,
OLS,iii,202210,202211,0.069860584422949,,,-0.0838093148601477,0.0167773471563606,1783,
OLS,iii,202211,202212,-0.0511896255919108,,,-0.0171285482416183,0.000502773695671088,1778,
OLS,iii,202212,202301,0.0780457397404581,,,0.113527606010619,0.0302168903319978,1770,
OLS,iii,202301,202302,0.00395184544297658,,,-0.0845107468992257,0.0313735975681615,1765,
OLS,iii,202302,202303,-0.0155028406117168,,,-0.0545825446245256,0.00769013671825036,1753,
OLS,iii,202303,202304,-0.0231636321881586,,,-0.0112613806628543,0.000556813465394823,1743,
OLS,iii,202304,202305,-0.0367586769161901,,,0.0519964064727216,0.00559570144431254,1741,
OLS,iii,202305,202306,0.103117650754029,,,-0.0685265250023317,0.0143142310912758,1731,
OLS,iii,202306,202307,0.0565386433881417,,,-0.0327648769121337,0.00361993973542962,1868,
OLS,iii,202307,202308,-0.0125293014020066,,,-0.0901157004237617,0.0201486364648504,1859,
OLS,iii,202308,202309,-0.031986489198586,,,-0.0727347264551711,0.0259846066053711,1847,
OLS,iii,202309,202310,-0.0373849565524014,,,-0.0952630390212939,0.0376577688057282,1838,
OLS,iii,202310,202311,0.0684480143705955,,,0.025515248545696,0.00076712040309912,1828,
OLS,iii,202311,202312,0.0734903001074481,,,0.0801954492667538,0.0078709218557852,1818,
OLS,iii,202312,202401,-0.0293838018960515,,,-0.0141338934751641,0.000587890306259165,1807,
OLS,iii,202401,202402,0.0302629267356472,,,0.0343030923094414,0.00256410542198837,1801,
OLS,iii,202402,202403,0.0389905654919612,,,-0.0176410775828518,0.00075883234017371,1794,
OLS,iii,202403,202404,-0.0500365326740676,,,-0.0582584743875561,0.0131551247912118,1787,
OLS,iii,202404,202405,0.0584338426105027,,,-0.0221212183259399,9.21532906346112e-05,1778,
OLS,iii,202405,202406,-0.0379202866848935,,,0.000220046450766689,2.03634451301227e-07,1762,
OLS,iii,202406,202407,0.0676477968599826,,,0.00126250509583676,3.6298216032904e-06,1983,
OLS,iii,202407,202408,-0.009755515896389,,,-0.0399954607292469,0.00280267947936563,1968,
OLS,iii,202408,202409,0.0166197786313602,,,-0.0238359113680972,0.00178085400022454,1958,
OLS,iii,202409,202410,-0.0465193079863183,,,0.0516352514573033,0.00821889078252836,1948,
OLS,iii,202410,202411,0.100671832884539,,,-0.0220017420834858,0.000494694047888267,1936,
OLS,iii,202411,202412,-0.0569183599409233,,,0.032188040794121,0.00148744892802011,1926,
OLS,iv,197306,197307,0.171780819795255,-0.0768055005123041,-0.00948056732309324,,0.0213389527104988,1736,
OLS,iv,197307,197308,-0.0405183319494985,-0.00712247639969764,-0.0240754469392605,,0.00438029827065889,1743,
OLS,iv,197308,197309,0.142208574544105,-0.0609491815625607,-0.0502768669050157,,0.0210563942835385,1749,
OLS,iv,197309,197310,0.0150225964855653,0.0225089696867635,-0.0582964673038005,,0.0244086592446503,1754,
OLS,iv,197310,197311,-0.196394446294866,0.0252408045644217,-0.0313175109247979,,0.011908158787025,1753,
OLS,iv,197311,197312,0.012775696024565,-0.0421258304725406,-0.0708299666847233,,0.0212771140166599,1764,
OLS,iv,197312,197401,0.0634669909288096,0.1553783544346,0.00577478373201849,,0.0437069359139884,1773,
OLS,iv,197401,197402,-0.0201302114861015,0.0472434174453542,-0.00714383028591846,,0.0165135932664776,1727,
OLS,iv,197402,197403,-0.0453912580253221,0.0480628249635211,0.0396326257467849,,0.0156231174065152,1728,
OLS,iv,197403,197404,-0.0819147612198379,0.0405095788069102,0.0139288950160713,,0.0133500323126032,1728,
OLS,iv,197404,197405,-0.0913022649288995,0.000434004415608274,0.0262292934833315,,0.00546351431551528,1732,
OLS,iv,197405,197406,-0.0196230015331044,0.0168588033506835,-0.0315637575367925,,0.0117898580093655,1740,
OLS,iv,197406,197407,-0.0797951303281566,0.0660074659602026,-0.0207844731282019,,0.0305771738610807,2261,
OLS,iv,197407,197408,-0.0950131325513021,0.0374044223344314,-0.0165018547672151,,0.0124098897286515,2312,
OLS,iv,197408,197409,-0.126946472447892,0.0537979671897242,-0.0003948326610395,,0.0155295226919004,2319,
OLS,iv,197409,197410,0.197129539859837,-0.135454016588088,-0.0583509531844038,,0.0382690344053834,2393,
OLS,iv,197410,197411,-0.0406382667220672,-0.0308258751233236,-0.00867118601659221,,0.00480584666922246,2422,
OLS,iv,197411,197412,-0.0575952774184621,-0.0507391211683543,-0.00822027561056052,,0.011146911408159,2451,
OLS,iv,197412,197501,0.193633040254692,0.167736362843359,0.0432416463734609,,0.0318964726037823,2557,
OLS,iv,197501,197502,0.0793535796973842,-0.0471935570778449,-0.00338748329353411,,0.00795716309762917,2292,
OLS,iv,197502,197503,0.0459316466886451,0.042466232025429,0.061877932941163,,0.0127917693023992,2358,
OLS,iv,197503,197504,0.073214578340708,-0.0607119614126356,-0.0023340038931826,,0.0124923989226312,2395,
OLS,iv,197504,197505,0.0857481480219388,-0.0239295980873129,-0.0019531994272217,,0.00194410325050132,2421,
OLS,iv,197505,197506,0.0734736809031958,0.0208003967646847,-0.0149712142855485,,0.00267181758340473,2536,
OLS,iv,197506,197507,-0.0480332189003518,0.062670386163629,0.00142074682694735,,0.018511650413969,2800,
OLS,iv,197507,197508,-0.0473787680736816,-0.0214128534642251,0.00198437150646024,,0.00457170758730807,2806,
OLS,iv,197508,197509,-0.0585683268581466,0.0142870738415279,0.0216107983187072,,0.00430746015176653,2808,
OLS,iv,197509,197510,0.00408007987313915,-0.0160799016006919,0.0443388326739648,,0.0128891563372586,2826,
OLS,iv,197510,197511,-0.0160439620783361,0.0280427335385647,0.047894268959388,,0.0134245302721594,2827,
OLS,iv,197511,197512,-0.0066150668907277,0.00989259103961795,-0.0217686954114411,,0.00384883428282068,2825,
OLS,iv,197512,197601,0.141257698114159,0.15767374305233,-0.0123691645137319,,0.0577233598190076,2769,
OLS,iv,197601,197602,0.0183238294039258,0.192502355297938,0.00591081910854194,,0.0906885829881238,2772,
OLS,iv,197602,197603,0.00373486735960272,-0.00245543712570371,0.0227239090756827,,0.00248381527206987,2758,
OLS,iv,197603,197604,-0.00805975069436302,-0.00129935332462854,-0.0141888366000798,,0.00136093460988196,2776,
OLS,iv,197604,197605,0.0127431746043074,-0.0464359244607227,-0.0333059860532146,,0.0232747512321034,2772,
OLS,iv,197605,197606,0.0434804035533606,-0.00626950446207768,-0.0216983965968041,,0.00309239080523704,2783,
OLS,iv,197606,197607,-0.0251882694270412,0.0262339681769177,0.0092576233314276,,0.00572529667314592,2887,
OLS,iv,197607,197608,-0.0425880997720555,0.0175398158365862,0.017511420474018,,0.00388413238414842,2682,
OLS,iv,197608,197609,0.0231085957096411,-0.0158876029449874,-0.00545266075207203,,0.00180421228259509,2869,
OLS,iv,197609,197610,-0.0218932609600823,-0.00631996982725683,-0.0121246025249253,,0.00122565130338859,2849,
OLS,iv,197610,197611,0.0287980730552938,-0.00916508293662909,-0.0040327467137368,,0.000554722134738839,2861,
OLS,iv,197611,197612,0.0773108286912576,0.0348837358472762,0.00146577511182602,,0.00544511788978386,2853,
OLS,iv,197612,197701,-0.0133271875323494,0.0972025058924233,-0.0107088379816011,,0.0407724172755057,2832,
OLS,iv,197701,197702,-0.0228993304137485,0.0267518436193314,0.0076158415877262,,0.00507488979343507,2820,
OLS,iv,197702,197703,0.00728363782067251,0.0122206936716083,-0.0171494247956587,,0.00334667098071029,2812,
OLS,iv,197703,197704,0.00911624137997575,0.0212120937454436,-0.0157815530808353,,0.00606532303033014,2808,
OLS,iv,197704,197705,-0.0260354624193985,0.0321499767426444,0.0173163925154593,,0.00720224672497827,2803,
OLS,iv,197705,197706,0.0549079664554955,-0.00105997982124,0.00222155827149774,,4.77051709917298e-05,2802,
OLS,iv,197706,197707,-0.0256365959493796,0.0266095919314672,0.0226754864219055,,0.00721268270741338,2841,
OLS,iv,197707,197708,-0.0197509856942468,-0.0192922895637769,0.0308645051412751,,0.0133289140699892,2831,
OLS,iv,197708,197709,-0.00233699829617957,0.00634839512511604,0.0119040939978655,,0.00125295577823237,2825,
OLS,iv,197709,197710,-0.0584121839704592,0.0319137029057717,0.0202708174343639,,0.00762719745814666,2821,
OLS,iv,197710,197711,0.0635352378747075,0.00771393663057028,0.014253626576135,,0.00109322661794398,2816,
OLS,iv,197711,197712,0.0131981964501018,0.0026595896193422,0.000777295830427445,,5.48722525443024e-05,2806,
OLS,iv,197712,197801,-0.0461925048870724,0.0560982570854213,-0.00953215037696379,,0.0248843156493694,2806,
OLS,iv,197801,197802,-0.00745809572400822,0.0344408309018145,0.0223233874589773,,0.0110450829220079,2754,
OLS,iv,197802,197803,0.05890026585408,0.0178544476925866,-0.00130100216448313,,0.00189657061408355,2753,
OLS,iv,197803,197804,0.0789842996620874,-0.000932404242522255,0.0121372296071721,,0.000837052613084754,2740,
OLS,iv,197804,197805,0.0534256207591759,0.0144341229990828,0.0186914089557358,,0.00208313012976613,2734,
OLS,iv,197805,197806,-0.00863429041796582,0.0157614776159331,-0.00376605766215185,,0.00156114920793105,2720,
OLS,iv,197806,197807,0.0727327198503382,-0.0264461712236345,-0.014495358674117,,0.00450609334302288,2777,
OLS,iv,197807,197808,0.0704438610701826,0.0139063342535158,0.0273108694305957,,0.00214996848276683,2786,
OLS,iv,197808,197809,-0.00538595740662423,0.0307926986125795,-0.0304143464536986,,0.0123928560215703,2772,
OLS,iv,197809,197810,-0.217059330550773,0.0160529975159354,-0.00599760499648239,,0.00178627962374611,2769,
OLS,iv,197810,197811,0.058592155728169,-0.0334491817199833,0.0175443327860559,,0.00833031695898101,2759,
OLS,iv,197811,197812,0.0217627247497022,-0.0357576127329197,0.00289641410738323,,0.00874882617128614,2746,
OLS,iv,197812,197901,0.0784830089259514,0.0491083995843558,-0.0164031250335573,,0.0133930753912798,2749,
OLS,iv,197901,197902,-0.0419272061967084,0.0259023283694082,-0.00884445638023585,,0.00803887585650809,2692,
OLS,iv,197902,197903,0.119053781467844,-0.0330951070810261,-0.0423293648472518,,0.0121767817893302,2688,
OLS,iv,197903,197904,0.0153739123555051,0.0232411634547468,-0.0171544066285194,,0.00716047706255207,2681,
OLS,iv,197904,197905,-0.0332200488234707,0.0228246565798246,0.000668245016668784,,0.00373100215569044,2671,
OLS,iv,197905,197906,0.0868895748910242,-0.0258893688520216,-0.0671152014636361,,0.0207114286332927,2673,
OLS,iv,197906,197907,0.00863758357458152,0.00642541370844544,0.00445653715896499,,0.000382055778335166,2698,
OLS,iv,197907,197908,0.0827578013446125,-0.0268026817587361,0.0104253934670801,,0.00513736763435202,2693,
OLS,iv,197908,197909,0.00225668889746918,-0.00483088157326275,-0.0218336756816688,,0.00321397232946918,2678,
OLS,iv,197909,197910,-0.111070872607828,0.00104232164936917,0.00525728421410391,,0.000180328189276824,2670,
OLS,iv,197910,197911,0.107148109853779,-0.0685386963892191,-0.0261237022680726,,0.02481902502154,2668,
OLS,iv,197911,197912,0.0883009983533748,-0.0330293732607481,-0.031792937175279,,0.008257008065647,2655,
OLS,iv,197912,198001,0.140472532020792,-0.00624550071646756,-0.0848655246469659,,0.0187604443968278,2644,
OLS,iv,198001,198002,0.00055862063226084,-0.0191256292801978,-0.0295818532603903,,0.005497528331877,2591,
OLS,iv,198002,198003,-0.21889872148271,0.029171871103257,0.0502142993669023,,0.0213073335078102,2579,
OLS,iv,198003,198004,0.0573131479152051,-0.0353968525843109,-0.0113006271740425,,0.0071177451824056,2571,
OLS,iv,198004,198005,0.0617786212536228,-0.00916949003621749,0.0187651240046719,,0.002897697625449,2562,
OLS,iv,198005,198006,0.0472402842721114,-0.0160620685294698,-0.0149860557459784,,0.00267975116714048,2571,
OLS,iv,198006,198007,0.108096333583359,-0.0465128503701556,0.0357493540444736,,0.0168664442010683,2691,
OLS,iv,198007,198008,0.0961340947032726,-0.0473177772260285,-0.00561179234957914,,0.00912347932703794,2703,
OLS,iv,198008,198009,0.0464996991738344,-0.0252338293078865,-0.0035663908200639,,0.00298460459422456,2695,
OLS,iv,198009,198010,0.0458399591377918,-0.0343468537682261,-0.0040931082604886,,0.00586361666679991,2689,
OLS,iv,198010,198011,0.163704114342697,-0.150517714533075,-0.0622124111729769,,0.080165722897363,2682,
OLS,iv,198011,198012,-0.0894060538754866,0.0234097154676513,0.0497181084913169,,0.0153215982165951,2679,
OLS,iv,198012,198101,-0.0576023252097443,0.0968062638650546,0.00751579577051299,,0.0507909048892118,2716,
OLS,iv,198101,198102,-0.0136296763800632,0.0403727703088073,-0.00844326113834018,,0.012695865395002,2617,
OLS,iv,198102,198103,0.0536935124273803,0.0109379852670508,0.0261863782029627,,0.00308312101537311,2610,
OLS,iv,198103,198104,-0.0313687896583649,0.0428131330222175,0.0623356733634586,,0.0235509293916718,2602,
OLS,iv,198104,198105,0.0108522426044903,0.00298312744831802,0.0180628817902217,,0.001510637916183,2593,
OLS,iv,198105,198106,-0.078250613550551,0.0903012938512535,0.0250403936759529,,0.0494794961803952,2632,
OLS,iv,198106,198107,-0.0233576800045394,0.00361549281122219,-0.0245486748844354,,0.00425034711426864,2806,
OLS,iv,198107,198108,-0.134906369569137,0.0764345442033434,0.0105782066399087,,0.0409969688839729,2813,
OLS,iv,198108,198109,-0.15687052470238,0.0663897547564744,0.0547570125929661,,0.0446337268537691,2799,
OLS,iv,198109,198110,0.105721207425235,-0.0831934897283655,-0.00569809470017915,,0.0294154987783279,2824,
OLS,iv,198110,198111,-0.0158636918470762,0.03583676695255,0.00792690640154557,,0.0067227794492617,2825,
OLS,iv,198111,198112,-0.0744941333495865,0.0397167695542729,0.0519565111630591,,0.0231595363030322,2827,
OLS,iv,198112,198201,-0.0582245888754609,0.0370061925513065,0.0271405767148254,,0.0116447894164181,2823,
OLS,iv,198201,198202,-0.109798180978454,0.0876208637347435,0.0326677862990486,,0.0436687267976285,2732,
OLS,iv,198202,198203,-0.0678046616040863,0.0506472736244339,0.0474369515576748,,0.0221533113855548,2738,
OLS,iv,198203,198204,0.0446370949311698,-0.0226559916021631,0.0262737992773567,,0.00513262991071939,2736,
OLS,iv,198204,198205,-0.0627760414376367,0.0299787321189375,0.0263829017381022,,0.0114362426772928,2738,
OLS,iv,198205,198206,-0.0883824775677072,0.0727966112801472,0.0324163295618077,,0.0355478160794582,2735,
OLS,iv,198206,198207,-0.0810178856900496,0.043351066034298,0.0649693180055114,,0.0259467607126279,2859,
OLS,iv,198207,198208,0.0812909631661679,-0.0336172516354551,-0.0102747331625393,,0.00472701352668825,2861,
OLS,iv,198208,198209,-0.039945689385458,0.0487387196056005,0.0765742985700053,,0.025549852263583,2854,
OLS,iv,198209,198210,0.138896765464967,-0.0474375098144699,0.0221321246532169,,0.0069271622068946,2867,
OLS,iv,198210,198211,0.0107180753428863,0.0574061798980692,0.097882188365735,,0.0219377591714774,2861,
OLS,iv,198211,198212,0.000234522302281781,0.0176270266348744,0.0174899603260478,,0.00161978647029348,2880,
OLS,iv,198212,198301,0.215876893382279,-0.0989330481668464,-0.116644120295084,,0.031216678393747,2904,
OLS,iv,198301,198302,-0.0372235316690978,0.088458523058605,0.0885692892367946,,0.0478102477371425,2762,
OLS,iv,198302,198303,0.0149311574156011,0.0551269963004441,0.0132718201303337,,0.00904985246187207,2786,
OLS,iv,198303,198304,0.0555623581521725,0.0175703217060006,0.00509420116400912,,0.00110733128825835,2777,
OLS,iv,198304,198305,0.127883141702016,-0.031655740896308,-0.0460563892699113,,0.00764708885322996,2780,
OLS,iv,198305,198306,0.0364893886002033,0.0084245067717311,0.0145951446406335,,0.000817184170400886,2814,
OLS,iv,198306,198307,-0.0661807414716201,0.0783060221465159,-0.00354843485462748,,0.0292451546486624,3084,
OLS,iv,198307,198308,-0.0632459868185346,0.039158190373164,0.00425881041055047,,0.00804925322140382,3097,
OLS,iv,198308,198309,-0.0541924100016205,0.0411423109460852,0.0522142296311315,,0.0199692425002042,3085,
OLS,iv,198309,198310,-0.110502508630999,0.0724406823157203,0.013675044505759,,0.0281852664470156,3114,
OLS,iv,198310,198311,0.00350132189109288,0.0105587348363879,0.0393668022327467,,0.00646590315069739,3123,
OLS,iv,198311,198312,-0.077688093197702,0.067817165511071,0.0281314708820814,,0.0296104573613288,3124,
OLS,iv,198312,198401,-0.00858234701218169,0.0598070498383273,-0.0523036873382185,,0.0285633250172491,3148,
OLS,iv,198401,198402,-0.071558618891217,0.026928523142778,-0.0173811603683357,,0.00823393929382099,2995,
OLS,iv,198402,198403,-0.0240767675010038,0.0416748068735862,0.0117354820556432,,0.00865413241121016,3019,
OLS,iv,198403,198404,-0.0679187164678421,0.0427442372195122,0.0395699211732789,,0.0176272768002641,3018,
OLS,iv,198404,198405,-0.0926454035945222,0.0412508884009973,0.0298349100893063,,0.0117715370984804,3013,
OLS,iv,198405,198406,-0.00860930605741589,-0.0145510315309816,0.0556509580357354,,0.0165645123557546,3045,
OLS,iv,198406,198407,-0.116309787882726,0.0533484872326362,0.0570688076823022,,0.028199970782588,3160,
OLS,iv,198407,198408,0.0904613341834229,-0.0346958924473401,0.0362816182277605,,0.0084101505945029,3147,
OLS,iv,198408,198409,-0.0499526959952164,0.0499167217734713,0.0137195460619598,,0.011241242727556,3125,
OLS,iv,198409,198410,-0.0799361139160041,0.0232253943869567,0.0552624506724321,,0.0138248842698598,3113,
OLS,iv,198410,198411,-0.108328063435907,0.0554250881075237,0.0626040782561707,,0.029137940709952,3092,
OLS,iv,198411,198412,-0.0228406037896411,0.00081576242079988,0.0432422792846411,,0.00599880887114879,3064,
OLS,iv,198412,198501,0.13522422562792,-0.0599602474090897,0.0193854997486574,,0.00928365919065921,3083,
OLS,iv,198501,198502,0.0451825850762013,-0.0142558068508513,0.000137384143085959,,0.000615920774292067,2978,
OLS,iv,198502,198503,-0.0398408340134149,0.0284704558165479,0.00196296736597025,,0.0031385341789234,2975,
OLS,iv,198503,198504,-0.057839365145935,0.036915489989891,0.0246269516687169,,0.0100714855625739,2968,
OLS,iv,198504,198505,-0.00669895310037907,0.00877500250405849,0.043272483221032,,0.00728639184435198,2955,
OLS,iv,198505,198506,-0.0390800389797924,0.016157903968842,0.0438110629529775,,0.0102337139793032,2975,
OLS,iv,198506,198507,0.00182606061951329,0.0162631622069163,0.00716052851198301,,0.001318233040974,3235,
OLS,iv,198507,198508,-0.023855890574492,0.0120346682029091,0.00230716826223533,,0.000615902800749191,3255,
OLS,iv,198508,198509,-0.108031515202762,0.0389035016742546,0.0479138020264217,,0.0177558643699368,3233,
OLS,iv,198509,198510,-0.0201934829358995,0.00467035158147553,0.0550495299143397,,0.0107032539615461,3267,
OLS,iv,198510,198511,0.0213735743760302,0.0127609052505311,0.0411727051073709,,0.00484271131936509,3264,
OLS,iv,198511,198512,-0.000557964385797106,-0.0113337810237657,0.0514657920281767,,0.00928279775646978,3258,
OLS,iv,198512,198601,0.0634034516623272,-0.0319227421192608,-0.0347662930526578,,0.00472762157233564,3289,
OLS,iv,198601,198602,0.0350049250071694,-0.00857791823532914,0.0440041082237091,,0.00529896774582084,3106,
OLS,iv,198602,198603,0.0196202668129312,0.0295393132882799,0.0215087880888806,,0.00268932306558745,3142,
OLS,iv,198603,198604,-0.0131143435323109,0.00537014796276136,0.0308041959616674,,0.00290429774740253,3125,
OLS,iv,198604,198605,0.0114881772144731,0.0035477596444335,0.0368869477751843,,0.00368718534349088,3165,
OLS,iv,198605,198606,-0.01983490853747,0.00866208535235306,0.0257725791004382,,0.00161291100988303,3204,
OLS,iv,198606,198607,-0.105124090311005,0.0305851078596028,0.00498538472008143,,0.0033359255727945,3373,
OLS,iv,198607,198608,0.00898798620155175,0.0284852525354905,-0.014860781171857,,0.00413969986647766,3365,
OLS,iv,198608,198609,-0.095003303321148,0.0709086558038568,-0.00942409652125339,,0.0197687700491279,3354,
OLS,iv,198609,198610,0.0227114864845988,-0.0253992975138553,0.0310017017844269,,0.00399639495229875,3346,
OLS,iv,198610,198611,-0.0517062287932707,0.0262140458374737,0.0638975143191251,,0.0179750458956524,3310,
OLS,iv,198611,198612,-0.069679403426851,0.0312390557654724,0.0325030787212874,,0.00662739681036983,3287,
OLS,iv,198612,198701,0.169040987552091,-0.044981185612214,-0.0500510775753917,,0.00795400776555111,3267,
OLS,iv,198701,198702,0.107136450156306,-0.0507348638744194,-0.00185405344585156,,0.00634048750047234,3151,
OLS,iv,198702,198703,0.0522111429821217,0.0165866528288117,-0.0564895211688238,,0.00864877706157929,3161,
OLS,iv,198703,198704,-0.0336757308374971,0.037959667923106,-0.0118897160553588,,0.00677010768278319,3148,
OLS,iv,198704,198705,0.008220234704907,0.0182941482951628,-0.019519905208727,,0.00294677756022133,3143,
OLS,iv,198705,198706,0.000244047326602406,0.0256900891701774,0.0213983771199506,,0.00354776516265543,3167,
OLS,iv,198706,198707,0.0192540385400108,0.0681381087542173,-0.0237092196428087,,0.0168641249794356,3341,
OLS,iv,198707,198708,-0.0274409380961872,0.0154598762711441,0.0589602541712543,,0.0125335539795454,3343,
OLS,iv,198708,198709,-0.0330180978886085,0.0228892825023331,0.0165126666065709,,0.00280823189316404,3326,
OLS,iv,198709,198710,-0.341044156105474,0.0550039438644918,0.0261691558350374,,0.0148187534558033,3337,
OLS,iv,198710,198711,-0.0827236691245382,0.0440654626131821,0.00174229256331412,,0.00619520526091089,3311,
OLS,iv,198711,198712,-0.00451798753304086,0.00193942851932075,0.0881144195774519,,0.010851912648143,3286,
OLS,iv,198712,198801,0.112883114057826,-0.0254562328390671,-0.0556213126249617,,0.00612096672089335,3308,
OLS,iv,198801,198802,0.0567487783862647,0.00417755023790939,0.0294945225999346,,0.00168923874050186,3172,
OLS,iv,198802,198803,0.0242645746511039,0.0321762753098908,0.00191149355182228,,0.00304043188500613,3174,
OLS,iv,198803,198804,0.00256512790727325,0.0195685434682255,0.00667293834170786,,0.00148123269326894,3151,
OLS,iv,198804,198805,-0.0583626900308603,0.0471927273440143,0.0231487159239281,,0.00973897516661282,3134,
OLS,iv,198805,198806,0.0423304687322809,-0.00871574377506573,0.0254992319009367,,0.00269112968630902,3147,
OLS,iv,198806,198807,-0.0144953102468702,0.0128103092480007,-0.00235278591749452,,0.000750579705620202,3415,
OLS,iv,198807,198808,-0.0636027487797665,0.0391935381051466,0.024610004454964,,0.00826618125288769,3416,
OLS,iv,198808,198809,0.000640127600147474,-0.00401089141128821,0.0322904229146952,,0.00366577786581102,3388,
OLS,iv,198809,198810,-0.054864366168239,0.0323110747389748,0.0328769166020425,,0.00880842689048656,3403,
OLS,iv,198810,198811,-0.0767448872280251,0.0429631788949189,0.0117459958984533,,0.00587836804123232,3404,
OLS,iv,198811,198812,0.0113125678538809,0.00755941938351446,0.0191064980391863,,0.00130105490074273,3385,
OLS,iv,198812,198901,0.0796364478778036,-0.0151126975760554,-0.0173699273639223,,0.000891662059368747,3406,
OLS,iv,198901,198902,-0.0168345242088403,0.0171694973370414,0.0106399134593355,,0.00146166815653281,3239,
OLS,iv,198902,198903,-0.0118652066432406,0.0366877912588751,0.0155262100444927,,0.00568967692111977,3248,
OLS,iv,198903,198904,0.0140939832926148,0.000698056929148637,0.0281487385335247,,0.00231982806426578,3248,
OLS,iv,198904,198905,0.00355264028981709,0.0151063548055523,0.027106901891946,,0.00279121360438139,3236,
OLS,iv,198905,198906,-0.0449365761195916,0.0467635203464857,-0.00404604264957029,,0.00998261257725252,3262,
OLS,iv,198906,198907,0.0264093897868316,-0.0183904105739941,0.011803553277024,,0.00202760458695039,3500,
OLS,iv,198907,198908,0.00189977971085721,0.0127161080294335,0.0038756555708701,,0.00054938277780392,3489,
OLS,iv,198908,198909,-0.00553514725890657,-0.00720795283805032,0.0104757695281784,,0.000485635892734093,3477,
OLS,iv,198909,198910,-0.0585209493546486,-0.00488580112500148,0.00087147250065446,,9.35715406293891e-05,3509,
OLS,iv,198910,198911,0.0049703227718854,-0.0225246324858555,-0.0219974168653833,,0.00254463986496778,3496,
OLS,iv,198911,198912,-0.0247750771567989,0.00131271958781672,0.0202873660986171,,0.00134240028325416,3476,
OLS,iv,198912,199001,-0.034736548911382,0.00276149566671337,-0.0460659131395258,,0.00267392884905604,3483,
OLS,iv,199001,199002,0.0257232940450979,0.00439080480236478,-0.016703128465695,,0.000763620695497402,3338,
OLS,iv,199002,199003,0.0138653966691128,0.00166186492222276,0.0335337017589465,,0.002840532102652,3380,
OLS,iv,199003,199004,-0.0231707445223035,-0.00666443683513768,-0.00361018831969939,,0.000129996882055283,3365,
OLS,iv,199004,199005,0.0574498276513914,-0.0383307038805913,0.0216266225550684,,0.00388718177933556,3354,
OLS,iv,199005,199006,0.00484528121450613,-0.0139915812473706,0.00764222089436054,,0.000667314673021169,3347,
OLS,iv,199006,199007,-0.0237540944473494,0.0200713484211,-0.0416253589034959,,0.00628520871194416,3470,
OLS,iv,199007,199008,-0.134353941824267,0.0535665398431676,-0.0358653453767758,,0.0119836569217899,3452,
OLS,iv,199008,199009,-0.0966893723198858,0.0360410377911495,-0.0166652771624455,,0.00496321729981342,3432,
OLS,iv,199009,199010,-0.0758029204778864,0.00185322751269892,0.0202093790885607,,0.000972565596640274,3435,
OLS,iv,199010,199011,0.0349106496569617,-0.0379621721940035,0.0383571902648005,,0.0058706017959419,3416,
OLS,iv,199011,199012,-0.0369886715173304,-0.00385574265016974,0.0683645182319075,,0.0107769377056445,3399,
OLS,iv,199012,199101,0.0940473054481462,0.015261866550108,-0.000979864384826497,,0.000232555125995626,3416,
OLS,iv,199101,199102,0.190773272169912,-0.0895409792844298,-0.0309310816997902,,0.00854703781727528,3327,
OLS,iv,199102,199103,0.0766653883845892,-0.00323699136257172,0.0206750218732396,,0.000399594333632014,3321,
OLS,iv,199103,199104,0.0151394937915031,-0.0206110854853205,0.0321099779356695,,0.0024118298487078,3289,
OLS,iv,199104,199105,0.022019792133722,-0.00745642764110996,0.0211785004365232,,0.00122452503100812,3273,
OLS,iv,199105,199106,-0.0454260225173632,0.00372692650828993,0.00568979277612249,,0.000115549554111527,3289,
OLS,iv,199106,199107,0.0354522138463332,-0.000456451792961543,-0.0128738224386397,,0.000148875831096573,3455,
OLS,iv,199107,199108,0.00706327443183481,-0.00305852096911562,0.040547907351116,,0.00244450713592104,3437,
OLS,iv,199108,199109,0.027261744279126,-0.0319866611574628,-0.0141640810336121,,0.00230058181790604,3428,
OLS,iv,199109,199110,0.0347538313206808,-0.0181789929443835,-0.00841957186592578,,0.000525334643286413,3435,
OLS,iv,199110,199111,-0.0314291822217159,-0.00444130002350451,0.00863093519102411,,0.000224024971231862,3417,
OLS,iv,199111,199112,0.0273172874204761,-0.0266772447343668,0.0387882703548513,,0.00438314267093776,3397,
OLS,iv,199112,199201,0.140698117226827,0.0464972725929996,-0.0205831545844248,,0.00153740641280253,3398,
OLS,iv,199201,199202,0.0283565663669445,0.032336685224598,0.0225862100033741,,0.00196624871359097,3305,
OLS,iv,199202,199203,-0.0583135567532142,0.0730456713930728,0.0086576985281238,,0.00695537522603595,3309,
OLS,iv,199203,199204,-0.0710768930954365,0.0500141571415858,-0.00210768161339878,,0.00881520205845565,3301,
OLS,iv,199204,199205,-0.00511734260312711,0.0173203995153833,-0.0130261877000667,,0.00159226695210257,3287,
OLS,iv,199205,199206,-0.0668294342767126,0.0365559969735554,-0.0111088810131571,,0.00450682693744975,3269,
OLS,iv,199206,199207,0.0201760530543137,0.00342920383787989,-0.00885106699457516,,0.000282203416058557,3409,
OLS,iv,199207,199208,-0.0649045456754011,0.0323675125756848,0.0318607981359441,,0.00611661500528582,3378,
OLS,iv,199208,199209,0.0146704541246521,0.00699112383181754,-0.0129220613629901,,0.000718763676731404,3349,
OLS,iv,199209,199210,-0.0140520455614254,0.015852054244816,0.048917402167434,,0.00607118258199646,3354,
OLS,iv,199210,199211,0.0386085619723511,-0.00168680358552224,0.06787843565821,,0.00927524894016918,3332,
OLS,iv,199211,199212,-0.00803701904215299,0.0439702647401594,0.0335595318600444,,0.00695137230441245,3321,
OLS,iv,199212,199301,0.0497180358832114,0.0440018115814136,-0.0158400678398275,,0.00363769983481677,3342,
OLS,iv,199301,199302,-0.0506781779634724,0.0872319544932069,-0.0183981115395327,,0.0257485427319638,3263,
OLS,iv,199302,199303,0.00139453648676872,0.0425320791696069,-0.00147690648244213,,0.00505702287818388,3270,
OLS,iv,199303,199304,-0.02254410131115,0.0338062575305284,-0.0360963593511466,,0.00759107034834805,3244,
OLS,iv,199304,199305,0.0539061074571461,0.00266598286698754,-0.00827431588978141,,0.000188062207232886,3237,
OLS,iv,199305,199306,0.0247096157608139,0.00903331432597255,-0.0329243897547648,,0.00136924740525113,3259,
OLS,iv,199306,199307,-0.00910849197841658,0.0381712203139663,-0.0132121000077139,,0.00498870002084451,3497,
OLS,iv,199307,199308,0.0614484770046752,-0.0282768331685206,-0.0171214490370845,,0.000621084834896202,3492,
OLS,iv,199308,199309,0.0106283690693199,0.0210725271335933,0.00357458519550322,,0.00106892864585584,3490,
OLS,iv,199309,199310,0.0505068852565181,0.00387792977663569,-0.0135065072888292,,0.000432484266040034,3506,
OLS,iv,199310,199311,-0.0699004937344087,0.043633407935086,0.0548586989107187,,0.0146868755385046,3498,
OLS,iv,199311,199312,-0.00727896684867401,0.0134416342408783,0.0209965716599517,,0.00162886934585704,3487,
OLS,iv,199312,199401,0.0466864889265023,0.0510190881358011,-0.0358333874351615,,0.00799652732417078,3515,
OLS,iv,199401,199402,-0.0459659563876714,0.0538727117623615,0.0334419310897619,,0.0106167033706589,3395,
OLS,iv,199402,199403,-0.0847841548518004,0.0555754792018079,0.0153050701227211,,0.0128696038649988,3395,
OLS,iv,199403,199404,-0.0609932915343038,0.051943836631072,0.0327371285099923,,0.016338769893388,3384,
OLS,iv,199404,199405,-0.00142984628770631,0.0146506303603397,-0.0216039771923665,,0.00259642783933933,3380,
OLS,iv,199405,199406,-0.0684651678529276,0.0410487950739328,0.0185986230055494,,0.00836522873248446,3415,
OLS,iv,199406,199407,0.0147013654805912,-0.0064413757850272,0.00446266191546905,,0.000290210222673171,3730,
OLS,iv,199407,199408,0.0257886980131186,-0.00315074801056871,0.0326720493840497,,0.00276750632518596,3744,
OLS,iv,199408,199409,-0.0179681673779169,0.0298657410470844,0.0210632239835972,,0.00403345632975027,3732,
OLS,iv,199409,199410,-0.0505675539483048,0.0486970904661132,0.0546462092582684,,0.0153311667758339,3745,
OLS,iv,199410,199411,-0.0842075098533887,0.0366813999367454,0.0493226960263365,,0.0136056545057408,3735,
OLS,iv,199411,199412,-0.0395458548620254,0.00921043376120529,0.0347694352559994,,0.00157543093797885,3718,
OLS,iv,199412,199501,0.042208529401028,-0.0129017865689646,-0.0186569281192581,,0.000910801714957943,3720,
OLS,iv,199501,199502,0.0206677410027541,-0.000398056413379715,0.0134698781636408,,0.000596915495396866,3620,
OLS,iv,199502,199503,0.0101414850515343,-0.00184988034604799,0.0140413582148927,,0.000623406769026502,3630,
OLS,iv,199503,199504,-0.0031133100888958,0.0316976662675379,0.017844238898929,,0.00419707937367564,3604,
OLS,iv,199504,199505,0.0258771787490572,-0.001772020762825,-0.0212240899011308,,0.00109377603510286,3587,
OLS,iv,199505,199506,0.0792095315981677,-0.0615533076838525,0.0102009353405018,,0.00791580027924599,3596,
OLS,iv,199506,199507,0.0605447347920424,-0.0260000050050776,0.0170190908076804,,0.00234987138612042,4015,
OLS,iv,199507,199508,0.0472440515920864,-0.00646045915940366,-0.0292555978399725,,0.00188027676175961,4020,
OLS,iv,199508,199509,0.025959866028391,-0.0110401624258125,0.00559073025979137,,0.000419583067445384,3998,
OLS,iv,199509,199510,-0.08547612804313,0.0178812665518275,0.0249490168764943,,0.00308779278324423,4011,
OLS,iv,199510,199511,0.00924302529319494,-0.011036834377891,0.00654859520520657,,0.000587307403393189,3992,
OLS,iv,199511,199512,0.0347764481975191,-0.0116922873667971,-0.0518717155969329,,0.0059770170376241,3975,
OLS,iv,199512,199601,0.0606726283655118,0.00757816662833291,-0.0704193251084805,,0.0103743412807625,3992,
OLS,iv,199601,199602,0.0342495573721797,-0.000622594719192086,0.0101988833173831,,0.000223414408604627,3854,
OLS,iv,199602,199603,0.00763077218026025,0.0214957083988971,0.0194498738349342,,0.00201515406135167,3866,
OLS,iv,199603,199604,0.0494939477630256,0.00585807734651337,0.0353005819077105,,0.00212176828543531,3847,
OLS,iv,199604,199605,0.0422726049288889,0.0340896093126066,0.0334819158969436,,0.00322195188398911,3838,
OLS,iv,199605,199606,-0.05984505738694,0.0334885538556094,-0.00135945212377244,,0.00398309430075705,3862,
OLS,iv,199606,199607,-0.150154884115148,0.0694757278748938,0.0294531133170086,,0.0220994021584072,4233,
OLS,iv,199607,199608,0.0396515428251796,-0.0080981856478219,0.00599059817935294,,0.000346896071522385,4228,
OLS,iv,199608,199609,0.0370379867181414,-0.0240115894504312,0.00119952322115045,,0.00185329202721407,4198,
OLS,iv,199609,199610,-0.083631821818025,0.0786250553868742,0.0204596830554062,,0.0208877053562024,4222,
OLS,iv,199610,199611,-0.00512276495219257,0.0228559750386288,0.0283746269429496,,0.00333605896931211,4208,
OLS,iv,199611,199612,-0.0272135241990371,0.0220345672084781,0.00671445990865469,,0.00147184216111651,4198,
OLS,iv,199612,199701,0.110938155578114,-0.044592247952274,-0.0472388049641844,,0.00706635003009515,4182,
OLS,iv,199701,199702,-0.0696859763214897,0.0674116688608281,0.0170725828160504,,0.0174333116964683,4035,
OLS,iv,199702,199703,-0.11243572548272,0.0937802191709841,0.0189994331838833,,0.0354693951401479,4054,
OLS,iv,199703,199704,-0.0609089399206969,0.0261617045234871,0.0345846096362184,,0.00584217289974032,4030,
OLS,iv,199704,199705,0.113764165894956,-0.0537393554560554,0.0165211445207329,,0.00840851555059308,4014,
OLS,iv,199705,199706,0.00421421216934983,0.0344142803777975,0.0242420746552879,,0.00405452660721894,4029,
OLS,iv,199706,199707,0.031096673373962,0.0088211168644718,0.0247522039765177,,0.00123310120591458,4402,
OLS,iv,199707,199708,0.0320519788284867,0.00136972010961931,0.00498680981593734,,6.41079914749376e-05,4384,
OLS,iv,199708,199709,0.0915044913782389,0.0120463256547891,-0.0364120173606902,,0.00328006940572068,4341,
OLS,iv,199709,199710,-0.0417694765968675,0.0363430315894949,-0.0108514074091874,,0.00264138321493912,4345,
OLS,iv,199710,199711,-0.0885351517614513,0.0433817819030422,0.0667379720606446,,0.0216178548422642,4314,
OLS,iv,199711,199712,-0.0870835716995935,0.0253513091207112,0.0397883202949891,,0.00520282858833354,4296,
OLS,iv,199712,199801,0.0244848447469852,0.0062323679299183,-0.0202262999845661,,0.000868772850403543,4283,
OLS,iv,199801,199802,0.0425490858301455,0.00313506345317756,0.036792740263264,,0.00377345680605057,4129,
OLS,iv,199802,199803,0.0135710874606021,0.0309161967630753,0.0197592921184191,,0.00323484813592134,4128,
OLS,iv,199803,199804,-0.0126852645867142,0.033632652753011,0.0317577427248731,,0.00418554380258818,4082,
OLS,iv,199804,199805,-0.0994341995228191,0.060789438466998,0.0318419018963514,,0.0159270740830864,4065,
OLS,iv,199805,199806,-0.0693663512708295,0.00223023869010813,0.0629139712902047,,0.01030424398545,4085,
OLS,iv,199806,199807,-0.0878621723503308,0.0194130207025512,0.0222729772531881,,0.00173503410285913,4600,
OLS,iv,199807,199808,-0.2918625587358,0.0855787316651952,0.0693423199947106,,0.0360672296198334,4583,
OLS,iv,199808,199809,0.104190295065951,-0.0908408657511717,-0.0321593901685436,,0.0107811338634518,4541,
OLS,iv,199809,199810,0.0530360708999626,-0.0467488297984862,0.0173711072563797,,0.00367203742985589,4523,
OLS,iv,199810,199811,0.0973248477769193,-0.0675168644499038,0.0465417449989408,,0.00311868158386142,4456,
OLS,iv,199811,199812,-0.00713854372123498,-0.0276295897168309,0.0801800739541473,,0.0084851567145402,4417,
OLS,iv,199812,199901,0.114986143299396,-0.0363613600101093,-0.0295074471421174,,0.00120915918871722,4368,
OLS,iv,199901,199902,-0.0818426362918843,0.0260517326095663,0.0177359265188705,,0.00238075410248773,4219,
OLS,iv,199902,199903,0.0223061887482514,-0.0460446079505211,-0.0324845444109562,,0.00530496171037698,4203,
OLS,iv,199903,199904,0.0808265807024861,0.0283185363803792,-0.0143298512899487,,0.00148168111352442,4139,
OLS,iv,199904,199905,0.0208105153474783,0.0237546084322946,0.0196395536348628,,0.00188913924371747,4089,
OLS,iv,199905,199906,0.0348229965042417,-0.00993814823624562,0.0236318220263546,,0.00152663535036379,4085,
OLS,iv,199906,199907,0.000293652525978633,0.0245825593179686,-0.00704235026093819,,0.00123316575886012,4407,
OLS,iv,199907,199908,-0.0442902424583959,0.0142641593458362,0.00154177282141839,,0.000515114650387671,4384,
OLS,iv,199908,199909,-0.00803632781054688,-0.0389140536776026,0.0173460738185741,,0.00440521295628005,4330,
OLS,iv,199909,199910,-0.00816373120556913,-0.0486448109654428,0.0341980332882102,,0.00709679046496603,4293,
OLS,iv,199910,199911,0.156309009937745,-0.0898431827307752,0.00303390292190226,,0.00482058716222267,4254,
OLS,iv,199911,199912,0.203333547224502,-0.137279302321067,-0.0606903923291114,,0.0139641487049476,4194,
OLS,iv,199912,200001,0.120020481768703,0.032718048646315,-0.123705816248095,,0.0141984401702313,4168,
OLS,iv,200001,200002,0.305550395359148,-0.10165502494205,-0.166002396976448,,0.0122474266930731,4070,
OLS,iv,200002,200003,-0.0469375143071785,0.0419570116762052,0.0588404852041923,,0.0062207907900399,4049,
OLS,iv,200003,200004,-0.157900614951865,0.0730393764447386,0.0471809001406539,,0.0118299720494555,3998,
OLS,iv,200004,200005,-0.0954164768126362,0.0397928892719108,0.0032190908287434,,0.00353311813518054,3970,
OLS,iv,200005,200006,0.164197286090351,-0.0897506420908935,-0.0700408689836522,,0.0131361474207944,3955,
OLS,iv,200006,200007,-0.0946112306454708,0.108667297768481,0.0150504872971533,,0.0252846445596722,4168,
OLS,iv,200007,200008,0.118647505130166,-0.0731493536253269,-0.0279846953588943,,0.0082714325942308,4147,
OLS,iv,200008,200009,-0.0934020740274868,0.0658456368478037,0.0191278605883354,,0.00981187151975449,4097,
OLS,iv,200009,200010,-0.110101991342727,0.0267927638565145,0.0510004763116236,,0.00621526890467217,4057,
OLS,iv,200010,200011,-0.266299789382717,0.169940180093779,0.0872972690067772,,0.0618272979763964,3992,
OLS,iv,200011,200012,-0.046597358705776,0.0531365726912842,-0.0165816022514117,,0.00413837701758046,3935,
OLS,iv,200012,200101,0.371611823021623,-0.193442924627368,-0.0104927239758001,,0.0119613604315478,3898,
OLS,iv,200101,200102,-0.209722933983909,0.191074944695532,0.0670572623734446,,0.077059895674525,3803,
OLS,iv,200102,200103,-0.159467606656818,0.122949588772536,0.040307428903565,,0.0306962124997817,3775,
OLS,iv,200103,200104,0.132136991356457,-0.105696606462679,-0.0103173486025827,,0.0159177179126446,3730,
OLS,iv,200104,200105,0.0429642958501876,0.0515655228282384,9.70733653431404e-05,,0.00402120305549181,3666,
OLS,iv,200105,200106,-0.0255442862568966,-0.000254436810793379,0.0613304729345525,,0.00758056326408296,3637,
OLS,iv,200106,200107,-0.115274798192774,0.0742292690975516,0.0819735832886732,,0.0215835293893077,3935,
OLS,iv,200107,200108,-0.112626348655046,0.0561066968392889,0.0686235845664485,,0.0161221334295296,3891,
OLS,iv,200108,200109,-0.207378583401113,0.0467046407698332,0.0575185157065132,,0.00977192817847905,3837,
OLS,iv,200109,200110,0.159973896733584,-0.103110081493943,-0.018288924680409,,0.00942307609730364,3826,
OLS,iv,200110,200111,0.0880653772551652,-0.0518084252690536,0.0391794794205955,,0.00630230308066226,3800,
OLS,iv,200111,200112,0.0555178219966169,0.00323771768025509,0.0140424210621436,,0.000360705214277224,3754,
OLS,iv,200112,200201,-0.0974988747399668,0.131825737550814,0.10579447898201,,0.0440589130972401,3736,
OLS,iv,200201,200202,-0.112071978730843,0.0681208558716676,0.0645784887781817,,0.0212140765996386,3654,
OLS,iv,200202,200203,0.0680835479413732,0.0313918570496027,0.0134888826910717,,0.00220127517739388,3639,
OLS,iv,200203,200204,-0.140764746742481,0.151275933112236,0.105810956450106,,0.0624358836866822,3611,
OLS,iv,200204,200205,-0.093355570977153,0.0773175452451084,0.0555546299575283,,0.0193212049435636,3578,
OLS,iv,200205,200206,-0.168503799923429,0.0952833480234666,0.0696261420929018,,0.0362017189214989,3567,
OLS,iv,200206,200207,-0.131087885693486,0.00975800850986368,-0.0126572542008022,,0.000625839128155836,3875,
OLS,iv,200207,200208,-0.0256968282639375,0.00166821078608605,0.0375248428636506,,0.00227233355021361,3848,
OLS,iv,200208,200209,-0.132280252554173,0.017075833857072,0.0462339327510515,,0.00490810272281717,3806,
OLS,iv,200209,200210,0.086087864842504,-0.0780556339798239,0.0122193614670812,,0.00685690529431848,3792,
OLS,iv,200210,200211,0.228722229201919,-0.0650994505548044,-0.0868286136149589,,0.00810516608486889,3747,
OLS,iv,200211,200212,-0.123864286021842,0.0587072308513751,0.0519875262197256,,0.0137584409798404,3722,
OLS,iv,200212,200301,-0.00835208706483061,0.00423761640939812,0.00246644182239596,,4.0966157937472e-05,3692,
OLS,iv,200301,200302,-0.0556692826024731,0.0203685177783044,0.0299157547108486,,0.00386916557577832,3618,
OLS,iv,200302,200303,0.023439939604554,-0.0364221443450116,0.0107568744493394,,0.003231470211981,3591,
OLS,iv,200303,200304,0.156568693874251,-0.0450766574358706,-0.0542475908746557,,0.00712457565643299,3543,
OLS,iv,200304,200305,0.29904654603525,-0.113589258825917,-0.166113697523531,,0.0372371999168192,3509,
OLS,iv,200305,200306,0.0358237282286344,0.0265548922107175,0.0157996099018026,,0.001728462528234,3497,
OLS,iv,200306,200307,0.0229895774274053,0.0505305106888351,0.063514013849532,,0.0106334609830989,3553,
OLS,iv,200307,200308,0.0494324050997885,0.0194695975192854,-0.00200294305124216,,0.00115521467221746,3531,
OLS,iv,200308,200309,0.019232966581387,0.0397730435389915,-0.0303651432449855,,0.00669914119993753,3500,
OLS,iv,200309,200310,0.0223840878470575,0.0779756649643155,0.0596175767936997,,0.0150413970768079,3481,
OLS,iv,200310,200311,-0.00684991256037786,0.0558432010716327,0.0389505431291044,,0.0117140912957243,3452,
OLS,iv,200311,200312,0.0402088175276149,0.0510313283141913,-0.059167642459404,,0.0222663198237825,3429,
OLS,iv,200312,200401,0.086018814684002,0.0301616483639027,-0.0378880949180379,,0.00569229646668379,3401,
OLS,iv,200401,200402,-0.0205774910546539,0.0263655307900304,0.0317612902779576,,0.00336470050760529,3366,
OLS,iv,200402,200403,-0.0324268132386061,0.0353733543724886,0.0309471280381054,,0.00587453354134249,3349,
OLS,iv,200403,200404,-0.0370492501901701,-7.43594973111095e-05,0.0137268970066944,,0.000746497636185839,3330,
OLS,iv,200404,200405,-0.020162427986883,0.0122500964111907,0.0249981538328421,,0.00322275067188837,3311,
OLS,iv,200405,200406,0.00797974594467933,0.0267621663632446,0.0120142645167307,,0.00377613687169442,3295,
OLS,iv,200406,200407,-0.143242448455593,0.0925901038218291,0.0330398767282279,,0.0410841274192286,3342,
OLS,iv,200407,200408,-0.0240514426187101,0.0146678158507843,-0.0147642957472598,,0.00263083699972599,3332,
OLS,iv,200408,200409,0.0472993471992719,-0.00478417653681885,-0.00333930893765416,,0.000124457028295999,3315,
OLS,iv,200409,200410,0.00825862149218521,-0.00299179435697319,0.017242064006632,,0.00132122086578235,3309,
OLS,iv,200410,200411,0.0769294898687228,0.0333061081763047,0.00172729365638611,,0.00189034555882017,3293,
OLS,iv,200411,200412,0.0782868021462621,-0.0161875510298343,-0.00665976222320514,,0.000706359522208655,3275,
OLS,iv,200412,200501,-0.0806987531319863,0.039635594615768,0.0410290441006641,,0.0130155733609698,3248,
OLS,iv,200501,200502,-0.0156666524899701,0.0413338092682874,0.00792274293741529,,0.00843470335813579,3222,
OLS,iv,200502,200503,-0.106634866928325,0.0689547524709729,0.0786267084925412,,0.0338713932186837,3210,
OLS,iv,200503,200504,-0.0772936884511949,0.00790989439435067,0.0129989665149468,,0.00106155901737659,3194,
OLS,iv,200504,200505,0.0543077796405522,-0.020757082317284,0.0134676193271053,,0.00233928952154516,3173,
OLS,iv,200505,200506,0.00694895166934301,0.0333636273531879,0.0108073537943885,,0.0053554417288938,3150,
OLS,iv,200506,200507,0.0818415287789569,0.0126226727735038,-0.0335857984741471,,0.00480457441481841,3223,
OLS,iv,200507,200508,-0.030547711053591,0.030481129528155,-0.000802429644906245,,0.00369325628916106,3202,
OLS,iv,200508,200509,0.00825062894943433,0.00632886019092986,-0.0143320568372664,,0.00123501741589815,3169,
OLS,iv,200509,200510,-0.0692876833652556,0.0176677616802415,0.0380278232126788,,0.00734764240845587,3160,
OLS,iv,200510,200511,0.0248257630710001,-0.00130811890666266,0.0240073032967673,,0.00221184904167704,3132,
OLS,iv,200511,200512,-0.00625136965186017,0.011057164042171,0.0105536691251617,,0.000953510646389932,3109,
OLS,iv,200512,200601,0.121453970567112,-0.00131838632964907,-0.0679428598045269,,0.0141251816660234,3085,
OLS,iv,200601,200602,-0.000942385997511344,-0.00582173582659876,0.00997016628014437,,0.000784567751206611,3039,
OLS,iv,200602,200603,0.0314803358193574,0.0197573512749805,0.00617811145903353,,0.00172343347551396,3033,
OLS,iv,200603,200604,-0.0319634210463644,0.0495606358605026,0.022253744876408,,0.0111911818642674,3010,
OLS,iv,200604,200605,-0.0986828987300527,0.046213573595754,0.023868844149718,,0.0134852062274907,2995,
OLS,iv,200605,200606,-0.0381244682885132,0.0228469264046299,0.0174364372994826,,0.00388182557646033,2968,
OLS,iv,200606,200607,-0.0831374797150075,0.0332576307635383,0.039396048433779,,0.0127838934763801,3146,
OLS,iv,200607,200608,0.0484032084904454,-0.0298663351968788,-0.0222685466756975,,0.00519394281718899,3132,
OLS,iv,200608,200609,-0.0484941560266855,0.0329807702091615,0.0743400768842004,,0.0351083753283925,3116,
OLS,iv,200609,200610,0.0773356770245473,-0.0231398347801202,-0.026981606402513,,0.00378422852319316,3105,
OLS,iv,200610,200611,0.0274583425525099,0.00658014651212309,-0.0149469949526778,,0.00126408324611604,3088,
OLS,iv,200611,200612,-0.0265504868859416,0.0439654983445816,0.0259891642333059,,0.0103565672203448,3068,
OLS,iv,200612,200701,0.022501948859232,-0.00318678039829232,0.0126381626457758,,0.000932043867517551,3046,
OLS,iv,200701,200702,-0.00479436911982529,0.0143358162017084,5.73602377972615e-05,,0.00107800092544097,2992,
OLS,iv,200702,200703,-0.0029130810753349,-0.00491640713038454,0.0142636740188263,,0.00139766118673423,2981,
OLS,iv,200703,200704,0.0491547474132861,-0.0231697820823937,-0.0238435150502563,,0.00492894760319673,2957,
OLS,iv,200704,200705,0.0189325601153675,-0.000843531092523555,0.0124026678768169,,0.000718505419526228,2932,
OLS,iv,200705,200706,-0.0261461569506172,0.0248462840901212,0.0108575080932856,,0.00440825202384987,2914,
OLS,iv,200706,200707,-0.0670194555792331,0.0132603437479353,0.0218133933943404,,0.00292200712825796,3072,
OLS,iv,200707,200708,0.0137431334577137,-0.0483351124024757,-0.0186792045584054,,0.00855318141924566,3056,
OLS,iv,200708,200709,0.0410233479200767,-0.0365476480541593,-0.0220905710255102,,0.00734256086992291,3024,
OLS,iv,200709,200710,0.0308581468383422,-0.022980736389461,-0.00785719133832438,,0.00130761123946355,3012,
OLS,iv,200710,200711,-0.108559872340869,-0.00377035866920656,0.0341812015335946,,0.00400598887045101,2984,
OLS,iv,200711,200712,-0.0204548137877904,0.00207996838386246,0.0080005924838065,,0.000224800364473809,2952,
OLS,iv,200712,200801,-0.0716052690348301,0.0176516604083522,-0.00484064172350516,,0.00104273907567876,2934,
OLS,iv,200801,200802,-0.00450810483391341,-0.00584019466891572,-0.0210292075945121,,0.00132154663855111,2896,
OLS,iv,200802,200803,-0.0575202634075589,0.0330467315592799,0.0298897794648096,,0.00580274625670429,2892,
OLS,iv,200803,200804,0.0383905823597747,-0.00981066554550394,-0.00822909178631894,,0.000379057260773141,2867,
OLS,iv,200804,200805,0.0578384635836278,-0.00560664152546691,-0.0212314400913678,,0.00113080416541755,2843,
OLS,iv,200805,200806,-0.0971492473682722,0.0199963481632279,1.41369297857319e-05,,0.00137097065290936,2823,
OLS,iv,200806,200807,0.0188685269448212,-0.0341950836262923,0.00177070406865586,,0.00266215262093805,2993,
OLS,iv,200807,200808,-0.0284579563741661,0.0278746469341493,0.0760326790699447,,0.0159230419184547,2976,
OLS,iv,200808,200809,-0.193568145850794,0.0223381450723169,0.0942620407671103,,0.027986847696294,2948,
OLS,iv,200809,200810,-0.24800316123629,-0.0174965621967562,0.0431618337482453,,0.0045338535591597,2938,
OLS,iv,200810,200811,-0.118645153245481,-0.0705580737763514,0.00534844490838094,,0.00778401697890108,2910,
OLS,iv,200811,200812,0.0514164342196695,-0.0278364302458978,0.00107730588890089,,0.000788754188991048,2888,
OLS,iv,200812,200901,0.0382041899129193,-0.0571789333003166,-0.0669083638331685,,0.00685514901239692,2875,
OLS,iv,200901,200902,-0.124150971055924,-0.0475307938457959,0.0687272372825758,,0.0152793037794468,2832,
OLS,iv,200902,200903,0.135990925505923,0.0221514292290779,-0.0380956634815444,,0.00130467509118481,2819,
OLS,iv,200903,200904,0.158950911757005,0.142981774962941,0.0204448096711561,,0.0120651021132112,2796,
OLS,iv,200904,200905,0.173492496665132,0.0147157859310353,-0.152610247397908,,0.01391711118054,2772,
OLS,iv,200905,200906,0.0371057565732353,-0.015226343505455,0.0252954506907467,,0.00155566243964578,2754,
OLS,iv,200906,200907,0.0780436987139726,0.0669820398368831,-0.0190206146911055,,0.00850112807513403,2915,
OLS,iv,200907,200908,0.014082699362015,0.12736599085203,-0.00914870409121599,,0.0186192106434495,2900,
OLS,iv,200908,200909,0.0954944546984066,0.0402822399842436,-0.0498454782381433,,0.00926819746021012,2886,
OLS,iv,200909,200910,-0.117074756694998,0.0222257575153197,0.0854444012769134,,0.0294498301690772,2885,
OLS,iv,200910,200911,0.0270514592276803,0.00669769752396703,-0.00862801764155931,,0.000243995551140963,2868,
OLS,iv,200911,200912,0.0698078844602567,0.0211559743456549,-0.00650005568895714,,0.00126649030505188,2842,
OLS,iv,200912,201001,-0.0345572064626318,0.0313105488972525,-0.000383777945159235,,0.00406925548846115,2827,
OLS,iv,201001,201002,0.0127711428199827,0.0288489033495991,0.0347025332773148,,0.00820897009706667,2791,
OLS,iv,201002,201003,0.0499570524698305,0.0457142024522709,0.0268058591653996,,0.00483862492233333,2783,
OLS,iv,201003,201004,0.0517350613923932,0.0661702443841738,-0.0196462150284514,,0.0143412959422123,2764,
OLS,iv,201004,201005,-0.0993369172247073,-0.0127795516471622,0.0497493005271707,,0.0181033338575421,2747,
OLS,iv,201005,201006,-0.0774548002919819,-0.0348343025569348,0.0347062535162659,,0.0158199054036946,2745,
OLS,iv,201006,201007,0.0861295929545942,-0.00129151404308421,-0.0415180510985569,,0.00778924552161131,2805,
OLS,iv,201007,201008,-0.0747612119051104,-0.00814685891990899,0.0204120314242846,,0.00224237555556495,2777,
OLS,iv,201008,201009,0.130367189358618,-0.0222526108264227,0.0145015794189881,,0.00315087106965373,2762,
OLS,iv,201009,201010,0.0453467592411415,0.0104337851723582,-0.0036865277737358,,0.000556799467984814,2743,
OLS,iv,201010,201011,0.0130919021295488,0.019271956051948,0.0149727393965545,,0.0020199995284077,2724,
OLS,iv,201011,201012,0.121791302127381,-0.0117565874556936,-0.0597714048454673,,0.0116150948671293,2700,
OLS,iv,201012,201101,0.0158784849496122,0.0263059085429463,-0.0207879895671396,,0.00475192774429001,2673,
OLS,iv,201101,201102,0.0368468631828432,0.0213802078743614,0.0026079630400975,,0.00136220066915804,2652,
OLS,iv,201102,201103,0.0246464870845408,-0.019265587557962,0.0107526185879016,,0.0024032264911561,2636,
OLS,iv,201103,201104,0.0228726444219799,-0.031146080655878,0.0215957365351438,,0.0096865355999467,2620,
OLS,iv,201104,201105,-0.0289347110473462,-0.0158308139194419,0.0359110198362561,,0.00856822246574396,2603,
OLS,iv,201105,201106,-0.0634435956653322,0.0323989070072154,0.0436707119036903,,0.0151223787474257,2578,
OLS,iv,201106,201107,-0.063797184521107,0.0500729958872759,0.0231681452915396,,0.0131727219569039,2631,
OLS,iv,201107,201108,-0.113118885659337,-0.0120781537680172,0.0426618529464062,,0.0108511516147255,2619,
OLS,iv,201108,201109,-0.160299208460493,0.0123112415839746,0.0794703048501918,,0.0295165682897813,2605,
OLS,iv,201109,201110,0.19113166335755,-0.0537132158875906,-0.0555006297570629,,0.0135517602868236,2599,
OLS,iv,201110,201111,-0.0416891789043655,0.0224553397513002,0.0233750659427149,,0.00277989430278269,2585,
OLS,iv,201111,201112,-0.0410404541273366,0.0351932280095122,0.0419821818659484,,0.0105649899447818,2566,
OLS,iv,201112,201201,0.154090154316993,-0.0417031710828021,-0.0689587744185962,,0.014553132677424,2561,
OLS,iv,201201,201202,0.0438035762707738,-0.00454603924318213,-0.00535781329450866,,0.000147035524084571,2526,
OLS,iv,201202,201203,0.0016695349839103,0.00330262655449837,0.0437880105884798,,0.00837207873141177,2511,
OLS,iv,201203,201204,-0.0414013866810095,0.023243244976204,0.0243925803301573,,0.00391715622657318,2499,
OLS,iv,201204,201205,-0.101045361118107,0.00779282132172374,0.0361056259833501,,0.00520234294057032,2486,
OLS,iv,201205,201206,0.0530178708813543,-0.00381750605686537,-0.0229485419220288,,0.0023819498471479,2492,
OLS,iv,201206,201207,0.00733605564292846,-0.017433636450674,-0.0223494676673816,,0.00256227861773584,2582,
OLS,iv,201207,201208,0.0309546178568253,-0.00909678201887282,0.00581609732216298,,0.000564676246148643,2569,
OLS,iv,201208,201209,0.0585073694284418,-0.0160647868150391,-0.0218583603338405,,0.00183512911704087,2553,
OLS,iv,201209,201210,-0.0513694570743508,0.0343356206391958,0.0163717892369579,,0.00564439274819295,2543,
OLS,iv,201210,201211,0.000835561071920185,0.0105327191809894,0.0026136340870256,,0.000389522693599265,2521,
OLS,iv,201211,201212,-0.00076352789015775,0.0387482816099168,0.0147000770194136,,0.00793106348758665,2507,
OLS,iv,201212,201301,0.0668905877413047,0.0223557719852518,-0.0160002671316292,,0.00391910963625741,2493,
OLS,iv,201301,201302,-0.00314547728869216,0.0142539574845407,0.00426893905643673,,0.00101191254048172,2465,
OLS,iv,201302,201303,0.0546752134303896,-0.0245036706630798,0.00412228953574783,,0.00346285301425475,2461,
OLS,iv,201303,201304,0.00462246172745459,-0.0346784025706218,0.0192924181224304,,0.00862922478823858,2447,
OLS,iv,201304,201305,0.0452813995178002,0.0230795911855468,-0.0037177501661828,,0.00196128921014638,2430,
OLS,iv,201305,201306,-0.0277730697372676,0.00907445724117911,0.0352683353419479,,0.00590508158679537,2426,
OLS,iv,201306,201307,0.10082766951548,-0.0252349080474376,-0.0202205019088498,,0.00281301542966483,2504,
OLS,iv,201307,201308,-0.0247997350371041,0.0112951944840718,0.00328781260827826,,0.000509478979880407,2493,
OLS,iv,201308,201309,0.0744512327101511,0.0112711714361448,-0.0316312304577984,,0.00444983423990719,2478,
OLS,iv,201309,201310,-0.0392447269628154,0.0739322958589494,0.0586129277921471,,0.0336751433842573,2466,
OLS,iv,201310,201311,0.0599035911284039,-0.029636631115562,-0.00157494588702384,,0.00337917886176464,2448,
OLS,iv,201311,201312,0.0510073748980464,-0.00430790764614588,-0.033720722089732,,0.00534943902911178,2431,
OLS,iv,201312,201401,0.0538611594457543,-0.0325000519741675,-0.0740525867798939,,0.0140715228493398,2421,
OLS,iv,201401,201402,0.0714768729821182,-0.00533406539817203,-0.0342218584195672,,0.00571585757969673,2402,
OLS,iv,201402,201403,-0.0346844806215545,0.0555619783224365,0.00942283247728727,,0.0144571974334975,2387,
OLS,iv,201403,201404,-0.0548488714103952,0.0127812157103353,0.0204780198039828,,0.00322424504986241,2380,
OLS,iv,201404,201405,0.00814430254829885,-0.0122428413659722,-0.00435377311220863,,0.000889273804693724,2371,
OLS,iv,201405,201406,0.0813494314834576,-0.0233779243430758,-0.0522626144086911,,0.0138837111005724,2365,
OLS,iv,201406,201407,-0.0705983401837991,0.0107409052921058,0.0350295669900892,,0.00665300475056596,2449,
OLS,iv,201407,201408,0.0373090861415566,-0.000869640557791114,0.0124343750374247,,0.000555372613949667,2448,
OLS,iv,201408,201409,-0.097922478485956,-0.000215938056581726,0.0828047570018664,,0.0306667639233278,2438,
OLS,iv,201409,201410,0.0155595738466233,-0.0456617557650465,0.0589754796773272,,0.0230865784161129,2431,
OLS,iv,201410,201411,-0.0156297343827055,-0.0241475247366747,0.0523776500669999,,0.0170083217696319,2419,
OLS,iv,201411,201412,-0.0371433186945954,0.0226995590091079,0.0735082489956452,,0.012515305186659,2410,
OLS,iv,201412,201501,-0.0128714429021187,-0.0310546495930004,-0.00689100528916091,,0.00373762671630851,2396,
OLS,iv,201501,201502,0.145436905923977,-0.0392450311233016,-0.0961393769301886,,0.0285155100312691,2372,
OLS,iv,201502,201503,-0.0205268605527886,-0.01231721708483,0.0404737164395001,,0.00954190153908396,2357,
OLS,iv,201503,201504,-0.0196083959553076,0.0538079172297906,-0.0169177619044794,,0.0149229034231667,2344,
OLS,iv,201504,201505,0.0219437559971079,-0.0259131569914479,-0.00803390438610761,,0.00253524839097241,2336,
OLS,iv,201505,201506,-0.0193500915966739,-0.0191449081151445,0.0374850031494016,,0.01221654929162,2334,
OLS,iv,201506,201507,-0.0265197411957693,-0.0919094790664159,0.0576563480380451,,0.0584621362563483,2464,
OLS,iv,201507,201508,-0.105371408507759,0.0805773739371652,0.0327277424775605,,0.0184310419749818,2450,
OLS,iv,201508,201509,-0.133864779294448,0.0182805871350982,0.107906062160915,,0.0442243229232429,2440,
OLS,iv,201509,201510,0.0635001405513092,-0.00793690828839627,0.000974846858660958,,0.000196021166238847,2432,
OLS,iv,201510,201511,0.062520853247738,-0.0318399257710805,-0.04609301179632,,0.00147522207487916,2410,
OLS,iv,201511,201512,-0.0863422555701261,-0.0236131262507183,0.0869530534467098,,0.0331999456423734,2401,
OLS,iv,201512,201601,-0.192961621787345,0.0525879988805963,0.134359833793934,,0.0652325811437783,2392,
OLS,iv,201601,201602,-0.0205710697042834,0.020380810060173,0.0404520793719515,,0.00492307038523698,2351,
OLS,iv,201602,201603,0.103874133374831,0.0437034253679509,-0.0678278819287601,,0.0144900447917424,2343,
OLS,iv,201603,201604,0.060416855798813,0.0425410718447145,-0.0915513618815458,,0.0388614923115479,2330,
OLS,iv,201604,201605,0.0220230135615741,-0.0407450517214905,-0.0067603483364407,,0.00278177855260597,2313,
OLS,iv,201605,201606,-0.0732194675836669,0.083015395589165,0.0633761404004731,,0.0172863920842868,2305,
OLS,iv,201606,201607,0.0529981518283758,-0.000151354967591673,0.0181090673737061,,0.00100474723931554,2505,
OLS,iv,201607,201608,0.0120569551333735,0.0237648927129472,-0.00982196631114575,,0.00184713944120807,2490,
OLS,iv,201608,201609,0.0656560987300514,-0.0246926040291983,-0.0571850963192917,,0.00595592262886324,2473,
OLS,iv,201609,201610,-0.137616261303257,0.0394407065178297,0.102827720926731,,0.055908505677106,2456,
OLS,iv,201610,201611,0.0573139181689481,0.0780449342527355,-0.0212835797793718,,0.0177024543578461,2444,
OLS,iv,201611,201612,-0.0366091348490311,0.044587395995407,0.0463244713669203,,0.0132710116318466,2425,
OLS,iv,201612,201701,0.0770939554688241,-0.0338448701966218,-0.0736711128390835,,0.0179056541058277,2420,
OLS,iv,201701,201702,0.0478947701210677,-0.0565994612943548,-0.0114969007295099,,0.0132857292309319,2397,
OLS,iv,201702,201703,0.00982402753191789,-0.00283488618330115,0.00265010243345778,,6.76420773835229e-05,2382,
OLS,iv,201703,201704,-0.027240275505688,-0.00229828498928587,0.0616400494133475,,0.0166072605735043,2372,
OLS,iv,201704,201705,-0.0532628783922497,-0.00823616623493687,0.0713740946007619,,0.0188454580925229,2355,
OLS,iv,201705,201706,0.0776587359016868,-0.0180484459175517,-0.0692482052023867,,0.00769566576239811,2349,
OLS,iv,201706,201707,-0.00274162417005227,-0.00436935512597396,0.00402683930940895,,0.000259479880603042,2473,
OLS,iv,201707,201708,-0.0202974866092597,-0.0113874463718434,0.0194415611909105,,0.00180626870828438,2474,
OLS,iv,201708,201709,0.0976680194430621,0.026548727042592,-0.0707982128701052,,0.0144884171545974,2457,
OLS,iv,201709,201710,-0.0323646610038591,0.0357204954289457,0.0228628130599876,,0.0053412630290931,2446,
OLS,iv,201710,201711,0.00858496282598433,0.0314052143011273,0.0220317572997153,,0.0031026714029635,2433,
OLS,iv,201711,201712,0.0103374150840385,0.0118464357951853,-0.00607329793268283,,0.000729875878025976,2414,
OLS,iv,201712,201801,0.073252422368869,-0.0316497438209768,-0.0420328858018123,,0.00692288007252184,2398,
OLS,iv,201801,201802,-0.0616880963351962,-0.00929368582467582,0.0418523777271026,,0.0089566284928122,2377,
OLS,iv,201802,201803,-0.0171812256996778,2.7590376503662e-05,0.0397114197891954,,0.00459917641449614,2368,
OLS,iv,201803,201804,-0.00918301475020903,0.0104656356954404,0.0153624585295893,,0.00122900274586746,2358,
OLS,iv,201804,201805,0.0635578369566467,-0.0258968211882337,0.00386337711159046,,0.00211519402832727,2346,
OLS,iv,201805,201806,-0.0289073450480733,-0.00368972945183268,0.0736361757735963,,0.0129631338873663,2344,
OLS,iv,201806,201807,-0.029028817975497,0.00902338127607115,0.0550760022181739,,0.0136127965853903,2448,
OLS,iv,201807,201808,0.0398122426374636,-0.0538199971942676,0.049413393746081,,0.0168790565855117,2440,
OLS,iv,201808,201809,0.0075519702058871,-0.0402844528124594,-0.00774656234157752,,0.00509158164851475,2433,
OLS,iv,201809,201810,-0.164554630503432,0.0378609679005503,0.0675835618719589,,0.0193802577923716,2427,
OLS,iv,201810,201811,-0.0214060551816552,-0.0219932970754262,0.0458514559334469,,0.00912395632925633,2411,
OLS,iv,201811,201812,-0.195960762928807,-0.0020156670473253,0.110875429929375,,0.0508971552230627,2396,
OLS,iv,201812,201901,0.243538987253742,-0.0184925236938475,-0.153026650385371,,0.00863974818992508,2384,
OLS,iv,201901,201902,0.0597418195517369,-0.0337625827624365,0.0139514117038137,,0.00438468347416454,2360,
OLS,iv,201902,201903,0.0430650935662493,-0.0441108821832364,-0.0657131827485988,,0.009610982633526,2349,
OLS,iv,201903,201904,-0.00376546847262936,0.0109021000843494,0.034143614942039,,0.00385303559405525,2334,
OLS,iv,201904,201905,-0.0736891584631173,-0.0473373717378955,0.00571974872733019,,0.0072897073502487,2325,
OLS,iv,201905,201906,0.0721026889934894,-0.048004059802899,0.0129076999628375,,0.00768765844878983,2321,
OLS,iv,201906,201907,-0.0339637675857514,-0.0159332459203315,0.0517479770630194,,0.0109639848683227,2445,
OLS,iv,201907,201908,-0.0392589464514253,-0.0563750594229131,0.0197149743427722,,0.0108315188893213,2437,
OLS,iv,201908,201909,-0.0681667706994468,0.0974196374648534,0.0804864347586657,,0.0371620603314379,2429,
OLS,iv,201909,201910,0.0135665118994818,-0.056962020013737,0.0260237328322108,,0.0113363772369809,2424,
OLS,iv,201910,201911,0.084967916800481,-0.0687352200270841,-0.0325331689970593,,0.00842758318366787,2405,
OLS,iv,201911,201912,0.0850685669832898,0.0342549271180636,-0.101376112958592,,0.0223769363611628,2394,
OLS,iv,201912,202001,0.0774261891229252,-0.1022012171155,-0.0807446945733748,,0.0156202505152211,2376,
OLS,iv,202001,202002,-0.0244458011626629,-0.0620146094479165,-0.0427808519780258,,0.00500773998706294,2357,
OLS,iv,202002,202003,-0.158677750752679,-0.132668237110209,-0.00742983314386767,,0.0207256081587104,2355,
OLS,iv,202003,202004,0.210639975413292,0.0709838763602122,-0.0541850690536174,,0.00696915241667906,2343,
OLS,iv,202004,202005,0.155049077700883,-0.0536414961519487,-0.0703735600251289,,0.00632653405121009,2332,
OLS,iv,202005,202006,0.0707738762636157,0.0385836598246454,-0.031385598158695,,0.00286945749174217,2319,
OLS,iv,202006,202007,0.0170402818069,0.0563019716325646,0.024040818638839,,0.00295299322174969,2466,
OLS,iv,202007,202008,0.0269339095724962,-0.00181171955064276,0.0426766823169144,,0.00248976915152843,2460,
OLS,iv,202008,202009,-0.00847674016160311,-0.0280323846247184,-0.0123996449406917,,0.00205294519923049,2451,
OLS,iv,202009,202010,-0.0417909489920488,0.0297096550461332,0.0555799439360547,,0.0105023478286052,2443,
OLS,iv,202010,202011,0.205277459879359,0.0957225476323193,-0.0624045004227076,,0.011681414707611,2434,
OLS,iv,202011,202012,0.117714768843938,-0.0169346362130187,-0.0288394302471597,,0.000938771616192047,2428,
OLS,iv,202012,202101,0.0855275506328948,0.18537961237533,-0.0669827179317862,,0.0098246719561238,2420,
OLS,iv,202101,202102,0.0611496899815225,0.0796011944625829,-0.0132307429593105,,0.00906876796299794,2403,
OLS,iv,202102,202103,-0.0569882087838133,0.0850453603220082,0.0595823330079746,,0.0105198419388509,2398,
OLS,iv,202103,202104,-0.0383938986676492,0.0093540919503891,0.0927415956885224,,0.00809895492117185,2391,
OLS,iv,202104,202105,-0.0463632430918839,0.0948073501306758,0.0345618604660511,,0.0207810872414231,2378,
OLS,iv,202105,202106,0.0390577085864378,-0.00293620021483927,3.37002903853e-05,,1.92529281826115e-05,2377,
OLS,iv,202106,202107,-0.130485952179565,0.0270947646708397,0.142967957786679,,0.0702509367765879,2497,
OLS,iv,202107,202108,0.0480808642009765,-0.00142812889181989,-0.0482162764858221,,0.00639542237574975,2497,
OLS,iv,202108,202109,-0.0262173710687793,0.0384878487881471,-0.0484230550024283,,0.00964903721290855,2489,
OLS,iv,202109,202110,-0.0251457085377449,0.00637634939665827,0.0828753878568791,,0.022167791942292,2486,
OLS,iv,202110,202111,-0.136244991373457,0.0442285521982643,0.105223377138997,,0.0375529560792678,2477,
OLS,iv,202111,202112,-0.0834082924415481,0.0554357127662047,0.107118594849398,,0.0417524004626021,2464,
OLS,iv,202112,202201,-0.171864431181274,0.122270110277766,0.041148620649014,,0.0693401025711429,2457,
OLS,iv,202201,202202,-0.0249652821563587,0.0543954072135299,-0.00640225135069208,,0.00997100208286261,2442,
OLS,iv,202202,202203,0.0807508231814629,0.00651749746097862,-0.105702747144269,,0.0181172522869231,2442,
OLS,iv,202203,202204,-0.244147426361141,0.119126478075309,0.130637829587968,,0.097029482490273,2431,
OLS,iv,202204,202205,-0.0996416106658389,0.0970806765139556,0.0504594313468525,,0.0290017462596749,2422,
OLS,iv,202205,202206,-0.00550468058504845,-0.0788401611297999,-0.0541046739838723,,0.0191399798168905,2419,
OLS,iv,202206,202207,0.115225355179364,-0.0726335916380039,0.0177643508713521,,0.0137151878972253,2597,
OLS,iv,202207,202208,0.0681477640476928,-0.0270201680044181,-0.107659870638145,,0.0186505981061567,2594,
OLS,iv,202208,202209,-0.12506391803474,-0.0408790647469226,0.0386128876236936,,0.0134606011435939,2583,
OLS,iv,202209,202210,-0.00659301727981293,0.0701369323770485,0.0895204069003177,,0.0136966796209625,2574,
OLS,iv,202210,202211,-0.0415998297345019,0.00318224680965462,0.100565188138695,,0.017707319795642,2565,
OLS,iv,202211,202212,-0.045616863726757,-0.0247509950116853,-0.00824408133946466,,0.00078735685022524,2556,
OLS,iv,202212,202301,0.216458787461506,0.0321935063756722,-0.135391288454757,,0.0230358760702952,2558,
OLS,iv,202301,202302,-0.102045424806357,0.00267006656659763,0.0967794783241972,,0.0338978421230419,2527,
OLS,iv,202302,202303,-0.0802726871816804,-0.0345651899404952,0.0844508492756042,,0.0178662181986446,2510,
OLS,iv,202303,202304,-0.0139624316946556,-0.00330607867495987,-0.0183266969495451,,0.000882430359724351,2494,
OLS,iv,202304,202305,0.0444620601713028,-0.0499093095718477,-0.0471761216818654,,0.00610913066038643,2485,
OLS,iv,202305,202306,-0.00264595457781443,0.0464367625613113,0.0812006406097954,,0.0118966957319525,2484,
OLS,iv,202306,202307,-0.00128706334757918,0.0357144375301932,0.0475595152828617,,0.00564289675767915,2854,
OLS,iv,202307,202308,-0.120066645872262,0.0185792129980605,0.0755559036430745,,0.00842363392578149,2856,
OLS,iv,202308,202309,-0.124296400899011,0.0352572215566686,0.0585276816657077,,0.0067912577582161,2836,
OLS,iv,202309,202310,-0.130041168222816,0.0142776350652826,0.0631685720203486,,0.0034599295948351,2830,
OLS,iv,202310,202311,0.0649613564112073,-0.0164583429111923,0.0462846960085331,,0.00278075370034858,2806,
OLS,iv,202311,202312,0.155217383750245,0.0152967043211165,-0.0845167225362983,,0.00791414875161522,2782,
OLS,iv,202312,202401,-0.0414233792658776,0.0243292454491354,-0.010392420922719,,0.00107855904571741,2765,
OLS,iv,202401,202402,0.131361637626784,-0.0210953152915294,-0.115270500618723,,0.0145061004281409,2735,
OLS,iv,202402,202403,-0.00788813832140109,0.0330502520778706,0.0290425706477103,,0.00225648516304444,2725,
OLS,iv,202403,202404,-0.105644632316528,0.000671934297703214,0.0442862986513764,,0.00417784386446163,2706,
OLS,iv,202404,202405,-0.0303703807296351,0.0812741236330527,0.0660490748028949,,0.00186437516367965,2692,
OLS,iv,202405,202406,-0.0460791447676457,-0.0567305813946616,0.064220898061515,,0.0198500466001841,2672,
OLS,iv,202406,202407,0.0368892894780153,0.0489806970212567,-0.00304557125195165,,0.00456224038520914,2796,
OLS,iv,202407,202408,-0.049120945896657,-0.0224278403644139,0.0457800228246865,,0.00464499765660931,2773,
OLS,iv,202408,202409,-0.0295313961874497,0.0186876749416144,0.0377665741552029,,0.00258923717580495,2758,
OLS,iv,202409,202410,0.0229907715402672,-0.0235984960120621,-0.0420229872642192,,0.00272337104048148,2745,
OLS,iv,202410,202411,0.0569519611446341,-0.0298804028890332,0.0839824372871313,,0.00310040836595249,2728,
OLS,iv,202411,202412,-0.0939895035294909,0.0485748594044807,0.0686097269976603,,0.00414330560696186,2713,
OLS,v,197306,197307,0.113293013084324,-0.021103625981275,,0.0445302999764823,0.0182881561624999,1472,
OLS,v,197307,197308,-0.0646301198360471,0.0121079896240755,,0.00908130828212031,0.000171937813674972,1470,
OLS,v,197308,197309,-0.0472570537973927,0.110235501363238,,0.15674106900686,0.0193410858792087,1470,
OLS,v,197309,197310,-0.10677047330202,0.129088714156414,,0.0835975894859925,0.0166077931584997,1470,
OLS,v,197310,197311,-0.16580293458491,-0.0190540465832687,,-0.0446612677285728,0.00459210503829199,1468,
OLS,v,197311,197312,-0.0702781232775164,0.0195187727337258,,0.0444958350446742,0.00330774031190872,1471,
OLS,v,197312,197401,0.132115148802597,0.0876278077401367,,-0.0796931007490433,0.0627824253945608,1469,
OLS,v,197401,197402,-0.0565648922501346,0.077720912523607,,0.0359075574880305,0.0144318661239732,1468,
OLS,v,197402,197403,0.0389196277408494,-0.0256026641406183,,-0.0584061263474906,0.00913796323425919,1467,
OLS,v,197403,197404,-0.0270539033899999,-0.00201397391134438,,-0.0483423786646268,0.0212928012955517,1466,
OLS,v,197404,197405,-0.0251607958340809,-0.054718669098857,,-0.0459302568011856,0.00316518024268853,1467,
OLS,v,197405,197406,-0.0531647499982995,0.0365724185047676,,0.0112743370001878,0.00662540819590574,1464,
OLS,v,197406,197407,-0.19007167121961,0.170713693979812,,0.0921565256769996,0.0472575653251861,1587,
OLS,v,197407,197408,-0.0846850522785707,0.0202205349811865,,-0.0166654122418537,0.0100207106759415,1585,
OLS,v,197408,197409,-0.0422300725996797,-0.0309177356811959,,-0.0855959337765781,0.020060512996556,1582,
OLS,v,197409,197410,-0.00891160437791037,0.0483931318356179,,0.182544361927844,0.0394771210312369,1584,
OLS,v,197410,197411,-0.032520182844232,-0.0497971349645469,,0.00608310960090553,0.0181314363100376,1577,
OLS,v,197411,197412,-0.0122905555643652,-0.0938178436816473,,-0.0355854008818408,0.0181279467754999,1579,
OLS,v,197412,197501,0.300695937776669,0.11723924201823,,-0.129552457174538,0.0784963994764238,1579,
OLS,v,197501,197502,0.0325024284165093,-0.00617839312462343,,0.0364947639451587,0.00698471323406491,1577,
OLS,v,197502,197503,0.151633725317309,-0.0318277775604066,,-0.0855205946262545,0.0115391862136019,1574,
OLS,v,197503,197504,0.0311562251021807,-0.0183388388076846,,0.031675873945228,0.0101342061898398,1574,
OLS,v,197504,197505,0.0781072052868726,-0.0163075822612152,,-0.0050516987429275,0.000516229932771339,1572,
OLS,v,197505,197506,0.111486508743463,-0.021871340647651,,-0.0471413838002348,0.00301652669096852,1571,
OLS,v,197506,197507,-0.00810770244082327,0.0201928071363275,,-0.0490091403413516,0.0254648272273599,1991,
OLS,v,197507,197508,-0.0487500442625765,-0.0255471641451954,,0.0127822475043193,0.0162913280025671,1991,
OLS,v,197508,197509,0.00440165926361751,-0.0443343097637796,,-0.0516172811889363,0.0024406783878278,1991,
OLS,v,197509,197510,0.0261318669473047,-0.0286681742457758,,0.0123193649768907,0.0100238020856781,1991,
OLS,v,197510,197511,0.0748025876655152,-0.034995796036434,,-0.0612235188035863,0.00517277938706851,1991,
OLS,v,197511,197512,-0.0603607214352852,0.0484362295741607,,0.0407873668267672,0.00168171100429448,1988,
OLS,v,197512,197601,0.327188525903205,3.1047038873906e-05,,-0.211689755075705,0.108926306091744,1937,
OLS,v,197601,197602,0.120412560485486,0.110561187627072,,-0.123200936478935,0.133513887493289,1983,
OLS,v,197602,197603,0.0353520617015863,-0.0284037607569289,,-0.0230957510104282,0.000494461187359407,1951,
OLS,v,197603,197604,-0.0209857587235269,-0.00288167744997281,,0.00795901270593707,0.000982841303404536,1963,
OLS,v,197604,197605,-0.0615272002214374,0.00988551779693797,,0.0581188977374428,0.0224791675097836,1957,
OLS,v,197605,197606,-0.0148356724920456,0.0448325590007025,,0.0512527177525302,0.00218962703613745,1949,
OLS,v,197606,197607,-9.14429285075081e-05,0.00374823839363977,,-0.0226771586075085,0.00657848952615803,2414,
OLS,v,197607,197608,0.0820214095649726,-0.103770061062978,,-0.111674205509497,0.0106779003480872,2221,
OLS,v,197608,197609,0.0555130757964073,-0.0530884525977408,,-0.0335460834924739,0.00462935155111988,2398,
OLS,v,197609,197610,-0.00746673390094682,-0.0240277131811082,,-0.0204334051726276,0.000588391710833469,2378,
OLS,v,197610,197611,0.0607340933535034,-0.0362624126068279,,-0.0387160396801822,0.00112033335804729,2389,
OLS,v,197611,197612,0.0986067661439314,0.0149645455707997,,-0.02455497657747,0.00729405984380627,2383,
OLS,v,197612,197701,-0.00982580267601221,0.0946269517008592,,-0.023541033155184,0.0563701584923599,2350,
OLS,v,197701,197702,0.0523900385750556,-0.0469122036510313,,-0.0719035456203887,0.00838232848163345,2359,
OLS,v,197702,197703,0.00845973255588242,0.00383518916804215,,-0.0156402718730585,0.00257388442973039,2351,
OLS,v,197703,197704,-0.00564178220759072,0.0261392544739885,,0.00563844212119152,0.00328255744891803,2344,
OLS,v,197704,197705,0.0705363706246,-0.0599122351827432,,-0.0834837441193477,0.00810141506524598,2336,
OLS,v,197705,197706,-0.0159321222594972,0.072140692964025,,0.0692929322787858,0.005001377401186,2322,
OLS,v,197706,197707,0.042646595554592,-0.0290991683302332,,-0.0583010285820004,0.00871619995158246,2474,
OLS,v,197707,197708,0.0396045752756534,-0.0631624838580654,,-0.0472169688714289,0.00664391581514512,2460,
OLS,v,197708,197709,0.00941798770881858,-0.00228125349167738,,-0.00396829489538787,3.66358125460931e-05,2448,
OLS,v,197709,197710,0.0172004952481145,-0.0377578681648613,,-0.0594938117695625,0.00633252514362725,2431,
OLS,v,197710,197711,0.0765493601790503,0.00651444104526519,,-0.00917362746467096,0.00120055842401678,2428,
OLS,v,197711,197712,-0.0172278958821583,0.0308711772459353,,0.0293821960961262,0.00124117741947427,2417,
OLS,v,197712,197801,-0.0322660294853714,0.0395134352573871,,-0.0254457438549408,0.0337107116207869,2403,
OLS,v,197801,197802,0.0365225188319947,0.00135113203529563,,-0.0345742004733762,0.0104704002018495,2386,
OLS,v,197802,197803,0.0533299805953975,0.0274817089558139,,0.000808927348047337,0.00429281002765214,2371,
OLS,v,197803,197804,0.0400266062656748,0.0411475631690934,,0.0457544033260957,0.00205736970022385,2361,
OLS,v,197804,197805,0.0493796265927976,0.0250832461567349,,0.00676737083917693,0.00200818316507201,2351,
OLS,v,197805,197806,0.000196186312047653,0.00489784302333243,,-0.0166937428562662,0.00294088154421879,2328,
OLS,v,197806,197807,0.0123602962893354,0.019287077058274,,0.0548770810503738,0.00964578011690942,2415,
OLS,v,197807,197808,0.0558396598061317,0.0398928295473423,,0.0180171670446718,0.00193313046020227,2407,
OLS,v,197808,197809,-0.0592686457943908,0.0742047724968756,,0.0296989927384759,0.0139358465633094,2392,
OLS,v,197809,197810,-0.110843518741402,-0.0920133418520596,,-0.0973043005184419,0.0073535757079285,2387,
OLS,v,197810,197811,0.054366244649036,-0.0230982681990825,,0.0153163541229468,0.00711546426563992,2378,
OLS,v,197811,197812,0.031593735692629,-0.0495810846295107,,-0.00367194808610399,0.0132681925999012,2367,
OLS,v,197812,197901,0.0438966295022312,0.0820688147084286,,0.0151336974237367,0.020875644045653,2358,
OLS,v,197901,197902,-0.0726701008502061,0.0480583417166678,,0.0294742944238309,0.00533857822045858,2322,
OLS,v,197902,197903,-0.0170387238459105,0.0863278480165501,,0.104453741172597,0.00962575346404593,2315,
OLS,v,197903,197904,-0.0220257487067543,0.0487685144133379,,0.0330469508886869,0.00366791668120181,2311,
OLS,v,197904,197905,-0.0335909845330607,0.0231480497155459,,0.00365740214836757,0.00287767429468544,2300,
OLS,v,197905,197906,-0.0443655262442258,0.071910399637507,,0.0936912673431951,0.00771825771902024,2291,
OLS,v,197906,197907,0.0845161992203562,-0.0665868809806393,,-0.0670932756190759,0.00455214918590274,2372,
OLS,v,197907,197908,0.0462869580332148,0.0123710561991531,,0.0442403407601735,0.00594991859989891,2355,
OLS,v,197908,197909,-0.0432864212309423,0.0218934005655259,,0.040957289804649,0.00365746347267404,2342,
OLS,v,197909,197910,-0.0354278140854577,-0.073384763343755,,-0.0672721028319739,0.00460543752852194,2332,
OLS,v,197910,197911,-0.0239739825223106,0.0474803453407943,,0.113648715172183,0.0282830093021904,2329,
OLS,v,197911,197912,-0.0375522588508408,0.074915842762899,,0.107289554827535,0.0105379664401706,2319,
OLS,v,197912,198001,-0.0385311557558151,0.141821584772697,,0.120213751165272,0.00823841546683746,2294,
OLS,v,198001,198002,-0.054358043671651,0.0228619588152743,,0.0287959563802041,0.000771021276171346,2265,
OLS,v,198002,198003,-0.0593478622105057,-0.112098071297918,,-0.116510874445171,0.0164957897580882,2250,
OLS,v,198003,198004,0.012941475973125,0.00507292736006348,,0.0309556521511716,0.00426448749288133,2245,
OLS,v,198004,198005,0.0991526524629242,-0.0404961706497518,,-0.0253858867789207,0.00243943979398986,2237,
OLS,v,198005,198006,0.0149974086063895,0.0079810971310974,,0.0235027090672297,0.00211292366879867,2234,
OLS,v,198006,198007,0.133550428088306,-0.0566982937039901,,-0.00727496550588577,0.0113185372169028,2318,
OLS,v,198007,198008,0.0624671535200115,-0.0172609355545933,,0.0216162437573076,0.00677956272830516,2317,
OLS,v,198008,198009,0.0296425660931338,-0.0113756937495922,,0.0174985481697018,0.00394545429414017,2308,
OLS,v,198009,198010,0.050062007685358,-0.0383299744652171,,-0.017120687760728,0.00296084548487829,2296,
OLS,v,198010,198011,0.0129910284664958,-0.032785590125793,,0.114149072854996,0.0797306782721249,2288,
OLS,v,198011,198012,0.023289263043391,-0.0668960035110511,,-0.076402108539227,0.00450528002727801,2285,
OLS,v,198012,198101,0.0124508303624463,0.0332183009006606,,-0.0685198341161894,0.0611455171093626,2284,
OLS,v,198101,198102,0.023996137438165,-0.000483129596587612,,-0.0415420110655442,0.0124673398560715,2242,
OLS,v,198102,198103,0.0735548540997433,0.00617157009432237,,-0.00478891824805691,0.000514797653897503,2232,
OLS,v,198103,198104,0.0584610658031417,-0.0157123466337742,,-0.0583728661778992,0.00935687868483148,2225,
OLS,v,198104,198105,0.0344133702417889,-0.00842337904835378,,-0.021646121872627,0.00107253837703347,2214,
OLS,v,198105,198106,0.0318089654297685,-0.0080990423805993,,-0.0921531506187292,0.047499137569867,2212,
OLS,v,198106,198107,0.000195507505318555,-0.0341018838115287,,-0.0331426844506373,0.00119239267886662,2349,
OLS,v,198107,198108,-0.0226086847984083,-0.029444631320643,,-0.0999999293616071,0.0415421364083297,2344,
OLS,v,198108,198109,-0.0314840693144577,-0.0334543693172959,,-0.0845469456122884,0.0226579168550195,2325,
OLS,v,198109,198110,0.127164980859243,-0.10804247845014,,-0.0189137993151528,0.0338755854632242,2321,
OLS,v,198110,198111,0.0502493689727166,-0.0369782836179242,,-0.044622457835798,0.00184133273272002,2317,
OLS,v,198111,198112,0.0342501321512423,-0.0422399647651571,,-0.0746940052706037,0.0109256771722024,2315,
OLS,v,198112,198201,0.00369613784130782,-0.00801968709538631,,-0.0500984393975644,0.0131059282450656,2297,
OLS,v,198201,198202,-0.0199843525977371,0.0123033902667178,,-0.068264994783733,0.0415407263789277,2275,
OLS,v,198202,198203,-0.0105731312098074,0.0195520467998154,,-0.0294651911276747,0.0126106597624823,2259,
OLS,v,198203,198204,0.00564722120022835,0.0286523751049058,,0.0460986186808993,0.00279816990239512,2247,
OLS,v,198204,198205,0.0440223052203254,-0.0587429348594615,,-0.0939441026368529,0.0194906384617124,2240,
OLS,v,198205,198206,-0.0680095040432136,0.0691541971459553,,0.00100230846751891,0.0249162220042889,2225,
OLS,v,198206,198207,0.0465778408141184,-0.0516406433087072,,-0.0790890751059277,0.00907941319559402,2412,
OLS,v,198207,198208,0.0730809598788296,-0.0385578385080827,,0.0226734658649291,0.0154292061617023,2409,
OLS,v,198208,198209,0.0683945647365705,-0.0218251617504117,,-0.063024848724546,0.010160746768068,2395,
OLS,v,198209,198210,0.134136658065333,-0.0302133486218164,,0.0141123298472184,0.00508560586172924,2379,
OLS,v,198210,198211,0.0381189632083316,0.0882583420541456,,0.0151544787202052,0.0121198548143214,2366,
OLS,v,198211,198212,0.0204724994820277,0.00499252893983862,,-0.0113305952366677,0.0010381306629148,2360,
OLS,v,198212,198301,0.0124669254144659,0.0561977279035371,,0.0840021669731775,0.00518912561610851,2336,
OLS,v,198301,198302,0.0535624250583995,0.0422093634309014,,-0.0396615273075793,0.0261856734259758,2317,
OLS,v,198302,198303,-0.0282015883758534,0.101434868484872,,0.0502668463717375,0.0123518701024645,2305,
OLS,v,198303,198304,0.0642614512318434,0.0141714067251276,,-0.0136191567254085,0.00288120634677813,2292,
OLS,v,198304,198305,0.00390353610594088,0.0640061868797743,,0.0823604493870548,0.00516682273919422,2284,
OLS,v,198305,198306,0.0356708392982424,0.0142229930640687,,0.00612298691549519,0.000321412429943102,2275,
OLS,v,198306,198307,-0.0471143992426953,0.0596834904846883,,-0.0274234705364235,0.0418054110633287,2456,
OLS,v,198307,198308,-0.0156721856112826,-0.00406317338836932,,-0.0428352728214224,0.0113195917605859,2441,
OLS,v,198308,198309,0.0594346044065655,-0.0377201648823703,,-0.0776199072275585,0.0178291437280141,2429,
OLS,v,198309,198310,-0.0655149666632611,0.0387883292067979,,-0.0347124823324228,0.0286955074722214,2413,
OLS,v,198310,198311,0.061994022284142,-0.020504529190897,,-0.026798942762452,0.00130259097859786,2409,
OLS,v,198311,198312,-0.0105247726375428,0.0136623831725426,,-0.0372631934193384,0.0173387907988241,2404,
OLS,v,198312,198401,-0.0824960681029839,0.10846600167864,,0.0338282770862412,0.0321844965967554,2383,
OLS,v,198401,198402,-0.101335492756129,0.0526312208996749,,0.0157352502312973,0.0108226127818561,2367,
OLS,v,198402,198403,0.00930271055262475,0.0205754449544139,,-0.0295668057003491,0.0118890811498128,2346,
OLS,v,198403,198404,0.0314118456385736,-0.0338681198371754,,-0.0673159941778351,0.0142613448853136,2333,
OLS,v,198404,198405,-0.0137634450934578,-0.0177843422893712,,-0.0606053462902197,0.013451430517808,2318,
OLS,v,198405,198406,0.0784619210941496,-0.0673686868346459,,-0.0501986842920304,0.00791927014984806,2308,
OLS,v,198406,198407,0.0264597002179276,-0.0517060126151482,,-0.109980595243503,0.0387631060452405,2583,
OLS,v,198407,198408,0.157659288310321,-0.0874081724278688,,-0.0342668065274494,0.0147954867370488,2568,
OLS,v,198408,198409,0.0102175788396689,0.00348933998541904,,-0.0551912639196168,0.0204377777724608,2549,
OLS,v,198409,198410,0.0530425716928896,-0.0690323499297013,,-0.105904144922201,0.0267264232487914,2527,
OLS,v,198410,198411,0.0345810709524498,-0.0438395973489573,,-0.102251408823605,0.0294599573998978,2510,
OLS,v,198411,198412,0.0476564026915568,-0.0441969044178965,,-0.0473948777631521,0.00429965355695494,2486,
OLS,v,198412,198501,0.0992862024388865,-0.0172874106900882,,0.0442146136542099,0.010978453372353,2462,
OLS,v,198501,198502,0.0489781487847386,-0.0176535177244548,,-0.0104485192857978,0.000478663049858663,2440,
OLS,v,198502,198503,-0.00886455205095763,0.00291424538535913,,-0.0333313822574221,0.0062489209326374,2420,
OLS,v,198503,198504,0.00022360039178503,-0.00371184835698103,,-0.045864702536188,0.0121964177371366,2411,
OLS,v,198504,198505,0.0606515177764167,-0.0317942979865,,-0.0443863923890683,0.00396764097726798,2395,
OLS,v,198505,198506,0.0348079209343266,-0.0304444532843472,,-0.0462961714526882,0.00560247550737214,2381,
OLS,v,198506,198507,0.0354103697610735,-0.0150915056080836,,-0.0232130538303484,0.00139933767332923,2602,
OLS,v,198507,198508,0.00150269165132813,-0.00556864597659875,,-0.0267485109356445,0.0027331831237345,2589,
OLS,v,198508,198509,-0.00335014015864714,-0.0297306672821506,,-0.0764495437014899,0.023774089604928,2570,
OLS,v,198509,198510,0.0819881749074142,-0.0637980491115147,,-0.0705358270161866,0.00951998815298949,2549,
OLS,v,198510,198511,0.0992670086921075,-0.0599804850638747,,-0.04003023607949,0.0053841837796762,2534,
OLS,v,198511,198512,0.137653971570192,-0.114045567969223,,-0.113917553120501,0.0281558572679183,2511,
OLS,v,198512,198601,0.0129043803436927,-0.00253068847981212,,0.0243944497544781,0.00229687788856736,2491,
OLS,v,198601,198602,0.142473709334521,-0.0897274557086367,,-0.0809805245135965,0.00941914694944146,2475,
OLS,v,198602,198603,0.0635246655512791,-0.00140941504245392,,-0.0400688520620655,0.00551561707208437,2460,
OLS,v,198603,198604,0.0274799434873409,-0.0227564188354479,,-0.0208466494469018,0.000809197781922233,2430,
OLS,v,198604,198605,0.0414337602656186,-0.00680598972535047,,-0.0132031455360246,0.000399734257933382,2410,
OLS,v,198605,198606,-0.00453734623297958,0.00785230535871146,,0.00486859045466612,6.06704935602886e-05,2395,
OLS,v,198606,198607,-0.0712740501552002,0.00654750347451652,,-0.0382641023528281,0.00720896867735832,2679,
OLS,v,198607,198608,0.0260702471938938,0.00818386773704621,,-0.0228748985212562,0.00337096182873631,2657,
OLS,v,198608,198609,-0.100780675960178,0.0701455436652776,,0.00652182342501181,0.0163498114918513,2648,
OLS,v,198609,198610,0.107462568635184,-0.0960221158806726,,-0.0504550106901589,0.00981288960921256,2625,
OLS,v,198610,198611,0.0441868430232007,-0.0345590028324347,,-0.0583117479513191,0.00833178700967796,2595,
OLS,v,198611,198612,-0.0168565499458653,0.00464124882189299,,-0.0450719895916645,0.0103936460771151,2565,
OLS,v,198612,198701,0.118717502990922,-0.0123651959555995,,0.0124976135283966,0.00146462309591588,2513,
OLS,v,198701,198702,0.0513567316901642,-0.00227993656911233,,0.0496877374482627,0.00889885516600053,2489,
OLS,v,198702,198703,-0.0224204265254902,0.063302503269041,,0.0442204881836119,0.0046240073140158,2478,
OLS,v,198703,198704,-0.0373793411758934,0.0277714477029128,,0.00792253599118355,0.00215910823385734,2455,
OLS,v,198704,198705,-0.00124359033379015,0.0159276458968688,,0.000367371184814217,0.00103005320766281,2440,
OLS,v,198705,198706,0.0396278024502607,-0.0055276928767866,,-0.0238454110541626,0.00170308030689403,2430,
OLS,v,198706,198707,-0.0456918659501401,0.11362493071974,,0.0606758049481774,0.0217773133944966,2797,
OLS,v,198707,198708,0.0703846006514787,-0.0465199801466457,,-0.0675158309727339,0.0123148605862804,2776,
OLS,v,198708,198709,-0.0199014770952571,0.0190393584365462,,-0.00797058146444376,0.00281930339091385,2758,
OLS,v,198709,198710,-0.275293556915183,0.0100204681195396,,-0.0513324854893995,0.0158566875785424,2734,
OLS,v,198710,198711,-0.0270916988492773,-0.00437678646421744,,-0.0500060926999565,0.00798343513249278,2708,
OLS,v,198711,198712,0.136315295195016,-0.0894309919179786,,-0.0822186397819528,0.0131678427068166,2678,
OLS,v,198712,198801,0.0228645163924878,0.035381567136768,,0.0483946565513147,0.00344118732603405,2655,
OLS,v,198801,198802,0.0978032775185735,-0.016751164076161,,-0.0336186240980162,0.00225222953010662,2631,
OLS,v,198802,198803,0.0372986463212543,0.0220792690639014,,-0.0200769186337706,0.00465651644568654,2614,
OLS,v,198803,198804,0.0130534042396163,0.0125658739668582,,-0.0106169737547773,0.00176946782974696,2590,
OLS,v,198804,198805,-0.0225089273515088,0.0258467405469281,,-0.0260314770288411,0.00972232395235439,2568,
OLS,v,198805,198806,0.0582450094169024,-0.0105540953155977,,-0.00117545050716186,0.000357289746482969,2540,
OLS,v,198806,198807,-0.00217072305725133,0.00548441374635665,,-0.0227878392945537,0.0036556994723751,2623,
OLS,v,198807,198808,-0.0224016118320137,0.00925573141420274,,-0.0228194684480303,0.00396417776625468,2600,
OLS,v,198808,198809,0.0500673895313027,-0.0363518368929815,,-0.0215595604802783,0.00225192924334938,2575,
OLS,v,198809,198810,0.0114285840812722,-0.0147266099134048,,-0.041857686502255,0.00642719400580727,2554,
OLS,v,198810,198811,-0.00936975901898226,-0.0190319428347311,,-0.0514274653860294,0.00985000476555087,2533,
OLS,v,198811,198812,0.0734884426460756,-0.0404877284087593,,-0.0477536384648634,0.00564777963450691,2506,
OLS,v,198812,198901,0.00935846987594013,0.0449681635478148,,0.0413414364926525,0.00238787263881179,2475,
OLS,v,198901,198902,0.00383830112891119,0.00412740287167924,,-0.0175188315589359,0.00208277833687687,2455,
OLS,v,198902,198903,0.00491935450502666,0.0191485710313127,,0.0120886885253053,0.000774515656561059,2432,
OLS,v,198903,198904,0.0426218078662139,-0.0160997191298847,,-0.00933241483057614,0.000488536858084143,2415,
OLS,v,198904,198905,0.0264824332305278,0.00147919561744815,,-0.00225498746076209,4.32025383434453e-05,2402,
OLS,v,198905,198906,-0.0472982113194104,0.0458204771485994,,-0.00108803941428113,0.0102238371727639,2377,
OLS,v,198906,198907,0.062541038714332,-0.0491353994258066,,-0.0269275458838307,0.00548425635441274,2658,
OLS,v,198907,198908,0.0163945896000026,0.00688692292498595,,-0.0177461301849512,0.0019083744546684,2640,
OLS,v,198908,198909,0.0206304524998093,-0.033274696538304,,-0.0164343962045414,0.00249385486467668,2616,
OLS,v,198909,198910,-0.00857069242327385,-0.0536032559829557,,-0.0500094618601031,0.00774747469995807,2595,
OLS,v,198910,198911,-0.0133038616614644,-0.01456307139829,,0.00755627785751825,0.00125696951859966,2577,
OLS,v,198911,198912,0.0124468327486022,-0.0218999202786598,,-0.0208027856396979,0.00130937606395765,2551,
OLS,v,198912,199001,-0.0792649047383295,0.0340331877957566,,-0.00392958276984762,0.0041481515710774,2528,
OLS,v,199001,199002,-0.0254574995434455,0.0473492675945632,,0.0325777320559964,0.00310208633054121,2506,
OLS,v,199002,199003,0.0520925929100772,-0.0142124225267399,,-0.0287464695166981,0.00167564713314883,2495,
OLS,v,199003,199004,-0.00835821594751303,-0.0253024980423536,,-0.0170616818419156,0.00121775920811851,2477,
OLS,v,199004,199005,0.0624845098776461,-0.0435590896667302,,0.0249837767301839,0.00677311481776999,2461,
OLS,v,199005,199006,0.000832196648174693,-0.0155249252573927,,0.014652198648092,0.00240465067359641,2441,
OLS,v,199006,199007,-0.0744954502482974,0.0441304299395077,,0.0320415480477327,0.00325019615001654,2782,
OLS,v,199007,199008,-0.157390365287905,0.0615602588603371,,-0.00491414715229303,0.0107045275011296,2762,
OLS,v,199008,199009,-0.103992029442998,0.0405088389429565,,-0.00310585799031691,0.00499699693338096,2741,
OLS,v,199009,199010,-0.034310003507088,-0.0255370248156755,,-0.0291986932515432,0.00152823248168266,2730,
OLS,v,199010,199011,0.109964010704017,-0.0962975758141536,,-0.0384873782006899,0.010665949188149,2716,
OLS,v,199011,199012,0.10071276390776,-0.100365696231832,,-0.0906873579147856,0.0162328552776322,2710,
OLS,v,199012,199101,0.0590977916573829,0.0427549078944879,,0.0296046928760211,0.00120943483428382,2691,
OLS,v,199101,199102,0.11890778339282,-0.0220188322547292,,0.0335888665539387,0.00349114640172454,2675,
OLS,v,199102,199103,0.0639870142178452,0.0159079629986761,,0.0186309386236498,0.000198164224013642,2662,
OLS,v,199103,199104,0.0312488877532682,-0.0169030392832197,,-0.0135099414514394,0.000331218483869744,2640,
OLS,v,199104,199105,0.03729032019288,-0.0187915104448325,,0.0121560360670399,0.00174685282360776,2629,
OLS,v,199105,199106,-0.0221028148255652,-0.00770053900817761,,-0.0305736593378591,0.00202726596807024,2614,
OLS,v,199106,199107,0.0499273081114403,-0.0371387492302926,,-0.00367537370251637,0.00290714548487636,2784,
OLS,v,199107,199108,0.0338678778414185,-0.00969660817652079,,-0.000502663311648369,8.47915530050036e-05,2763,
OLS,v,199108,199109,-0.0171679752460431,0.00490316653724634,,0.0288689956081011,0.00148365195522382,2751,
OLS,v,199109,199110,0.00563030995068122,0.00162081247082857,,0.0356265467711774,0.00178432293917796,2742,
OLS,v,199110,199111,-0.0363309255672997,0.00135867836604723,,0.00865594212531439,0.000170457466171503,2725,
OLS,v,199111,199112,0.172109028770386,-0.146127382715185,,-0.106738945467447,0.0229670999406472,2708,
OLS,v,199112,199201,-0.0260532332453869,0.174068612283586,,0.17439382185036,0.00403484899503137,2684,
OLS,v,199201,199202,0.021482855032132,0.0555371953474959,,0.00518396448075828,0.00358536909134466,2673,
OLS,v,199202,199203,-0.0497550414508343,0.0759875466672735,,-0.0081281812715379,0.00842648001484314,2659,
OLS,v,199203,199204,-0.0212384790956364,0.00318927490644339,,-0.0422260893690306,0.00767334730054792,2650,
OLS,v,199204,199205,-0.00319734798989985,0.0102011710429556,,-0.014048264767426,0.0019588484340336,2634,
OLS,v,199205,199206,-0.0492479802742505,0.0180279765689145,,-0.0196452970796374,0.00316508232304669,2602,
OLS,v,199206,199207,0.0184261898442448,-0.00073711353638701,,0.00456076316405149,8.41153878923251e-05,2742,
OLS,v,199207,199208,0.0101206714676935,-0.0287460004870008,,-0.0495952377595401,0.00631765965250375,2718,
OLS,v,199208,199209,-0.000789101220223149,0.01079028994918,,0.0189447110622443,0.000694071602920121,2694,
OLS,v,199209,199210,0.0700976480843077,-0.0388955780770899,,-0.0596751980883107,0.00650635917357234,2684,
OLS,v,199210,199211,0.121818881699381,-0.0488241988057295,,-0.0398765965080183,0.00311918514613319,2665,
OLS,v,199211,199212,0.0286908167601492,0.0297055277212353,,-0.023681719377061,0.00627087492279677,2655,
OLS,v,199212,199301,-0.0225405372646235,0.113377717571929,,0.0365329721253502,0.0158712712209445,2646,
OLS,v,199301,199302,-0.0938100367996688,0.117749227455701,,0.0336282561663204,0.0299869981317823,2635,
OLS,v,199302,199303,-0.0172399341604543,0.0510052054771524,,0.0262675213976068,0.00448056168338384,2623,
OLS,v,199303,199304,-0.0664757437682713,0.05629708065407,,0.0160577100051346,0.0076274701886786,2602,
OLS,v,199304,199305,0.040037430769589,0.0079772357205991,,0.0122614967437466,0.000231872444935388,2594,
OLS,v,199305,199306,-0.0526389516446397,0.0620173130904935,,0.050395332711587,0.00403408431797903,2586,
OLS,v,199306,199307,-0.0272503520118584,0.0480666297123826,,0.00993696752775402,0.0051763855671948,2779,
OLS,v,199307,199308,0.0467889771852245,-0.0298388707437691,,0.0224678934260621,0.00108179370204398,2765,
OLS,v,199308,199309,0.0298491669590211,0.00194636417432195,,-0.0187153740876095,0.001106777017986,2756,
OLS,v,199309,199310,0.0032503335989369,0.0451126099165594,,0.0321119200424309,0.00286330904631815,2749,
OLS,v,199310,199311,-0.00754109763761442,0.0127792247313908,,-0.0275330981979117,0.00447174529566097,2739,
OLS,v,199311,199312,0.0349217549675957,-0.0168657393849774,,-0.0193297013015797,0.000793752145564763,2722,
OLS,v,199312,199401,-0.0438061007724585,0.11518361700216,,0.0699804747010796,0.0185171127714764,2707,
OLS,v,199401,199402,-0.00894202898601392,0.0353043937840926,,-0.0162865045414153,0.00625851885911732,2690,
OLS,v,199402,199403,-0.0471671946366545,0.0291048717194834,,-0.0281993879059601,0.0103097733535908,2669,
OLS,v,199403,199404,-0.0203745843152849,0.0277334995321772,,-0.0119803120586266,0.0063880319680919,2657,
OLS,v,199404,199405,-0.00774019096190414,0.00981933517470296,,-0.000289921101011703,0.000383923707144573,2644,
OLS,v,199405,199406,-0.0368720629716238,0.0256987250322561,,-0.0233642705023163,0.00935434024228021,2629,
OLS,v,199406,199407,0.0140533460264997,0.00423006843606607,,-0.00844487804684056,0.000643730720006341,2872,
OLS,v,199407,199408,0.0682546203954949,-0.0253310901129067,,-0.0308393009391513,0.00203599125159493,2865,
OLS,v,199408,199409,0.00646864660492107,0.0206368378039486,,-0.0173010699810498,0.0038013256690892,2848,
OLS,v,199409,199410,0.0253083620498023,0.00188751830409844,,-0.0418630977897714,0.00638318834852425,2833,
OLS,v,199410,199411,-0.00541625203540581,-0.00915942378595511,,-0.0552549222040232,0.0113261488655314,2819,
OLS,v,199411,199412,-0.000521016136300609,-0.0056451720684072,,-0.0285205321924069,0.00276706007279659,2806,
OLS,v,199412,199501,0.0311138369135427,-0.0123004151973275,,0.0104376954893563,0.000766894780562688,2783,
OLS,v,199501,199502,0.0414588353497799,-0.00897561868074236,,-0.0111483573463178,0.000390168585239881,2772,
OLS,v,199502,199503,0.0349877359635667,-0.0193616883013451,,-0.0155830270750788,0.0010141358167971,2754,
OLS,v,199503,199504,0.0127676207752184,0.0254990303098911,,-0.00284236755401449,0.00240821328671115,2730,
OLS,v,199504,199505,0.0172879851109919,0.00487275026328171,,-0.00748330525184555,0.000332108469850989,2717,
OLS,v,199505,199506,0.0777971420617002,-0.0565361190601024,,0.00687302780191547,0.00708601432618927,2698,
OLS,v,199506,199507,0.0868175902059989,-0.043342866269029,,-0.0244872248039829,0.00341345375016811,3075,
OLS,v,199507,199508,-0.000112523363065675,0.0230381145233406,,0.0326369995844531,0.00210622424653284,3055,
OLS,v,199508,199509,0.0228335088483763,0.00453564533058745,,0.00188313422921223,3.53394027352572e-05,3036,
OLS,v,199509,199510,-0.020566081111853,-0.0223189746101866,,-0.0565471414903821,0.00989749355611313,3013,
OLS,v,199510,199511,0.0360300969670979,-0.0371023837624049,,-0.0120968124356484,0.00349581463083215,2997,
OLS,v,199511,199512,-0.0142740686053409,0.0110287747637715,,0.0269338002174709,0.00166446101904794,2979,
OLS,v,199512,199601,-0.0222310561334863,0.040108196219365,,0.0457643869140696,0.00442307226777672,2957,
OLS,v,199601,199602,0.0302144359491189,0.0058081492444049,,0.00633356320117607,9.68358457742458e-05,2940,
OLS,v,199602,199603,0.0139704710373997,0.0132568948847538,,0.014593636881017,0.000567489375172814,2921,
OLS,v,199603,199604,0.0508403251993415,0.0138533330411154,,0.0148402674498314,0.000484505763570953,2900,
OLS,v,199604,199605,0.0551896685339136,0.0290185250794121,,0.0109910244706686,0.000982074908299935,2885,
OLS,v,199605,199606,-0.0511317367576936,0.0315171487007858,,-0.0184455817835215,0.00752710276618407,2863,
OLS,v,199606,199607,-0.0835916634201231,0.0300182584673498,,-0.0554816096594499,0.0255803490420645,3266,
OLS,v,199607,199608,0.0512292292956111,-0.0189027835614228,,-0.00768288289367068,0.000894368176183491,3245,
OLS,v,199608,199609,0.0428046339596745,-0.0268770487537838,,-0.00573478971842729,0.00200393103997865,3217,
OLS,v,199609,199610,-0.0207830611169266,0.0318645263569714,,-0.0461689062323817,0.0168127202328277,3199,
OLS,v,199610,199611,0.0494589694226639,-0.0143671693344637,,-0.0369654278282105,0.00351288837925734,3183,
OLS,v,199611,199612,0.015069678045271,-0.00390310549766193,,-0.0397201591791072,0.00489804430054841,3170,
OLS,v,199612,199701,0.0434412006576028,-0.00338982389001256,,0.0375327944982237,0.00340692742355508,3130,
OLS,v,199701,199702,-0.0330081060808524,0.0433983948363567,,-0.0262114792164093,0.0128848285257954,3105,
OLS,v,199702,199703,-0.071689681602793,0.0710224877070515,,-0.030878906182399,0.0349841152258062,3090,
OLS,v,199703,199704,-0.00407111120656436,-0.00485332322104706,,-0.0382786381195608,0.00537570274827426,3067,
OLS,v,199704,199705,0.128448923180794,-0.0633050606528281,,-0.00215999467347061,0.010523460882356,3047,
OLS,v,199705,199706,0.0226716616226506,0.0315266874310273,,-0.00592219023575346,0.0043177132716079,3030,
OLS,v,199706,199707,0.0650489354637002,-0.0189771246659067,,-0.0136383686044657,0.000706535551733278,3301,
OLS,v,199707,199708,0.039498448517859,-0.00740167599897799,,-0.00496733818920071,0.000114522374594306,3274,
OLS,v,199708,199709,0.0512710227365818,0.0314413460269719,,0.0181355781850339,0.00171408971471487,3246,
OLS,v,199709,199710,-0.045337319321699,0.0394186235207606,,-0.00758858318941718,0.00312807116746594,3219,
OLS,v,199710,199711,0.0152706147454941,-0.0110165104889216,,-0.0651372389869876,0.014548376350213,3192,
OLS,v,199711,199712,-0.0161873916325706,-0.0161202197303658,,-0.0366254187280609,0.00295168636629173,3172,
OLS,v,199712,199801,-0.00385070040288065,0.0176850600461514,,0.0108838784754554,0.000567693584349605,3120,
OLS,v,199801,199802,0.0685849573122938,-0.00899098122434643,,0.00255248268545819,0.000280048436822611,3092,
OLS,v,199802,199803,0.0185770075133787,0.0321188170597629,,0.0106782891844215,0.00221567541302836,3070,
OLS,v,199803,199804,0.012999619155655,0.0189903137973943,,-0.00666197904407838,0.00114297197187474,3031,
OLS,v,199804,199805,-0.0518305450734728,0.0409202170198208,,-0.0310994190520723,0.0150847368958518,3010,
OLS,v,199805,199806,0.0101815547040488,-0.0304512851348637,,-0.0507394983282157,0.00564390799340819,2990,
OLS,v,199806,199807,-0.0674925635522497,0.0128965762948276,,-0.014187755790088,0.00142066219485604,3216,
OLS,v,199807,199808,-0.165535873036034,0.0151894050095615,,-0.0838155089580806,0.0306086616108821,3183,
OLS,v,199808,199809,0.0803809103869016,-0.0896240803473705,,0.0110614968386432,0.0155777426576602,3153,
OLS,v,199809,199810,0.116584548681597,-0.101591521602093,,-0.0442439511590564,0.0129747294591618,3114,
OLS,v,199810,199811,0.132966569698372,-0.0432867462992381,,-0.0705856528042718,0.00289726616026542,3066,
OLS,v,199811,199812,0.106452781024898,-0.0843986624152032,,-0.0842053443605593,0.00892239286953222,3036,
OLS,v,199812,199901,0.0142241045243271,0.0538526100894733,,0.0233678191874604,0.00189058415411547,2991,
OLS,v,199901,199902,-0.049083563449606,0.00228156256911239,,-0.01677448332356,0.00103613501667776,2952,
OLS,v,199902,199903,-0.0215280503269539,-0.0301484723243058,,0.0396979992763331,0.00732038916406219,2930,
OLS,v,199903,199904,0.0390157665799567,0.0398744234821893,,0.0595502739860992,0.00483625090195117,2890,
OLS,v,199904,199905,0.0545004301119298,0.00711755891831321,,-0.0310633381241368,0.0026550126331828,2861,
OLS,v,199905,199906,0.070083669061415,-0.0219274853292315,,-0.032529269680077,0.00216991630853547,2837,
OLS,v,199906,199907,-0.0118720674988604,0.0410932379071048,,-0.00153605123262024,0.00333015233026823,3189,
OLS,v,199907,199908,-0.0159974458581853,-0.00866369943326633,,-0.0238601324153216,0.00121064184499531,3160,
OLS,v,199908,199909,0.0286486710796967,-0.0677568702437806,,-0.0267397913313603,0.00795972488555741,3122,
OLS,v,199909,199910,0.0599167598698122,-0.0915560810397196,,-0.0569214296108392,0.0136746241884542,3083,
OLS,v,199910,199911,0.11884951860379,-0.0420130930444762,,-0.0138325704982482,0.00116631294935443,3058,
OLS,v,199911,199912,0.122622806285487,-0.0924086140351346,,0.0314379821875558,0.00953855965207351,3010,
OLS,v,199912,200001,-0.0590269785415343,0.151435495455216,,0.0571872860238771,0.016997428728771,2979,
OLS,v,200001,200002,0.10972456511454,0.0181417799078105,,0.0283183860409854,0.000299934033968996,2950,
OLS,v,200002,200003,0.0272534339425948,-0.0133483599915737,,-0.00622633934813735,0.000163660283550748,2924,
OLS,v,200003,200004,-0.065171913854228,0.00980195364991222,,-0.0342002375813871,0.00280514412636901,2884,
OLS,v,200004,200005,-0.0704062956355569,0.0148716068756127,,0.00252510784545707,0.000411729930738569,2860,
OLS,v,200005,200006,0.0692551567346224,-0.0267779800675798,,0.0199766873450682,0.00218767050666513,2837,
OLS,v,200006,200007,-0.0724555931031166,0.103249887724532,,-0.0189995901001062,0.0268975701278493,3118,
OLS,v,200007,200008,0.0775737791733938,-0.0631579531185803,,0.0390755686576792,0.0123757129745715,3091,
OLS,v,200008,200009,-0.0405574052957224,0.0327634444142884,,-0.0516044685417807,0.0126849442098078,3052,
OLS,v,200009,200010,0.0204364925238814,-0.0625887903073629,,-0.0921013052834913,0.0122345874664577,3017,
OLS,v,200010,200011,-0.0968479231629456,0.0644866205310225,,-0.109898601171911,0.0451373470248225,2972,
OLS,v,200011,200012,-0.0241021835236282,0.0246182063708922,,-0.0027063268048111,0.000864547249155301,2933,
OLS,v,200012,200101,0.198950195003815,-0.0461500922274345,,0.110683861788426,0.00914217487306757,2888,
OLS,v,200101,200102,-0.0912826001893886,0.126644205649394,,-0.0800856868241545,0.0652425335739442,2852,
OLS,v,200102,200103,-0.104466034373813,0.0884034364493417,,-0.0183154733438324,0.0199040012349158,2830,
OLS,v,200103,200104,0.107663264870565,-0.0907228861428729,,0.0165184581306094,0.0158628890979043,2798,
OLS,v,200104,200105,0.0263298273298538,0.0738379154970997,,0.00120228496955579,0.00798086815837551,2759,
OLS,v,200105,200106,0.0684464906070296,-0.0498077403933588,,-0.065467586065838,0.00670681401250572,2730,
OLS,v,200106,200107,0.0214400524722347,0.00493373627498068,,-0.0956258303613345,0.0260338591111505,2892,
OLS,v,200107,200108,0.0129142868122597,-0.0101353878796609,,-0.0877215141383048,0.0200575545381458,2865,
OLS,v,200108,200109,-0.0705261285170208,-0.0423041433146368,,-0.0998203043528373,0.0144248685650938,2831,
OLS,v,200109,200110,0.115889786509652,-0.0879928890969774,,0.0163466789503535,0.0108025050652852,2806,
OLS,v,200110,200111,0.115532708353409,-0.0480444378055777,,-0.0268027990721702,0.00223573652121101,2790,
OLS,v,200111,200112,0.0862189232379862,-0.0158922542930107,,-0.0331505919635267,0.00158579383002289,2762,
OLS,v,200112,200201,0.027946267030702,0.0749231621451271,,-0.0739648442381969,0.0303031737642971,2735,
OLS,v,200201,200202,0.0171798557974323,-0.0128770777966681,,-0.07631732382398,0.0143770075689916,2716,
OLS,v,200202,200203,0.0725947512784771,0.0336195126478569,,-0.00158406298220549,0.00226634439302131,2692,
OLS,v,200203,200204,0.0135696232173794,0.0749416255038218,,-0.0941538852430257,0.0448963888492222,2667,
OLS,v,200204,200205,-0.0108647011247432,0.0341595543240604,,-0.040957405688529,0.0107294890913767,2644,
OLS,v,200205,200206,-0.0235934870025527,0.00946931505713618,,-0.107591164472703,0.0401556432816141,2619,
OLS,v,200206,200207,-0.113726156007486,-0.00255220989903462,,-0.0317859768987377,0.00290244450518917,2815,
OLS,v,200207,200208,0.00823061371311556,-0.0131863356982645,,-0.0137186049567571,0.000383125978396959,2792,
OLS,v,200208,200209,-0.0439312161001207,-0.0252840776029041,,-0.0686147377866191,0.00866142378551571,2772,
OLS,v,200209,200210,0.10805209711836,-0.105715707344246,,-0.00796318077319628,0.0109204844830427,2757,
OLS,v,200210,200211,-0.0235024850528134,0.0968840363048175,,0.20862463600202,0.0294945440302601,2723,
OLS,v,200211,200212,-0.01139646904462,0.000636942424033463,,-0.093951351007645,0.0305416869553881,2705,
OLS,v,200212,200301,-0.0128637914479316,0.0151357172886895,,-0.0111224124446986,0.0014118854739007,2678,
OLS,v,200301,200302,-0.0312755582294377,0.0148024958947113,,-0.00882638716967645,0.0015300001578753,2657,
OLS,v,200302,200303,0.0107177969838715,-0.0173149995735518,,0.00969510995253252,0.00159772147577952,2632,
OLS,v,200303,200304,0.0742786317658067,-0.00757050573381859,,0.0627876890571143,0.00805433917024778,2603,
OLS,v,200304,200305,0.0797608400109519,0.000945941045758476,,0.105073204558766,0.0154339508364579,2581,
OLS,v,200305,200306,0.0148757098841074,0.051856225016081,,0.0161066447264244,0.00460803281130351,2564,
OLS,v,200306,200307,0.053676236621945,0.0543625855885991,,-0.0026855702044068,0.00595957175747031,2796,
OLS,v,200307,200308,0.0622856665147692,0.00425699658160541,,-0.0151262115189541,0.00114113389560011,2779,
OLS,v,200308,200309,-0.0550227898271143,0.10273801661895,,0.0351561636687197,0.0191180555877789,2754,
OLS,v,200309,200310,0.0540666266292229,0.0732001570240369,,0.00640036514829466,0.00839979626821774,2735,
OLS,v,200310,200311,0.0472725804231008,0.0217619439301626,,-0.0342490308254788,0.0081904026911237,2720,
OLS,v,200311,200312,-0.0282190321726643,0.0744429915721212,,0.0514044709337616,0.0139048219568496,2701,
OLS,v,200312,200401,-0.0298848536834246,0.126208522120395,,0.0711402002285256,0.0305241251770517,2673,
OLS,v,200401,200402,0.0214408840964955,0.00515018161252466,,-0.0284636076304271,0.00219458031259212,2659,
OLS,v,200402,200403,0.0148201549177254,0.00849267735772505,,-0.0285558756651253,0.00357276650161043,2643,
OLS,v,200403,200404,-0.00611628639815224,-0.0179877041680646,,-0.0216869084053133,0.00169834127297852,2631,
OLS,v,200404,200405,0.02938816132648,-0.0196269512342104,,-0.0285753401293682,0.00335147055425067,2614,
OLS,v,200405,200406,0.035894111986737,0.00984045709205667,,-0.0207267325990107,0.00409916238493102,2593,
OLS,v,200406,200407,-0.0849810426904562,0.0634037706426154,,-0.0445195557095212,0.0404758223405645,2672,
OLS,v,200407,200408,-0.0185401688841177,0.00603798305566066,,-0.0173471346768822,0.00257497475879731,2657,
OLS,v,200408,200409,0.0422842411169218,0.000916704638505758,,0.00268283891361411,2.68758609084374e-05,2644,
OLS,v,200409,200410,0.0287209974773766,-0.0175033078847021,,-0.00300820816792857,0.00107156054464674,2633,
OLS,v,200410,200411,0.076072813967612,0.0259104126785883,,0.00644030194177312,0.000852958095481915,2620,
OLS,v,200411,200412,0.0581775296425457,-0.00142501422713548,,0.0144229256427589,0.000587976318391137,2603,
OLS,v,200412,200501,-0.0122555713543831,0.00460840036696884,,-0.0536178994844063,0.0150656195918929,2580,
OLS,v,200501,200502,-0.00236667679734198,0.0252218196077709,,0.00690269007378951,0.00235904777930118,2567,
OLS,v,200502,200503,-0.00122918852779036,0.0137480740708163,,-0.0653227179981755,0.0194298674320506,2552,
OLS,v,200503,200504,-0.0269744713969653,-0.0268552679693994,,-0.0457918688625667,0.00909246025709953,2538,
OLS,v,200504,200505,0.0786710247741119,-0.0404043119174189,,-0.00844471567662122,0.00460418186549938,2521,
OLS,v,200505,200506,0.00641292584584369,0.0443057705567904,,-0.00239687835723051,0.00986875186341896,2504,
OLS,v,200506,200507,0.0305602139010546,0.0380723852365879,,0.0365594856817839,0.0052386969374072,2559,
OLS,v,200507,200508,-0.0239095538978315,0.021666775327429,,-0.00684938005780371,0.0031651529824418,2542,
OLS,v,200508,200509,-0.0173101589386616,0.0156697631832455,,0.0262099527255274,0.00305642866375333,2520,
OLS,v,200509,200510,-0.00253736416597931,-0.0276708437154982,,-0.0341943530592244,0.00510992737978511,2505,
OLS,v,200510,200511,0.06024551661746,-0.0179704221642706,,-0.0240463246903969,0.00206009641722626,2487,
OLS,v,200511,200512,0.00217135455431672,0.00772735993479299,,0.000481734476717993,0.000277300272134573,2471,
OLS,v,200512,200601,0.0280061670132425,0.0418833184712242,,0.0611129052066703,0.0112265480614508,2449,
OLS,v,200601,200602,0.0123810824977905,-0.0117303734416087,,-0.0141873364239043,0.00111945482231646,2428,
OLS,v,200602,200603,0.0143463035011953,0.0380190383186957,,0.0173535446837045,0.00533573702570078,2416,
OLS,v,200603,200604,-0.0226965487838822,0.0479202924303609,,0.00730257914983298,0.00817152351135297,2398,
OLS,v,200604,200605,-0.0544267262561559,0.0212803210657485,,-0.0277745240150927,0.0112109626466148,2387,
OLS,v,200605,200606,-0.0143375985755961,0.00805026920349977,,-0.00996206557469073,0.0014228533916032,2368,
OLS,v,200606,200607,-0.0246264099794137,0.00363449483855981,,-0.0405572977340224,0.0113022085851349,2471,
OLS,v,200607,200608,0.014752822446728,-0.0123747660915335,,0.028461648258008,0.00573697952636953,2459,
OLS,v,200608,200609,0.0523790318178842,-0.0203931176396261,,-0.0660950644341561,0.0249499497052463,2447,
OLS,v,200609,200610,0.0390919039293134,0.00141089456286876,,0.0151926690829846,0.00118339976384307,2434,
OLS,v,200610,200611,0.00631666078683579,0.0129425661636406,,0.0230508856714576,0.00210216859962276,2419,
OLS,v,200611,200612,-0.00993482095644172,0.0449401119276367,,-0.00845853582469729,0.0116494062851999,2401,
OLS,v,200612,200701,0.0204906963077683,0.00732568035288535,,0.0025358418701302,0.000241673333377213,2376,
OLS,v,200701,200702,-0.0145497278262142,0.0234269231387197,,0.0102161203626999,0.00298948194516713,2348,
OLS,v,200702,200703,0.0211540640203178,-0.0219016616463837,,-0.0121018236913367,0.00227265850272085,2337,
OLS,v,200703,200704,0.0244639218108102,-0.0135391932567565,,0.0148577532603273,0.00339800418023051,2318,
OLS,v,200704,200705,0.0283144769473808,0.00209157062643767,,-0.00509235501637932,0.000205032843503039,2299,
OLS,v,200705,200706,-0.0116643807459792,0.00860342440704381,,0.000218920967187234,0.000507205134752664,2278,
OLS,v,200706,200707,-0.0382432104668285,-0.00591454032339064,,-0.00912003442153865,0.000421632198842614,2408,
OLS,v,200707,200708,0.00534808405180342,-0.0539595163163562,,0.00834242059503304,0.0110916705898219,2392,
OLS,v,200708,200709,0.0186225744927892,-0.0360442835735531,,0.0218641233209773,0.0122461195139587,2365,
OLS,v,200709,200710,0.0286311417270182,-0.0329886586255872,,0.017467104379297,0.00391691081465084,2346,
OLS,v,200710,200711,-0.0393977445596466,-0.0467831403067642,,-0.0450327224847145,0.00816914853679818,2323,
OLS,v,200711,200712,0.00905936161187753,-0.0190881357790121,,-0.0234330063923741,0.00245837344211575,2299,
OLS,v,200712,200801,-0.075407369518442,0.0274733325318339,,-0.00183805181763174,0.00237395316478906,2273,
OLS,v,200801,200802,-0.0174779594352251,-0.00572488137974042,,0.00517596840895174,0.000303957353409268,2261,
OLS,v,200802,200803,-0.00400732211212357,-0.00246869909100985,,-0.0199048148544468,0.00144998595449153,2254,
OLS,v,200803,200804,0.0407523301804109,-0.0194705438926418,,-0.00228175641074175,0.000977300943531767,2235,
OLS,v,200804,200805,0.0243231901280057,0.00827511742297357,,0.0271961803718964,0.00198640810817652,2217,
OLS,v,200805,200806,-0.0987157466185424,0.0234538724129589,,0.0033126715007402,0.00164585039238674,2200,
OLS,v,200806,200807,0.0519516826846059,-0.0536390391276714,,-0.0440191895208249,0.00739347525632406,2362,
OLS,v,200807,200808,0.0586179673350316,-0.0070692967704375,,-0.0530977266065172,0.00765941408521254,2346,
OLS,v,200808,200809,-0.0583917838986297,-0.0422032769962439,,-0.0892301438420376,0.0248352307883919,2326,
OLS,v,200809,200810,-0.154813770311883,-0.0747109922227318,,-0.0794829556758251,0.0148670106216067,2315,
OLS,v,200810,200811,-0.0833592755202906,-0.102097125968152,,-0.0130900035233182,0.0128124180226157,2293,
OLS,v,200811,200812,0.0919710914006111,-0.0495279837314736,,-0.0528113968173006,0.00353991476786875,2282,
OLS,v,200812,200901,-0.0757075586762556,-0.000649110722147191,,0.077039748069261,0.00691833351170113,2260,
OLS,v,200901,200902,-0.00657541875394551,-0.11133078037758,,-0.0888270305134978,0.0249660638328832,2251,
OLS,v,200902,200903,0.090781219410482,0.0420679152265627,,0.0146913695499342,0.00110171430225181,2233,
OLS,v,200903,200904,0.149732570200201,0.149788538207081,,0.0270393993646366,0.0107905295682713,2221,
OLS,v,200904,200905,-0.0201648811090626,0.114655781900728,,0.0854322068843668,0.0168347503562462,2204,
OLS,v,200905,200906,0.0385060151895079,-0.000525266072345322,,0.00515988681802027,5.1998605325343e-05,2189,
OLS,v,200906,200907,0.0229342653782446,0.0969574295179778,,0.0557517344323975,0.0190321587493895,2323,
OLS,v,200907,200908,-0.0916936822342808,0.21931994454648,,0.094311334385349,0.0545529535680795,2310,
OLS,v,200908,200909,0.0156865614400509,0.0707828433703303,,0.0596197802289478,0.015023818766058,2301,
OLS,v,200909,200910,0.00471463339701693,-0.0359487229685041,,-0.085086891253285,0.0306535531292657,2292,
OLS,v,200910,200911,0.0362585789094565,0.0141281843751646,,-0.0314271863581139,0.00235521900971025,2278,
OLS,v,200911,200912,0.0549038277555412,0.0196096683499442,,0.0223262848344097,0.00190130121099896,2257,
OLS,v,200912,201001,-0.0571191781269265,0.0491400407624155,,0.0208417489241311,0.00948898942968979,2244,
OLS,v,201001,201002,0.0531243290285945,0.0180814590235715,,-0.0315569465201689,0.00907346566958756,2231,
OLS,v,201002,201003,0.0440702982242692,0.0683382059657047,,0.00982729368821793,0.00813423129768842,2214,
OLS,v,201003,201004,-0.00610555317932527,0.109925907659557,,0.042371205446977,0.030095857269495,2203,
OLS,v,201004,201005,-0.0254129973561174,-0.0523349020374873,,-0.0515051338775565,0.0258382641648189,2189,
OLS,v,201005,201006,-0.0187617927146575,-0.0735561868026126,,-0.0332576482008723,0.0296735690031486,2181,
OLS,v,201006,201007,0.041266477067925,0.00677224915210763,,0.0437621911633501,0.00831616135220614,2317,
OLS,v,201007,201008,-0.0432651825240051,-0.0273072559098525,,-0.0179656263717852,0.00328048837172201,2295,
OLS,v,201008,201009,0.128919749549185,-0.0124606555765392,,0.000555183169013185,0.00061166819352998,2281,
OLS,v,201009,201010,0.0346758560295882,0.00968534445223247,,0.0163704345170439,0.00118824058311462,2268,
OLS,v,201010,201011,0.0310362077453128,0.0101040756845811,,-0.00953854135225491,0.00113433555621856,2253,
OLS,v,201011,201012,0.0424963140342592,0.0308096092379987,,0.0443332480272698,0.00849558687297069,2232,
OLS,v,201012,201101,-0.027314367155899,0.0506305629877387,,0.0390210329685434,0.0107020010764726,2205,
OLS,v,201101,201102,0.0267306618882561,0.0282238118405737,,0.0149508669876512,0.00207736551231397,2195,
OLS,v,201102,201103,0.0368900350752714,-0.0279604484290137,,-0.00178883257631244,0.00322263063155182,2181,
OLS,v,201103,201104,0.0649781804674898,-0.052791653997885,,-0.0331926710712644,0.0155119687704437,2168,
OLS,v,201104,201105,0.0129628235184547,-0.034736428547943,,-0.0234979408303335,0.00591698972526134,2156,
OLS,v,201105,201106,-0.00296731402709978,0.00563952383042815,,-0.0402589545712621,0.0121423096351992,2137,
OLS,v,201106,201107,-0.0218737239372457,0.0235032971079635,,-0.0317096841497122,0.0109333848359101,2183,
OLS,v,201107,201108,-0.0340400618631778,-0.0583783891010003,,-0.0582449384156236,0.0250077252527491,2175,
OLS,v,201108,201109,-0.0367268195276747,-0.0455285250492811,,-0.0974572385871358,0.046152220156562,2164,
OLS,v,201109,201110,0.117219826592356,-0.0279033741546841,,0.0602980403589418,0.0178180504370945,2156,
OLS,v,201110,201111,-0.00474244808462703,-0.0029429303028557,,-0.0103356675090561,0.000320583764030435,2142,
OLS,v,201111,201112,-0.00172913647838959,0.0213609101727811,,-0.0160744289490182,0.0047823345518665,2129,
OLS,v,201112,201201,0.0688908661824181,-0.00265713304013927,,0.0494922325505537,0.00717770479712832,2115,
OLS,v,201201,201202,0.0245454568131277,0.0166394614582558,,0.00822729329546474,0.00117999316902839,2103,
OLS,v,201202,201203,0.0468691409300149,-0.00198415181080377,,-0.0374974413644513,0.00735409828130562,2095,
OLS,v,201203,201204,-0.00750618725265484,0.00128268146241485,,-0.0137980735300373,0.000914960863383052,2084,
OLS,v,201204,201205,-0.0387891599614067,-0.0144823084852715,,-0.0581379965022847,0.0136627524739079,2073,
OLS,v,201205,201206,0.0235133078438613,0.0139466532378466,,0.0182944221886387,0.0016854538763621,2065,
OLS,v,201206,201207,-0.00886487321843937,-0.0112021222554838,,0.00561325879877295,0.000918859028609331,2122,
OLS,v,201207,201208,0.0261348598606022,-0.0129086733066987,,0.0215117951439273,0.00396621820367793,2107,
OLS,v,201208,201209,0.0187968052855425,0.0117883468108364,,0.0193332434360154,0.00236135408324556,2097,
OLS,v,201209,201210,-0.0272719627964697,0.0177694465350445,,-0.0106666097686356,0.00296174840601138,2083,
OLS,v,201210,201211,0.0193447637174502,-0.00316044421890624,,-0.0180472713817923,0.00143028244350929,2068,
OLS,v,201211,201212,0.0031757882554465,0.039292664788865,,0.0123333048148565,0.00746987100099383,2055,
OLS,v,201212,201301,0.0443702445251187,0.0351662042106447,,0.014957757640247,0.00620703624495056,2037,
OLS,v,201301,201302,0.0069380649683559,0.0132868144600671,,-0.0147539113604371,0.00312673456995849,2032,
OLS,v,201302,201303,0.0356658710602207,0.00222093048580415,,0.0101075472132935,0.000638457547567639,2024,
OLS,v,201303,201304,0.0233537306914788,-0.0420086968546318,,-0.00735007138048044,0.00770231360037033,2014,
OLS,v,201304,201305,0.0395164451659274,0.0319896834074975,,0.000890213269867389,0.00350117752886936,2006,
OLS,v,201305,201306,0.00661875216683871,0.00587673157965404,,-0.0307147758383959,0.00839067469059751,1997,
OLS,v,201306,201307,0.0655511065716322,-0.000972877069893064,,0.0160964508961482,0.001214265464485,2082,
OLS,v,201307,201308,-0.0206390233093803,0.0148859628810035,,-0.0110889657718061,0.00214260437376745,2071,
OLS,v,201308,201309,0.0365316528643341,0.0265606013509819,,0.0248292697740584,0.00313335014310401,2060,
OLS,v,201309,201310,0.0168218247253207,0.0458856594449113,,-0.0146914276660302,0.0130446598817627,2049,
OLS,v,201310,201311,0.0713902844364003,-0.0348157199952232,,-0.019905023780965,0.00441577932122916,2034,
OLS,v,201311,201312,0.00423719813682617,0.0200346760964583,,0.0263219851889839,0.00543961776964352,2019,
OLS,v,201312,201401,-0.0502727947265649,0.0259042034542323,,0.0528167351124689,0.0082810077967368,2004,
OLS,v,201401,201402,0.0343332184461819,0.0125115562885369,,0.0195112112266667,0.00201155452708501,1993,
OLS,v,201402,201403,-0.0271135890532509,0.0541543319323731,,0.00243613167065143,0.0153656090020694,1979,
OLS,v,201403,201404,-0.0288863417655301,-0.00348781550330785,,-0.00585593085379929,0.000234751954748313,1973,
OLS,v,201404,201405,-0.000384740912659692,-0.00467096665614044,,0.00400751462332239,0.000314439187685145,1967,
OLS,v,201405,201406,0.0145935319324099,-0.000996767029435824,,0.0574687514094286,0.0162911768550698,1957,
OLS,v,201406,201407,-0.0263195245703318,-0.0036194700136259,,-0.0358145920766381,0.0104744703062596,2018,
OLS,v,201407,201408,0.0544619651378762,-0.0109035418557848,,-0.00936851614789685,0.00050996000179826,2010,
OLS,v,201408,201409,0.0164298876638357,-0.0544121360741563,,-0.0752448005213567,0.0279542809076242,2002,
OLS,v,201409,201410,0.119887674333356,-0.106502133628564,,-0.072897143295204,0.0425800768368982,1994,
OLS,v,201410,201411,0.069457348120553,-0.0670141247208038,,-0.063916091676772,0.028019068491227,1981,
OLS,v,201411,201412,0.0566692198332763,-0.0189000282900448,,-0.0658440308787046,0.00960529129369947,1975,
OLS,v,201412,201501,-0.00164595923332047,-0.0338132319370746,,-0.022210015353894,0.00539495163361536,1958,
OLS,v,201501,201502,0.0328062851131506,0.00553518943024682,,0.0719307136055559,0.0203514844400726,1946,
OLS,v,201502,201503,0.0440332361502692,-0.0411970020149797,,-0.0522053914497484,0.0177388962899012,1933,
OLS,v,201503,201504,-0.0516141803601283,0.0641104796593906,,0.0337486269696006,0.0175053481467875,1923,
OLS,v,201504,201505,0.0349498109759498,-0.0389987713515807,,-0.0242191345002379,0.00723696299621235,1918,
OLS,v,201505,201506,0.0420074357293663,-0.0492237407527113,,-0.0494166619080086,0.0239158419042226,1912,
OLS,v,201506,201507,0.0884053996281915,-0.161296128873377,,-0.0796287316783022,0.107623302767259,1971,
OLS,v,201507,201508,-0.0881141503029097,0.0774756500826096,,0.0106988365945434,0.014248759078491,1954,
OLS,v,201508,201509,0.0140996480951378,-0.0590240925849975,,-0.0923324305733965,0.0431447341385007,1945,
OLS,v,201509,201510,0.0590299301117316,-0.00841193807058983,,0.0164406255226534,0.0013332238125412,1934,
OLS,v,201510,201511,0.0240639033354817,-0.0215832574576446,,0.00761474830488114,0.00232788660669858,1918,
OLS,v,201511,201512,0.0414697199235282,-0.0871398865529113,,-0.0893680399175195,0.0524702496636869,1914,
OLS,v,201512,201601,-0.0144753564779428,-0.0365226761614206,,-0.101086037155262,0.0416460332983557,1896,
OLS,v,201601,201602,0.0355564946446487,-0.00824638008751866,,-0.0327859574176956,0.003386276085798,1874,
OLS,v,201602,201603,-0.00340327379548861,0.0988418982882014,,0.0709708780362617,0.030620441742895,1864,
OLS,v,201603,201604,-0.064338298977105,0.104860404012889,,0.0799655321105945,0.0469117974991065,1852,
OLS,v,201604,201605,0.0138013920093707,-0.0447746094529892,,0.0174119724700432,0.00404665162291185,1838,
OLS,v,201605,201606,-0.00762428484594871,0.0617270065008939,,-0.0347657223434246,0.0105500402054227,1824,
OLS,v,201606,201607,0.0434210494281686,0.0340661459523932,,0.002682777979184,0.0024562204042291,1901,
OLS,v,201607,201608,-0.00946212458162524,0.0407283389061815,,0.00401704141007895,0.00464432859516928,1891,
OLS,v,201608,201609,-0.00794033194367834,0.0180594241075545,,0.0290736497757721,0.0052250357389303,1881,
OLS,v,201609,201610,-0.000925162468316002,-0.0230938286772828,,-0.0817271059204419,0.0466524434464526,1865,
OLS,v,201610,201611,0.0275707913547734,0.10457669478631,,0.00838614494685996,0.028492609987531,1860,
OLS,v,201611,201612,0.0245187229872875,0.0254461673537199,,-0.0438276245729081,0.0142201589001724,1844,
OLS,v,201612,201701,-0.00801156015083404,-0.0138131501623452,,0.0620492174587224,0.0255327723283068,1836,
OLS,v,201701,201702,0.0472072465613955,-0.077083805018298,,0.0106303045380015,0.0293679865162527,1829,
OLS,v,201702,201703,0.0160883262961867,-0.0129755104179784,,-0.00445823295155244,0.000720448135438256,1813,
OLS,v,201703,201704,0.0479028818930438,-0.0403249571656915,,-0.0356608713965064,0.0151904453103459,1802,
OLS,v,201704,201705,0.0322078436785102,-0.0519244558453586,,-0.0372855259559778,0.0154383778834468,1789,
OLS,v,201705,201706,0.0289074936231642,-0.0091591520319893,,-0.000335598851325572,0.000404281790473804,1778,
OLS,v,201706,201707,0.00178115917783796,-0.00824911799441178,,0.000106142996576714,0.000430062086700378,1877,
OLS,v,201707,201708,0.0108812517771089,-0.0405415845426249,,-0.00830234368807696,0.00572836189337633,1872,
OLS,v,201708,201709,0.0121793589638038,0.0584395147304009,,0.04666220107074,0.0130234041643847,1858,
OLS,v,201709,201710,0.00928645528890397,-0.00639013483908524,,-0.002476589001577,0.000164075776857509,1845,
OLS,v,201710,201711,0.0367423750309515,0.0301981330639097,,-0.0333778052615391,0.00704402654364023,1836,
OLS,v,201711,201712,-0.00660066668184953,0.0309841960942694,,0.00649548163383227,0.00317866084182183,1823,
OLS,v,201712,201801,0.0252556525601509,-0.0115363755210277,,0.021716465381531,0.0030665028232213,1811,
OLS,v,201801,201802,-0.0165535665954397,-0.0266823857305188,,-0.02557428799544,0.00564565814958651,1806,
OLS,v,201802,201803,0.0193943466456705,-0.00207290215150152,,-0.0300071731956143,0.00517568635561394,1796,
OLS,v,201803,201804,-0.00384718218939403,0.0103639782350359,,0.00366150063656862,0.000489044051876553,1784,
OLS,v,201804,201805,0.0657580665806331,-0.013584583706293,,-0.018342706040743,0.0017089102921406,1779,
OLS,v,201805,201806,0.0403698651350302,-0.0138213533103912,,-0.0446943642723205,0.0104607701378626,1775,
OLS,v,201806,201807,0.0491055926849177,-0.0275189131858455,,-0.0449693498802532,0.0135712078036605,1840,
OLS,v,201807,201808,0.0990514814104681,-0.0784877110305443,,-0.0417168228350808,0.0241299523949451,1831,
OLS,v,201808,201809,-0.00858700352642093,-0.0234303264183127,,0.00245236161233304,0.00305030261503614,1827,
OLS,v,201809,201810,-0.0698193049963575,0.000693196197221825,,-0.0743038342800053,0.0314242453462814,1822,
OLS,v,201810,201811,0.0652174861663867,-0.082396099052526,,-0.0474628663840786,0.023179445289521,1813,
OLS,v,201811,201812,-0.0313918520216861,-0.0787534257352203,,-0.108889385601315,0.0686210562592017,1797,
OLS,v,201812,201901,0.0485354809114226,0.0547803519820989,,0.109728286320959,0.0399007447727502,1786,
OLS,v,201901,201902,0.0529524264002035,-0.0287469443153853,,0.0228623884307958,0.00520261427021473,1776,
OLS,v,201902,201903,-0.000644864746305598,-0.0506013442364867,,0.015073514011704,0.0135390405635334,1769,
OLS,v,201903,201904,0.0538838672646193,-0.0202969675625001,,-0.0366577363996832,0.00654767073311946,1757,
OLS,v,201904,201905,-0.0353256968182035,-0.0702199472582124,,-0.0421646057422294,0.0179693852058888,1750,
OLS,v,201905,201906,0.10548193030018,-0.0782297187281557,,-0.00139718143713239,0.0178493746157745,1744,
OLS,v,201906,201907,0.038381239115144,-0.0532421415210065,,-0.0288373139832738,0.0113657429362302,1837,
OLS,v,201907,201908,0.000704613619354914,-0.0720245539608171,,-0.0342298463767201,0.0147670201932193,1825,
OLS,v,201908,201909,0.0121141436177656,0.0979786404303905,,-0.0729179070310386,0.0601132757414082,1817,
OLS,v,201909,201910,0.0735631893795425,-0.0862434680877047,,-0.0536033608887867,0.0268000847753951,1808,
OLS,v,201910,201911,0.066980813791018,-0.0862550970368625,,0.0331664395296253,0.0170066450273183,1796,
OLS,v,201911,201912,-0.031875401905848,0.091774979094971,,0.0434377392413095,0.0239297210163645,1786,
OLS,v,201912,202001,-0.0103466317662384,-0.0725874418101855,,0.0554460828749797,0.0192124480074865,1772,
OLS,v,202001,202002,-0.0535660929805907,-0.0477584774667689,,0.00293072173810049,0.00215113829125313,1770,
OLS,v,202002,202003,-0.0883831494514131,-0.214472266699968,,-0.0546147261284508,0.0727866439025419,1766,
OLS,v,202003,202004,0.0638109172226245,0.163248238799625,,0.114928752363011,0.0247436996545007,1757,
OLS,v,202004,202005,0.0655455108971511,-0.0259171800640845,,0.0485181204388529,0.00578329478114981,1752,
OLS,v,202005,202006,-0.0187937957621125,0.094536027152968,,0.0714368017413098,0.0162320988272571,1738,
OLS,v,202006,202007,0.0172445374557238,0.0389690388784415,,0.0264909861815741,0.00316528356162438,1804,
OLS,v,202007,202008,0.0520416828180792,0.0174019680416693,,-0.0124336194495094,0.00108010652361812,1792,
OLS,v,202008,202009,-0.00321835015573182,-0.0338014420191745,,-0.0208805384664037,0.00431665802284176,1788,
OLS,v,202009,202010,0.0256388351683995,-0.00109674515801226,,-0.0261343010304252,0.00240356611169879,1779,
OLS,v,202010,202011,0.0604441779844167,0.180224512363015,,0.114222460644518,0.0291493305460379,1773,
OLS,v,202011,202012,0.033016306773197,0.0535147692303425,,0.0488716754490782,0.00784564390052944,1767,
OLS,v,202012,202101,-0.103476705526003,0.317255464424241,,0.0955458090286808,0.0233840358179237,1758,
OLS,v,202101,202102,0.013572462730997,0.117464925587098,,0.0413727749562242,0.0200128328948478,1752,
OLS,v,202102,202103,0.007950176921088,0.0766181123378255,,-0.046727496489217,0.00863903811948763,1744,
OLS,v,202103,202104,0.0629427864837391,-0.0386715581903276,,-0.0511967190005109,0.0145939049252457,1740,
OLS,v,202104,202105,-0.0339840427248132,0.104993032382506,,0.00282383961140627,0.0203506076072868,1729,
OLS,v,202105,202106,0.0035224587246738,0.0159444974433297,,0.0440296228431889,0.00395365677689208,1724,
OLS,v,202106,202107,0.0622857354217272,-0.0515364145038852,,-0.125654625434936,0.0857040324542477,1793,
OLS,v,202107,202108,0.00386412217182003,0.00748397017432834,,0.0185169301264436,0.00131652074918331,1788,
OLS,v,202108,202109,-0.1072588517552,0.0942107292852002,,0.0481188686892322,0.0455700462081666,1780,
OLS,v,202109,202110,0.0720360968370939,-0.0305320157409921,,-0.04552427828458,0.0131672968350287,1771,
OLS,v,202110,202111,0.0282456285611993,-0.0251792788545897,,-0.122479451795813,0.0526178110515211,1763,
OLS,v,202111,202112,0.0461164495586291,0.0260582007000905,,-0.0801148760229766,0.0258681642631307,1755,
OLS,v,202112,202201,-0.144081053391012,0.131090466628546,,-0.00498181868461781,0.0715715573232841,1743,
OLS,v,202201,202202,-0.0528592834042741,0.0697075633292126,,0.0415624660786263,0.0175925234453018,1742,
OLS,v,202202,202203,-0.056260060097287,0.0587859901876075,,0.0933705788193723,0.0295851624311456,1737,
OLS,v,202203,202204,-0.0729075336828586,0.0672127095878205,,-0.124099343707985,0.099348180373063,1726,
OLS,v,202204,202205,-0.0267163750215771,0.0684569625585419,,-0.0404330722464248,0.022580612089012,1721,
OLS,v,202205,202206,-0.0358553254265985,-0.0765667905965967,,-0.00236968514685712,0.0161819616851187,1713,
OLS,v,202206,202207,0.139978039749187,-0.0745110069056039,,-0.0213162705854681,0.0141110491819954,1812,
OLS,v,202207,202208,-0.0638692785668961,0.0298952735895687,,0.0614156640912247,0.0124386748055199,1804,
OLS,v,202208,202209,-0.0454105427304271,-0.0828440573652132,,-0.0586230185851103,0.0428756765241447,1797,
OLS,v,202209,202210,0.108191484239286,0.044610874561794,,-0.0843820742634581,0.0226753219244301,1791,
OLS,v,202210,202211,0.0962410909901473,-0.0436624231412844,,-0.0907639945183755,0.0202600600020266,1780,
OLS,v,202211,202212,-0.0391495182218364,-0.019647807070613,,-0.0204384496617724,0.00103332818471202,1775,
OLS,v,202212,202301,0.0317995638992141,0.0744140296135936,,0.127391625083068,0.0410153768961647,1768,
OLS,v,202301,202302,0.0348422527129907,-0.0494006559742998,,-0.0938970900877353,0.0405498960445267,1763,
OLS,v,202302,202303,0.0359875332693521,-0.0832896623440742,,-0.0698456968287707,0.02255220660707,1750,
OLS,v,202303,202304,-0.0105514229370374,-0.0200028127270587,,-0.0152953998660683,0.00204078548274933,1737,
OLS,v,202304,202305,-0.0175449419506387,-0.0290570752864607,,0.0439726451061039,0.00651099482844531,1735,
OLS,v,202305,202306,0.0935229235777929,0.0151057752164478,,-0.0653652589990533,0.0147276293465433,1725,
OLS,v,202306,202307,0.0179059440587691,0.0662436625195746,,-0.0250131209007838,0.015354794561412,1867,
OLS,v,202307,202308,0.0244700538382381,-0.0632234435759468,,-0.0976356378115847,0.0280315490543325,1858,
OLS,v,202308,202309,-0.0232382456894349,-0.0150823489427653,,-0.0742904806194391,0.0265933288565863,1845,
OLS,v,202309,202310,-0.00896199852212,-0.0487382629446795,,-0.100628660308094,0.0446669398313658,1835,
OLS,v,202310,202311,0.0921307460760909,-0.0409295160102697,,0.0216923695326481,0.0024219316869345,1826,
OLS,v,202311,202312,0.0512752633194406,0.0455541340397674,,0.0720261926939165,0.00872052091453979,1816,
OLS,v,202312,202401,0.00827052308805548,-0.0643201989546988,,-0.0227232367670732,0.0104531296438104,1804,
OLS,v,202401,202402,0.0469330414583807,-0.028346698023182,,0.0307254005631903,0.00401544534729648,1798,
OLS,v,202402,202403,0.0157925947737614,0.038209139242354,,-0.0110456949050635,0.00350240694664883,1791,
OLS,v,202403,202404,-0.0317233565877204,-0.032022014546629,,-0.0614352804241523,0.0159494416941065,1783,
OLS,v,202404,202405,0.00683583884501625,0.0867250912641403,,-0.00932841705437609,0.00122267965637557,1775,
OLS,v,202405,202406,0.00983265260344333,-0.0796773305377991,,-0.0117920163600649,0.0212577301542106,1759,
OLS,v,202406,202407,0.0452697703430102,0.0369207881876941,,0.00608477439793803,0.00234832017032549,1982,
OLS,v,202407,202408,0.0299219795282405,-0.0654375003629767,,-0.0488357538384971,0.00848676678146532,1967,
OLS,v,202408,202409,0.0412174905853079,-0.0405695179338665,,-0.0293977222379386,0.00568725570118078,1957,
OLS,v,202409,202410,-0.0404064770588229,-0.0100672384975573,,0.0503048057166044,0.00847002276604436,1947,
OLS,v,202410,202411,0.12441235144207,-0.0391632284415756,,-0.0273844404051487,0.00168166561038374,1935,
OLS,v,202411,202412,-0.0967755399747105,0.0659279086845212,,0.0412283283119686,0.00623599167132027,1925,
OLS,vi,197306,197307,0.0890759870761295,,0.00392014939519663,0.0676503453130084,0.0201039740941709,1447,
OLS,vi,197307,197308,-0.0431054825684089,,-0.0230947711697294,0.00109967526215483,0.00462906365063553,1446,
OLS,vi,197308,197309,0.080424117599247,,-0.050080927879633,0.0621585603366632,0.0258435691578959,1446,
OLS,vi,197309,197310,0.0435897796941066,,-0.0613505232759866,-0.0265088549032692,0.0281970849971153,1446,
OLS,vi,197310,197311,-0.172048626425385,,-0.0354038490631844,-0.0179422977396124,0.0114262157997175,1444,
OLS,vi,197311,197312,-0.0214575024486378,,-0.0781181987564,0.0420074399055392,0.0286411163607685,1446,
OLS,vi,197312,197401,0.222495018163461,,-0.0171047792656332,-0.155956624945433,0.0591897959037055,1444,
OLS,vi,197401,197402,0.0250393609352526,,-0.0116629427248094,-0.0370986459428635,0.0121243702940983,1444,
OLS,vi,197402,197403,0.00187831285658618,,0.032973154657913,-0.0420252888081206,0.0159924962213159,1443,
OLS,vi,197403,197404,-0.0322644009341007,,0.00581003986343319,-0.0457965532779978,0.0197343989642718,1442,
OLS,vi,197404,197405,-0.089202911479865,,0.0300866405680023,-0.00205874745905575,0.00769100606994932,1442,
OLS,vi,197405,197406,-0.00646220559458459,,-0.0286910275750717,-0.0170896156945941,0.0124326218421297,1440,
OLS,vi,197406,197407,0.00192924151943344,,-0.0457993881984471,-0.0691461733977388,0.0487011042307467,1562,
OLS,vi,197407,197408,-0.0560085599942827,,-0.0152001024947377,-0.0373881847287271,0.0128141538545,1560,
OLS,vi,197408,197409,-0.0777782146198107,,0.0116298031012124,-0.0570961525632602,0.0203617928994525,1557,
OLS,vi,197409,197410,0.0572989664901882,,-0.0434450277462481,0.141927353149749,0.0431825755458868,1558,
OLS,vi,197410,197411,-0.0789439536248761,,-0.00856777565404194,0.0541288532123014,0.0172181373707966,1551,
OLS,vi,197411,197412,-0.109641050288118,,0.00652141837072916,0.0535256083251187,0.0148777846156752,1553,
OLS,vi,197412,197501,0.401857265974234,,0.0331723380979906,-0.239109701343902,0.0751792425166419,1553,
OLS,vi,197501,197502,0.029315543199905,,-0.0172784394220089,0.050003087162153,0.0105611653910567,1551,
OLS,vi,197502,197503,0.10756575907425,,0.0330538593157209,-0.0603838982244491,0.0155377049120268,1548,
OLS,vi,197503,197504,0.0193432698447995,,-0.0141492556928098,0.049988493925954,0.0105188127699607,1548,
OLS,vi,197504,197505,0.0653413256595444,,-0.00671468907330905,0.00991323285764037,0.00050430363268672,1546,
OLS,vi,197505,197506,0.0919137441481005,,-0.00462472481894766,-0.0261868848667859,0.00295020521301925,1545,
OLS,vi,197506,197507,0.0192654887545707,,-0.0146751618386101,-0.0679295120170796,0.0271415770396228,1960,
OLS,vi,197507,197508,-0.0756079043813672,,0.000979341881888924,0.0381481510660578,0.0165505329535505,1960,
OLS,vi,197508,197509,-0.045705315172979,,0.0156446982316813,-0.0119270432088213,0.00314491731752575,1960,
OLS,vi,197509,197510,-0.0194769818223875,,0.043515730133873,0.0314935592696637,0.0188418859938784,1960,
OLS,vi,197510,197511,0.0156609016177978,,0.0561138697237317,-0.0346030090302273,0.0214688688111457,1960,
OLS,vi,197511,197512,-0.00277229117497018,,-0.0241791375796588,-0.000785510232317944,0.00384261247080375,1957,
OLS,vi,197512,197601,0.337280216702049,,-0.0192917784293282,-0.212274387840997,0.112229832719593,1907,
OLS,vi,197601,197602,0.23615478200136,,-0.0202004925028446,-0.220683324974447,0.125821570761221,1952,
OLS,vi,197602,197603,-0.00300145448373763,,0.0267259153726261,-0.00125368065106013,0.00361677908596891,1922,
OLS,vi,197603,197604,-0.014104058348884,,-0.0245310829793411,0.014672846037417,0.00591428585038611,1934,
OLS,vi,197604,197605,-0.0395818130844113,,-0.0267108949573137,0.0511759531744328,0.0278158156694472,1929,
OLS,vi,197605,197606,0.0431269810498227,,-0.0304454536968993,0.0119495447647064,0.0071761587371374,1920,
OLS,vi,197606,197607,-0.000681544867727008,,0.00868399082983328,-0.0258001098153023,0.00650609255048773,2377,
OLS,vi,197607,197608,-0.0274431314251293,,0.0173762113770672,-0.0146195260066876,0.00394363750994542,2185,
OLS,vi,197608,197609,0.00425761129614013,,-0.00176642993169083,0.0164574427610483,0.00222837562683398,2361,
OLS,vi,197609,197610,-0.0270326915740117,,-0.00940335437466956,0.00379635413127053,0.000842188961644674,2341,
OLS,vi,197610,197611,0.028305241593121,,-0.00972790392253123,-0.00112306747907857,0.000688451310688731,2352,
OLS,vi,197611,197612,0.11693837371804,,-0.00657518888003983,-0.0388076890534655,0.00786502170843484,2346,
OLS,vi,197612,197701,0.088766823915869,,-0.0124028833238925,-0.112210636829059,0.0556479990560183,2314,
OLS,vi,197701,197702,0.00185269239124939,,0.0123251394036994,-0.0303179698755034,0.00767771122057859,2322,
OLS,vi,197702,197703,0.0190285116700359,,-0.0171887513653338,-0.0161246206800976,0.00438137726572441,2314,
OLS,vi,197703,197704,0.0291394844463429,,-0.0203290308934248,-0.0174751190421009,0.00632291282627218,2306,
OLS,vi,197704,197705,0.00820942510749545,,0.0114273378469037,-0.0294163821581433,0.00589434483015217,2298,
OLS,vi,197705,197706,0.0539295944905401,,0.000924765092295244,0.00267541713008264,6.68314725918995e-05,2284,
OLS,vi,197706,197707,0.0058355506519632,,0.0157210659678832,-0.0289277077938214,0.00788605081318272,2439,
OLS,vi,197707,197708,-0.0397065095586712,,0.0377936006228425,0.00929234069612989,0.0144442050930358,2428,
OLS,vi,197708,197709,0.00278838790539599,,0.0108083787457069,-0.00350217144220798,0.00105675134945282,2414,
OLS,vi,197709,197710,-0.0285471156990204,,0.0218855806933415,-0.027988243242144,0.00900702213340288,2401,
OLS,vi,197710,197711,0.0785885830151492,,0.00467656761102298,-0.0126071794423073,0.000881655685192162,2398,
OLS,vi,197711,197712,0.0131356942197227,,-0.000217528038319908,0.00187957422331165,2.88272158226466e-05,2389,
OLS,vi,197712,197801,0.0120054067851392,,-0.0128295633764015,-0.0584134887513145,0.0300140580840471,2376,
OLS,vi,197801,197802,0.0274030868226737,,0.0226031549183657,-0.0376934347326398,0.0146854980162907,2360,
OLS,vi,197802,197803,0.082206084729984,,-0.00952023636912249,-0.0196838561627804,0.00296655776638055,2348,
OLS,vi,197803,197804,0.0760829932206806,,0.00977509722581254,0.00642060354896412,0.000823110834196728,2337,
OLS,vi,197804,197805,0.0633955304295242,,0.0180827171096286,-0.0112958500963725,0.00228168474341806,2326,
OLS,vi,197805,197806,0.00155465542409376,,0.00490337834536308,-0.0187794733143354,0.00243559891609968,2302,
OLS,vi,197806,197807,0.0356879862851495,,-0.0138438505921951,0.0407602225808645,0.0120628920149518,2382,
OLS,vi,197807,197808,0.0856749970844756,,0.0241940991199806,-0.0238027403845877,0.00366930415676259,2371,
OLS,vi,197808,197809,0.0266934636600441,,-0.0296565276572837,-0.0360277895250334,0.014374861950867,2356,
OLS,vi,197809,197810,-0.193113534637576,,-0.0139699018847491,-0.0137013333207278,0.00217246534934135,2349,
OLS,vi,197810,197811,0.0249651664201623,,0.0149926193013487,0.0345835610347537,0.00742571383303659,2340,
OLS,vi,197811,197812,-0.0236773601978748,,0.0133695006894463,0.0424494222356152,0.0132917437077872,2330,
OLS,vi,197812,197901,0.13801778541513,,-0.0292753175879432,-0.0568203759801212,0.0192201675025926,2323,
OLS,vi,197901,197902,-0.0205085146403517,,-0.0129977126516615,-0.0135325024699936,0.00360845748382976,2300,
OLS,vi,197902,197903,0.0828754487780291,,-0.0350102366529936,0.0275006876816511,0.0098795790618188,2290,
OLS,vi,197903,197904,0.0331074824963541,,-0.0184177832611701,-0.0110493246605489,0.00364523040153286,2289,
OLS,vi,197904,197905,-0.0111683944677617,,-0.00173149264574902,-0.0154696555841601,0.00179271580751739,2276,
OLS,vi,197905,197906,0.053036175780075,,-0.0624976503290726,0.034690827084418,0.0226733054216206,2266,
OLS,vi,197906,197907,0.0163803189280185,,0.00310384036561649,-0.00408774998424188,0.000192601402913439,2365,
OLS,vi,197907,197908,0.0562704679288924,,0.00562689302624081,0.030870821769204,0.00539007906740507,2353,
OLS,vi,197908,197909,-0.0111270145433732,,-0.0197598072166918,0.0199254747849762,0.00549276839814705,2339,
OLS,vi,197909,197910,-0.10843809394812,,0.0104717448098283,-0.00450985155028791,0.000806121862258036,2329,
OLS,vi,197910,197911,0.0312833126307315,,-0.0254535865147459,0.0794359613802439,0.0326251825198219,2328,
OLS,vi,197911,197912,0.0541454390588463,,-0.0343165267061984,0.0353644685476745,0.0106575995918137,2318,
OLS,vi,197912,198001,0.139106614593863,,-0.0808501750438371,-0.00579132402612483,0.0185580943547816,2298,
OLS,vi,198001,198002,-0.0167217252480633,,-0.022913925603292,0.00401231237134537,0.00291102317027547,2278,
OLS,vi,198002,198003,-0.190591146088212,,0.0463869961365645,-0.0170839827188509,0.0179482697925748,2263,
OLS,vi,198003,198004,0.0185333926719389,,0.000210404721111473,0.0252708261593392,0.00376103974111841,2259,
OLS,vi,198004,198005,0.0486276116987043,,0.0152204701694185,0.0172762833349589,0.00341109832342856,2249,
OLS,vi,198005,198006,0.0290630450976506,,-0.0167601971237158,0.0184439142936737,0.00431823594170844,2240,
OLS,vi,198006,198007,0.0635782884703645,,0.0300810850774227,0.0458158506544628,0.0134529295394554,2310,
OLS,vi,198007,198008,0.0405382262426841,,0.00672018395414522,0.043490082760186,0.00866228090622045,2307,
OLS,vi,198008,198009,0.0192052082516163,,-0.00244270103102797,0.0296059237942699,0.00434482283844428,2297,
OLS,vi,198009,198010,0.0161185521207397,,-0.00838912032182707,0.020144560675173,0.00264984263182455,2286,
OLS,vi,198010,198011,0.00688210944535866,,-0.0431145349487311,0.139511691788548,0.0772918918037354,2274,
OLS,vi,198011,198012,-0.0608491481375504,,0.0454674018886062,-0.0212888287419723,0.0126566807051957,2267,
OLS,vi,198012,198101,0.0463092548503657,,0.000475449294087632,-0.10113686246915,0.0613767001143537,2256,
OLS,vi,198101,198102,0.0278053535671692,,-0.0119255453022445,-0.0389583655429116,0.0121333429388979,2235,
OLS,vi,198102,198103,0.0717729913673248,,0.0102012317611962,-0.0097523328016557,0.00086191256445145,2221,
OLS,vi,198103,198104,0.0120902636328117,,0.0564575969379366,-0.0372537297720212,0.0165691228700435,2211,
OLS,vi,198104,198105,0.0214438189683635,,0.0139551560464875,-0.0181529143948887,0.00259180432143102,2197,
OLS,vi,198105,198106,0.0172538501132385,,0.0142205338671301,-0.084542105128098,0.046743630297528,2186,
OLS,vi,198106,198107,-0.0200140967166209,,-0.0239990949901509,-0.00441115814616034,0.00425093002284327,2303,
OLS,vi,198107,198108,-0.0524909325259658,,0.00354098771980046,-0.074855468987679,0.0421174379960307,2294,
OLS,vi,198108,198109,-0.0860027402977692,,0.0401724543416406,-0.0520421858312217,0.0310520497538518,2271,
OLS,vi,198109,198110,0.0216493055613433,,0.00263207396190817,0.0748174515996812,0.025383608333554,2263,
OLS,vi,198110,198111,0.00969899120275419,,0.00880713478461571,-0.0104268611742713,0.00108860734624805,2255,
OLS,vi,198111,198112,-0.0325743233696955,,0.0475860629128356,-0.0345483817692951,0.0221009424253419,2249,
OLS,vi,198112,198201,-0.0154100203778999,,0.0215739924644962,-0.043410581738481,0.0169826389094583,2231,
OLS,vi,198201,198202,-0.0206843759109187,,0.0248131382324021,-0.0800644627640022,0.0469035181002592,2224,
OLS,vi,198202,198203,-0.022782855149218,,0.053725600735978,-0.0410942907189476,0.0266807590118018,2204,
OLS,vi,198203,198204,0.0160363716640265,,0.0317808560004729,0.0223644158196356,0.00666385908319278,2188,
OLS,vi,198204,198205,-0.0300993578185384,,0.0298121094580319,-0.0385930550462914,0.020522978203976,2178,
OLS,vi,198205,198206,-0.0137391701543368,,0.0246956860645499,-0.0592430478369328,0.0249434660317461,2164,
OLS,vi,198206,198207,-0.0310174535802384,,0.0480021664303368,-0.0303714613173835,0.0168102665601391,2345,
OLS,vi,198207,198208,0.0390634173632033,,-0.00516129312984476,0.0547167639889482,0.0139853960151933,2342,
OLS,vi,198208,198209,0.012883721824932,,0.0615997979745046,-0.0410921763420323,0.0266634949110234,2328,
OLS,vi,198209,198210,0.0918548514054656,,0.021427899991885,0.0439749747487467,0.00639111590667529,2312,
OLS,vi,198210,198211,0.0848403327544584,,0.0646255853865654,-0.0513125179502561,0.0162620626098225,2299,
OLS,vi,198211,198212,0.0136977793882646,,0.0185348972227984,-0.0116468512219758,0.00192102166344632,2292,
OLS,vi,198212,198301,0.112910712591081,,-0.0773598868750454,0.0278879532904785,0.0171010228247156,2270,
OLS,vi,198301,198302,0.06377646770334,,0.0558769166972154,-0.0772622190333961,0.0406779882164772,2253,
OLS,vi,198302,198303,0.0575467201134734,,0.0208475877170239,-0.0358875646125252,0.00669489080218721,2241,
OLS,vi,198303,198304,0.0763607598586184,,0.00364470553671412,-0.0269905293454811,0.00308067278045254,2227,
OLS,vi,198304,198305,0.0823951752299551,,-0.0359984904934796,0.0333543071889671,0.00796570169725863,2219,
OLS,vi,198305,198306,0.0415028313153626,,0.0155282121092914,-0.00553436828822625,0.00110657563629779,2210,
OLS,vi,198306,198307,0.0125176186033591,,-0.00947913881942561,-0.0760263710536987,0.0404261301933504,2385,
OLS,vi,198307,198308,-0.0184407252307299,,-0.00175658338129319,-0.0385194786888909,0.0106778110110364,2373,
OLS,vi,198308,198309,0.000684414059102373,,0.0414330968897333,-0.0434910147138979,0.023587791002976,2361,
OLS,vi,198309,198310,-0.0260347838739486,,-0.005427268708396,-0.0658143919289386,0.0261375569390675,2346,
OLS,vi,198310,198311,0.030695523761377,,0.0252964324497179,-0.0121569988691637,0.00432750254563508,2343,
OLS,vi,198311,198312,0.00658375746010739,,-0.00642836601008495,-0.0496377409852689,0.0183523313268109,2338,
OLS,vi,198312,198401,0.0485800083476455,,-0.0551232282480788,-0.0524409519624936,0.0304711852312425,2317,
OLS,vi,198401,198402,-0.0413356521509735,,-0.0189619392802171,-0.0292252098654511,0.00929307439234939,2301,
OLS,vi,198402,198403,0.027560413081401,,0.000616393058445313,-0.0444968902093221,0.0106013883109943,2280,
OLS,vi,198403,198404,-0.0157161513211392,,0.0316184289415824,-0.0437244213440491,0.0210781975134065,2267,
OLS,vi,198404,198405,-0.0460622166686109,,0.0284727142228899,-0.045691594471386,0.017040839489062,2253,
OLS,vi,198405,198406,-0.0203219584324686,,0.0634126832685375,0.00531467102892286,0.022334694652408,2247,
OLS,vi,198406,198407,-0.0452635224579395,,0.0411915237383158,-0.0655371527286775,0.043435524118983,2510,
OLS,vi,198407,198408,0.0448029225855361,,0.0551208285687343,0.0413932933374166,0.0143799568372607,2495,
OLS,vi,198408,198409,0.0190112079490693,,-0.0075891676051701,-0.0612958116232155,0.0222051551605632,2477,
OLS,vi,198409,198410,-0.0332070000861954,,0.0403526290305527,-0.0498268340720476,0.0256877008396276,2456,
OLS,vi,198410,198411,-0.0230313102607939,,0.0316627197108004,-0.0706622214114432,0.0391083545421057,2439,
OLS,vi,198411,198412,-0.0217925071929853,,0.0452781800767458,-0.00458917522775145,0.00866460400432734,2417,
OLS,vi,198412,198501,0.0698350033111589,,0.0209354386509575,0.0651187266455943,0.0135236029268977,2395,
OLS,vi,198501,198502,0.0312108433745162,,0.00480250259249521,0.00232762415225319,8.66004320552172e-05,2375,
OLS,vi,198502,198503,0.000327822130547124,,-0.0104302348002877,-0.0395230884754791,0.00768262368347628,2357,
OLS,vi,198503,198504,-0.00369585175302842,,0.00265231158078093,-0.0465277908362134,0.0144810572616458,2348,
OLS,vi,198504,198505,0.00513828077961199,,0.0444231509445777,-0.0127819395698306,0.0101891405267076,2332,
OLS,vi,198505,198506,-0.0129529644568342,,0.0350694223844753,-0.0218690817243563,0.0111925697925775,2319,
OLS,vi,198506,198507,0.0267430495966366,,-0.00603378953936048,-0.0143880226867749,0.0011475086857845,2535,
OLS,vi,198507,198508,0.00176579452689799,,-0.00844857778496219,-0.0242841779816765,0.00296599355367522,2522,
OLS,vi,198508,198509,-0.0453107452274424,,0.0246109404081178,-0.0525412241058571,0.0255725041365246,2503,
OLS,vi,198509,198510,0.00176760708470698,,0.0403225255982427,-0.0224852363792624,0.00965034616902816,2483,
OLS,vi,198510,198511,0.0116394143745516,,0.0574038077822414,0.0109797578744091,0.0107311243870486,2470,
OLS,vi,198511,198512,-0.000588602165752592,,0.0632014785776211,-0.0284482555784556,0.0228419005284363,2447,
OLS,vi,198512,198601,0.0151508552294848,,-0.00643076059779677,0.0235567705586344,0.00211159477811296,2427,
OLS,vi,198601,198602,0.0330935717634138,,0.0475138250382888,-0.00817554764445962,0.00591310912050147,2411,
OLS,vi,198602,198603,0.0563892910928789,,0.0122220128875382,-0.0409078893252473,0.00690838603326249,2396,
OLS,vi,198603,198604,-0.0121073084428011,,0.0341561606967444,-0.00493703075863517,0.00426063164547075,2372,
OLS,vi,198604,198605,0.00691228139425757,,0.0482554897341412,-0.00299201133598699,0.0100090345510305,2352,
OLS,vi,198605,198606,-0.0197816549596167,,0.0346976564441413,0.00702158033448321,0.0027159880516261,2337,
OLS,vi,198606,198607,-0.0732196778794587,,0.00871330272637994,-0.0377878950143623,0.00633374002821463,2610,
OLS,vi,198607,198608,0.0540520499902351,,-0.0349621657201902,-0.0325694399991818,0.00713132795155946,2590,
OLS,vi,198608,198609,-0.00492635694839492,,-0.0548703132521364,-0.0533161786908552,0.019345058424457,2581,
OLS,vi,198609,198610,0.00105931859589486,,0.0363415274819039,0.0230050880386581,0.00319432440470313,2559,
OLS,vi,198610,198611,-0.0156262735660937,,0.0497729913825689,-0.027028084678423,0.016116368785754,2529,
OLS,vi,198611,198612,-0.0304089110709723,,0.0295289828922649,-0.042226085500902,0.0131418649169961,2499,
OLS,vi,198612,198701,0.125914001043,,-0.0330453331423086,0.0231863896276527,0.00507146793015767,2448,
OLS,vi,198701,198702,0.0424595633370273,,0.0112713047293088,0.0546169999463974,0.00976394781154555,2425,
OLS,vi,198702,198703,0.0722286096981086,,-0.0661875480104014,-0.00889310202001729,0.00980553010920982,2414,
OLS,vi,198703,198704,-0.00262152238367517,,-0.0190365961509403,-0.0112003366584037,0.0017682863302283,2391,
OLS,vi,198704,198705,0.0240724945721258,,-0.0177190387183131,-0.0151722169893461,0.00203783587897166,2376,
OLS,vi,198705,198706,0.0266416562952658,,0.0155722931125818,-0.019037701440044,0.0026410393119346,2367,
OLS,vi,198706,198707,0.090544829830839,,-0.0589672389279704,-0.0289902758539256,0.00986283302813218,2716,
OLS,vi,198707,198708,-0.00279930386828159,,0.0521816519526768,-0.0253080477103656,0.0175272877102786,2695,
OLS,vi,198708,198709,-0.00652916270241928,,0.00346510167402325,-0.0171932809514751,0.0016835909695615,2677,
OLS,vi,198709,198710,-0.267522058515359,,-0.0012873761034453,-0.0549373772714146,0.0142195210803419,2655,
OLS,vi,198710,198711,-0.0242906373066958,,-0.00785140239740119,-0.0525758088214039,0.0090269175303993,2630,
OLS,vi,198711,198712,0.0131456114686623,,0.0740428069174291,-0.00679947847191338,0.0131522284682266,2600,
OLS,vi,198712,198801,0.0678200288462576,,-0.0246473463052999,0.0209638744489729,0.00300156646882577,2577,
OLS,vi,198801,198802,0.0679095396886313,,0.0257710802572939,-0.0150700079091859,0.00327027584313633,2555,
OLS,vi,198802,198803,0.0618578679822714,,-0.00919965037113777,-0.0354061787502133,0.00393045103880518,2539,
OLS,vi,198803,198804,0.0277028902139465,,-0.0052339179313614,-0.0196023579723502,0.00153450778023179,2518,
OLS,vi,198804,198805,-0.00977959529334392,,0.0148245759842564,-0.0400929981105819,0.00994442247003047,2498,
OLS,vi,198805,198806,0.0285292903851394,,0.0313898791768846,0.0130556728294687,0.00367491450257951,2471,
OLS,vi,198806,198807,0.00773152451992599,,-0.00843354611306942,-0.0282150821630967,0.00383007494581999,2572,
OLS,vi,198807,198808,-0.018948634070952,,0.00716779071754855,-0.0277392599587233,0.00419236384316979,2549,
OLS,vi,198808,198809,-0.00408277156288248,,0.031274894769923,0.0130971622709753,0.00327686280367401,2524,
OLS,vi,198809,198810,-0.0157256846157427,,0.0220332428325926,-0.0271829020927852,0.00779944412224998,2504,
OLS,vi,198810,198811,-0.0310386359306235,,0.00800343157118264,-0.0383027965630538,0.00955921241461888,2484,
OLS,vi,198811,198812,0.027430463335153,,0.0176530228069045,-0.0191762738360618,0.00338472545099056,2457,
OLS,vi,198812,198901,0.0559433954263407,,-0.0149808233557733,0.013418448450699,0.000910658595373426,2427,
OLS,vi,198901,198902,-0.00092060108423216,,0.0157385449303183,-0.0205075263476601,0.00386276714170597,2408,
OLS,vi,198902,198903,0.0285781778840014,,-0.0111096764727486,-0.00325127460843038,0.000475615625491921,2383,
OLS,vi,198903,198904,0.0264573527425329,,0.0038829179285679,0.00185462451798708,5.50259724753088e-05,2366,
OLS,vi,198904,198905,0.0138068640702226,,0.0232992972706212,0.00213534326567123,0.00179103268285274,2353,
OLS,vi,198905,198906,-0.00124237255284218,,-0.0105210591986251,-0.0318126161761527,0.00525980863637188,2328,
OLS,vi,198906,198907,0.00661285823028236,,0.021571469652775,0.0108902402790277,0.00179439280687899,2604,
OLS,vi,198907,198908,0.0303021385090475,,-0.0101295928481787,-0.0287548399495005,0.00285100402649441,2586,
OLS,vi,198908,198909,-0.0166965696334869,,0.0143174736368928,0.0089048865039878,0.000844309642721308,2563,
OLS,vi,198909,198910,-0.0593739897819159,,0.00927511706447851,-0.0155588133662532,0.00175419395873289,2541,
OLS,vi,198910,198911,-0.0175252221566169,,-0.0110691288075436,0.0119654004858644,0.00109230709584107,2523,
OLS,vi,198911,198912,-0.0132396270550034,,0.0101692598296468,-0.00333430590970126,0.00053616157732761,2497,
OLS,vi,198912,199001,-0.0263954565670438,,-0.0361107194426759,-0.0357658632149382,0.00628289450938047,2472,
OLS,vi,199001,199002,0.0275675916033775,,-0.0212672713713377,0.00101320235458548,0.00112712714803354,2451,
OLS,vi,199002,199003,0.0227169866509362,,0.0265601280111466,-0.0115906624338164,0.00303424166056543,2439,
OLS,vi,199003,199004,-0.0491458041571968,,0.0283881644644296,0.00771979806608277,0.00255282083621766,2421,
OLS,vi,199004,199005,0.0159617687510035,,0.0163663787101906,0.0560023102057192,0.00549761185846009,2405,
OLS,vi,199005,199006,-0.0203636977475953,,0.013490014285896,0.0274174612892273,0.00256079317206304,2386,
OLS,vi,199006,199007,-0.00468636457496042,,-0.0476705517523348,-0.00931245849645678,0.00596178049346574,2724,
OLS,vi,199007,199008,-0.0654275062366022,,-0.0576527579037438,-0.0627163876815053,0.0132563487572195,2704,
OLS,vi,199008,199009,-0.0477444879163336,,-0.0344738696319364,-0.0363450409651612,0.00493824146640687,2683,
OLS,vi,199009,199010,-0.0688114153970191,,0.0194789319530303,-0.00718221637472153,0.00137264311311136,2672,
OLS,vi,199010,199011,-0.00215966296077017,,0.047349059223572,0.0348393396206279,0.00456812690248676,2656,
OLS,vi,199011,199012,-0.0180488057482446,,0.0541243609047235,-0.0181984807370429,0.010116338308781,2650,
OLS,vi,199012,199101,0.0980926802269389,,-0.00432842323847397,0.00281926501067556,4.0805329582394e-05,2631,
OLS,vi,199101,199102,0.109805484496691,,-0.0134843030968295,0.0430823647643127,0.00341770613479109,2617,
OLS,vi,199102,199103,0.0547033387294755,,0.0344158499531801,0.0198649135943904,0.000946325436354201,2604,
OLS,vi,199103,199104,-0.0173185114052747,,0.0471210577348503,0.0150800812848926,0.00385583184018912,2579,
OLS,vi,199104,199105,-0.00366810410603196,,0.0374706833976195,0.0347746927878446,0.00409611050889913,2568,
OLS,vi,199105,199106,-0.0277931982642775,,-0.00107320569679179,-0.0280361215989734,0.00224120707461151,2553,
OLS,vi,199106,199107,0.0112718548617565,,0.00962711419700329,0.0244395346438507,0.00156902294813621,2725,
OLS,vi,199107,199108,-0.0061435863702209,,0.0477675322208639,0.0140908280848507,0.00264628161290481,2704,
OLS,vi,199108,199109,-0.0182509206044959,,0.00637493638869352,0.0298516831138828,0.00185734042907226,2692,
OLS,vi,199109,199110,0.0135667502396379,,-0.0107777102879755,0.0340874854355308,0.00213198582933094,2682,
OLS,vi,199110,199111,-0.045044844301153,,0.0188160753909857,0.00678878454703758,0.000856179753869313,2665,
OLS,vi,199111,199112,0.0264799961395717,,0.030929322452656,-0.00264984246443711,0.00213282827379302,2648,
OLS,vi,199112,199201,0.161932138968091,,-0.0230144944150882,-0.0102258870419779,0.00028149910874109,2624,
OLS,vi,199201,199202,0.0545020767528747,,0.0286790038544384,-0.03501617023978,0.00409021532008469,2614,
OLS,vi,199202,199203,0.0123727658517943,,0.000922794901889471,-0.0529684055249175,0.00405526728119865,2600,
OLS,vi,199203,199204,-0.00321315689919091,,-0.0240793769215367,-0.0493010484140625,0.00946086595025419,2591,
OLS,vi,199204,199205,0.0139800233275142,,-0.0133413074188662,-0.024825331866658,0.00265989422053459,2577,
OLS,vi,199205,199206,-0.0273685396388641,,-0.0178640800400144,-0.0278234370885107,0.00269948192446468,2546,
OLS,vi,199206,199207,0.0246904005683901,,-0.0101625855140144,0.00217634004821077,0.000373853474014974,2684,
OLS,vi,199207,199208,-0.023219922614947,,0.0141589385558716,-0.0291422437924794,0.00538717439364234,2661,
OLS,vi,199208,199209,0.0236380419233567,,-0.0211340930458792,0.00368036098973222,0.00150118627101314,2637,
OLS,vi,199209,199210,0.0116450994578864,,0.0389123926796933,-0.0258781589075392,0.00808221568412948,2627,
OLS,vi,199210,199211,0.0399094960933552,,0.0602689305285975,0.00755303366877101,0.00707833105405897,2610,
OLS,vi,199211,199212,0.0482145226165689,,0.00948177101825833,-0.0413845617095328,0.00611445608805372,2599,
OLS,vi,199212,199301,0.086282091208311,,-0.0232526743101943,-0.0348654080181184,0.00253312247228621,2590,
OLS,vi,199301,199302,0.0368107431322552,,-0.0479679674691397,-0.0515412481105203,0.011405342501,2579,
OLS,vi,199302,199303,0.0413254528478089,,-0.023428158545082,-0.0138249998210252,0.001705775234361,2567,
OLS,vi,199303,199304,0.0111386584521688,,-0.0495344091706942,-0.0293085853922713,0.00941418317425902,2546,
OLS,vi,199304,199305,0.0490242715943892,,-0.00363738017773662,0.00755120603538146,0.00021870451440098,2539,
OLS,vi,199305,199306,0.0119876508007739,,-0.022244583926498,0.0111041545330631,0.00131132853064264,2531,
OLS,vi,199306,199307,0.0319689899441038,,-0.0279065250651602,-0.0290177029754524,0.00289666138863898,2736,
OLS,vi,199307,199308,0.0384688241377771,,-0.0195824790326745,0.0290252695866011,0.000877853761945713,2722,
OLS,vi,199308,199309,0.0228467557295628,,0.0110010802980067,-0.0131134861582752,0.00111687286826789,2713,
OLS,vi,199309,199310,0.050080135664276,,-0.0145003340845301,0.00421407967031327,0.000599311363155386,2706,
OLS,vi,199310,199311,-0.0236586113197371,,0.0352113559610575,-0.0192245325057158,0.00715971681827221,2696,
OLS,vi,199311,199312,0.0161570580549916,,0.00826686326701825,-0.00837116816708605,0.000564436151441194,2679,
OLS,vi,199312,199401,0.0898042008352619,,-0.0525643722567691,-0.0169196971466015,0.00486832276506699,2665,
OLS,vi,199401,199402,0.0179386814492763,,0.00385981702400728,-0.0361031735351869,0.00443722355077014,2649,
OLS,vi,199402,199403,-0.0145971325131737,,-0.0136668572561708,-0.0485955947096638,0.00850846708108932,2627,
OLS,vi,199403,199404,0.00197999373129361,,-0.000262202912443026,-0.0265398483433182,0.00371694265609268,2615,
OLS,vi,199404,199405,0.0191814127451525,,-0.0262359042141653,-0.0163809382646318,0.0023971175893226,2601,
OLS,vi,199405,199406,-0.00799682105994502,,-0.0108370289259227,-0.039732034268369,0.0070331494213024,2586,
OLS,vi,199406,199407,0.0273960979729925,,-0.0128327200900254,-0.0158845183596039,0.00105395725199742,2824,
OLS,vi,199407,199408,0.0245408537591232,,0.0310049279502182,-0.0035809170937777,0.00290472432859323,2818,
OLS,vi,199408,199409,0.0228736865403765,,0.000605132253768429,-0.0279266705417798,0.00284509836280644,2801,
OLS,vi,199409,199410,0.0115942350668537,,0.0188897037934792,-0.0316562962468159,0.00656690043364983,2787,
OLS,vi,199410,199411,-0.0324476172787775,,0.0283681429527818,-0.040881074117989,0.0151265100279328,2773,
OLS,vi,199411,199412,-0.01548608366283,,0.0141128155589564,-0.0205738138788229,0.00373439692899025,2759,
OLS,vi,199412,199501,0.0305755459017736,,-0.0114094862729053,0.00916742616943348,0.000607506468293662,2737,
OLS,vi,199501,199502,0.0309473812905701,,0.00614554483502258,-0.00795995215296962,0.000618437283183226,2727,
OLS,vi,199502,199503,0.0149270531699949,,0.00528677878077712,-0.00105440863449072,0.000120114143523642,2709,
OLS,vi,199503,199504,0.0286716952937791,,0.00866206321260066,-0.0148507573498235,0.00147544182415815,2687,
OLS,vi,199504,199505,0.0493258785835495,,-0.038244508833713,-0.0250377317626339,0.0030561930746984,2675,
OLS,vi,199505,199506,-0.0109862323945216,,0.0563584462763985,0.0638762641021417,0.00775231243209451,2655,
OLS,vi,199506,199507,0.00923769016669167,,0.0559103012236532,0.0271023495005677,0.00575144118083459,3030,
OLS,vi,199507,199508,0.0315783673696143,,-0.0188249465134284,0.0128321051594644,0.00193208742553719,3011,
OLS,vi,199508,199509,0.0294242479298309,,-0.00297603886545864,-0.00441159433815169,3.71764931242913e-05,2993,
OLS,vi,199509,199510,-0.040217478754883,,0.00267113530378709,-0.0441485893249209,0.00861429278730075,2971,
OLS,vi,199510,199511,0.00244924496624817,,0.00672509579796576,0.0104385978307089,0.000305837367967854,2955,
OLS,vi,199511,199512,0.0338169304768,,-0.0541974725283836,-0.0016075779421363,0.00831511681176045,2937,
OLS,vi,199512,199601,0.0491009966526749,,-0.0527094471466139,0.000880505110077279,0.00683567509626859,2915,
OLS,vi,199601,199602,0.00834824083614976,,0.0341176784925794,0.019871953197254,0.00248018894354018,2899,
OLS,vi,199602,199603,0.0216833729273785,,0.00364028254541917,0.00959670925027375,0.000232752223382593,2880,
OLS,vi,199603,199604,0.0440143551083366,,0.0250126991148508,0.0158926337001091,0.00124223706961402,2859,
OLS,vi,199604,199605,0.059698824206017,,0.0266148672102773,0.0026085550281434,0.00106001127885524,2845,
OLS,vi,199605,199606,-0.00260132706836191,,-0.0314913355768586,-0.0479504482765903,0.00740223153820452,2824,
OLS,vi,199606,199607,-0.0308713320408198,,-0.0368305042635413,-0.0900671037116756,0.0269904234006244,3224,
OLS,vi,199607,199608,0.0498713128922059,,-0.0179226512091644,-0.00552803489943459,0.00089653796748923,3202,
OLS,vi,199608,199609,0.0086224482645371,,0.0137010956495091,0.0198705785962957,0.00112773171563318,3174,
OLS,vi,199609,199610,0.0328822445694272,,-0.0346059490702706,-0.0830579048011777,0.0187033136535865,3153,
OLS,vi,199610,199611,0.0456901634605938,,-0.00936544888849902,-0.0349594142871396,0.00343936787939025,3138,
OLS,vi,199611,199612,0.0306615194687379,,-0.0249127260618641,-0.0492146936211713,0.00611239658057394,3125,
OLS,vi,199612,199701,0.0404736553973752,,-0.00229285287002117,0.0422022668901323,0.0041514455631062,3086,
OLS,vi,199701,199702,0.0219235551286917,,-0.0243934872740582,-0.0665406962500236,0.0136013856174876,3064,
OLS,vi,199702,199703,0.0208404793664853,,-0.0465911546051412,-0.0912498098634728,0.0271234439276711,3047,
OLS,vi,199703,199704,-0.0206335763794392,,0.0166597721192817,-0.0275715443908759,0.00607257764073055,3024,
OLS,vi,199704,199705,0.0523365995675667,,0.0332324488949067,0.04970569698473,0.00568465719631328,3004,
OLS,vi,199705,199706,0.0516129861278503,,-0.00483493588926002,-0.0253555624818703,0.00207251027355171,2988,
OLS,vi,199706,199707,0.0337650169762369,,0.0237379414173177,0.000830094942571676,0.00137998774664017,3256,
OLS,vi,199707,199708,0.0263832235434868,,0.00747863003928131,0.00552029937072337,0.000101059594782682,3229,
OLS,vi,199708,199709,0.131148592667469,,-0.0677721878246814,-0.0351345301531398,0.006684402950352,3201,
OLS,vi,199709,199710,0.00842914499802117,,-0.0301631952957845,-0.0423626600260771,0.00218193114393728,3175,
OLS,vi,199710,199711,-0.025672696991835,,0.040161794414163,-0.0377757926262536,0.0177599997474357,3148,
OLS,vi,199711,199712,-0.0295125472335485,,0.00150444560384337,-0.0282960632998564,0.00244917094235209,3128,
OLS,vi,199712,199801,0.00828033992405787,,0.00114617891152485,0.0041650273566782,3.4669121928177e-05,3076,
OLS,vi,199801,199802,0.03225469405558,,0.0394784535721191,0.0220833449424357,0.00304881926382017,3049,
OLS,vi,199802,199803,0.0457684406912364,,-0.00463160590349396,-0.00492384916104185,5.82038504083338e-05,3027,
OLS,vi,199803,199804,0.0190450305432525,,0.0144936972703136,-0.0170943646742906,0.00202548324044749,2987,
OLS,vi,199804,199805,-0.0195339348775071,,-0.00264035569632994,-0.049330688379327,0.00946626802396,2966,
OLS,vi,199805,199806,-0.0684173720346614,,0.0685011898139491,-0.000319291136145134,0.0122871734118083,2946,
OLS,vi,199806,199807,-0.0626865808379929,,0.00711948872898709,-0.0173169819726761,0.00135426194042698,3171,
OLS,vi,199807,199808,-0.137568448883936,,-0.0208046654707012,-0.102351008299063,0.031068449449962,3137,
OLS,vi,199808,199809,-0.011407816881427,,0.0284074806357003,0.0684270379175095,0.00630508395148821,3107,
OLS,vi,199809,199810,0.0309897141484413,,0.010947507599436,0.00640837554522539,0.000127594799830932,3068,
OLS,vi,199810,199811,0.012268398060904,,0.109009803107017,0.00683419501624797,0.00720158587659325,3019,
OLS,vi,199811,199812,-0.0280612071003159,,0.0878147088914227,-0.000468291700812922,0.00866758339626761,2990,
OLS,vi,199812,199901,0.0462919991853906,,0.0130160111106006,0.00240634882072128,0.000115319413476422,2945,
OLS,vi,199901,199902,-0.0526870764444322,,0.00564365185033095,-0.0138450944654486,0.000983677665571947,2907,
OLS,vi,199902,199903,-0.0296311042231896,,-0.0196462857779421,0.0458610281567404,0.00728852578452,2884,
OLS,vi,199903,199904,0.0897485080380434,,-0.0250626551133582,0.0284797480963405,0.00360105332489247,2845,
OLS,vi,199904,199905,0.057314978099992,,0.00361002905627503,-0.0330371055734917,0.00270257205044988,2818,
OLS,vi,199905,199906,0.0269328880473623,,0.0297798430657468,-0.00104911256485599,0.0021012496850944,2794,
OLS,vi,199906,199907,0.0446535950181053,,-0.0328043807747673,-0.035482880797028,0.00234165347802884,3151,
OLS,vi,199907,199908,-0.0245266648611764,,0.000808367820540324,-0.0165290617320036,0.000793931355406619,3123,
OLS,vi,199908,199909,-0.0596761152544404,,0.045849177831949,0.0287415151636285,0.00370482351944357,3085,
OLS,vi,199909,199910,-0.0652302908004142,,0.0681198307373384,0.0219796326383514,0.00784440039273693,3047,
OLS,vi,199910,199911,0.0717422352566496,,0.0193622562296898,0.0146093258028434,0.000267081984324236,3022,
OLS,vi,199911,199912,0.0404233978102246,,0.0155056696744596,0.078583365662265,0.00438618590548356,2975,
OLS,vi,199912,200001,0.13140244582514,,-0.091948516448555,-0.0631592276397489,0.00674346898069445,2944,
OLS,vi,200001,200002,0.130923759016458,,-0.00696399986156239,0.0156375044774642,0.000194503590209227,2915,
OLS,vi,200002,200003,0.0262337960861831,,-0.0127006265774808,-0.00636435483563106,0.000150564972346445,2889,
OLS,vi,200003,200004,-0.0361510159458729,,-0.0284099922393689,-0.0505688336100675,0.00342847374343891,2850,
OLS,vi,200004,200005,-0.046941078062469,,-0.0169399145460912,-0.0112047281888711,0.000506676320578103,2826,
OLS,vi,200005,200006,0.0595128962502137,,-0.0143925507206716,0.0267909139410963,0.00173307921001831,2803,
OLS,vi,200006,200007,0.0700650598451992,,-0.0736722593580021,-0.110479267139517,0.0205053038856647,3083,
OLS,vi,200007,200008,-0.00335295670455261,,0.0361257471686121,0.093195590878465,0.0105201881406585,3056,
OLS,vi,200008,200009,0.0139212431751647,,-0.034761614480722,-0.0857982041486163,0.0127998837423156,3017,
OLS,vi,200009,200010,-0.0590313161890562,,0.0346279071447182,-0.0390589302969925,0.008495276849948,2983,
OLS,vi,200010,200011,-0.00468078370828948,,-0.0507647409167528,-0.168220022958393,0.0431308967877929,2938,
OLS,vi,200011,200012,0.0600431895772768,,-0.0818548183452521,-0.0531200123872593,0.00635696571014255,2899,
OLS,vi,200012,200101,0.0580416323656283,,0.132628913200973,0.19650314830742,0.0133256102670519,2855,
OLS,vi,200101,200102,0.064886921306034,,-0.0681195857836256,-0.180907449477529,0.0515904866658123,2819,
OLS,vi,200102,200103,-0.000341143985723999,,-0.0413897959458519,-0.0859896475574591,0.0122270912970702,2797,
OLS,vi,200103,200104,-0.00590063074168956,,0.0499603001826826,0.0921797952777901,0.0108964304499892,2765,
OLS,vi,200104,200105,0.120243148916539,,-0.0422666684869887,-0.0611311392117919,0.00481714106954412,2727,
OLS,vi,200105,200106,-0.00787789912406046,,0.0459255455688276,-0.0175762176444047,0.00669900707119076,2699,
OLS,vi,200106,200107,0.0240065040750941,,0.00278013126108774,-0.0985379997908,0.0265828550652514,2862,
OLS,vi,200107,200108,0.00834349575450348,,-0.00402873380046691,-0.0858399271415099,0.0208727154151771,2836,
OLS,vi,200108,200109,-0.130305588679185,,0.0321408206558505,-0.0616109518423474,0.0138105281325739,2801,
OLS,vi,200109,200110,0.00182631192933653,,0.0535030786174819,0.0902044257394741,0.00788203999946646,2776,
OLS,vi,200110,200111,0.0173893858682929,,0.07410498012242,0.0329489579147901,0.00685444200169127,2760,
OLS,vi,200111,200112,0.0586293005559417,,0.0179416934261857,-0.0146308694050554,0.00160614597980513,2732,
OLS,vi,200112,200201,0.0644802812600432,,0.0340125665969375,-0.103827313205066,0.0259786899728576,2705,
OLS,vi,200201,200202,0.00770940896400907,,-0.00294149306315394,-0.0687590033602402,0.0136310166457679,2685,
OLS,vi,200202,200203,0.11738623971626,,-0.0204607256291011,-0.0313445216172133,0.00172033047131737,2661,
OLS,vi,200203,200204,0.078074561982371,,-0.000528353273832756,-0.141496807990799,0.039887419217246,2636,
OLS,vi,200204,200205,0.0224064012868499,,-0.00631281770788968,-0.063249914223481,0.00900751656422094,2614,
OLS,vi,200205,200206,-0.0148664633214209,,-0.00115331698118374,-0.113859707179764,0.039748045978907,2589,
OLS,vi,200206,200207,-0.0891638837365535,,-0.0348489935969459,-0.0475371493976494,0.00553009087126832,2784,
OLS,vi,200207,200208,-0.0366725807697854,,0.0448320215632315,0.0127760314064997,0.00324343229898749,2761,
OLS,vi,200208,200209,-0.0755043793604374,,0.0153448600144392,-0.0502963049231717,0.00837546105169584,2741,
OLS,vi,200209,200210,-0.0264551784239367,,0.0642506527420904,0.078454470565391,0.00608941925058382,2726,
OLS,vi,200210,200211,0.047277639731651,,0.00840455333301359,0.164373561621697,0.0238388611118174,2692,
OLS,vi,200211,200212,-0.00134897781953734,,-0.0113654241111153,-0.101435309797596,0.0319545950622399,2674,
OLS,vi,200212,200301,-0.0102033764123122,,0.0142754023344164,-0.0164990927439073,0.00194724839253158,2647,
OLS,vi,200301,200302,-0.039816177988029,,0.0267562700868972,-0.00305752433293646,0.00272703549468012,2626,
OLS,vi,200302,200303,-0.032636153223937,,0.0403257306656202,0.0330432535903692,0.00401155728157976,2601,
OLS,vi,200303,200304,0.0721647265155122,,-0.00560903030997917,0.0653073070890467,0.00827366348156167,2572,
OLS,vi,200304,200305,0.126337543051031,,-0.0618509886014867,0.0788693537083876,0.0197305676738632,2550,
OLS,vi,200305,200306,0.0438218599622212,,0.0164097817183367,-0.00217394268139041,0.000709241080020795,2534,
OLS,vi,200306,200307,0.0603682754704355,,0.0457143539417141,-0.00516080210210933,0.00475959139334736,2764,
OLS,vi,200307,200308,0.0753847585626167,,-0.013409512643319,-0.0229301374916558,0.00146416219040024,2747,
OLS,vi,200308,200309,0.0617484514140669,,-0.0523042971311036,-0.035272027783024,0.00509021126558051,2722,
OLS,vi,200309,200310,0.104449087409756,,0.00845054715208216,-0.02461439450599,0.00169260284225436,2703,
OLS,vi,200310,200311,0.0650063166294747,,-0.000921087064160846,-0.0445333033317554,0.00704342856336582,2688,
OLS,vi,200311,200312,0.0976790168108962,,-0.0913597587710206,-0.0265124267838433,0.0201650067341131,2669,
OLS,vi,200312,200401,0.0950573907490536,,-0.0396449468347248,-0.00386797390221611,0.00357537063243418,2642,
OLS,vi,200401,200402,0.0159701644528656,,0.0122599043897279,-0.0245949914649736,0.00232582288321614,2628,
OLS,vi,200402,200403,0.0183913533296968,,0.00281728787829022,-0.0299195601999251,0.00319896193505276,2612,
OLS,vi,200403,200404,-0.0264255946617721,,0.00848338268906854,-0.0082226786153276,0.000836728317054503,2600,
OLS,vi,200404,200405,0.0114886371027739,,0.00297644964528115,-0.0179830753437869,0.00202289352542173,2584,
OLS,vi,200405,200406,0.0636421509557599,,-0.0267735664241494,-0.0386052547022865,0.00682840679462715,2563,
OLS,vi,200406,200407,0.0145614314370441,,-0.0643935403216151,-0.108904960034077,0.0398028138085647,2645,
OLS,vi,200407,200408,0.00347016544020993,,-0.0218253243066705,-0.0323155577450734,0.00422043561859209,2630,
OLS,vi,200408,200409,0.0452584262039673,,-0.00227778374039305,-0.000692036539460788,1.65624296856182e-05,2617,
OLS,vi,200409,200410,-0.00113307506498193,,0.0217986504280007,0.015400177243383,0.00141932668571532,2606,
OLS,vi,200410,200411,0.0925389436459406,,0.00395982274869554,-0.00178451309759618,4.43233060538617e-05,2593,
OLS,vi,200411,200412,0.0513197907620512,,0.00716482981052291,0.0181822125975982,0.000606507118763089,2576,
OLS,vi,200412,200501,-0.000886774722949291,,-0.0100108918531986,-0.0607699413668033,0.0149773555697316,2553,
OLS,vi,200501,200502,0.0410142611745205,,-0.0301018019140015,-0.0209665674748811,0.00304877835959549,2541,
OLS,vi,200502,200503,0.00189849333317913,,0.0104044458215952,-0.068223520547709,0.0202682359163173,2526,
OLS,vi,200503,200504,-0.0470253117366189,,-0.000549107690352057,-0.0344843986636179,0.00654308620673627,2512,
OLS,vi,200504,200505,0.0194335633116125,,0.0357241574496764,0.0296613802134716,0.00345501869372844,2495,
OLS,vi,200505,200506,0.0523769920054552,,-0.0147814454406612,-0.0322403725523405,0.00394213024161627,2478,
OLS,vi,200506,200507,0.0710523835624438,,-0.0143132838489992,0.0121141969273918,0.00197709460429751,2539,
OLS,vi,200507,200508,0.0201407498657261,,-0.0331638351230987,-0.0360924189011655,0.0048157190654966,2522,
OLS,vi,200508,200509,0.00108828117585699,,-0.00799411231184494,0.0149152228386057,0.00233105425078484,2500,
OLS,vi,200509,200510,-0.0397756647020761,,0.020060726416882,-0.0108626952515161,0.00364247064940271,2485,
OLS,vi,200510,200511,0.0328970544268762,,0.0171637113269386,-0.00746873678812963,0.00196802064817792,2467,
OLS,vi,200511,200512,-0.00280671892193361,,0.0132791249534792,0.00489748236752732,0.000594962296601609,2451,
OLS,vi,200512,200601,0.0981030069170287,,-0.0475294197763809,0.0160260218258035,0.0117091701603584,2430,
OLS,vi,200601,200602,-0.0138515424465499,,0.0217585663347021,0.00246950511231957,0.00236469054786603,2409,
OLS,vi,200602,200603,0.0463212257123531,,-0.00378013854611388,-0.00223119902158172,4.47564335122053e-05,2397,
OLS,vi,200603,200604,0.0311822531364831,,-0.0213797142147819,-0.0273397032413602,0.00230651846672347,2379,
OLS,vi,200604,200605,-0.0186138856552621,,-0.0239800812775262,-0.0518295674834884,0.0118888724226919,2368,
OLS,vi,200605,200606,-0.00658591988107637,,-0.00192494143156649,-0.0157722443095884,0.00134736295799576,2349,
OLS,vi,200606,200607,-0.0217116689319134,,0.000294371626891374,-0.042586747575545,0.0115500269964015,2449,
OLS,vi,200607,200608,0.00544783582254666,,0.000447743009525061,0.032855223993291,0.00487922805381824,2438,
OLS,vi,200608,200609,-0.00500960775666443,,0.0524491007479439,-0.028910467843334,0.034660213362277,2426,
OLS,vi,200609,200610,0.0451318950990842,,-0.00643838793696051,0.0113518818270006,0.00135785761008211,2414,
OLS,vi,200610,200611,0.0350631988709246,,-0.0234693519121262,0.00414376586262547,0.0030165304858929,2399,
OLS,vi,200611,200612,0.025361018686781,,-0.0023246744783845,-0.0280346197259364,0.00384729844053755,2381,
OLS,vi,200612,200701,0.0160755594464866,,0.0130422795383542,0.00567060476143739,0.000649074925522797,2356,
OLS,vi,200701,200702,0.000865654366363705,,0.00263698744110036,0.00264215069031006,4.34198400117714e-05,2328,
OLS,vi,200702,200703,-0.0100474285519823,,0.0180855512964993,0.00768173660732741,0.00131632840287754,2317,
OLS,vi,200703,200704,0.0302283884819238,,-0.0196551500760224,0.0103816069255911,0.00407141778024955,2297,
OLS,vi,200704,200705,0.0263458688758657,,0.00401580535485768,-0.00360460853268954,0.000223684005440816,2279,
OLS,vi,200705,200706,-0.00661062111965388,,0.00225368935336001,-0.00248462047666542,0.000130853874136694,2258,
OLS,vi,200706,200707,-0.0431948424464033,,0.00185296896101673,-0.00694827403555478,0.000378672912748734,2385,
OLS,vi,200707,200708,-0.0601315489721293,,0.0320640676169569,0.0465809934816051,0.00515586708399063,2368,
OLS,vi,200708,200709,-0.028284486058545,,0.0254677078370527,0.049720186904598,0.00887277500221728,2341,
OLS,vi,200709,200710,0.0133117003301783,,-0.0103821449999401,0.0230485678977487,0.00203314510244179,2321,
OLS,vi,200710,200711,-0.0912196675278068,,0.0214323340297421,-0.0161077884012433,0.00368869220934664,2298,
OLS,vi,200711,200712,0.0033838468859249,,-0.010904863603341,-0.0211087410519842,0.00136976047189985,2274,
OLS,vi,200712,200801,-0.0274514344253125,,-0.0345875654564409,-0.0317827162255384,0.00288563854204049,2249,
OLS,vi,200801,200802,0.00502203486026108,,-0.0336765277857693,-0.00937286680664629,0.00284892541363768,2238,
OLS,vi,200802,200803,0.000847481765288085,,-0.0080968464546109,-0.0244965284289118,0.00173471960613369,2229,
OLS,vi,200803,200804,0.0242798346483898,,0.00199555085954668,0.00766317113735184,0.000144286771194491,2210,
OLS,vi,200804,200805,0.0391234627117126,,-0.0101159932331658,0.0180856454083396,0.00195064834250358,2192,
OLS,vi,200805,200806,-0.0727185815306576,,-0.0109830446539347,-0.0115124675752244,0.000374567261519521,2175,
OLS,vi,200806,200807,-0.00384168202374054,,0.0198490407921159,-0.0111584441110208,0.0019905523094943,2339,
OLS,vi,200807,200808,0.0135735592290136,,0.0483938077390918,-0.0220620720223673,0.0110796164793938,2323,
OLS,vi,200808,200809,-0.131355414800586,,0.0524388960827228,-0.0464622560069291,0.0275802178735153,2303,
OLS,vi,200809,200810,-0.243926005055086,,0.0433977736776092,-0.0290493774531375,0.0085699039177416,2292,
OLS,vi,200810,200811,-0.17600700655038,,0.0217355757748294,0.0402513726944128,0.00156604728077581,2270,
OLS,vi,200811,200812,0.0798015041150251,,-0.0297590818579009,-0.0498874688479384,0.00186813384808404,2259,
OLS,vi,200812,200901,-0.0834280608949826,,0.0103579472479169,0.0811508500592591,0.00661336420088576,2238,
OLS,vi,200901,200902,-0.169448474405635,,0.0999595080765953,0.0111981071342566,0.016687322408375,2229,
OLS,vi,200902,200903,0.139538736701746,,-0.0221811467989849,-0.0136335396600618,0.000231578009454947,2211,
OLS,vi,200903,200904,0.341795105816394,,-0.103794679481041,-0.0850132323608243,0.00419905633777973,2199,
OLS,vi,200904,200905,0.145445722353782,,-0.102207768057728,-0.0144632608242433,0.0112579664589801,2182,
OLS,vi,200905,200906,0.0162601569725379,,0.0279299841584932,0.0194610240033472,0.000850395590682007,2167,
OLS,vi,200906,200907,0.118946889129757,,-0.040539912625302,0.0104339237838084,0.00455977636920435,2298,
OLS,vi,200907,200908,0.0617710887786505,,-0.0105660305466994,0.0308775919346477,0.00195990772442289,2285,
OLS,vi,200908,200909,0.087557093564939,,-0.0313071188190807,0.0242604229870992,0.00590500582091547,2276,
OLS,vi,200909,200910,-0.0530905683365613,,0.0435866352633123,-0.0541629806749567,0.0322481008152565,2267,
OLS,vi,200910,200911,0.104702312844593,,-0.0734581234379399,-0.0763895641644453,0.00785719631149451,2253,
OLS,vi,200911,200912,0.0751346277352168,,-0.00978360402031014,0.0133209884737709,0.00124769214057696,2232,
OLS,vi,200912,201001,-0.0156597603263748,,-0.0131886062998217,0.00463167430252171,0.00113793861298928,2219,
OLS,vi,201001,201002,0.0607211072792923,,0.00594164996393531,-0.0348094497760008,0.00845581082394031,2206,
OLS,vi,201002,201003,0.0639640989290796,,0.0311388953081609,0.00920216759227795,0.00140583053548693,2189,
OLS,vi,201003,201004,0.0826847868906144,,-0.0208658920302622,0.00321910635245143,0.00145172160630025,2178,
OLS,vi,201004,201005,-0.0758962633444971,,0.0224528665483343,-0.0287850802353371,0.0134247382206436,2164,
OLS,vi,201005,201006,-0.0842428478385928,,0.0227254904851457,-0.00343311427974987,0.00357488476682777,2156,
OLS,vi,201006,201007,0.0792082434143283,,-0.040538323539849,0.0174161681174189,0.0121137347369666,2294,
OLS,vi,201007,201008,-0.0757087567665147,,0.0168133531433247,-0.000716662202416303,0.00133312227655347,2272,
OLS,vi,201008,201009,0.0728653635991557,,0.0589829849213089,0.0378551995673547,0.00924374477063883,2258,
OLS,vi,201009,201010,0.0423558628983413,,-0.00094295317357328,0.0132463465161253,0.000897483481344219,2245,
OLS,vi,201010,201011,0.0479243695195596,,-0.0110102976083082,-0.0203428086678955,0.00129253197780332,2230,
OLS,vi,201011,201012,0.10498986456775,,-0.051598541746694,0.00671420745321885,0.0124935537318838,2209,
OLS,vi,201012,201101,0.0297102028869465,,-0.0267668592633069,0.00841379339245171,0.00413741367051024,2183,
OLS,vi,201101,201102,0.0665087773983334,,-0.0249369572233391,-0.00865123708637222,0.00127820522429734,2173,
OLS,vi,201102,201103,-0.00454877893743326,,0.0274237325284131,0.0223261816871885,0.00245409142104358,2159,
OLS,vi,201103,201104,-0.00188274146718871,,0.0367648833474099,0.00533567201223294,0.00666129665422743,2146,
OLS,vi,201104,201105,-0.0410696992321667,,0.0367018016633295,0.00838442880671513,0.00519493555157768,2134,
OLS,vi,201105,201106,0.000397417349124726,,0.00137873180964114,-0.0424220704759891,0.0125441187289216,2116,
OLS,vi,201106,201107,0.00860060294287479,,-0.0160235752265005,-0.0509624993977374,0.00975779744756022,2159,
OLS,vi,201107,201108,-0.0915290337687325,,0.0202091313332585,-0.0272356234428965,0.0108975509597493,2151,
OLS,vi,201108,201109,-0.112199106613272,,0.0515465559828544,-0.050286296332868,0.0456220640472122,2140,
OLS,vi,201109,201110,0.0890325102751077,,0.0115821602519868,0.0771950028671889,0.0161171507477101,2132,
OLS,vi,201110,201111,0.0097434204701676,,-0.0193177855447041,-0.0220935456182361,0.000966887691283169,2119,
OLS,vi,201111,201112,0.0119164094508314,,0.00123687222122178,-0.0226594867163742,0.00293777468694978,2106,
OLS,vi,201112,201201,0.0863299384613775,,-0.0225730822183192,0.0355268652744235,0.00769453413742427,2093,
OLS,vi,201201,201202,0.0443620418285063,,-0.00982709641484913,-0.00376726608985462,0.000301984110582465,2081,
OLS,vi,201202,201203,0.0172463057363077,,0.0347035975445776,-0.0173748042074954,0.0117480349787922,2073,
OLS,vi,201203,201204,0.00256648757843256,,-0.0104068631492892,-0.0215176948590667,0.00126350556325761,2063,
OLS,vi,201204,201205,-0.0612608302300041,,0.0143845733871667,-0.0444755867537261,0.0134583884583593,2052,
OLS,vi,201205,201206,0.057375045116929,,-0.0283063819160604,-0.00526952724178055,0.00294273891837638,2044,
OLS,vi,201206,201207,-0.0101266235385999,,-0.00756903049725754,0.00405677347357011,0.000517223884574647,2101,
OLS,vi,201207,201208,-0.015187270881495,,0.0387204984240045,0.0492734780531628,0.007724389186343,2086,
OLS,vi,201208,201209,0.0332447776813357,,-0.00724156873001995,0.0104200499332855,0.00161954424594368,2076,
OLS,vi,201209,201210,-0.00862058234542214,,-0.00826480715953756,-0.0209082098669569,0.00170963707742444,2063,
OLS,vi,201210,201211,0.0188106458384827,,-0.00139858718919011,-0.0185206150205825,0.00149271121045369,2048,
OLS,vi,201211,201212,0.0456364203908223,,-0.0192911236121209,-0.010846553037491,0.00129738430169901,2035,
OLS,vi,201212,201301,0.100597976704291,,-0.0388249212333927,-0.020418629708342,0.00557101681398697,2018,
OLS,vi,201301,201302,0.025596490708173,,-0.0112970063269742,-0.0259323954498962,0.0027806506696284,2013,
OLS,vi,201302,201303,0.0339661309825032,,0.00399666168077774,0.0116202499700828,0.00066291574015831,2005,
OLS,vi,201303,201304,-0.0444066460624441,,0.0488094149078064,0.0320887450068617,0.00749557505662835,1995,
OLS,vi,201304,201305,0.0692192426802007,,-0.00947411746274666,-0.0137597098910521,0.000471102775607357,1987,
OLS,vi,201305,201306,-0.00176599380929714,,0.0153793433109636,-0.0236613411809479,0.00901150805977147,1978,
OLS,vi,201306,201307,0.070219565283603,,-0.00616614084719461,0.0128447229686068,0.00130501193634347,2064,
OLS,vi,201307,201308,0.0131204033491373,,-0.0283447937793349,-0.0329749650752061,0.00360336223089852,2053,
OLS,vi,201308,201309,0.0847849357576216,,-0.0362344536294697,-0.00477193057178622,0.00382150205451026,2042,
OLS,vi,201309,201310,0.046289103110934,,0.00375276015935794,-0.0286747210754736,0.00493782216109673,2031,
OLS,vi,201310,201311,0.032590885891122,,0.0184393095626875,0.00109672033446878,0.00121870016731007,2016,
OLS,vi,201311,201312,0.0330270805032021,,-0.0188078864540803,0.0101117401179412,0.00493486972198598,2001,
OLS,vi,201312,201401,-0.0219549015008994,,-0.0131126573256674,0.0378374188376666,0.0070687134995463,1987,
OLS,vi,201401,201402,0.0760561719310787,,-0.0400977649109387,-0.00802551859517507,0.00631501748277985,1975,
OLS,vi,201402,201403,0.0398484002765168,,-0.0357890419236336,-0.0358135153228108,0.00567549499250597,1961,
OLS,vi,201403,201404,-0.0335570965334888,,0.00278582153678191,-0.00297383786973169,0.000186525895850886,1955,
OLS,vi,201404,201405,-0.00355321948299185,,0.000123328929778674,0.00572495422350248,0.000209212227858524,1949,
OLS,vi,201405,201406,0.0349918936721805,,-0.0259008440345556,0.0429865778703302,0.0181299479845363,1939,
OLS,vi,201406,201407,-0.0456511772798068,,0.0209218796493477,-0.0228548554648908,0.0127826427717668,2001,
OLS,vi,201407,201408,0.035132006752991,,0.0155202595542218,0.00216231608622966,0.000666273910421178,1992,
OLS,vi,201408,201409,-0.0688264182965451,,0.0590225312877001,-0.0256283565901221,0.0259081433218822,1984,
OLS,vi,201409,201410,-0.0185758917172127,,0.0811203441946134,0.00424824271192839,0.0212034030366657,1976,
OLS,vi,201410,201411,-0.0103022871576683,,0.0431346950601085,-0.021510591521679,0.0161264605847181,1964,
OLS,vi,201411,201412,0.00358367499459874,,0.0484440768072902,-0.0318559517748312,0.0119492132243831,1958,
OLS,vi,201412,201501,-0.0266998097551688,,0.00154312570454709,-0.0105645551245215,0.000663657017330843,1943,
OLS,vi,201501,201502,0.0979473001097689,,-0.0732492457782905,0.0264543265931365,0.031464338024588,1931,
OLS,vi,201502,201503,0.00628286122966054,,0.0123535721450701,-0.034569293113837,0.0107155469719553,1918,
OLS,vi,201503,201504,0.0276488012863991,,-0.0447468571615492,-0.00857446572375307,0.00676227558723974,1908,
OLS,vi,201504,201505,-0.00224829528203955,,0.01311425012684,-0.00521737563422476,0.00133426817539339,1903,
OLS,vi,201505,201506,-0.0186199279271855,,0.0341900323005966,-0.0164858806660851,0.0144919847022538,1897,
OLS,vi,201506,201507,-0.0990466266334714,,0.0959626229521878,0.0182089766513232,0.0281494168815204,1959,
OLS,vi,201507,201508,-0.0113770669417709,,-0.0273581011790535,-0.0285803085550307,0.00136897295313065,1942,
OLS,vi,201508,201509,-0.0801999367053903,,0.0656602767763058,-0.0379293741698784,0.039468100085289,1933,
OLS,vi,201509,201510,0.0535859950213018,,0.0015285781557845,0.0178041128739496,0.000952527469756936,1921,
OLS,vi,201510,201511,0.0234884491291812,,-0.0160347274492432,0.00414028442427543,0.0013567142699682,1905,
OLS,vi,201511,201512,-0.0844547570807025,,0.0809996592877864,-0.0195095392368052,0.0383258374702826,1901,
OLS,vi,201512,201601,-0.0765769816829405,,0.0448713829429508,-0.0643900255492766,0.0409826715939554,1883,
OLS,vi,201601,201602,0.0373223677392281,,-0.00824132035438283,-0.0355113683476881,0.00323640454733531,1861,
OLS,vi,201602,201603,0.100798769806542,,-0.0469365814254536,0.0195543666495187,0.0103316243904957,1851,
OLS,vi,201603,201604,0.0930092396696686,,-0.104548929417167,-0.00780712869667939,0.0335417128443885,1839,
OLS,vi,201604,201605,-0.0464551401613436,,0.0351885763976978,0.0520304741779457,0.00248715825046508,1825,
OLS,vi,201605,201606,0.0455685879922184,,-0.0122200697665743,-0.0621315983129204,0.00580044184155992,1811,
OLS,vi,201606,201607,0.0531543490931403,,0.0114350964370612,0.00239372932527475,0.000316537803530914,1890,
OLS,vi,201607,201608,0.0387140500973519,,-0.0269267810025215,-0.0187168948190467,0.00107289393368992,1880,
OLS,vi,201608,201609,0.0526693552714511,,-0.0574296755738699,-0.00922250852858094,0.0121081142415834,1869,
OLS,vi,201609,201610,-0.0326533972980059,,0.0208331351153202,-0.0649285752743164,0.0454686190866815,1853,
OLS,vi,201610,201611,0.200440100506831,,-0.121035669297814,-0.0938169815421074,0.0218836571808009,1848,
OLS,vi,201611,201612,0.0525219082476994,,-0.0140213027038096,-0.0564554665553239,0.0115950524889877,1833,
OLS,vi,201612,201701,-0.024239310221773,,0.00833579811490103,0.071175795468013,0.025740327470546,1825,
OLS,vi,201701,201702,-0.069294539966259,,0.080375677937091,0.0733439084217578,0.0180297910573638,1818,
OLS,vi,201702,201703,-0.00915637809250688,,0.0193312288498918,0.0113036414345048,0.000822562248125824,1802,
OLS,vi,201703,201704,-0.0113917037034908,,0.0389424737567761,-0.00258955783737116,0.00999162903789663,1791,
OLS,vi,201704,201705,-0.0336229246137325,,0.0381761587828497,-0.00351790992981782,0.00712765495490275,1778,
OLS,vi,201705,201706,0.0630154426969988,,-0.0466654474281641,-0.0276715846854954,0.00558324449677372,1767,
OLS,vi,201706,201707,-0.00779240409287077,,0.00446951654133958,0.00535508848767836,0.000104996535052693,1868,
OLS,vi,201707,201708,-0.0402685339877427,,0.0296621678362761,0.0181035321709482,0.00157273650536871,1863,
OLS,vi,201708,201709,0.0967510731126025,,-0.0546760802993988,0.000730718073395048,0.00817270609296184,1849,
OLS,vi,201709,201710,-0.00319378587760025,,0.0103073586222618,0.00473706819465145,0.000225261433868251,1836,
OLS,vi,201710,201711,0.0633125630570618,,-0.00817111369577404,-0.0446411776972544,0.00502933529545324,1827,
OLS,vi,201711,201712,0.0319621616245649,,-0.022779130161223,-0.0140501817672965,0.000965422787792214,1814,
OLS,vi,201712,201801,0.0242175435075222,,-0.006508509314873,0.0187841843578396,0.00251618007157228,1802,
OLS,vi,201801,201802,-0.085543013813897,,0.0597092237519297,0.0188516741868738,0.0105133753106899,1797,
OLS,vi,201802,201803,-0.00558580691644663,,0.027200548110068,-0.0116127408963848,0.00689943185182995,1787,
OLS,vi,201803,201804,0.0031299603123734,,-0.000742349529916215,0.0015382439716561,2.33319633353712e-05,1777,
OLS,vi,201804,201805,0.0427794527393082,,0.0166942332694333,-0.00507732626037651,0.00156569845401289,1772,
OLS,vi,201805,201806,-0.0189744814697226,,0.05855647799381,-0.00669527870252947,0.0221113784871627,1768,
OLS,vi,201806,201807,0.0307757227339395,,0.000141436659427455,-0.0380997766239559,0.0092231595377682,1830,
OLS,vi,201807,201808,-0.0433447226254295,,0.105420452933109,0.0429062527342944,0.0241943195931598,1821,
OLS,vi,201808,201809,-0.0289957667873716,,0.0064225842815989,0.0107545896107221,0.000395610381228484,1817,
OLS,vi,201809,201810,-0.071569747765848,,0.0026214260267045,-0.072881128976086,0.031298661190129,1812,
OLS,vi,201810,201811,-0.00995648476302862,,0.0258604984010784,-0.0145806947643885,0.00453012291850419,1803,
OLS,vi,201811,201812,-0.128468708491615,,0.0539963719327777,-0.0580402058099314,0.0494843170881883,1787,
OLS,vi,201812,201901,0.0778133758376057,,0.00775366267546324,0.102450999150059,0.0315337323052317,1776,
OLS,vi,201901,201902,-0.00386060893543006,,0.0442670100963795,0.0570678454623581,0.00610089646093637,1766,
OLS,vi,201902,201903,-0.0413460805488366,,0.00896646177350485,0.0327928590086425,0.00390334706659257,1759,
OLS,vi,201903,201904,0.0463475954800904,,-0.00589611118740819,-0.0374671920500486,0.00554041440979713,1747,
OLS,vi,201904,201905,-0.0726574403591016,,-0.0093036189276706,-0.0337848675221514,0.00310853160820279,1740,
OLS,vi,201905,201906,0.0334175822922049,,0.0244845717442989,0.0317771358350731,0.00189459031233197,1734,
OLS,vi,201906,201907,-0.0166517313521156,,0.0262024766334765,-0.00459395257330846,0.00303582396745217,1831,
OLS,vi,201907,201908,-0.0824873038281623,,0.0451911750836995,0.00486761159251647,0.00443303998660061,1819,
OLS,vi,201908,201909,0.10731901299692,,-0.0403854754355924,-0.113915629146953,0.0328464510403326,1811,
OLS,vi,201909,201910,-0.00368899320780025,,0.0268637516239241,-0.0204461055489906,0.00601593620214946,1802,
OLS,vi,201910,201911,0.00460613374748599,,0.0113666353518191,0.0534365713237807,0.00454859333427249,1790,
OLS,vi,201911,201912,0.102108979745327,,-0.0895969256377283,-0.0268961183344906,0.0135313330176521,1780,
OLS,vi,201912,202001,-0.0998494455136022,,0.0519417606263304,0.0992142422932902,0.0124131057091141,1766,
OLS,vi,202001,202002,-0.0933132073360047,,0.013883150208323,0.015130064437518,0.000142216097717918,1764,
OLS,vi,202002,202003,-0.2971114450977,,0.0886905747951084,0.0348781605091306,0.00753842541007721,1760,
OLS,vi,202003,202004,0.192635318687762,,-0.0333128073569191,0.0693802958584557,0.00708909338181896,1751,
OLS,vi,202004,202005,-0.0123336644834232,,0.0719427351770519,0.0988464291839294,0.00930995347724262,1746,
OLS,vi,202005,202006,-0.00381506547523078,,0.0499719588480088,0.0872307927134225,0.00670739366212458,1732,
OLS,vi,202006,202007,-0.0321969924863827,,0.0838736570896924,0.0750834325935378,0.00651793568620107,1795,
OLS,vi,202007,202008,0.0563883841265737,,0.00715824669295564,-0.00976083252897762,0.000523715552224968,1783,
OLS,vi,202008,202009,-0.0222397567930476,,-0.00196454456678292,-0.0171483044147575,0.00092272929661763,1779,
OLS,vi,202009,202010,0.00803249817629553,,0.0197403612450207,-0.0144508913973454,0.00314889349563874,1770,
OLS,vi,202010,202011,0.211838464480896,,-0.0504778107967145,0.0659478148297817,0.00875495973493567,1764,
OLS,vi,202011,202012,0.0844043714246237,,-0.0202161206018334,0.0266801708858207,0.00336654267521019,1758,
OLS,vi,202012,202101,0.181699823515228,,-0.100184743125937,-0.0248764320033404,0.00168803454575983,1749,
OLS,vi,202101,202102,0.147547417956326,,-0.072065095032097,-0.0188781999219744,0.00506119584177545,1743,
OLS,vi,202102,202103,0.119861242103973,,-0.0750512752333859,-0.10351758540312,0.00626341653990425,1735,
OLS,vi,202103,202104,0.0227235727414773,,0.018973473977116,-0.034310664481172,0.00992575436331455,1731,
OLS,vi,202104,202105,0.0654177937993778,,-0.0405155524456281,-0.0378921229876652,0.00206626345931227,1720,
OLS,vi,202105,202106,-0.0550651676696216,,0.0799087379469927,0.0907256755025375,0.00942056388162849,1715,
OLS,vi,202106,202107,-0.00684007744977614,,0.0419584306397317,-0.0910826402230046,0.0792342581801705,1788,
OLS,vi,202107,202108,0.0379542854479508,,-0.0331102887666862,-0.00436270164342698,0.00283099766205908,1783,
OLS,vi,202108,202109,0.0171887118475304,,-0.0743710508943078,-0.01385976623079,0.0193559709711065,1775,
OLS,vi,202109,202110,0.0454673515612418,,0.00772690746223813,-0.0337656057077454,0.00844869183165364,1766,
OLS,vi,202110,202111,-0.00704906550835232,,0.0220431642200951,-0.103980018055513,0.0510806517216391,1758,
OLS,vi,202111,202112,0.0661544615560141,,-0.0044999559527953,-0.0901400896704345,0.0348664320169001,1750,
OLS,vi,202112,202201,0.0188101561764984,,-0.0918799441220292,-0.0836904269329047,0.0214946120313695,1738,
OLS,vi,202201,202202,0.0515616715790765,,-0.0694421421982738,-0.0120173662242899,0.0112730129658924,1737,
OLS,vi,202202,202203,0.0237192800682142,,-0.0496159818830096,0.0531552383115419,0.0247112691050081,1732,
OLS,vi,202203,202204,0.01580761309473,,-0.0530689972019137,-0.167748584966284,0.0882010849233501,1721,
OLS,vi,202204,202205,0.0653763555656725,,-0.0555155604235992,-0.0893182932602505,0.0152679425043942,1716,
OLS,vi,202205,202206,-0.0642765419121308,,-0.0225274767460903,-0.00277845577951582,0.00117358405584667,1708,
OLS,vi,202206,202207,0.0327201875075429,,0.0692117998873894,0.0357552429619826,0.00629958376332285,1807,
OLS,vi,202207,202208,-0.0162763319697067,,-0.0335735750578288,0.0363613826407941,0.0118225083943218,1799,
OLS,vi,202208,202209,-0.109035713184774,,0.0143109625734755,-0.0354603466628276,0.0115293923565886,1792,
OLS,vi,202209,202210,0.176019615292417,,-0.0468265971913047,-0.118875185722171,0.0204653043439788,1786,
OLS,vi,202210,202211,0.0712959036768315,,-0.00192560321389862,-0.0849521611998911,0.016821786266657,1775,
OLS,vi,202211,202212,-0.0346389557536637,,-0.0192176625957217,-0.0281482626833134,0.000740792569558946,1770,
OLS,vi,202212,202301,0.102778319732655,,-0.0294155525318726,0.0986489455604073,0.0324789053708768,1763,
OLS,vi,202301,202302,-0.0342235380895065,,0.0437492005965356,-0.0579247326826348,0.0348064755399377,1758,
OLS,vi,202302,202303,-0.0513113181427085,,0.0411156655419815,-0.0300352010839024,0.00964346504851299,1745,
OLS,vi,202303,202304,-0.0146417974896129,,-0.00983035110215384,-0.0164718817436098,0.000678504843484418,1732,
OLS,vi,202304,202305,-0.0356923314433064,,0.000205292199360217,0.049271105310218,0.00501770402724244,1730,
OLS,vi,202305,202306,0.106411554579197,,-0.00402790679091823,-0.0707253579622418,0.0141770824164181,1720,
OLS,vi,202306,202307,0.0454023317127084,,0.0129720786481288,-0.0251693730253546,0.00394721263083542,1862,
OLS,vi,202307,202308,-0.0263595158765295,,0.0151079527815734,-0.0782795542749099,0.0193022158741357,1853,
OLS,vi,202308,202309,-0.0223938004759949,,-0.0100629475488118,-0.0822051966560218,0.0298969707028014,1840,
OLS,vi,202309,202310,-0.0191679764534883,,-0.0213682456094128,-0.108141386674375,0.0390919445556067,1830,
OLS,vi,202310,202311,-0.0471220553336976,,0.136033948606566,0.1049827270446,0.0106624606790182,1821,
OLS,vi,202311,202312,0.074595736358409,,0.00475473855001648,0.0677223511788651,0.00617465494595237,1811,
OLS,vi,202312,202401,-0.0289999759821083,,-0.00199691587377428,-0.0126027197194162,0.000400038376208389,1799,
OLS,vi,202401,202402,0.0731884839039284,,-0.0504819040234977,0.00436740134329101,0.00506510924103265,1793,
OLS,vi,202402,202403,0.0579894638490094,,-0.0222116705101261,-0.0316020116834357,0.00140324126507418,1786,
OLS,vi,202403,202404,-0.0532563561316671,,0.00244836466834828,-0.054177167335603,0.0121590349393906,1778,
OLS,vi,202404,202405,-0.0151380783252777,,0.0863336201814745,0.030660932463313,0.000725611419394756,1770,
OLS,vi,202405,202406,-0.117618714183818,,0.0942111327608253,0.0555749815096592,0.0175592518888273,1754,
OLS,vi,202406,202407,0.122697465091696,,-0.0662380680858438,-0.0353449660415077,0.00510736371988485,1981,
OLS,vi,202407,202408,-0.00143337590694829,,-0.0100647888485232,-0.0456296834847292,0.00290706989655554,1966,
OLS,vi,202408,202409,0.00817023321365725,,0.0101711555703823,-0.0182273832626008,0.00195018804580083,1956,
OLS,vi,202409,202410,-0.0538149196530406,,0.00880171791550305,0.0564776988175186,0.0083487372062484,1946,
OLS,vi,202410,202411,0.0475063753828586,,0.0643070927767571,0.013103281177341,0.00268598649006879,1934,
OLS,vi,202411,202412,-0.105700481193896,,0.0589806992100848,0.0646518050361514,0.00407736946102222,1924,
OLS,vii,197306,197307,0.113593668376965,-0.0233308665339064,-0.000499180465577134,0.0455308527910084,0.0201438528267794,1445,
OLS,vii,197307,197308,-0.0272929985468593,-0.0154264568627472,-0.0244815521495367,-0.0130734356520462,0.00460545362741105,1443,
OLS,vii,197308,197309,0.0151209230216771,0.0634334747090287,-0.0424690649039605,0.121454271799008,0.0274555116494889,1443,
OLS,vii,197309,197310,-0.0150703271351131,0.0567144122749648,-0.0549422435973168,0.0266462116961317,0.0296038930109351,1443,
OLS,vii,197310,197311,-0.102453367035008,-0.0676755789631638,-0.0426364787763742,-0.0809869272296847,0.0133637280986634,1441,
OLS,vii,197311,197312,0.068903497782776,-0.0878090394657214,-0.0882079045640954,-0.0397397624296536,0.0314014806584594,1444,
OLS,vii,197312,197401,0.146742536974308,0.0740350321579955,-0.00871426812534139,-0.0875379120854117,0.0604488297856427,1442,
OLS,vii,197401,197402,-0.0570730361258057,0.0801237356931875,-0.00257076921239711,0.0375239235766902,0.0156567408517282,1441,
OLS,vii,197402,197403,-0.00280828849592485,0.0041934747738633,0.032939556221054,-0.0372236880534069,0.0155707868720838,1440,
OLS,vii,197403,197404,-0.0407663339379501,0.0084758454214427,0.00662429979822051,-0.0382313507751138,0.0200807616822203,1439,
OLS,vii,197404,197405,-0.0572010756757056,-0.0315093931782241,0.0265786064851776,-0.0308823551378167,0.00852234965917764,1440,
OLS,vii,197405,197406,-0.0216392912318508,0.014792037228148,-0.0269465457366473,-0.00353151023363407,0.0125999116440226,1438,
OLS,vii,197406,197407,-0.129786694338956,0.125553732333376,-0.0314341039391761,0.0496482175108375,0.0548037348489961,1561,
OLS,vii,197407,197408,-0.0610459686639959,0.00480760643049454,-0.0146796271718782,-0.0328204541598596,0.0128242337362905,1560,
OLS,vii,197408,197409,-0.0637320039787864,-0.0134301196416678,0.0102453674320954,-0.0698918600127446,0.0204216777158396,1557,
OLS,vii,197409,197410,0.0739165377214449,-0.0158359146093242,-0.0450956167419178,0.126894031141945,0.0432151642969487,1558,
OLS,vii,197410,197411,-0.00801090989988398,-0.0676460576228637,-0.0155328217263009,-0.00995676678299772,0.0190397849793399,1551,
OLS,vii,197411,197412,-0.0081954043553036,-0.0967673262121695,-0.0033717553398882,-0.0381093351159507,0.0180931279613975,1553,
OLS,vii,197412,197501,0.228354835114368,0.165391479955411,0.0493372741145608,-0.0826694507436827,0.0777709857616818,1553,
OLS,vii,197501,197502,0.070184796363044,-0.0393406101945662,-0.0210742313105997,0.0129443529589184,0.0110178923987689,1551,
OLS,vii,197502,197503,0.105572796983546,0.00191103824858934,0.0332368354014272,-0.0585838312791664,0.0155387177958328,1548,
OLS,vii,197503,197504,0.0577202658568799,-0.0367349434734837,-0.0175827983211228,0.0153753808391026,0.0109455671791825,1548,
OLS,vii,197504,197505,0.0952746789700786,-0.0287144073817468,-0.0092754090783976,-0.0170985101001846,0.000762008166241279,1546,
OLS,vii,197505,197506,0.122910878309574,-0.0297079283124727,-0.00719678403010467,-0.054067986079632,0.00325686532654401,1545,
OLS,vii,197506,197507,0.0138956086044401,0.00519013456651226,-0.0145517685174941,-0.0626391384519833,0.026986691073288,1956,
OLS,vii,197507,197508,-0.04890851695456,-0.0255959207850882,-0.0015814542712091,0.0143429920178818,0.0174053556695337,1956,
OLS,vii,197508,197509,-0.0122645602409231,-0.0324113476479938,0.0143039029096932,-0.0439780814476248,0.00472950267791783,1956,
OLS,vii,197509,197510,-0.0339907253250878,0.0142569580060667,0.0442546831889575,0.0450937685369234,0.0187383181647145,1956,
OLS,vii,197510,197511,-0.00255823251114862,0.0176457797830247,0.0574932723998745,-0.0173095147408929,0.0212721529450627,1956,
OLS,vii,197511,197512,-0.0307783910142247,0.0271582537613792,-0.0222983356341158,0.0249501949670656,0.00446482381744218,1953,
OLS,vii,197512,197601,0.371868714024289,-0.0328896358250305,-0.0229912406542543,-0.243623149855887,0.113328537553128,1903,
OLS,vii,197601,197602,0.12657363743779,0.105833635723831,-0.00961955394352192,-0.122455644837275,0.129550324357332,1948,
OLS,vii,197602,197603,0.00660446224929279,-0.00931941897701872,0.0254850329942945,-0.00934868568595624,0.0035488150142301,1918,
OLS,vii,197603,197604,0.00806787688302661,-0.0216489795706164,-0.0261819353938626,-0.00537725923358545,0.00629372891730518,1930,
OLS,vii,197604,197605,-0.0335135682817398,-0.00588416088652852,-0.0272077583257927,0.0457872182652379,0.0279121749672135,1925,
OLS,vii,197605,197606,0.022313820589568,0.0202508120580345,-0.0287569010884397,0.0310879150942847,0.00743620544195967,1916,
OLS,vii,197606,197607,-0.0206402879603556,0.0191847207664122,0.0114602988701787,-0.00820893370122522,0.00684466348108082,2370,
OLS,vii,197607,197608,0.0757504223739699,-0.099541323284221,0.00482159542284789,-0.10761657282179,0.0107428739015486,2179,
OLS,vii,197608,197609,0.0753135186231589,-0.0691047905125586,-0.00976720238115287,-0.0477236473469557,0.00538667757177958,2354,
OLS,vii,197609,197610,0.0240445143357622,-0.0500669900664517,-0.0149278367113175,-0.0423337037995531,0.00275453047197949,2334,
OLS,vii,197610,197611,0.0774787913497671,-0.0477837152753084,-0.0151123705764846,-0.0455317904039544,0.00210385610616037,2345,
OLS,vii,197611,197612,0.0818098081566062,0.0343003307957845,-0.00327082943677301,-0.00685194223549512,0.00826475755875322,2339,
OLS,vii,197612,197701,-0.0158034757649526,0.102850167528021,-0.00206613184876568,-0.0177861155691995,0.0597972341200936,2307,
OLS,vii,197701,197702,0.0459838675041707,-0.0434305959607354,0.00788056605446944,-0.0701461160167824,0.00908971916561374,2315,
OLS,vii,197702,197703,0.0319755084028805,-0.0126191042149166,-0.0185296306857027,-0.0278872941182397,0.00457229326992004,2307,
OLS,vii,197703,197704,0.0242731524205357,0.00512925684526189,-0.0197678073395614,-0.0134315597551679,0.00653398671393712,2300,
OLS,vii,197704,197705,0.0649460042111934,-0.056245182462346,0.00653480918892898,-0.0809995570897117,0.00820216241605476,2292,
OLS,vii,197705,197706,-0.018688521258884,0.0719665766155468,0.00739746349399256,0.0683214931956074,0.00448072187415605,2278,
OLS,vii,197706,197707,0.00768722928227636,-0.00331120328820445,0.0180237324585441,-0.0333305359500846,0.00935070356625567,2419,
OLS,vii,197707,197708,-0.0163790630918446,-0.0228531697479705,0.035571424595201,-0.0116324403689638,0.0162717591380507,2406,
OLS,vii,197708,197709,-0.00915734725652815,0.0109495938921562,0.0131659544373644,0.00635631647952094,0.00128440091641358,2394,
OLS,vii,197709,197710,-0.00560141790401422,-0.021869309406166,0.018175796849197,-0.0479314201458937,0.00941206647220627,2377,
OLS,vii,197710,197711,0.0571511892003954,0.0220126493375773,0.00814378086197274,0.00538136901171241,0.0014613430603394,2373,
OLS,vii,197711,197712,-0.0260613023163878,0.0369298508481561,0.00680317478319068,0.0348245753488524,0.00144240894250547,2363,
OLS,vii,197712,197801,-0.0264298465760709,0.036933531708478,-0.0063828741671066,-0.027315816641514,0.0341140919210158,2348,
OLS,vii,197801,197802,-0.00518014131818331,0.0310146839990989,0.0264720601336891,-0.00872129184249667,0.0150866970470405,2331,
OLS,vii,197802,197803,0.0561810716212216,0.0254870003140762,-0.00444626149501047,0.00112930487139361,0.00400275952735651,2319,
OLS,vii,197803,197804,0.0199973467444949,0.0536340995892422,0.0176208972375452,0.0552414230030408,0.00335693059132358,2307,
OLS,vii,197804,197805,0.0154452431187317,0.0458401656532256,0.0256881821780835,0.0280587370377131,0.00460118744129001,2297,
OLS,vii,197805,197806,-0.0125532862999704,0.0113372523579918,0.0086488443936581,-0.00741339672635338,0.00245350504557362,2274,
OLS,vii,197806,197807,0.0296319352551382,0.00641585958432434,-0.0131556169238434,0.0466128634506195,0.0121215056571756,2362,
OLS,vii,197807,197808,-0.0116094486617079,0.0903012631330868,0.0397749209146944,0.0601369896499925,0.00644178711744059,2354,
OLS,vii,197808,197809,-0.0266039795728417,0.0498081062239179,-0.0205519388773148,0.0102314928781727,0.0154882769588113,2339,
OLS,vii,197809,197810,-0.053451757843638,-0.131933401213185,-0.0363770557746556,-0.133318176572376,0.0123566452194229,2334,
OLS,vii,197810,197811,0.0209137845750964,0.00397196927466254,0.015645639789554,0.0391701340613185,0.00778099268167887,2325,
OLS,vii,197811,197812,0.00913662110165344,-0.0308576865833167,0.00869892399533796,0.014164552682563,0.0139930356251164,2314,
OLS,vii,197812,197901,0.0720612734264927,0.0627054785002299,-0.021042920545748,0.000566915888719181,0.021971376745581,2306,
OLS,vii,197901,197902,-0.057384058581741,0.034780185651305,-0.00790723371404825,0.0191047451917259,0.00490135469623065,2272,
OLS,vii,197902,197903,0.0227049591165666,0.0571226396139926,-0.0253960192524186,0.0793962972114047,0.01179406151499,2264,
OLS,vii,197903,197904,-0.00129345881940963,0.033723909793799,-0.0146313249089928,0.0196731400317523,0.00512586930411141,2261,
OLS,vii,197904,197905,-0.0393928714243246,0.0262077536309525,0.00184131672855569,0.00954809967857864,0.00222713273612107,2250,
OLS,vii,197905,197906,0.0437226114204422,0.00941272876796408,-0.0591641718646655,0.0413492180981631,0.0212029830369909,2241,
OLS,vii,197906,197907,0.09665975030914,-0.0740121229591095,-0.0107335766392548,-0.0729145619880654,0.00417493922647538,2316,
OLS,vii,197907,197908,0.0527750119269131,0.00537570373778584,0.00335319446141845,0.0341219021755825,0.0047356019828485,2300,
OLS,vii,197908,197909,-0.0162155248965004,0.00544187809050747,-0.0196433580129585,0.024158979922986,0.00551570718199013,2286,
OLS,vii,197909,197910,-0.0209191394430967,-0.0841209629533943,-0.00643403248058974,-0.0775327681023859,0.00496364325901855,2276,
OLS,vii,197910,197911,-0.00335018950360473,0.0345745196581639,-0.0180780992056355,0.103987043603959,0.0310617206739576,2273,
OLS,vii,197911,197912,0.0278803701795564,0.0245018082861241,-0.0322429382669686,0.0598341006510412,0.0125507245952864,2263,
OLS,vii,197912,198001,0.0752869868189872,0.0608291699063702,-0.0720301231128573,0.0485781621578435,0.0203269914498234,2238,
OLS,vii,198001,198002,-0.011056522786677,-0.00765766426317525,-0.0294197437846593,0.00309681602066711,0.00488487826799111,2209,
OLS,vii,198002,198003,-0.116415654380636,-0.0715365633952856,0.0365980561933588,-0.0811349032541519,0.0237414137470412,2195,
OLS,vii,198003,198004,0.00834157002143401,0.00855358180716726,0.000519138333680141,0.0365061436382351,0.00510389969395475,2189,
OLS,vii,198004,198005,0.0861351546021629,-0.0341586241360917,0.0152940737690885,-0.0211851786811087,0.0042152987110472,2181,
OLS,vii,198005,198006,0.0490176999998819,-0.0184822163765175,-0.0205629126741997,0.00194258296725803,0.00500181226023477,2178,
OLS,vii,198006,198007,0.0834874949736544,-0.0197597923276193,0.0278123976966508,0.0286346220614261,0.0144484266812369,2259,
OLS,vii,198007,198008,0.0517932571879829,-0.00880381454587673,0.00267626736459133,0.0319386572587049,0.00756944724009012,2258,
OLS,vii,198008,198009,0.0438155929873562,-0.0229850161159817,-0.00582793732762559,0.00624578880875012,0.00405852984076893,2249,
OLS,vii,198009,198010,0.0702046461849802,-0.0517948461513619,-0.0150491379236825,-0.029429636930984,0.00382221549036621,2236,
OLS,vii,198010,198011,0.0968096145768663,-0.0901360869946052,-0.0538379194296462,0.0598516415599531,0.0884276905229714,2228,
OLS,vii,198011,198012,-0.0565126009398727,-0.00948172463738267,0.0507508260896571,-0.0274991126052181,0.0165893619524108,2225,
OLS,vii,198012,198101,0.00061075898342548,0.0434071289591403,0.00540335502281896,-0.0600531167339482,0.0613808033305935,2224,
OLS,vii,198101,198102,0.0500915043933363,-0.0197734136604974,-0.014605261037731,-0.0581531446593873,0.012903598590718,2183,
OLS,vii,198102,198103,0.0603525844049019,0.0103321305826957,0.0126341141934919,0.00238294066778297,0.000826738669113869,2173,
OLS,vii,198103,198104,-0.0390841644913662,0.0495610244885962,0.0667328940304764,0.000664252624068939,0.027163951219515,2166,
OLS,vii,198104,198105,0.0143929988583114,0.00732731096264618,0.0107243983597566,-0.00956027097886612,0.00189078583172231,2155,
OLS,vii,198105,198106,0.017597927297907,0.000412929367185403,0.0118858599215222,-0.0840939911904741,0.0473027121465895,2154,
OLS,vii,198106,198107,0.063887315003679,-0.0804165884485483,-0.0360874749776578,-0.0751217375100334,0.00901885381642098,2284,
OLS,vii,198107,198108,-0.00948238887551486,-0.040572849328356,-0.00345008956244658,-0.111015425587318,0.0427176771419062,2279,
OLS,vii,198108,198109,-0.0922004682209041,0.00565418839453287,0.0414933808624098,-0.0466735860578821,0.0312746002430223,2259,
OLS,vii,198109,198110,0.150985488633129,-0.123409547565931,-0.0158035497573877,-0.0340254759239146,0.03404377754626,2254,
OLS,vii,198110,198111,0.0391524611498261,-0.0274429361664565,0.00453410498210708,-0.0361815002203391,0.0016657655622403,2249,
OLS,vii,198111,198112,-0.0402158346350947,0.00729520357852117,0.0487882778142637,-0.0284461364417416,0.022411691459148,2246,
OLS,vii,198112,198201,-0.02841642265426,0.0126053991549629,0.0229319153202642,-0.0324864268984099,0.0171806285684166,2228,
OLS,vii,198201,198202,-0.0564553959363915,0.0344768691297335,0.0292524756658052,-0.0500943364853749,0.0486552320418034,2211,
OLS,vii,198202,198203,-0.110096820626151,0.0833754839426834,0.0657610099575673,0.0332675218530859,0.0317128623586097,2194,
OLS,vii,198203,198204,-0.0608713089135792,0.0730803590213226,0.0429828175958078,0.0872335497208506,0.0099205321342134,2181,
OLS,vii,198204,198205,0.0138196558142167,-0.0419106563452907,0.0246443747724025,-0.0768752017457103,0.0233914034251294,2175,
OLS,vii,198205,198206,-0.123315192791802,0.104586779926377,0.0389046513496827,0.0337741740565447,0.0324447308900826,2161,
OLS,vii,198206,198207,-0.0314363558966558,0.000349435196644232,0.0478903092413596,-0.0299762984246165,0.0166936654505117,2341,
OLS,vii,198207,198208,0.116128985585487,-0.0716230810479186,-0.0183422844636972,-0.00880356066938598,0.0169927605264093,2337,
OLS,vii,198208,198209,-0.0161403256489436,0.027139936451328,0.0659097764407614,-0.016531032612625,0.0263254407378136,2323,
OLS,vii,198209,198210,0.0841127782430747,0.00727846556021366,0.0230089302167861,0.0501065076613812,0.00636240212396289,2307,
OLS,vii,198210,198211,-0.126257282211666,0.197226201245759,0.100653982952099,0.121726938803156,0.0291686500936249,2295,
OLS,vii,198211,198212,-0.0147082068992359,0.0265766722821101,0.0237382082012031,0.0112259089075803,0.00240570198871881,2289,
OLS,vii,198212,198301,0.131253081854305,-0.0168869399917271,-0.0808948128963783,0.0130800604083851,0.0173659490797594,2266,
OLS,vii,198301,198302,-0.0454910097048776,0.10326619221412,0.0730926970505546,0.013285352237381,0.0470945233169545,2248,
OLS,vii,198302,198303,-0.0859622196269062,0.135513005320127,0.0445577673810182,0.081667670041335,0.0173208182957135,2237,
OLS,vii,198303,198304,0.0482045021717563,0.0267798530620966,0.00786453544690466,-0.00344050792122516,0.00343990637215796,2223,
OLS,vii,198304,198305,0.0361390547606036,0.0439282322981971,-0.0291621496594731,0.0715137967943314,0.00902553288932994,2215,
OLS,vii,198305,198306,0.0165117477240232,0.0239254297648239,0.0192178998366043,0.0148327551635929,0.00151861896157235,2206,
OLS,vii,198306,198307,-0.0470389230421669,0.0552036056156598,0.00393519145511042,-0.0302597206665943,0.0441405592524657,2384,
OLS,vii,198307,198308,-0.0117312911648969,-0.00615380496521558,-0.00288831555422347,-0.0440093659535641,0.0109897656740247,2372,
OLS,vii,198308,198309,0.00621891596007974,-0.00515541756625239,0.0402796531522883,-0.0477837295887222,0.0236878880954392,2360,
OLS,vii,198309,198310,-0.0727134302141428,0.0437608602260874,0.00493595507133185,-0.0305989105016223,0.0286457606072855,2345,
OLS,vii,198310,198311,0.0366657122008958,-0.00558603926588495,0.0241419548728292,-0.0167913105267506,0.00441429431621943,2342,
OLS,vii,198311,198312,-0.00542575387224114,0.011298353975223,-0.0038525013402507,-0.0405679188477175,0.0185519023783352,2337,
OLS,vii,198312,198401,-0.0299563218151098,0.0741202011601826,-0.0386875570538514,0.00648962644637606,0.0373854243011389,2316,
OLS,vii,198401,198402,-0.0740142808875997,0.0308664002242606,-0.0124264858801174,-0.00400436738479728,0.0109488720850499,2300,
OLS,vii,198402,198403,0.0122542665237823,0.0144888579724078,0.00390280666373268,-0.0329768719305434,0.0108853011206672,2279,
OLS,vii,198403,198404,0.00322111115341685,-0.0179535095833202,0.0281300049080566,-0.0583226945206341,0.021926756205787,2266,
OLS,vii,198404,198405,-0.0484707259676857,0.00235916020344914,0.0291640377071753,-0.0440826209427108,0.0172308159658019,2252,
OLS,vii,198405,198406,0.0211543595385106,-0.0396667455416373,0.0553066908973836,-0.0257057674729616,0.0245548619505579,2246,
OLS,vii,198406,198407,-0.0103380922099961,-0.0315557154121513,0.0305509083385505,-0.0906016822067375,0.045108258600057,2510,
OLS,vii,198407,198408,0.111573831097092,-0.0607469090350165,0.0350677889307063,-0.00643823202071694,0.018516226338805,2495,
OLS,vii,198408,198409,0.031149424611405,-0.0110788391394687,-0.0111393422760719,-0.0700502235069412,0.0224194083359484,2477,
OLS,vii,198409,198410,0.0322537393554358,-0.0600499419397748,0.0218850200428523,-0.0973470114965735,0.0313493274663428,2456,
OLS,vii,198410,198411,0.0160547809402969,-0.0358504932059459,0.0206598101791846,-0.0990253080166089,0.0412939196033002,2439,
OLS,vii,198411,198412,0.000746075184068551,-0.0207195041491657,0.038982306103955,-0.0209747758950372,0.00922508690270762,2417,
OLS,vii,198412,198501,0.0655891351609741,0.0039318513384666,0.0220723467929401,0.0682097435552384,0.013538481123942,2395,
OLS,vii,198501,198502,0.0488599178110787,-0.0164062644917658,7.00971595305527e-05,-0.0105953887818909,0.000398757693054197,2375,
OLS,vii,198502,198503,0.0100879537941124,-0.00906978873659137,-0.0130350355735133,-0.0466597560853048,0.00780764418362168,2357,
OLS,vii,198503,198504,0.00354950794672191,-0.00679947022573833,0.000804801609834952,-0.0518461073794403,0.0145756572398893,2348,
OLS,vii,198504,198505,0.0105858860746339,-0.00510947119347113,0.0430263319307945,-0.0167840498183588,0.0102281330033114,2332,
OLS,vii,198505,198506,9.58720279724826e-05,-0.0122550333345429,0.0317719712507918,-0.0314184196744546,0.0114826233505309,2319,
OLS,vii,198506,198507,0.0608030376162579,-0.0308620672183613,-0.0170899633687799,-0.037506215416605,0.0027154624015937,2535,
OLS,vii,198507,198508,0.0194426525875455,-0.0160557757538997,-0.0140475771805819,-0.0363879608925587,0.00336448262847633,2522,
OLS,vii,198508,198509,-0.0212975064816611,-0.0218538947856916,0.017056248905468,-0.0689816926451489,0.0265909026097367,2503,
OLS,vii,198509,198510,0.0500106927324927,-0.0442496711837992,0.0257929708733551,-0.055761689580091,0.0122411316698258,2483,
OLS,vii,198510,198511,0.040070424292755,-0.0261195159904205,0.0488966890279556,-0.0086490342423266,0.0115116280006976,2470,
OLS,vii,198511,198512,0.0863408556752978,-0.0799866844501169,0.0374245123171459,-0.0885272283508441,0.0320223777871635,2447,
OLS,vii,198512,198601,0.0254185060632564,-0.00953938816966711,-0.00927389512530612,0.0164350882538863,0.00220707510083329,2427,
OLS,vii,198601,198602,0.109232550629433,-0.0711672767956332,0.026255897335835,-0.0616414161012054,0.0102914992237151,2411,
OLS,vii,198602,198603,0.0410075319874787,0.0143976702962395,0.0164116487570316,-0.0300822695999615,0.00714494550159162,2396,
OLS,vii,198603,198604,-0.0112331006398927,-0.000823048894360738,0.0339277981309075,-0.00555739868919063,0.00426146736981858,2372,
OLS,vii,198604,198605,-0.0149700109705721,0.0206637352525277,0.0538324061575324,0.0125684297383228,0.0106378062662601,2352,
OLS,vii,198605,198606,-0.0541306618080887,0.032534601818866,0.0432906386911977,0.0312261949511731,0.00355766947006364,2337,
OLS,vii,198606,198607,-0.0920667123812291,0.0169863365111109,0.0155547361583587,-0.0255217376652066,0.00677641842477594,2608,
OLS,vii,198607,198608,0.0796698313704158,-0.0231369151919908,-0.0440810364739163,-0.0495349842518587,0.00801043270718571,2588,
OLS,vii,198608,198609,-0.0454013149218252,0.0371092433515389,-0.0412721488634016,-0.026508839155712,0.0213743889735424,2580,
OLS,vii,198609,198610,0.102490722751273,-0.0940108829394471,0.00353057953969312,-0.0449392879234403,0.0100379538825575,2558,
OLS,vii,198610,198611,-0.0155953588487256,-2.1315417519661e-05,0.049773396077041,-0.0270825295197686,0.0161240973394338,2528,
OLS,vii,198611,198612,-0.0659421791263357,0.0329110333897241,0.0406090732820302,-0.0178193685125343,0.0146964845570676,2498,
OLS,vii,198612,198701,0.169437429006738,-0.039882096473864,-0.0465973668841916,-0.00736733434204635,0.00658943190801087,2447,
OLS,vii,198701,198702,0.0355248884667209,0.00627394681041888,0.0134776185846184,0.0596678279660628,0.00999101335980745,2424,
OLS,vii,198702,198703,0.0330085969061205,0.0365338281839223,-0.0542582256384575,0.0183638308505706,0.0109785951080621,2413,
OLS,vii,198703,198704,-0.0273706919947384,0.0242303923401835,-0.0121154956569155,0.00466129154479206,0.0029829328119001,2390,
OLS,vii,198704,198705,0.0164163884386076,0.00772560351212432,-0.015680781070447,-0.0105727805882517,0.00229607427658352,2375,
OLS,vii,198705,198706,0.0200456456961526,0.00613176792621713,0.0174640449479407,-0.0142471590216698,0.00264582339936181,2366,
OLS,vii,198706,198707,-0.0297401764360868,0.106860916046192,-0.0124241459449796,0.0484575518520192,0.0242735143420673,2716,
OLS,vii,198707,198708,0.0199357801499584,-0.0202644690988622,0.0434394250205294,-0.0399546990999769,0.0182346787572343,2695,
OLS,vii,198708,198709,-0.0400712217931854,0.0300884202552471,0.0162411637196475,0.00432369366910968,0.00343317055042025,2677,
OLS,vii,198709,198710,-0.280039536879919,0.0112845245142681,0.00345309608939669,-0.0469603847388732,0.0144655475863533,2655,
OLS,vii,198710,198711,-0.0142076867769888,-0.00910229483930734,-0.0116551628032112,-0.0590005461412176,0.00914373342302199,2630,
OLS,vii,198711,198712,0.072771162741693,-0.0542016213998071,0.0517520941521058,-0.044561978331784,0.0161807085963331,2600,
OLS,vii,198712,198801,0.033502235155677,0.0317025633783096,-0.0124195829977607,0.0426278955608279,0.00402665989523743,2577,
OLS,vii,198801,198802,0.0697080071532136,-0.00167547462070352,0.0251350612518251,-0.0162151649050602,0.00327416967579264,2555,
OLS,vii,198802,198803,0.0361592772624687,0.0240270003371352,-0.000149481536556295,-0.0191754857756223,0.00479686708191762,2539,
OLS,vii,198803,198804,0.0124880512455379,0.0144306168049955,-1.13825938085464e-05,-0.0100438065296761,0.00194599663574446,2518,
OLS,vii,198804,198805,-0.048376649040958,0.0368567702778036,0.0279629327707035,-0.0158942365098208,0.0130010658536004,2498,
OLS,vii,198805,198806,0.024123083696319,0.00421539959656897,0.0328671181411538,0.0158114082707772,0.00371017643704974,2471,
OLS,vii,198806,198807,0.00386480697663589,0.00331207454481285,-0.00691840243528023,-0.0257034306019897,0.00380988505658053,2568,
OLS,vii,198807,198808,-0.0392820448726924,0.0182832521890178,0.0143739403961029,-0.0144886063189671,0.00473957458076468,2546,
OLS,vii,198808,198809,0.0232681706159473,-0.0247882996903254,0.0217062519804092,-0.00462451125304856,0.00412120140206873,2522,
OLS,vii,198809,198810,-0.014539115005151,-0.00089719019394099,0.0218718997029484,-0.0284400258919173,0.00806880912521657,2502,
OLS,vii,198810,198811,-0.00810596205124246,-0.0211670033809667,0.000287057106054726,-0.0530801032249798,0.0104848034709574,2482,
OLS,vii,198811,198812,0.0710043424542726,-0.0397546253196055,0.00187545994425742,-0.0460236215506131,0.00560574965242344,2455,
OLS,vii,198812,198901,0.00506372917655582,0.0467551771045435,0.00440625679440525,0.0426576441427173,0.0022999760433251,2425,
OLS,vii,198901,198902,-0.021354284727649,0.0197208053749925,0.021122398683436,-0.00646770287915172,0.00430719550306802,2405,
OLS,vii,198902,198903,0.00841748734770918,0.0185445449969034,-0.00367416265103076,0.00879880538322717,0.000998177932853617,2382,
OLS,vii,198903,198904,0.0459493787411654,-0.0185214501851879,-0.00178965984473416,-0.0112670286682459,0.000589890646071067,2365,
OLS,vii,198904,198905,-0.00514339320150292,0.0178555773226863,0.029653114660171,0.013868041511423,0.00237769639708096,2352,
OLS,vii,198905,198906,-0.055773199243242,0.0520459846801967,0.00547169946474851,0.00405181342242164,0.010982721742532,2327,
OLS,vii,198906,198907,0.0628502793267823,-0.0498161790054761,0.00157258811498511,-0.0280087359260758,0.0058297975686149,2601,
OLS,vii,198907,198908,0.0341490119230824,-0.00352243594236908,-0.0117791201297013,-0.0306870089076361,0.00275241908400781,2583,
OLS,vii,198908,198909,0.016450696789345,-0.0298038191752684,0.00239228826767852,-0.0130703336944491,0.00223971339998508,2560,
OLS,vii,198909,198910,0.0114488402521811,-0.0648136523403891,-0.0153669217287473,-0.0614994651839736,0.00882982455682468,2539,
OLS,vii,198910,198911,0.0197831334898466,-0.0341649238415992,-0.0241921352603575,-0.0120075210401123,0.00256225430233326,2521,
OLS,vii,198911,198912,0.00850710899127549,-0.0199579553523951,0.00264262511152666,-0.0174163854283077,0.00119704107089846,2495,
OLS,vii,198912,199001,-0.0430253111729143,0.0153264727872382,-0.0306043157542656,-0.0247346213895527,0.00655700674180393,2470,
OLS,vii,199001,199002,-0.0247239191464121,0.0484347781058452,-0.0034237574446339,0.0352076912399303,0.00357450156751238,2448,
OLS,vii,199002,199003,0.0226436461530967,0.000154838721214334,0.0265405119024502,-0.0116315622088623,0.00303353569214782,2437,
OLS,vii,199003,199004,-0.0349230678598602,-0.0134247846035536,0.0237806325549171,-0.00147001745587647,0.00282907147484124,2419,
OLS,vii,199004,199005,0.0643565987069174,-0.0459437840408428,0.00108145337755852,0.0243678369540897,0.00707290968007446,2403,
OLS,vii,199005,199006,-0.00891314073331468,-0.0108641441631241,0.00972523117645843,0.0202230159916602,0.00275498680818431,2384,
OLS,vii,199006,199007,-0.0232225640436033,0.0168933003350729,-0.0411610718616218,0.00263998943912005,0.00641848438146386,2720,
OLS,vii,199007,199008,-0.0964295104824073,0.0275579844948935,-0.0461163517732908,-0.0423257823741119,0.0140141185280864,2700,
OLS,vii,199008,199009,-0.071905713814863,0.0215675292412544,-0.025522908764495,-0.0204501913588686,0.00547110098417303,2679,
OLS,vii,199009,199010,-0.051246845662453,-0.0161085103653213,0.013392069593222,-0.0183028294033723,0.00167143920945423,2668,
OLS,vii,199010,199011,0.0942797385005389,-0.0864749014406606,0.012017784587075,-0.0282629195480326,0.0104767268764514,2654,
OLS,vii,199011,199012,0.080624715886361,-0.0897094310100918,0.0188294999437971,-0.0825646737561796,0.0188363028111893,2648,
OLS,vii,199012,199101,0.0250740571627576,0.0664148987273037,0.0215664181602014,0.0503971181302924,0.00222698735685289,2629,
OLS,vii,199101,199102,0.168952795434438,-0.0532741024311655,-0.0349585452812267,0.00388908756705704,0.00496231090877641,2613,
OLS,vii,199102,199103,-0.00643406702744288,0.0549331066719697,0.0566501932062109,0.0601948811729235,0.00207661561583405,2600,
OLS,vii,199103,199104,-0.0322665024744241,0.0134817705056956,0.0525601029936458,0.0249081210934474,0.00404836589957625,2577,
OLS,vii,199104,199105,0.00407546059809574,-0.00699745133788968,0.0347116486045839,0.0296557541148587,0.00410577634932907,2566,
OLS,vii,199105,199106,-0.0209720266378189,-0.00605748348975639,-0.00353961708650229,-0.0325937926528484,0.00230629114176639,2551,
OLS,vii,199106,199107,0.0537725798940396,-0.0385883759628488,-0.00373744012888328,-0.00453572341436171,0.00294352736630399,2722,
OLS,vii,199107,199108,-0.0523691042332076,0.0422111821903346,0.0622881246171839,0.0455643649957449,0.00353818615357771,2702,
OLS,vii,199108,199109,-0.0399337538945614,0.0204301006352267,0.0131723418139566,0.0444130856706759,0.00213972941148088,2690,
OLS,vii,199109,199110,0.0243091373498368,-0.0103001982613509,-0.0140646285827687,0.026950975326791,0.00222040223990938,2681,
OLS,vii,199110,199111,-0.0608397958436794,0.0148782517828374,0.0236120218127734,0.017407622132069,0.00107666516563909,2664,
OLS,vii,199111,199112,0.191321232635196,-0.15505596398177,-0.0190372941188546,-0.113598953723406,0.0225747674914361,2647,
OLS,vii,199112,199201,-0.0910056192554217,0.23746956394499,0.052901749191747,0.160957872476505,0.0121324382950819,2623,
OLS,vii,199201,199202,-0.0574979112100452,0.105310304211526,0.0625798863426839,0.0410106474938324,0.0110098839904723,2612,
OLS,vii,199202,199203,-0.0959443850451306,0.102717253864161,0.0331640793692478,0.0203141080021518,0.00972406958332017,2599,
OLS,vii,199203,199204,0.00881826674237989,-0.0114829206131906,-0.0275885381929116,-0.0574386934022,0.00963487530176554,2590,
OLS,vii,199204,199205,0.00458858196745489,0.00905170916491415,-0.0106565758691336,-0.018479099180872,0.00281274224128014,2576,
OLS,vii,199205,199206,-0.0614072084458193,0.0324478171449856,-0.00816626211545154,-0.00472676751626792,0.00394952969454454,2545,
OLS,vii,199206,199207,0.0372014517216128,-0.0112469999960103,-0.0148332000609677,-0.00577470697083142,0.000516809144454511,2683,
OLS,vii,199207,199208,0.0119605782807553,-0.0313001742142487,0.000685497063897767,-0.0517539419660356,0.00684436233530628,2660,
OLS,vii,199208,199209,0.0289659758875507,-0.00542782789111783,-0.0225821498425754,0.00069377992068442,0.00149115856389048,2636,
OLS,vii,199209,199210,0.0340382674741951,-0.0199975657252746,0.0304558213068172,-0.0403164026936889,0.00852882584125658,2626,
OLS,vii,199210,199211,0.0522969415917274,-0.0127955908136946,0.0570400357594226,0.000738726255344444,0.00773473592500673,2609,
OLS,vii,199211,199212,-0.010751747371806,0.0525275123286224,0.0318320513084636,-0.00316616506794314,0.00919252441001139,2599,
OLS,vii,199212,199301,-0.063774680272157,0.133969140993191,0.0337566559185682,0.061804148149094,0.0165159883031762,2590,
OLS,vii,199301,199302,-0.101371265068279,0.123576261795393,0.00498642134892577,0.0377190065898084,0.0313797986078028,2579,
OLS,vii,199302,199303,-0.0155563239208368,0.0509806526374689,-0.00178170504269968,0.0229258578940967,0.0050515796256323,2567,
OLS,vii,199303,199304,-0.0303664626453206,0.0372452088903902,-0.0338734860590673,-0.00232851023409279,0.0116242425820946,2546,
OLS,vii,199304,199305,0.0368335533111552,0.010988620072074,0.000907537142901969,0.0154934731782703,0.000338358899715341,2539,
OLS,vii,199305,199306,-0.0714459190454061,0.0749834649581101,0.00888537004700926,0.065389234371564,0.00523167346752507,2531,
OLS,vii,199306,199307,-0.0155692225766977,0.0400922641343571,-0.007181638263253,0.000932169668214498,0.00500794937093263,2733,
OLS,vii,199307,199308,0.115001862766554,-0.0640019793576159,-0.0530044277090112,-0.0198937562030041,0.00167745178879009,2719,
OLS,vii,199308,199309,0.00171836914151783,0.01849767989241,0.0200725354389541,-0.00122786419169942,0.00166271636350201,2710,
OLS,vii,199309,199310,-0.0139415735130937,0.0535100225828837,0.0132623071272762,0.0446816394272594,0.00314735092077112,2704,
OLS,vii,199310,199311,-0.0873287086443996,0.053678075695375,0.0624502558221412,0.0214005958922795,0.010948301235966,2694,
OLS,vii,199311,199312,0.0329806082427829,-0.0140385038389009,0.000983090833655679,-0.019146801095074,0.00079955841176127,2677,
OLS,vii,199312,199401,-0.051400132505544,0.119334409331427,0.0076637022166431,0.0723691239836635,0.0183399317742859,2662,
OLS,vii,199401,199402,-0.0488798750426166,0.0561791299811195,0.0328714178640279,0.0066613489893094,0.00833163154231209,2645,
OLS,vii,199402,199403,-0.0477841154849113,0.0281623377483075,0.000295698144887691,-0.0274310168859964,0.00979065245863431,2624,
OLS,vii,199403,199404,-0.0451712403570097,0.0403940300168249,0.0196220476214879,0.00375715623708689,0.00724385611258449,2612,
OLS,vii,199404,199405,0.0245554659011512,-0.00503173468123278,-0.0282229016246819,-0.0192777475041833,0.00234231382513062,2599,
OLS,vii,199405,199406,-0.042000322621746,0.0297379103628983,0.0030316797630424,-0.0189261584400719,0.00933339682086565,2584,
OLS,vii,199406,199407,0.0397813917847944,-0.00988287116782747,-0.018816485231228,-0.0235301848276493,0.00122625953311761,2822,
OLS,vii,199407,199408,0.0496084516947534,-0.0200783977398307,0.0190997379240328,-0.0193503341189014,0.00328721349210959,2816,
OLS,vii,199408,199409,-0.0206668298580334,0.0350626425574519,0.0208347697359038,0.000258382252107111,0.00460487241841656,2799,
OLS,vii,199409,199410,-0.0109921943871433,0.0185100038080408,0.0288606628662626,-0.0169400148372701,0.00691654545584375,2784,
OLS,vii,199410,199411,-0.0462989127410117,0.0111808022275821,0.0342993875454511,-0.0310278070459088,0.0147886303334066,2770,
OLS,vii,199411,199412,-0.0260576712895983,0.00857910908744487,0.0194870308087259,-0.0147161082392186,0.00418857396473227,2756,
OLS,vii,199412,199501,0.0642228247355612,-0.0277483844636291,-0.0265411674361595,-0.0122088763645997,0.00128923241375623,2734,
OLS,vii,199501,199502,0.0428024028430063,-0.00994211878064665,0.00040022405204466,-0.0143555464080901,0.00066883102922477,2724,
OLS,vii,199502,199503,0.0505684992007566,-0.0296085611218907,-0.0106176029631824,-0.0238492815774774,0.00156075447091342,2705,
OLS,vii,199503,199504,-0.0241254981407477,0.0440556727727306,0.0319740639058257,0.0187675832738823,0.00457361993683803,2683,
OLS,vii,199504,199505,0.0772401332862057,-0.0234227503808079,-0.0501961864180514,-0.0433158674279527,0.00373340266748967,2671,
OLS,vii,199505,199506,0.0341513715586499,-0.0379721642354425,0.0366093056713914,0.0356641881399328,0.00926355419744729,2651,
OLS,vii,199506,199507,0.0276449098841511,-0.0145176920177686,0.0466966635857058,0.0152512022735263,0.00591584856471872,3027,
OLS,vii,199507,199508,0.0116589385512536,0.0158238179191055,-0.00891959246290578,0.0257017120684005,0.00218216098871538,3008,
OLS,vii,199508,199509,0.027886927634798,0.00117545782295553,-0.00213417147810758,-0.00341600600658628,3.75707980920792e-05,2990,
OLS,vii,199509,199510,0.00333160946873201,-0.0350466927477731,-0.0181832790004352,-0.0724775687195737,0.0108042074131043,2967,
OLS,vii,199510,199511,0.0652659805102653,-0.0508036432349728,-0.0235890988705554,-0.0295866589675921,0.00428898541976286,2951,
OLS,vii,199511,199512,0.082751046336289,-0.0386508319971288,-0.078357664384707,-0.0336700634350031,0.0104643852288925,2933,
OLS,vii,199512,199601,0.0290355263412164,0.0164968126776833,-0.0433443314011363,0.0138686943462711,0.00715583917192275,2911,
OLS,vii,199601,199602,-0.0387218751431763,0.0393830217445413,0.0555144300904234,0.0498289362831357,0.00432222994187625,2894,
OLS,vii,199602,199603,-0.00337212520484542,0.0204281047975013,0.0155572454777364,0.0258067333527934,0.000837276699484302,2876,
OLS,vii,199603,199604,-0.00732477174140588,0.0423666725519068,0.0485186165605391,0.0495299462740729,0.00342495029515855,2855,
OLS,vii,199604,199605,-0.0261849252687239,0.0721503433244679,0.0652567978143143,0.0575232153368652,0.00517534256803054,2841,
OLS,vii,199605,199606,-0.0231710530552724,0.0175424456116947,-0.0223612783015629,-0.035057090256828,0.00808256979920896,2820,
OLS,vii,199606,199607,-0.0485575449384216,0.0134109475804267,-0.0279472923706088,-0.0780537416596552,0.026857708294487,3220,
OLS,vii,199607,199608,0.107076769952808,-0.0448483794844383,-0.0458337638527183,-0.0436015344696706,0.00407396559254791,3199,
OLS,vii,199608,199609,0.0457942864938762,-0.0297361777675515,-0.00385148791037731,-0.00458085541803866,0.00248370466747161,3171,
OLS,vii,199609,199610,0.0129992633427653,0.0159712466039348,-0.0253482981053516,-0.0699581333451064,0.0190736242558797,3153,
OLS,vii,199610,199611,0.0864358994166638,-0.0328023729723213,-0.0282569587364908,-0.0617873026860577,0.00495481190060043,3138,
OLS,vii,199611,199612,0.0676880786292071,-0.0298479310778034,-0.0420484366551197,-0.0736089784245655,0.00733944555845945,3125,
OLS,vii,199612,199701,0.0498430254996757,-0.00762321398976132,-0.00659568659721578,0.0360695485582788,0.00420438741699447,3086,
OLS,vii,199701,199702,-0.031318275404774,0.0436833752486884,-0.000408629853370751,-0.0316290854490179,0.0168587885381134,3061,
OLS,vii,199702,199703,-0.0586801584367533,0.0647299553680211,-0.0100703963571729,-0.0392090601318901,0.0347921807750891,3047,
OLS,vii,199703,199704,-0.0303232084886692,0.00802996282551827,0.0210292896112156,-0.0212777922382579,0.00618790689843751,3024,
OLS,vii,199704,199705,0.129746597401927,-0.0642997168163099,-0.001539249980302,-0.00055911901048881,0.0111134384263372,3004,
OLS,vii,199705,199706,0.00196651043349819,0.0413426774139579,0.0173919645113259,0.00682714403092381,0.0049293102415533,2988,
OLS,vii,199706,199707,0.0601360216361436,-0.0203354156844783,0.0104110605429145,-0.0159369644765539,0.00187756078722257,3255,
OLS,vii,199707,199708,0.0336527774511626,-0.00564472380091985,0.00394373860119785,0.000820507723675616,0.000143301365411852,3228,
OLS,vii,199708,199709,0.13885778854937,-0.00599393896399727,-0.0715019749852058,-0.0401308916595145,0.00669540336842678,3200,
OLS,vii,199709,199710,-0.0289830452561712,0.029278173294625,-0.0117007981670218,-0.01852829366285,0.00288116941659244,3174,
OLS,vii,199710,199711,-0.0501175964115111,0.0190941799883189,0.0524540360413894,-0.0225740878230669,0.0187076707194774,3147,
OLS,vii,199711,199712,-0.000442122321000116,-0.0227727113668448,-0.0126032283955142,-0.0471966544536231,0.00320331570481125,3127,
OLS,vii,199712,199801,-0.0215191373773017,0.0237925088455649,0.0156066608975609,0.0226966163160997,0.000702760927496215,3075,
OLS,vii,199801,199802,0.0195372941583749,0.0101028176889342,0.0461347888695942,0.0295776603032131,0.00328999209819192,3047,
OLS,vii,199802,199803,-0.00932457075201119,0.0439920849320986,0.0224566165799196,0.0293731413783627,0.00279363455350767,3025,
OLS,vii,199803,199804,-0.041807088036961,0.0492246014516637,0.0433767486332938,0.0215919526454273,0.0051664511509546,2986,
OLS,vii,199804,199805,-0.0858847189745222,0.0538458044327689,0.0286201350955246,-0.00719157823341626,0.0151255431842933,2965,
OLS,vii,199805,199806,-0.0811588698305798,0.010333670816051,0.0741939371900263,0.0083776177440797,0.0122270676030558,2945,
OLS,vii,199806,199807,-0.0981155206350315,0.0272669208720958,0.0251728673675504,0.00472631290771602,0.00222416208698584,3170,
OLS,vii,199807,199808,-0.138329688309504,0.000585213408611215,-0.0204257944533775,-0.101856536491972,0.0310339829676731,3136,
OLS,vii,199808,199809,0.137194995401252,-0.11437188942769,-0.0478026701546607,-0.0229552971013287,0.0173844845503542,3106,
OLS,vii,199809,199810,0.228050031654473,-0.152115781046763,-0.0891680708381351,-0.116169609455525,0.0182160336859429,3067,
OLS,vii,199810,199811,-0.0367833872262621,0.0378133464843518,0.134031251714566,0.0372709634588418,0.00764808971146114,3019,
OLS,vii,199811,199812,0.0456979425818116,-0.0567543942346181,0.0501902364040821,-0.0464829649781832,0.010381952369079,2990,
OLS,vii,199812,199901,-0.0796136805828541,0.0974348272949123,0.0770116771915698,0.0806461214117484,0.00395687452077109,2945,
OLS,vii,199901,199902,-0.0678463340325928,0.0116539902630693,0.0132824894951973,-0.00405930843063653,0.00113353775440261,2906,
OLS,vii,199902,199903,0.0448929756030433,-0.0578099521701391,-0.0572490115339809,-0.00067330483246002,0.0104305550726602,2884,
OLS,vii,199903,199904,0.046572374468548,0.0337896495011189,-0.00346293734753496,0.0553703854176568,0.00447466852444567,2845,
OLS,vii,199904,199905,0.0500176999013301,0.00573652664334188,0.00724386242003361,-0.0284829710681628,0.00273544193770736,2818,
OLS,vii,199905,199906,0.0398884381153679,-0.0101962723602473,0.0233285742742908,-0.00908722319652943,0.00222270661043478,2794,
OLS,vii,199906,199907,0.00626158340350232,0.0298597159066959,-0.0138161847811288,-0.0113975195020348,0.00308887224246157,3150,
OLS,vii,199907,199908,-0.00565739242930875,-0.0147390634511091,-0.00842439474077517,-0.028412013843573,0.00103905656876491,3122,
OLS,vii,199908,199909,0.0255883167828133,-0.0666454982167306,0.00385365632671235,-0.0248742994724927,0.00822709965376656,3084,
OLS,vii,199909,199910,0.0293087015470242,-0.0752277522351993,0.0217546368810205,-0.036896304272104,0.0133134764467311,3046,
OLS,vii,199910,199911,0.12694144406551,-0.0437651609204923,-0.00745993459019971,-0.0201000336936476,0.00101124116765794,3021,
OLS,vii,199911,199912,0.203647793723957,-0.129981681313428,-0.0641541992162425,-0.0233422888531827,0.0100264250913461,2974,
OLS,vii,199912,200001,-0.0558682235563223,0.150473795501691,-0.00165825572799383,0.0536535887774906,0.0172294848661433,2943,
OLS,vii,200001,200002,0.100494537505001,0.0244924799084304,0.00793933882764167,0.0344233661036792,0.000313120546475032,2914,
OLS,vii,200002,200003,0.0621286248984068,-0.0289260624273456,-0.0302516707665432,-0.0285010644079285,0.000635418200393145,2888,
OLS,vii,200003,200004,-0.0219453538533589,-0.0115677301060609,-0.0348855642579345,-0.0595321221223948,0.00355026886744314,2849,
OLS,vii,200004,200005,-0.0450571169071748,-0.00153741189906065,-0.0178059341020474,-0.01239086128126,0.000508347283743604,2825,
OLS,vii,200005,200006,0.117215326593699,-0.047343793584218,-0.0412856689276484,-0.00919894217107307,0.00304688806765741,2802,
OLS,vii,200006,200007,-0.0514501824558149,0.0927396051747966,-0.0157445287902649,-0.0316857703660771,0.0267630941943824,3082,
OLS,vii,200007,200008,0.0792329298750194,-0.0636520500184791,-0.00242707796576048,0.0396755874420325,0.0126668209451319,3055,
OLS,vii,200008,200009,-0.00400146651070628,0.013757924950565,-0.0263508733786553,-0.0741230349869946,0.0129465165125763,3016,
OLS,vii,200009,200010,0.0279772480003855,-0.0671501596529399,-0.00619761951637768,-0.0954090088034808,0.0117542786404721,2982,
OLS,vii,200010,200011,-0.0673597359373402,0.0485357944003585,-0.0217160643085477,-0.127525117514178,0.0446501122460903,2937,
OLS,vii,200011,200012,0.133474545839785,-0.0569159888325603,-0.115662688701931,-0.101030541574754,0.00777420034070175,2898,
OLS,vii,200012,200101,-0.0420906829885733,0.0778647326593078,0.179019940032253,0.261377675048977,0.0142579927853843,2854,
OLS,vii,200101,200102,-0.10945126412667,0.135624577229973,0.0127995371857293,-0.068042136190766,0.0646814952668458,2818,
OLS,vii,200102,200103,-0.126032109206685,0.0982669969818943,0.016380028168267,-0.004658980066023,0.0197036373066853,2796,
OLS,vii,200103,200104,0.117390440234048,-0.0971309473595092,-0.00629736538328093,0.0123244820983611,0.0167440123622922,2764,
OLS,vii,200104,200105,0.0327232293451392,0.0693350421511593,-0.00314994738094877,-0.00430987302675098,0.0078294617349397,2726,
OLS,vii,200105,200106,0.0355410422138023,-0.034330324468544,0.0264273910680369,-0.0457128039660122,0.00775940114849372,2698,
OLS,vii,200106,200107,0.00816787820349496,0.0131385834527611,0.00921724674794767,-0.0878629570854499,0.0265667451217886,2859,
OLS,vii,200107,200108,0.0357915203903795,-0.0222338004157208,-0.0162078271297866,-0.103078937950646,0.021088637470729,2833,
OLS,vii,200108,200109,-0.0940197289974092,-0.0295466334619481,0.0169068259566186,-0.0854842978853926,0.0144779130888001,2799,
OLS,vii,200109,200110,0.0991236946240605,-0.0792117394122021,0.0130158133893363,0.0261087970305917,0.0106008872770631,2774,
OLS,vii,200110,200111,0.0319052025137102,-0.0118599439199482,0.0681171715120401,0.0234549573962301,0.00696069756763917,2758,
OLS,vii,200111,200112,0.0620532436254543,-0.00279485545579608,0.0165138080077753,-0.01690208619411,0.00161228547344072,2730,
OLS,vii,200112,200201,-0.108307461498576,0.141887203901808,0.104213880848129,0.0101641281900044,0.0385948660491265,2703,
OLS,vii,200201,200202,0.0384770664040084,-0.0253046106944757,-0.0153827832454082,-0.0890942395528153,0.0143000146449397,2684,
OLS,vii,200202,200203,0.0840143131430828,0.0274704771235704,-0.00694862755697818,-0.00915900303187341,0.00227981689426959,2660,
OLS,vii,200203,200204,-0.0465004887879592,0.103401294280443,0.0490553049258587,-0.059102937027186,0.0476335020551548,2635,
OLS,vii,200204,200205,-0.0328645742627171,0.0459547789879994,0.0155843174434086,-0.02655103316657,0.0108697023632695,2613,
OLS,vii,200205,200206,-0.0272256766350472,0.0102786417088609,0.00372035383059452,-0.105701312603257,0.0398814442592897,2588,
OLS,vii,200206,200207,-0.0420626245568282,-0.0390828046750571,-0.0561721931375633,-0.0760375560356347,0.00738191162735991,2783,
OLS,vii,200207,200208,-0.0586367022048175,0.0174342013548034,0.0551750540285259,0.0268415700433259,0.00360528166467911,2760,
OLS,vii,200208,200209,-0.0475372634820598,-0.0234657034371499,0.00280857432802847,-0.0670254761065121,0.00877320705999463,2740,
OLS,vii,200209,200210,0.103804746783672,-0.10512367632456,0.00424956676666342,-0.00481181476384457,0.0113135278339552,2725,
OLS,vii,200210,200211,-0.135574336453384,0.151331387386175,0.0909324008612393,0.277391089929237,0.0326248945720896,2691,
OLS,vii,200211,200212,0.00881821762062353,-0.0088367611215881,-0.0157347331564312,-0.107329696005634,0.0316947222151478,2673,
OLS,vii,200212,200301,-0.0521141772217539,0.0347042116699378,0.0330220153276357,0.00979256029680712,0.00345548633706816,2646,
OLS,vii,200301,200302,-0.091891040424507,0.0433924699609892,0.0498912540872894,0.0296254003629202,0.00582238062073459,2625,
OLS,vii,200302,200303,-0.0367694893442755,0.0029221404534198,0.0424284167619757,0.0361429102563509,0.00417164300917616,2600,
OLS,vii,200303,200304,0.0889895757553697,-0.0133663450123318,-0.0133538130256414,0.0540311158695334,0.00822866717320858,2571,
OLS,vii,200304,200305,0.190067443832637,-0.0524294951245762,-0.0901093707177807,0.0377008248462017,0.0212159293542132,2549,
OLS,vii,200305,200306,-0.0646438845242954,0.0908453429856373,0.0637447543592042,0.0662299880236573,0.00972915448406086,2533,
OLS,vii,200306,200307,-0.110636277169723,0.137460058030588,0.13439836558629,0.098936987139306,0.0213991754217058,2763,
OLS,vii,200307,200308,0.0814044207250977,-0.00475331155901291,-0.0164357727676826,-0.0267247670652134,0.00151573983707276,2746,
OLS,vii,200308,200309,-0.0903092986897697,0.121819557546328,0.0263694540719757,0.0584342950444519,0.0202319562149833,2721,
OLS,vii,200309,200310,-0.0620132649443704,0.133784711286403,0.0942551335892572,0.0774150896223271,0.0152840284090733,2702,
OLS,vii,200310,200311,0.0182876744257412,0.0374867647695704,0.0230967589359285,-0.0158913835559862,0.00900385644839052,2687,
OLS,vii,200311,200312,0.0586668138897921,0.0314195850936842,-0.0712069139574085,-0.00268163254072469,0.0214644978065512,2668,
OLS,vii,200312,200401,-0.114370416409237,0.17015635002406,0.0676486948503504,0.123349479158542,0.0356361261181231,2641,
OLS,vii,200401,200402,-0.0128901800316096,0.0235659575533221,0.0271464494982464,-0.00722229428693045,0.00287098597739754,2627,
OLS,vii,200402,200403,0.000324814775836712,0.0146558434273754,0.0120543402113578,-0.0189148258786261,0.0034749328568654,2611,
OLS,vii,200403,200404,-0.00241491350478553,-0.019644141134576,-0.00360150241373878,-0.0228737024591108,0.00151123680600951,2599,
OLS,vii,200404,200405,0.0520742066658107,-0.0334883644274958,-0.017558828726794,-0.0425181663206087,0.00444429787809353,2583,
OLS,vii,200405,200406,0.0783508062129761,-0.0120534304891174,-0.0341689637831969,-0.0475734145624006,0.00719404569438908,2562,
OLS,vii,200406,200407,-0.0389575978938609,0.0393251094189755,-0.0348040699644678,-0.0748578563451544,0.0423387230752397,2645,
OLS,vii,200407,200408,0.0278196641827364,-0.0179521805237946,-0.035195181640594,-0.0478286744677075,0.00484942164169944,2630,
OLS,vii,200408,200409,0.0468396406496459,-0.00116804244715978,-0.00314445627653564,-0.00169721777276619,1.86843419733851e-05,2617,
OLS,vii,200409,200410,0.0065787625630678,-0.00575206327443291,0.0175995842218562,0.0105165913257346,0.00147175379344544,2606,
OLS,vii,200410,200411,0.0146191990617816,0.0582571073140246,0.0462063643027161,0.0476660824345484,0.00210047097173094,2593,
OLS,vii,200411,200412,0.0445495170385416,0.00505322565768937,0.0108378015704516,0.022473161107931,0.000629067714032483,2576,
OLS,vii,200412,200501,0.00518398403633871,-0.00456661240975326,-0.0132596814590867,-0.0646204885226836,0.0150132260117007,2553,
OLS,vii,200501,200502,0.0279668348572853,0.00980462889790519,-0.0231272131254891,-0.0127073344520278,0.00322399800864237,2540,
OLS,vii,200502,200503,-0.0443153365180754,0.0348960467238962,0.0350603377840933,-0.0389786071578635,0.0218700171121555,2525,
OLS,vii,200503,200504,0.0206113719744994,-0.051307187226904,-0.0364233383465049,-0.0772365410476468,0.0119247100824103,2511,
OLS,vii,200504,200505,0.0580316747685471,-0.0292363317647395,0.0152756781279318,0.00527935948326267,0.00464212561900834,2494,
OLS,vii,200505,200506,-0.0271386731596009,0.0605503844396735,0.0271302332449601,0.0179592116194831,0.0112556304318407,2477,
OLS,vii,200506,200507,-0.0131921545373641,0.0599417290554779,0.0333556246319606,0.0658465657792498,0.00646483752726024,2537,
OLS,vii,200507,200508,0.0193598520402053,0.000551949282426174,-0.0327522454628232,-0.0355470576862001,0.00480496626493976,2520,
OLS,vii,200508,200509,-0.02735184625055,0.0205279146686806,0.00784101055637682,0.0332095427197675,0.00317595410554838,2498,
OLS,vii,200509,200510,0.00335399956859789,-0.0308912733654114,-0.00416697645594922,-0.0382373764953626,0.00525833494296268,2483,
OLS,vii,200510,200511,0.0519871889198833,-0.0136576452760325,0.00642797546572156,-0.0196095044917034,0.00222981713657955,2465,
OLS,vii,200511,200512,-0.0474768323118028,0.032107150237358,0.0383919257138488,0.0334456168262613,0.00255263545250217,2449,
OLS,vii,200512,200601,0.0633584269121663,0.0253548658321237,-0.0283744019844848,0.0383445612399911,0.012629405913643,2428,
OLS,vii,200601,200602,-0.0197429404915601,0.0043726708121481,0.0249667315600588,0.00626067680144692,0.00237800278655165,2407,
OLS,vii,200602,200603,-0.0528413025365016,0.0722088844670659,0.0512890671372069,0.0610769635905573,0.0096783062638891,2395,
OLS,vii,200603,200604,-0.0574078960594224,0.0646620127836732,0.0275686907011224,0.0292620459677971,0.00901933365483298,2377,
OLS,vii,200604,200605,-0.0312867602983819,0.00880734653832351,-0.0169645125635093,-0.043475989231187,0.0117888324154579,2366,
OLS,vii,200605,200606,-0.020563395452661,0.0103174622846383,0.00563928520982968,-0.00674413192914247,0.00155254667643701,2347,
OLS,vii,200606,200607,-0.034596916438103,0.00911981101074978,0.00766272654449791,-0.0345274105283419,0.0117000767584469,2448,
OLS,vii,200607,200608,0.0422014296532026,-0.0262130799698513,-0.0204230716050541,0.0099254391353689,0.00593397160415665,2436,
OLS,vii,200608,200609,-0.0454382000837336,0.0286028990838025,0.0754789602928013,-0.003497740497964,0.0365163104170292,2424,
OLS,vii,200609,200610,0.0542585217805744,-0.00648492246902024,-0.0116813896323535,0.00570010743007868,0.00144736226359232,2411,
OLS,vii,200610,200611,0.0426552594170821,-0.00576163677163127,-0.0276546185325463,-0.000308485480990542,0.00308860967149216,2396,
OLS,vii,200611,200612,-0.0888483297995476,0.0834862472927309,0.0614773379270131,0.0425263154644205,0.0170389243176288,2378,
OLS,vii,200612,200701,-0.0251626442554735,0.0308467915055425,0.0357709506735091,0.0304986835810629,0.002787131244261,2353,
OLS,vii,200701,200702,-0.0647973382870259,0.0480142404087205,0.0392776524688251,0.0431627878487461,0.00645471117498342,2325,
OLS,vii,200702,200703,0.0169314577721682,-0.0199648354407684,0.00317451269677033,-0.0091311842325235,0.002295713616144,2314,
OLS,vii,200703,200704,0.0933787399714299,-0.0470151657142277,-0.0543641642296194,-0.0283351555649824,0.00905981819970791,2294,
OLS,vii,200704,200705,0.0176987808703469,0.00658624935340598,0.00867297385830687,0.00154898116570424,0.000312388701104172,2276,
OLS,vii,200705,200706,-0.0336908460122366,0.020741374628751,0.016845326222509,0.0135802867586139,0.00143440477824286,2255,
OLS,vii,200706,200707,-0.0333866683475892,-0.00728820368938951,-0.00365517207225987,-0.0129517290375389,0.000510906034982717,2383,
OLS,vii,200707,200708,0.0314654590180555,-0.0675119535448042,-0.0196470855700138,-0.00858767185641574,0.0119664383949299,2367,
OLS,vii,200708,200709,0.0222505428416194,-0.0371347800842796,-0.00313636667413802,0.0191828439167348,0.0118873769321858,2340,
OLS,vii,200709,200710,0.108144836095048,-0.0698429158880912,-0.0638388308189002,-0.0340782974590574,0.00642465205990628,2321,
OLS,vii,200710,200711,-0.00835608270213713,-0.0610972131895033,-0.0251941050520852,-0.0659182490602946,0.00890193232784875,2298,
OLS,vii,200711,200712,0.0674779146405981,-0.0471123023684028,-0.0470386177604272,-0.0597800286044116,0.00548770777861463,2274,
OLS,vii,200712,200801,-0.0359272047391649,0.00628619351528219,-0.0298307754685427,-0.026710884617623,0.00293895996267624,2249,
OLS,vii,200801,200802,0.0666899330936433,-0.045585572990517,-0.0683417796768929,-0.0461740072557846,0.00608677379432343,2237,
OLS,vii,200802,200803,0.0201905044610393,-0.0143554660067818,-0.0189376291344643,-0.036044285400715,0.00206427615922145,2229,
OLS,vii,200803,200804,0.0599115242584007,-0.0265879391814738,-0.0179310842329033,-0.0136011743183651,0.00106330885766359,2210,
OLS,vii,200804,200805,0.0327276331730437,0.00474084068201946,-0.0065272335454633,0.0219273313234731,0.00197923963593716,2192,
OLS,vii,200805,200806,-0.120579457773717,0.0355855040864305,0.0158303948804791,0.0171981400060181,0.00227005799490632,2175,
OLS,vii,200806,200807,0.0969553263211641,-0.0736413537979619,-0.0376469602631901,-0.0721184935997232,0.00802436689707853,2337,
OLS,vii,200807,200808,-0.0405262723554053,0.039510291786281,0.0792829949867307,0.0106689258072693,0.0128920635909915,2321,
OLS,vii,200808,200809,-0.088147204016453,-0.0316208383130156,0.0273123879847754,-0.0718915013909558,0.0284967831595842,2301,
OLS,vii,200809,200810,-0.12017645743114,-0.0911765939820086,-0.0268203869409855,-0.103610074411057,0.0162457399642618,2290,
OLS,vii,200810,200811,0.0431353042253248,-0.161628667168811,-0.102684389703452,-0.09222605700361,0.0178270387848252,2268,
OLS,vii,200811,200812,0.240955729173679,-0.118353685899749,-0.12187216133329,-0.146553886416723,0.00876185489331194,2257,
OLS,vii,200812,200901,-0.0939857785686146,0.00772196727920928,0.017013649523797,0.0866015036260219,0.00644253475899115,2236,
OLS,vii,200901,200902,-0.0434553780136476,-0.0937181184196055,0.0287296703699265,-0.0645659954789383,0.0247825667501,2227,
OLS,vii,200902,200903,0.0652088774347834,0.054662440556469,0.0212418054985791,0.0294932727464176,0.0012311037827295,2209,
OLS,vii,200903,200904,0.126126059471006,0.161650451267478,0.0189128865494906,0.0423193506212424,0.0109224306792663,2197,
OLS,vii,200904,200905,0.0181487082076932,0.0957085568391851,-0.0311593750109491,0.0626361994573235,0.0171833689575325,2180,
OLS,vii,200905,200906,-0.0229517823043174,0.0289823577771963,0.0507240575213278,0.0422226945043594,0.00154110370784366,2165,
OLS,vii,200906,200907,0.00958512531900507,0.102816255154411,0.012296186967144,0.06427048198102,0.0194949446714253,2297,
OLS,vii,200907,200908,-0.219050169077474,0.262523357726207,0.126365722229314,0.169708067991095,0.0631705028510957,2284,
OLS,vii,200908,200909,0.00846535006413136,0.0735058091261717,0.00737973473447911,0.0639305513975023,0.0148269454565712,2275,
OLS,vii,200909,200910,-0.0320719183500294,-0.0194757713515129,0.033144919912145,-0.0644853225203665,0.0331631872321063,2266,
OLS,vii,200910,200911,0.127210363532047,-0.02079670829394,-0.0846094270954154,-0.0876739585306476,0.00831346530274946,2252,
OLS,vii,200911,200912,0.0541494109720358,0.0194546993951335,0.000628253244139783,0.023706185290219,0.0019625352469449,2231,
OLS,vii,200912,201001,-0.0743871996573308,0.0550948153009983,0.0155885408740596,0.0335120847108903,0.0101299556989317,2218,
OLS,vii,201001,201002,0.0344097649174816,0.0247588748269089,0.0188648303182899,-0.0219389367019342,0.0107375077837046,2205,
OLS,vii,201002,201003,-0.0443617171865108,0.102479948227311,0.084256719751775,0.0618198219285971,0.0155257771701448,2188,
OLS,vii,201003,201004,-0.043931489496774,0.121544378546254,0.040441069089977,0.0639024292728297,0.030755608829338,2177,
OLS,vii,201004,201005,-0.0212847787359187,-0.0526520230848406,-0.00387053363139858,-0.0547939056840004,0.0258444132802861,2163,
OLS,vii,201005,201006,-0.00224639071080615,-0.0788522610172889,-0.0167508217615253,-0.0427738239151337,0.0293600059744211,2155,
OLS,vii,201006,201007,0.108187933716277,-0.0235574448824242,-0.0563182679088898,0.0015145875576159,0.0133609017361349,2293,
OLS,vii,201007,201008,-0.0413953979130226,-0.0280453416907428,-0.00194853470110711,-0.0194324529142316,0.0032378024903692,2271,
OLS,vii,201008,201009,0.040043863938395,0.0267538108785083,0.077016111450463,0.0558199221390361,0.0109151766199936,2257,
OLS,vii,201009,201010,0.025873295764801,0.0135527554050018,0.00789916538466153,0.0223066691797128,0.00133641969742127,2244,
OLS,vii,201010,201011,0.0399374047645399,0.00657053160576692,-0.00658317163138277,-0.0160185162679032,0.00141067356265578,2229,
OLS,vii,201011,201012,0.0944631972057555,0.00864472345169639,-0.0458455853683107,0.0124721946405091,0.0125765175683883,2208,
OLS,vii,201012,201101,-0.0360583964303339,0.0544383562227795,0.00785971796413984,0.0447390488407369,0.0107665308896958,2182,
OLS,vii,201101,201102,0.0392980526074418,0.0225108570756256,-0.0107239656973168,0.00646843373372253,0.00214611733439973,2172,
OLS,vii,201102,201103,0.0207328766435742,-0.0208542723187165,0.0138869048877234,0.0083879053976981,0.00356662804096319,2158,
OLS,vii,201103,201104,0.0581930230048069,-0.0501344620870605,0.00537206771363045,-0.0276527877143763,0.0152358749237576,2145,
OLS,vii,201104,201105,-0.0118963032266141,-0.0243620003753915,0.0216109883733329,-0.00773407101028877,0.0069910395181414,2133,
OLS,vii,201105,201106,-0.0103532054981765,0.00898364391262789,0.00677533972311666,-0.0364015368665788,0.0126840175695131,2115,
OLS,vii,201106,201107,-0.0294640231630744,0.0270922428248179,0.00661038306595321,-0.0275878280288242,0.0114171161814446,2159,
OLS,vii,201107,201108,0.0285959255211907,-0.0859508987446503,-0.0509962712738086,-0.100964989135517,0.0293627479454968,2151,
OLS,vii,201108,201109,-0.0621899658601153,-0.0356307514559157,0.0218493078677324,-0.0811512540190554,0.0484901762591217,2140,
OLS,vii,201109,201110,0.144580448374524,-0.0396122445860211,-0.0213220184538976,0.0429120355715429,0.0182421071302645,2132,
OLS,vii,201110,201111,0.0418137664860854,-0.0229079452018235,-0.0383102605988461,-0.0418604067488174,0.00171033399608156,2119,
OLS,vii,201111,201112,-0.0418016894569034,0.0384596089475838,0.03305066061907,0.010402172817515,0.00625232288544342,2106,
OLS,vii,201112,201201,0.121389033699335,-0.025350773127676,-0.0431374052484507,0.0139276535825895,0.00846272697396744,2093,
OLS,vii,201201,201202,0.0163816924043146,0.02022516996998,0.00657328153005066,0.0134156752958222,0.00122970702778025,2081,
OLS,vii,201202,201203,-0.0222574018083233,0.0285369606590326,0.0579119900859351,0.00681015220786336,0.0136274139347445,2073,
OLS,vii,201203,201204,0.00601778711607095,-0.00254841987468132,-0.0123788103793462,-0.0236529573960349,0.00127842584296334,2062,
OLS,vii,201204,201205,-0.0471014219330872,-0.0105057585750802,0.00633910376482863,-0.0532467363715868,0.0137759897821291,2051,
OLS,vii,201205,201206,0.0614185590259808,-0.00282078232672218,-0.0308321239693553,-0.00760078289065637,0.00302742817941049,2043,
OLS,vii,201206,201207,0.0275450076256718,-0.0281918741191791,-0.0298023120162335,-0.0180350750224563,0.00224893148052108,2101,
OLS,vii,201207,201208,-0.032980712380723,0.0133518540391185,0.0492389278935476,0.0596576147518828,0.00811659271001919,2086,
OLS,vii,201208,201209,0.013868523391577,0.0145026874098626,0.00423295802507182,0.0217349867313203,0.00223265755715607,2076,
OLS,vii,201209,201210,-0.0398405219557213,0.0235090283119351,0.0102614993381033,-0.00280511208702395,0.00310892375229044,2063,
OLS,vii,201210,201211,0.0289481427128641,-0.00760760504194736,-0.00741850717358786,-0.0244201309931711,0.00161258651673601,2048,
OLS,vii,201211,201212,-0.0206955524479292,0.0498867881975765,0.0199375104922475,0.0278691535326519,0.00793393950561228,2035,
OLS,vii,201212,201301,0.0697260475969548,0.0233339223216369,-0.0206494841330267,-0.00244010464394974,0.00710878063443154,2018,
OLS,vii,201301,201302,0.00682151319126564,0.014151418217239,-0.000218038161835145,-0.0150165831918104,0.00332058322034268,2013,
OLS,vii,201302,201303,0.0217015086017932,0.00920251657946029,0.0112564292178976,0.0187868837358701,0.000917643179857097,2005,
OLS,vii,201303,201304,-0.012850660624218,-0.0238090918633947,0.0301934432088244,0.0137667915633441,0.00884242439020533,1995,
OLS,vii,201304,201305,0.00732482317854484,0.0468271140646257,0.0269812351820363,0.0221703707078957,0.00421844259838411,1987,
OLS,vii,201305,201306,-0.0346524326971391,0.0248718813564055,0.034707106933664,-0.00449816976928551,0.0110965512613604,1978,
OLS,vii,201306,201307,0.0823642028484533,-0.00931337509023106,-0.0131299655205007,0.00580226782940487,0.00148770825271771,2064,
OLS,vii,201307,201308,0.016382777916511,-0.00249394432515147,-0.0302222615316488,-0.0348701261392683,0.00361801152968855,2053,
OLS,vii,201308,201309,0.06767629089898,0.0130438547869096,-0.0263621744886817,0.00519593694510419,0.00412275539340168,2042,
OLS,vii,201309,201310,-0.0572857523577174,0.0791215861409487,0.0634081944163979,0.0315077336940915,0.0200265432619338,2031,
OLS,vii,201310,201311,0.0923397323005401,-0.0455898786817041,-0.0159742132403552,-0.0336788161393139,0.00537552977111233,2016,
OLS,vii,201311,201312,0.00459827569624155,0.0216695206585471,-0.00239696447585443,0.0267010036735523,0.00660726698211256,2001,
OLS,vii,201312,201401,-0.0622377494995834,0.0307748062743992,0.0101268511741366,0.0612222992627636,0.00852680986361842,1987,
OLS,vii,201401,201402,0.095051637580513,-0.0144984697478816,-0.0510850203484223,-0.0190741344484204,0.00686012557854099,1975,
OLS,vii,201402,201403,-0.038129488988988,0.0595392401856403,0.00921736882708918,0.00961205242472529,0.0155870847480079,1961,
OLS,vii,201403,201404,-0.0291317953158691,-0.00338917540942254,0.000242934682417514,-0.00555385761472702,0.000226315036899738,1955,
OLS,vii,201404,201405,0.00204639998773421,-0.0042944135281515,-0.00309357748945676,0.0024697575946011,0.000266486810703848,1949,
OLS,vii,201405,201406,0.0691017626672097,-0.0261705939478573,-0.0455052241191122,0.0231668904692089,0.0196928096072585,1939,
OLS,vii,201406,201407,-0.0687039121973082,0.0166547728772192,0.0350896601074305,-0.00957185355859577,0.0139086422670112,2000,
OLS,vii,201407,201408,0.0386215865319792,-0.00253999919847578,0.0133913706223108,0.000167994782334932,0.000676829197844842,1992,
OLS,vii,201408,201409,-0.0143574117673279,-0.0396513217286324,0.0257661757223558,-0.0567170513261105,0.0290701956641866,1984,
OLS,vii,201409,201410,0.135888813183465,-0.11321140872341,-0.0128793755911247,-0.0835002402202125,0.0430691044688117,1976,
OLS,vii,201410,201411,0.0951272687163687,-0.0773776666150999,-0.0210588859973357,-0.0813902718960581,0.0291702270461757,1964,
OLS,vii,201411,201412,-0.0101087273231188,0.0100412342723455,0.0567691720850079,-0.0240736045858274,0.0120554562899611,1958,
OLS,vii,201412,201501,0.0549531310816964,-0.0607775806346283,-0.0477898698745532,-0.0564096207573072,0.00889134708346095,1943,
OLS,vii,201501,201502,0.180161564229411,-0.0611146328461046,-0.123002353797847,-0.0197435218891926,0.0382433039201587,1931,
OLS,vii,201502,201503,0.0950148524800415,-0.0654391290817705,-0.0417262408092455,-0.0845824231397691,0.0217353083811226,1918,
OLS,vii,201503,201504,-0.0697939632506416,0.0720670631255935,0.0146034455110681,0.0461637289007405,0.0180860816004521,1908,
OLS,vii,201504,201505,0.079502572902671,-0.0604083454433408,-0.0366824792560454,-0.0512208883153727,0.0096885364270739,1903,
OLS,vii,201505,201506,0.0541009510718521,-0.0537788490433463,-0.0101354344215236,-0.0574013122312109,0.0239901689708323,1897,
OLS,vii,201506,201507,0.196206234434352,-0.20848228056646,-0.0903540533230432,-0.146257501255402,0.1170051288011,1958,
OLS,vii,201507,201508,-0.198672068316317,0.126895975803149,0.0921826887244455,0.0789127777233872,0.0208476837378266,1941,
OLS,vii,201508,201509,-0.0205954121947171,-0.0424247908379495,0.0282830812385651,-0.0710592380743255,0.0432591584220916,1932,
OLS,vii,201509,201510,0.0679192398723764,-0.0101250779385952,-0.00748591006296422,0.00976687800423622,0.00110330452420482,1921,
OLS,vii,201510,201511,0.0968673460282027,-0.0514453006989654,-0.0624645204753541,-0.0371377369258251,0.00625623806463893,1905,
OLS,vii,201511,201512,0.0403131075514694,-0.0879188835153075,0.00243026735788577,-0.0894680230987703,0.0548029999780002,1901,
OLS,vii,201512,201601,-0.044038983567131,-0.0230699031717846,0.0245275389991468,-0.082632632028068,0.0420117966733847,1883,
OLS,vii,201601,201602,0.0662668639521359,-0.0205120061164532,-0.0263713484666061,-0.0517409624845191,0.00386539748432613,1861,
OLS,vii,201602,201603,-0.0948791158837947,0.13844066244962,0.0755044620000982,0.12928889554248,0.0361036620098073,1851,
OLS,vii,201603,201604,-0.0426965162724655,0.0967988101317732,-0.0200151552103972,0.0681595488957262,0.0503707579941162,1839,
OLS,vii,201604,201605,0.0170513048354719,-0.0452260495270083,-0.00435740501075018,0.0163943527193396,0.00398970166030876,1825,
OLS,vii,201605,201606,-0.08547494254569,0.0932741349381555,0.0694210730269978,0.011085517874282,0.0131285380618558,1811,
OLS,vii,201606,201607,0.0083666433126856,0.0330336039459078,0.0390453760531902,0.0260308592942796,0.00252689216629909,1889,
OLS,vii,201607,201608,-0.0205827424389916,0.0440775961580077,0.00958639827005045,0.0122739085942425,0.00449771331642013,1879,
OLS,vii,201608,201609,0.0609642162049389,-0.00643151875793786,-0.062298928945333,-0.0134030982555987,0.0121203285349195,1868,
OLS,vii,201609,201610,-0.00492926772052244,-0.0203827441073049,0.00344326186003239,-0.0795454854687964,0.0471354284556516,1852,
OLS,vii,201610,201611,0.103119575983983,0.073010142359813,-0.0613148550641029,-0.0433005895517398,0.0311166754182428,1847,
OLS,vii,201611,201612,0.00988869752483478,0.0320797811442408,0.012043639791794,-0.0342983931860124,0.0143188069669294,1832,
OLS,vii,201612,201701,-0.00770675342311708,-0.0127928168579289,-0.00151862736185591,0.0627323855097463,0.0263034390361492,1824,
OLS,vii,201701,201702,0.0152004738967495,-0.0644931410159607,0.0292028798219274,0.029665812543711,0.0301635701219823,1817,
OLS,vii,201702,201703,0.00212245502918113,-0.00837713482038144,0.0122768641819558,0.00533878607564697,0.000981778860885241,1801,
OLS,vii,201703,201704,0.0317652744566108,-0.0335237206775207,0.0130196109230241,-0.0244757849879672,0.0144410308291268,1790,
OLS,vii,201704,201705,0.0353479638827675,-0.0534545286915724,-0.00336282660748226,-0.0386927808237896,0.0151511701362838,1777,
OLS,vii,201705,201706,0.115042132900176,-0.0404904727478097,-0.0778486467782365,-0.0541368445564542,0.0107731687375675,1766,
OLS,vii,201706,201707,0.00608049165752413,-0.0103013651756012,-0.00403881250907378,-0.00195621432418455,0.000526018816569773,1868,
OLS,vii,201707,201708,0.0159395349204501,-0.0415361182020534,-0.00485635227552769,-0.0116063895532216,0.00543379032146374,1863,
OLS,vii,201708,201709,0.0221668405218843,0.0550086082881486,-0.00880053965545827,0.0402303136089601,0.0131150816498142,1849,
OLS,vii,201709,201710,-0.00139231510280818,-0.0013239298338331,0.00919052508154299,0.00378505381248179,0.000229457370517383,1836,
OLS,vii,201710,201711,0.00349331469569152,0.0439385321417101,0.0290013080100921,-0.0131411615697974,0.00815926731970551,1827,
OLS,vii,201711,201712,0.00188227934736978,0.0219247691381094,-0.00398026164259471,0.00189307983773606,0.00206949435698611,1814,
OLS,vii,201712,201801,0.0519662019407934,-0.0203707503247021,-0.0236715517853552,0.00406312210515468,0.00347694048627323,1802,
OLS,vii,201801,201802,-0.0857171946391223,0.000128140132329553,0.0598170043783021,0.0189441703101143,0.010513421853686,1797,
OLS,vii,201802,201803,-0.0299671135848161,0.0179997537829922,0.0422651618667839,0.00126993260806468,0.00787345400598205,1787,
OLS,vii,201803,201804,-0.0174643307307372,0.01536115718799,0.0119208791410318,0.0123568081867449,0.000683064289207169,1777,
OLS,vii,201804,201805,0.0535097797041459,-0.00801603243316875,0.0101076185928533,-0.0107054184025739,0.00170570105860224,1772,
OLS,vii,201805,201806,-0.0331855603025553,0.0106385070250493,0.0672817553389565,0.000749297448790862,0.022486544513167,1768,
OLS,vii,201806,201807,0.0883290418516003,-0.0435279285998926,-0.034117032879053,-0.0685683919281543,0.0153570857573729,1830,
OLS,vii,201807,201808,0.0200110840052043,-0.0479027624455154,0.0676223618346546,0.00930153733001277,0.0293451494708858,1821,
OLS,vii,201808,201809,0.0119090188413496,-0.0309397633646465,-0.0179636055684807,-0.0109198609205358,0.00345412401255407,1817,
OLS,vii,201809,201810,-0.0736214663481039,0.00156262074724859,0.00384164115569786,-0.0718030476976649,0.0313058084636301,1812,
OLS,vii,201810,201811,0.134615743725106,-0.110132711772838,-0.0601990691546636,-0.0906746688756729,0.0273711954092817,1803,
OLS,vii,201811,201812,-0.0187391565485933,-0.0835767345561156,-0.0113936501698741,-0.115832333103361,0.0679038769001416,1787,
OLS,vii,201812,201901,-0.0407576989871863,0.0903297665264398,0.0781103057654069,0.165280006600137,0.045520155263573,1776,
OLS,vii,201901,201902,0.0146263113574212,-0.0140749058558053,0.0332712784881709,0.0472964786940328,0.00645950934579498,1766,
OLS,vii,201902,201903,0.0548066991184586,-0.0731032955071811,-0.0482084059965648,-0.0181797617330501,0.0179582513262561,1759,
OLS,vii,201903,201904,0.0975089474699416,-0.039091370652405,-0.0361897599297576,-0.0645652243127688,0.00939328820684837,1747,
OLS,vii,201904,201905,0.0766248918293309,-0.114000872246335,-0.0978084072273393,-0.112739154141723,0.0292619849179151,1740,
OLS,vii,201905,201906,0.16963981271438,-0.10428301802058,-0.0561294044704849,-0.0402277670704024,0.0217702366812317,1734,
OLS,vii,201906,201907,0.0628149466704157,-0.0617722856081352,-0.0222992600261489,-0.0442167767485658,0.0117068388082967,1829,
OLS,vii,201907,201908,0.0207084371685007,-0.0800336497662505,-0.0177286636883951,-0.0463685911076119,0.015251400731275,1817,
OLS,vii,201908,201909,-0.0497721709466203,0.121411979078755,0.0559359990716136,-0.0354252887213655,0.0640708435755948,1809,
OLS,vii,201909,201910,0.141854592826742,-0.113169438758532,-0.0614096544462721,-0.0931108993970876,0.030956100679992,1800,
OLS,vii,201910,201911,0.161477429840564,-0.121804976486928,-0.0840080742355728,-0.0246882276575459,0.0213086280737844,1788,
OLS,vii,201911,201912,-0.00479691720123078,0.0825850891747373,-0.0245375355209572,0.0267312817086371,0.0250721555412056,1778,
OLS,vii,201912,202001,-0.00206193892928075,-0.0762364802436873,-0.00732869319938789,0.0504234431128793,0.0193399693328945,1764,
OLS,vii,202001,202002,-0.0157045316192534,-0.0604712596676938,-0.0333786200217338,-0.0235753955200221,0.00233137697918395,1762,
OLS,vii,202002,202003,0.0440368234620174,-0.26583138882856,-0.118051857011545,-0.134463923759551,0.0813185848581949,1758,
OLS,vii,202003,202004,-0.0874884250049204,0.220792082459052,0.135358646528518,0.207549115543205,0.029471425589476,1749,
OLS,vii,202004,202005,-0.0210652939224979,0.00683670697153565,0.0771308218536315,0.10298834467296,0.00933754677729515,1744,
OLS,vii,202005,202006,-0.220507265519525,0.171486457348863,0.180572120653515,0.194512813446464,0.0317390610904901,1730,
OLS,vii,202006,202007,-0.139943876881412,0.0893134587258497,0.144882450878835,0.125796227633966,0.0155780043508305,1794,
OLS,vii,202007,202008,0.0182223168893521,0.0305370301716248,0.0291557663172402,0.00962885308291811,0.00177560864850446,1782,
OLS,vii,202008,202009,0.0351370818706923,-0.046795817099716,-0.0349034221443249,-0.0449167548680773,0.00574206934301058,1778,
OLS,vii,202009,202010,-0.00476867190774042,0.00974318508792689,0.0272978801082653,-0.00750125382656132,0.00324879303388959,1769,
OLS,vii,202010,202011,-0.0380731102962235,0.214843098910369,0.0887278778901783,0.17592443987315,0.0317681987180082,1763,
OLS,vii,202011,202012,0.0103136194166256,0.0603225862856516,0.0221888478908941,0.0629605180581054,0.00777591365526564,1757,
OLS,vii,202012,202101,-0.258930939621775,0.370352155861997,0.149012241903645,0.179599897799114,0.0257203596714726,1748,
OLS,vii,202101,202102,-0.000916246297393462,0.124545239798439,0.0116942355847082,0.0505402752969309,0.0211674684388277,1742,
OLS,vii,202102,202103,0.0403581909852745,0.0666146130697268,-0.0301864273540305,-0.0662931312093716,0.00905025975605855,1734,
OLS,vii,202103,202104,0.0710699570388131,-0.0415781257280749,-0.007899864860846,-0.0561253951465842,0.0145026812912176,1730,
OLS,vii,202104,202105,-0.0745649917817397,0.119367065153995,0.0373911591716767,0.0265917002264183,0.0217526067009909,1719,
OLS,vii,202105,202106,-0.125318212544917,0.059948469433622,0.118985271416409,0.122981494073391,0.0139068942811372,1714,
OLS,vii,202106,202107,0.055058305041503,-0.0494744288282805,0.00703222400039508,-0.121585152008826,0.0868294641875609,1787,
OLS,vii,202107,202108,0.046708460158767,-0.00701294220854293,-0.038060444214147,-0.00867416697134843,0.00293623399218201,1782,
OLS,vii,202108,202109,-0.0960133215284335,0.0907573096303123,-0.0103415648754191,0.0412637408755816,0.0461127065781457,1774,
OLS,vii,202109,202110,0.0904395062905933,-0.0362298215539459,-0.0176058613443554,-0.0557007469378257,0.0126844543743133,1765,
OLS,vii,202110,202111,0.021199933478357,-0.0227413961179465,0.0061046799714809,-0.117874329268226,0.0522898704384804,1757,
OLS,vii,202111,202112,0.0366824313678827,0.0237818227079385,0.0121049937240909,-0.075851804148217,0.0363905201750474,1749,
OLS,vii,202112,202201,-0.14348157035331,0.13172801833198,-0.000825239085632229,-0.00568131048177285,0.0731796313578408,1737,
OLS,vii,202201,202202,-0.0229781983721541,0.0607290891097691,-0.0277939824650233,0.0238021905386032,0.0193204230136629,1736,
OLS,vii,202202,202203,-0.0425741148565653,0.0540616514743934,-0.012641668007071,0.0851329996841108,0.0299979986234183,1731,
OLS,vii,202203,202204,-0.0625249259613699,0.0644331775032566,-0.00971269244453881,-0.130306348896469,0.0997424228220821,1720,
OLS,vii,202204,202205,-0.00919556538357159,0.0608789395087258,-0.014026060862555,-0.0531469129931579,0.0231705665133364,1715,
OLS,vii,202205,202206,0.0718997152002086,-0.111455886698787,-0.0980486695573691,-0.0685850477768961,0.026495267321626,1707,
OLS,vii,202206,202207,0.120482758743183,-0.0668025299843218,0.0165152996629904,-0.00895867215533922,0.0138845005319552,1807,
OLS,vii,202207,202208,-0.045767746742975,0.0231413236128019,-0.0162040930767697,0.0510280800920962,0.0127996940437518,1799,
OLS,vii,202208,202209,0.0333306589577676,-0.111545104042488,-0.0699129719008798,-0.106080138781839,0.0517353155038979,1792,
OLS,vii,202209,202210,0.126478418182378,0.0387784190041657,-0.0174600773812075,-0.0942522080955374,0.0223883815926119,1786,
OLS,vii,202210,202211,0.148922130870223,-0.0606285723871878,-0.0480385162010306,-0.123451004825381,0.0218313088568751,1775,
OLS,vii,202211,202212,0.0166079129966008,-0.0398790996165187,-0.0496713700190405,-0.0537447789640598,0.00228362004195104,1770,
OLS,vii,202212,202301,-0.0143578883372348,0.0925954953247441,0.0392978193625417,0.156552666085801,0.0440581753388764,1763,
OLS,vii,202301,202302,0.0209128213119651,-0.0435146889655557,0.0113985322604905,-0.0851985664877699,0.0396269024673219,1758,
OLS,vii,202302,202303,0.0731309434784842,-0.0973079646512914,-0.0326211027368954,-0.0919360848782507,0.023621450144556,1745,
OLS,vii,202303,202304,0.0275957567261328,-0.0332744676862116,-0.0346518467626654,-0.0374402842120056,0.00348598667854305,1732,
OLS,vii,202304,202305,0.0158022835304608,-0.0405735574416584,-0.030080547316257,0.0237440307645369,0.00700247300300905,1730,
OLS,vii,202305,202306,0.0824570022912384,0.0189174437460786,0.010021139996517,-0.0588179869797515,0.0148093772061204,1720,
OLS,vii,202306,202307,-0.053881683106364,0.0882493111890908,0.0683227194111139,0.0189038705879768,0.0204200065848779,1862,
OLS,vii,202307,202308,0.0539671960611832,-0.0712539341242838,-0.0298063372459328,-0.113895814217758,0.0271548290995207,1853,
OLS,vii,202308,202309,0.00862411225748033,-0.0273300893181222,-0.0274755028516047,-0.0961460268735134,0.0322379430957684,1840,
OLS,vii,202309,202310,0.0659424750051932,-0.0749173045137999,-0.0692118363180395,-0.146470291994312,0.0534497755971862,1830,
OLS,vii,202310,202311,-0.062202678518751,0.0133031943003087,0.144482938583591,0.111772917400839,0.0107921934092214,1821,
OLS,vii,202311,202312,0.0038190339883956,0.0627476138774025,0.0440853541461227,0.0996951024782031,0.00973784034429004,1811,
OLS,vii,202312,202401,0.0608007206878142,-0.0801372977952751,-0.0515074205756135,-0.0532853623393826,0.0124182158093087,1799,
OLS,vii,202401,202402,0.13837129594069,-0.0580670505165383,-0.0865760287930061,-0.0251316773029905,0.00962579843043276,1793,
OLS,vii,202402,202403,0.0159996235110538,0.0373624134865302,0.00111574271262328,-0.0125825882992452,0.00350712057831704,1786,
OLS,vii,202403,202404,-0.00924234497644659,-0.0392926670236793,-0.0219661809876886,-0.07399131477183,0.0158917408483938,1778,
OLS,vii,202404,202405,-0.189886344294077,0.155531018705508,0.183310708601211,0.110115223531735,0.00352395420008267,1770,
OLS,vii,202405,202406,-0.0523090878130878,-0.0580753075860676,0.058056753361503,0.025740641406125,0.0262521797021371,1754,
OLS,vii,202406,202407,0.108349821477869,0.0129592846524571,-0.0584189801377313,-0.0293242335838126,0.00532520166126982,1981,
OLS,vii,202407,202408,0.10217892519017,-0.0931882171553212,-0.0669198753172119,-0.0893940890239585,0.0114986745316209,1966,
OLS,vii,202408,202409,0.0631379801776268,-0.0490513041470695,-0.0202197942729245,-0.0417574698883192,0.00617244860917965,1956,
OLS,vii,202409,202410,-0.0442049309558156,-0.00856663090421964,0.00347108701639974,0.0523873256200231,0.00847528814778753,1946,
OLS,vii,202410,202411,0.0653150465112387,-0.0158751671380196,0.054401481977603,0.00551024000104159,0.00282903138755641,1934,
OLS,vii,202411,202412,-0.245180662187906,0.124222562138689,0.136797514867552,0.124229783890854,0.0164142337001522,1924,
WLS,i,197306,197307,0.0531845454067122,-0.0220442263878286,,,0.0041020371296453,1770,1
WLS,i,197307,197308,-0.0451816178215294,0.0187163227709163,,,0.00576396965404402,1777,1
WLS,i,197308,197309,-0.00314014530953572,0.173557018839138,,,0.207225700656509,1783,1
WLS,i,197309,197310,-0.0056065890897566,0.00570125715518374,,,0.000299990649788917,1790,1
WLS,i,197310,197311,-0.123128987908612,-0.00508905798620802,,,0.000190331821863454,1789,1
WLS,i,197311,197312,-0.0330492177973113,0.144973841051997,,,0.152192281013849,1799,1
WLS,i,197312,197401,-0.0266498615242561,0.0648569280364964,,,0.028468540105651,1808,1
WLS,i,197401,197402,-0.0231897895317554,0.0660283666500993,,,0.0724003468639473,1761,1
WLS,i,197402,197403,-0.0172050262863743,-0.0291199941099032,,,0.0145514950494894,1762,0.999999999999997
WLS,i,197403,197404,-0.0386320373307308,-0.0085413044587404,,,0.00142138800694847,1762,1.00000000000001
WLS,i,197404,197405,-0.0113651155742722,-0.0849658281575627,,,0.0770804749426179,1766,1
WLS,i,197405,197406,-0.0207764284866113,0.0148433384738683,,,0.00463299515573423,1772,1
WLS,i,197406,197407,-0.11859341517424,0.146100251529925,,,0.122553631003271,2349,0.999999999999998
WLS,i,197407,197408,-0.103772650030542,0.0641444914215035,,,0.0306541125389813,2404,1
WLS,i,197408,197409,-0.16638048987788,0.165460797711284,,,0.163273590483771,2409,0.999999999999998
WLS,i,197409,197410,0.216576578671916,-0.234399867929359,,,0.125161693815127,2482,1
WLS,i,197410,197411,-0.0515482284308208,0.00980063700434326,,,0.000854357057383903,2517,1.00000000000001
WLS,i,197411,197412,-0.0430319587831881,0.0375574576861746,,,0.0112949325313313,2547,1
WLS,i,197412,197501,0.0786341364376982,0.214729936692591,,,0.0958347460089725,2654,1
WLS,i,197501,197502,0.101484243010904,-0.14960449793852,,,0.125458679205843,2382,1
WLS,i,197502,197503,0.0198940648858849,0.0489331174005451,,,0.0148610543104424,2456,0.999999999999998
WLS,i,197503,197504,0.0544670626735531,-0.0179711215829108,,,0.00180522626256374,2490,0.999999999999999
WLS,i,197504,197505,0.0511155253664753,-0.0135597866175287,,,0.0012730817350417,2519,1
WLS,i,197505,197506,0.0288767733193202,0.0639001676260329,,,0.0353638562579268,2628,1
WLS,i,197506,197507,-0.0869220487929113,0.0909004788499785,,,0.0816496752621935,2899,1
WLS,i,197507,197508,-0.0241190456679367,-0.00521550556068209,,,0.000399016167085375,2912,1
WLS,i,197508,197509,-0.0455996727079656,0.0197370938253276,,,0.00477717595408389,2914,0.999999999999997
WLS,i,197509,197510,0.0697452758396954,-0.0641447071608704,,,0.0268137412543341,2931,1
WLS,i,197510,197511,0.0233769375966195,0.00698024353545472,,,0.000506768139167058,2934,1
WLS,i,197511,197512,-0.0306947044265382,0.0553432606472354,,,0.0443953431997995,2929,0.999999999999997
WLS,i,197512,197601,0.0929270952278493,0.14937406295503,,,0.113509992270582,2872,0.999999999999999
WLS,i,197601,197602,-0.0328921798304293,0.16285570117842,,,0.189007114055168,2815,1
WLS,i,197602,197603,0.0287191012961569,-0.0176371628600648,,,0.00289808407991987,2862,1
WLS,i,197603,197604,-0.0240472196704447,0.0383428384884708,,,0.0214040035062831,2850,1
WLS,i,197604,197605,-0.0121208419185184,-0.0010212709269299,,,1.26034207376113e-05,2871,1.00000000000001
WLS,i,197605,197606,0.0338606734558285,0.0247903447378459,,,0.0071930634150279,2886,1
WLS,i,197606,197607,-0.0219712110525404,0.0276790601459997,,,0.0139713772188137,2996,1
WLS,i,197607,197608,-0.00449579134777638,-0.0126467119653244,,,0.00296976333545096,2792,1
WLS,i,197608,197609,0.0163323035419564,0.0219112865043562,,,0.00838556697119586,2779,1
WLS,i,197609,197610,-0.0279911373599679,0.000582062260967475,,,6.46354364353119e-06,2958,1
WLS,i,197610,197611,-0.0183372407281928,0.0722069760492225,,,0.0646724527093843,2957,0.999999999999995
WLS,i,197611,197612,0.0319999503958077,0.0764486506955845,,,0.0797404445373666,2967,0.999999999999996
WLS,i,197612,197701,-0.083256342558842,0.145330069001593,,,0.206065000036053,2944,1
WLS,i,197701,197702,-0.0184028492524876,0.00266765759829952,,,0.000144005820848836,2905,1
WLS,i,197702,197703,-0.0233632382046757,0.0289829870897485,,,0.0153336238033968,2924,1
WLS,i,197703,197704,-0.0257160222358681,0.0882719569886841,,,0.108231443842326,2917,1
WLS,i,197704,197705,-0.0263517566451138,0.0309021868006097,,,0.0165754057811158,2915,1
WLS,i,197705,197706,0.0542646411177901,-0.0322640243516622,,,0.0157597193764568,2915,1
WLS,i,197706,197707,-0.0170124829771868,-0.0157006149546372,,,0.00449672299238701,2958,1.00000000000001
WLS,i,197707,197708,0.010963221147836,-0.0923292321604108,,,0.120783682104437,2946,0.999999999999997
WLS,i,197708,197709,-0.0120159568199811,0.0239527624449319,,,0.0110149700322538,2938,1
WLS,i,197709,197710,-0.0494338881372258,0.018580883524988,,,0.0059858749076136,2931,1
WLS,i,197710,197711,0.0316201498434925,0.0223195587262472,,,0.00725575634928066,2924,0.999999999999997
WLS,i,197711,197712,-0.000171416610424887,0.0138037797351981,,,0.00351656723195681,2918,1
WLS,i,197712,197801,-0.0715183040901407,0.0363289163124754,,,0.0264402468127424,2920,0.999999999999999
WLS,i,197801,197802,-0.0334983742725951,0.0614326983780589,,,0.0589386629523174,2862,1
WLS,i,197802,197803,0.00745513744788043,0.0686201779453143,,,0.0565472880553508,2861,0.999999999999994
WLS,i,197803,197804,0.11175448025298,-0.0832190304259506,,,0.0800860648583199,2847,1
WLS,i,197804,197805,0.0134281023033728,0.0196059386373816,,,0.00452267153145125,2847,1
WLS,i,197805,197806,-0.0177665073823753,-0.00927848352363477,,,0.00128118762174445,2836,0.999999999999998
WLS,i,197806,197807,0.0669543021004413,-0.0340822740717332,,,0.0145489134277168,2888,1
WLS,i,197807,197808,0.0342640057089327,0.0141119408284332,,,0.00201497286184849,2893,0.999999999999998
WLS,i,197808,197809,-0.0391250980399214,0.0676219784934532,,,0.0685856425550456,2876,0.999999999999998
WLS,i,197809,197810,-0.103958487745254,-0.0492805943945701,,,0.0210205713857548,2877,1
WLS,i,197810,197811,0.0244228225948332,0.0123941841572145,,,0.00185489235467062,2869,1
WLS,i,197811,197812,0.0318151501272653,-0.0571632935624205,,,0.0488137331846508,2856,0.999999999999998
WLS,i,197812,197901,0.018097889790816,0.0636655084638651,,,0.0509266305137724,2859,1
WLS,i,197901,197902,-0.0461901636159708,0.0248796012632294,,,0.0127984745669166,2799,1
WLS,i,197902,197903,0.0468562434892132,0.0337353851889705,,,0.0145947289613948,2792,1
WLS,i,197903,197904,-0.00599128770517213,0.0205504012847154,,,0.00674645937827934,2788,1
WLS,i,197904,197905,-0.0283944978299365,0.0012353612314675,,,2.56120237001056e-05,2780,1
WLS,i,197905,197906,0.0167523503660628,0.0456946490636051,,,0.0212514270443693,2779,1
WLS,i,197906,197907,-0.0114475114391067,0.044943578541495,,,0.0342205412227197,2809,0.999999999999997
WLS,i,197907,197908,0.0624272834918222,-0.00247364412959663,,,9.4824621497458e-05,2803,0.999999999999999
WLS,i,197908,197909,-0.0184998789447618,0.0328207354741545,,,0.0141420335658355,2788,1
WLS,i,197909,197910,-0.0698138501849024,-0.0199981902835365,,,0.00628790727806328,2778,1
WLS,i,197910,197911,0.0632826422234427,-0.0380737439259937,,,0.0142101599877204,2776,0.999999999999997
WLS,i,197911,197912,0.0173279572185107,0.00870208666424994,,,0.000818650514248009,2764,1
WLS,i,197912,198001,0.0290952887388863,0.087175888929374,,,0.0404668460722015,2752,1
WLS,i,198001,198002,-0.0392139546950591,0.0831292051465845,,,0.0364827292135438,2694,1
WLS,i,198002,198003,-0.0984666729345269,-0.0837328540219862,,,0.0553024989984315,2684,0.999999999999998
WLS,i,198003,198004,0.0218997602357075,0.0212815528285309,,,0.00516912560561267,2671,1
WLS,i,198004,198005,0.0499368489461619,0.00185667516311102,,,4.78322178976143e-05,2666,1
WLS,i,198005,198006,0.0305259430403629,-0.0153077069492812,,,0.00352107295111825,2675,0.999999999999997
WLS,i,198006,198007,0.107373670212927,-0.0728648483263149,,,0.0343084389440251,2811,1
WLS,i,198007,198008,0.0261545619154235,-0.0157734520175364,,,0.0024652603987847,2822,1
WLS,i,198008,198009,0.0525301812201281,-0.0662672520919705,,,0.0390377904467067,2816,0.999999999999994
WLS,i,198009,198010,0.0225700214825044,-0.0221316389946116,,,0.00353180103360873,2806,1
WLS,i,198010,198011,0.137978414450199,-0.0803862721755972,,,0.0203798002942145,2800,0.999999999999999
WLS,i,198011,198012,-0.0410192100123078,-0.0275662842869741,,,0.0054932672636997,2790,1
WLS,i,198012,198101,-0.0991230280468715,0.113311195661204,,,0.0857658925302098,2832,1
WLS,i,198101,198102,0.0105905928344899,0.000871591485735104,,,8.07180999828905e-06,2730,1
WLS,i,198102,198103,0.0270373467786352,0.0129002855172629,,,0.000847624894157795,2723,1
WLS,i,198103,198104,-0.0434500095820727,0.0492707911035727,,,0.018444871017262,2715,1
WLS,i,198104,198105,-0.004197633013747,-0.000723059266426659,,,5.32798286023706e-06,2708,1
WLS,i,198105,198106,-0.0530696446699516,0.0639584978593511,,,0.0313269473794759,2743,1
WLS,i,198106,198107,0.0053617717886011,-0.0418151578998157,,,0.0118120681293853,2932,1
WLS,i,198107,198108,-0.093074917468098,0.0405813802419236,,,0.0224220170464022,2935,1
WLS,i,198108,198109,-0.104105008215127,0.0722407252962591,,,0.0413063526250848,2924,1
WLS,i,198109,198110,0.0996964423097474,-0.118019246076539,,,0.0676446032038683,2938,1
WLS,i,198110,198111,0.0258571074607313,0.0111825034171922,,,0.00105157776514686,2952,1
WLS,i,198111,198112,-0.0478814338723098,0.0306010032330631,,,0.0129185627956613,2951,1
WLS,i,198112,198201,-0.0381516777117703,0.012782679674578,,,0.00129962407175044,2945,1
WLS,i,198201,198202,-0.0983486508775885,0.0797967473262492,,,0.0569916227240996,2848,0.999999999999997
WLS,i,198202,198203,-0.0528182467874489,0.079164173437288,,,0.058955973795221,2857,1
WLS,i,198203,198204,0.0649944491104433,-0.0679147945787688,,,0.0516900507594434,2851,0.999999999999997
WLS,i,198204,198205,-0.0486536071559556,0.0254744281880807,,,0.00795332208911947,2854,1
WLS,i,198205,198206,-0.0386661299805691,0.0275388338425239,,,0.00624850585188119,2850,0.999999999999998
WLS,i,198206,198207,-0.0182886161985402,-0.0266220459112851,,,0.00597662612994543,2982,1
WLS,i,198207,198208,0.0950094108034776,0.0375351834076794,,,0.0110739494067892,2975,0.999999999999994
WLS,i,198208,198209,0.0205096871923898,-0.0276059165787452,,,0.0083428690008226,2979,0.999999999999998
WLS,i,198209,198210,0.129340062751735,-0.0342447686584892,,,0.00704951540070009,2990,1
WLS,i,198210,198211,0.0694874480636021,-0.0451572665541644,,,0.0128480339049408,2980,0.999999999999996
WLS,i,198211,198212,0.00768749687974131,0.000601850453008387,,,2.98539121823538e-06,3002,1
WLS,i,198212,198301,0.0198621885705481,0.0385292470879359,,,0.0109042726346786,3030,1
WLS,i,198301,198302,0.0279066293610604,-0.00428764188609958,,,0.000195423589936405,2880,1
WLS,i,198302,198303,0.0130398014078187,0.0310584206497905,,,0.00928265087234525,2905,1
WLS,i,198303,198304,0.0431510445418583,0.0467313183428062,,,0.0196311064975543,2897,1
WLS,i,198304,198305,0.00421366815751167,-0.00825156893291415,,,0.000549910140950516,2897,1
WLS,i,198305,198306,0.061460225064276,-0.0438241844698762,,,0.0162003183877454,2933,1
WLS,i,198306,198307,-0.0724816599185184,0.0604387842687085,,,0.0485485673824251,3210,1
WLS,i,198307,198308,-0.0528613442566395,0.102996653487735,,,0.117988222062442,3220,0.999999999999995
WLS,i,198308,198309,0.0291119063684337,-0.0437687701142135,,,0.0260307873239959,3209,1
WLS,i,198309,198310,-0.0595261359394247,0.0506149779464574,,,0.0283851164057505,3236,1
WLS,i,198310,198311,0.0217668291679161,0.00299069433120933,,,0.000103571565457816,3242,1
WLS,i,198311,198312,-0.0249092592021632,0.0221455269071193,,,0.00744126358254316,3243,0.999999999999997
WLS,i,198312,198401,-0.0967113613399286,0.149486147650244,,,0.183482314775188,3269,1
WLS,i,198401,198402,-0.072325608851261,0.0528839285531862,,,0.0368379995117792,3106,1
WLS,i,198402,198403,0.00311106333192489,0.0114641643445913,,,0.00176838279961167,3130,1
WLS,i,198403,198404,-0.0098991788824499,0.0201657931360652,,,0.00638120840847101,3128,1
WLS,i,198404,198405,-0.0538832551154846,-0.0123789832618012,,,0.00210430605764222,3123,1
WLS,i,198405,198406,0.0499371285133437,-0.0575235752266926,,,0.036538166813309,3154,0.999999999999998
WLS,i,198406,198407,-0.0135793085857815,-0.032817285818364,,,0.012430985883948,3276,1
WLS,i,198407,198408,0.105649577102552,0.00187829720323138,,,3.84174683757399e-05,3261,1
WLS,i,198408,198409,-0.0538590134548038,0.067193007302764,,,0.0705225143771354,3238,1
WLS,i,198409,198410,0.00269624034807435,-0.030116105263975,,,0.0135860327023343,3227,1
WLS,i,198410,198411,-0.0440283424340015,0.0390625777638629,,,0.0287826455626068,3202,1
WLS,i,198411,198412,0.0259574464430486,-0.0215880723412184,,,0.00935596624458579,3170,0.999999999999997
WLS,i,198412,198501,0.118100081679625,-0.0647710230774036,,,0.0485103599934639,3188,1
WLS,i,198501,198502,0.00102716521956512,0.0200736584010548,,,0.00737081117054206,3080,1
WLS,i,198502,198503,-0.033087217307467,0.0345008410803901,,,0.0132442141972383,3075,1
WLS,i,198503,198504,-0.04081806521686,0.0433630843458672,,,0.0306712621424958,3064,0.999999999999996
WLS,i,198504,198505,0.0596739738301985,-0.0151687540457594,,,0.00296017671126669,3050,1
WLS,i,198505,198506,0.0076205569294132,0.000372566764426643,,,2.80843003563902e-06,3066,1
WLS,i,198506,198507,-0.00189058403176555,0.00641714647326541,,,0.000526025778616046,3351,1.00000000000001
WLS,i,198507,198508,-0.0276260669428876,0.0300907440072855,,,0.0172712243731219,3367,0.999999999999998
WLS,i,198508,198509,-0.0570561141385951,0.0352397686809194,,,0.0175373123334577,3346,1
WLS,i,198509,198510,0.0313103465703326,0.000628542287528882,,,4.39108315075654e-06,3376,0.999999999999999
WLS,i,198510,198511,0.104937232595386,-0.0788709646023737,,,0.0707484083408789,3368,0.999999999999997
WLS,i,198511,198512,0.0669201054496991,-0.063464430227508,,,0.0501727143233197,3362,0.999999999999997
WLS,i,198512,198601,0.0045637402143436,-0.0152126817885352,,,0.00244183716091717,3394,1
WLS,i,198601,198602,0.0739592233534707,-0.00652989179767875,,,0.00045650996746549,3208,1
WLS,i,198602,198603,0.0628587390313485,-0.0294979989570955,,,0.00854444185536973,3244,1
WLS,i,198603,198604,0.0194768169848518,-0.0527174502559764,,,0.03173600522875,3216,1
WLS,i,198604,198605,0.0458399156132313,0.00343493296744808,,,0.000135498381546917,3265,0.999999999999998
WLS,i,198605,198606,0.0215274678375197,-0.0389119881595982,,,0.0141250586743673,3306,1
WLS,i,198606,198607,-0.0917104019306437,0.0322755274022248,,,0.0120163176822365,3491,1
WLS,i,198607,198608,0.00807889113864671,0.110950179023768,,,0.130300065519462,3483,1
WLS,i,198608,198609,-0.12747433957932,0.102247133658896,,,0.117976726024271,3468,1
WLS,i,198609,198610,0.0587591333345119,-0.0137523998360747,,,0.00182251608035311,3458,0.999999999999998
WLS,i,198610,198611,0.0196703402269121,0.000825218800913873,,,1.13583142693496e-05,3420,0.999999999999997
WLS,i,198611,198612,-0.0292781013331176,-0.00734303016805892,,,0.000961427445592911,3396,0.999999999999997
WLS,i,198612,198701,0.135284480810714,-0.00475862228676881,,,0.00018263937988916,3379,0.999999999999997
WLS,i,198701,198702,0.10003015081091,-0.104512236481386,,,0.115061174597607,3259,0.999999999999998
WLS,i,198702,198703,-0.00705091095003473,0.0729117454849415,,,0.0538929477893153,3266,1
WLS,i,198703,198704,-0.0283612809553654,0.0343846789249548,,,0.0145042676632137,3253,1.00000000000001
WLS,i,198704,198705,0.0126917022090013,-0.0113289196294294,,,0.00179704720100271,3249,1
WLS,i,198705,198706,0.0382208604073232,0.00748059860422951,,,0.000892642196765547,3276,1
WLS,i,198706,198707,0.0439126202070755,0.0106779783954025,,,0.00113340895060121,3464,1
WLS,i,198707,198708,0.0466345217261068,-0.0311830988916517,,,0.0114535101340403,3465,1.00000000000001
WLS,i,198708,198709,-0.0339318186004981,0.0190654980842228,,,0.00386748963974137,3448,0.999999999999998
WLS,i,198709,198710,-0.248249353214198,0.00998689108805382,,,0.000683310367155632,3460,0.999999999999998
WLS,i,198710,198711,-0.098995300163622,0.0330310237006438,,,0.0103839612882121,3432,1
WLS,i,198711,198712,0.0876790680858279,-0.0125863192204367,,,0.00113588219989857,3407,0.999999999999997
WLS,i,198712,198801,-0.000428146293593873,0.0649519696769109,,,0.0259395343830213,3434,0.999999999999995
WLS,i,198801,198802,0.0524366698176851,0.0119480927884292,,,0.00146121960347623,3289,1
WLS,i,198802,198803,-0.0480375095649584,0.0552719440084041,,,0.0278073637976214,3290,1
WLS,i,198803,198804,-0.0195278955404646,0.0619312927739313,,,0.0629668053987804,3265,1
WLS,i,198804,198805,-0.0140226091550435,0.0120938460903267,,,0.00287339014734767,3244,0.999999999999998
WLS,i,198805,198806,0.0595056169934433,-0.0248259786288992,,,0.00667123807257442,3260,1
WLS,i,198806,198807,-0.0275108451524844,0.0299127718785426,,,0.0118423726663097,3544,0.999999999999994
WLS,i,198807,198808,-0.0456058925828269,0.011378997789506,,,0.00193785038027439,3542,1
WLS,i,198808,198809,0.0504319237420558,-0.03918005973989,,,0.0186516659033676,3512,1.00000000000001
WLS,i,198809,198810,0.00264964229994124,0.0319301744938405,,,0.00701128240986704,3526,1
WLS,i,198810,198811,-0.0320877867604635,0.0239891041892422,,,0.0114386923572531,3527,1
WLS,i,198811,198812,0.0298556251601298,-0.0272780062661865,,,0.0127827113629195,3508,1
WLS,i,198812,198901,0.0582336812756724,0.0127051621835288,,,0.00251027435511397,3532,1
WLS,i,198901,198902,-0.0305530652404975,0.00993069456803584,,,0.00183333011396492,3354,1
WLS,i,198902,198903,0.00852526715645541,0.0106215717310685,,,0.00132467247163115,3363,0.999999999999995
WLS,i,198903,198904,0.0592246935298933,-0.0335914523639725,,,0.0183312434225481,3363,0.999999999999995
WLS,i,198904,198905,0.0451716873273597,-0.030195394883459,,,0.0125904581674039,3352,0.999999999999996
WLS,i,198905,198906,-0.0231674508352207,0.00866243405410096,,,0.00116033349798639,3384,1
WLS,i,198906,198907,0.111200768377,-0.0821169445321068,,,0.0593277647940834,3632,1
WLS,i,198907,198908,-0.0103195922020335,0.0618677804753847,,,0.0396663381968486,3622,0.999999999999999
WLS,i,198908,198909,0.00505206666643181,-0.0393962790967982,,,0.0192423081064879,3606,1
WLS,i,198909,198910,-0.0167733828279813,-0.0451834347634942,,,0.0203182856866763,3638,1
WLS,i,198910,198911,0.0199738001824091,-0.0157576555028016,,,0.00310630179093796,3622,1
WLS,i,198911,198912,-0.000211500190045176,0.0356269107579935,,,0.0170744354420661,3599,1
WLS,i,198912,199001,-0.0838652384426197,0.0225124446354795,,,0.00526184866467461,3611,1
WLS,i,199001,199002,-0.0059640237287758,0.0406749055970613,,,0.0245907730037698,3462,1
WLS,i,199002,199003,0.0430670688881051,-0.0345289920159008,,,0.0181267379041503,3503,1
WLS,i,199003,199004,-0.00188329084011823,-0.0600854666859317,,,0.049683593912429,3490,1
WLS,i,199004,199005,0.119397204594499,-0.0745422185652072,,,0.0590776408833562,3477,1
WLS,i,199005,199006,0.0278793960036089,-0.0868721640670726,,,0.0941074463118422,3472,0.999999999999996
WLS,i,199006,199007,-0.0136890453772407,-0.000832425983576508,,,4.66453164160718e-06,3598,1
WLS,i,199007,199008,-0.0964812381573779,-0.00944643610880152,,,0.000822498685788542,3581,0.999999999999998
WLS,i,199008,199009,-0.061296504899749,0.0023571274209961,,,3.91356384589203e-05,3559,0.999999999999999
WLS,i,199009,199010,0.00821173783568884,-0.0739394631134246,,,0.0330800104418034,3562,1
WLS,i,199010,199011,0.0715183307853781,-0.0280552792767497,,,0.00476110817334485,3542,1
WLS,i,199011,199012,0.0364860688737741,-0.030033860757523,,,0.00816273051199978,3528,1
WLS,i,199012,199101,0.0491730883781677,0.00964572378467935,,,0.000464119759026938,3546,0.999999999999998
WLS,i,199101,199102,0.086315739312068,-0.0395406929970765,,,0.0115805442453454,3451,1
WLS,i,199102,199103,0.0497169949953215,-0.0684491823701268,,,0.0341292852950533,3445,1
WLS,i,199103,199104,-0.00794975509257678,0.0088283349799005,,,0.000782648138520581,3414,1
WLS,i,199104,199105,0.0340009957963775,0.0160805594975192,,,0.00224857143428703,3398,0.999999999999998
WLS,i,199105,199106,-0.0469499629792729,-0.00908842862244727,,,0.00112849969754913,3416,0.999999999999996
WLS,i,199106,199107,0.0653391200196329,-0.0708108035584072,,,0.0433597761473355,3586,0.999999999999997
WLS,i,199107,199108,0.0444713543398538,-0.0706484484435721,,,0.0435057177102413,3568,1
WLS,i,199108,199109,-0.0186282269410796,-0.00783606248595993,,,0.00058829080131928,3558,1
WLS,i,199109,199110,0.0143078788272425,-0.00691148618944496,,,0.000293016868240903,3566,1
WLS,i,199110,199111,-0.00251936125156533,-0.120630209489795,,,0.123471132282573,3547,1
WLS,i,199111,199112,0.159745901395565,-0.141930265381985,,,0.102672421289909,3528,0.999999999999994
WLS,i,199112,199201,-0.0507380049990248,0.1340333425727,,,0.0753995523490766,3527,1
WLS,i,199201,199202,-0.0202671556034526,0.0954723130784227,,,0.0701825948221762,3431,1
WLS,i,199202,199203,-0.0461137672223594,0.0522351421727923,,,0.0269643016106522,3435,1
WLS,i,199203,199204,-0.0196877077851144,0.0947732584804676,,,0.0601089113726567,3427,1
WLS,i,199204,199205,0.014870968988787,-0.0444839369596423,,,0.0254747417347809,3410,0.999999999999993
WLS,i,199205,199206,-0.04012473147688,0.0309953699224524,,,0.0085082702221434,3392,1
WLS,i,199206,199207,0.0511263515485982,-0.0372719703389093,,,0.0146997016954278,3535,1
WLS,i,199207,199208,-0.00550620736270499,-0.0461500461103831,,,0.025447754271399,3506,0.999999999999997
WLS,i,199208,199209,0.00705293243224965,0.00664481661679573,,,0.000438802592791721,3474,1
WLS,i,199209,199210,0.0311021805231134,-0.0651435415010826,,,0.0348773377754363,3481,1
WLS,i,199210,199211,0.042202906328944,-0.00708004174513707,,,0.000444904300905158,3454,1
WLS,i,199211,199212,-0.00668584450623254,0.0394515349855975,,,0.013606438831289,3439,1
WLS,i,199212,199301,-0.0421892033941847,0.121733580603285,,,0.109929931913594,3462,1
WLS,i,199301,199302,-0.0485168605919564,0.121635070792215,,,0.110022102541527,3380,1
WLS,i,199302,199303,0.00553805820567684,0.0394996739178354,,,0.0158036511095044,3388,1
WLS,i,199303,199304,-0.0690133506033872,0.102241101681568,,,0.0699956474940576,3360,1
WLS,i,199304,199305,0.0437371993973583,-0.0209566579156706,,,0.00458404141255298,3347,1
WLS,i,199305,199306,-0.031850440354105,0.064301668140661,,,0.0380118655152278,3371,1
WLS,i,199306,199307,-0.0428186506129712,0.0786621616756089,,,0.048684374159111,3623,0.999999999999997
WLS,i,199307,199308,0.0338700182396466,0.00774906296279454,,,0.000526984670042752,3617,1
WLS,i,199308,199309,-0.0146189843522219,0.0208081586958494,,,0.00356828354910377,3615,1
WLS,i,199309,199310,0.0410843974344381,-0.0321658279669145,,,0.00699900191149994,3627,1
WLS,i,199310,199311,0.00880106392096334,-0.0408523577292549,,,0.0153718779985668,3621,1
WLS,i,199311,199312,0.00521796994793134,0.0234154218160828,,,0.00529539478255992,3611,0.999999999999999
WLS,i,199312,199401,0.0102379288997994,0.053647370215588,,,0.0234035624687383,3639,0.999999999999997
WLS,i,199401,199402,-0.0140734626518692,-0.0127356003718762,,,0.0016513261692005,3517,0.999999999999997
WLS,i,199402,199403,-0.0578075708114232,0.0236552932834941,,,0.00700083474814817,3516,0.999999999999995
WLS,i,199403,199404,-0.000305443037473423,0.0135284173892281,,,0.00187018105107395,3504,1
WLS,i,199404,199405,0.00410928232079537,0.0050881035589401,,,0.000233985386311475,3500,0.999999999999998
WLS,i,199405,199406,-0.0357592353218635,0.0146575406581325,,,0.00244963348251004,3536,1
WLS,i,199406,199407,0.0202937614564407,0.0194326263331923,,,0.00367979382806805,3859,0.999999999999996
WLS,i,199407,199408,0.0659396232673492,-0.0530202218431172,,,0.0214652731464136,3871,1
WLS,i,199408,199409,-0.00914614358504768,-0.0211704726707652,,,0.00528912402905801,3859,1.00000000000001
WLS,i,199409,199410,0.0146381933891777,0.00469342526905508,,,0.000182182985969725,3874,1.00000000000001
WLS,i,199410,199411,-0.0252236955798612,-0.0331307907949029,,,0.0140448644384544,3866,0.999999999999998
WLS,i,199411,199412,0.0108543144970252,-0.0047751302280866,,,0.000250312675188491,3849,0.999999999999998
WLS,i,199412,199501,0.0158101235215371,-0.0168559516182424,,,0.00257325213293991,3850,1
WLS,i,199501,199502,0.035056337716632,0.00435259172011662,,,0.000222854585350984,3743,1
WLS,i,199502,199503,0.0217635083437454,0.0185476048722931,,,0.00365999385311133,3756,1
WLS,i,199503,199504,0.016638047972122,0.0183916892743476,,,0.00262327122378081,3728,1
WLS,i,199504,199505,0.0275358535138684,-0.0103790782898198,,,0.00114859624965291,3709,1
WLS,i,199505,199506,0.0414890312016499,-0.0281250642747883,,,0.00607016667201998,3720,0.999999999999998
WLS,i,199506,199507,0.037608672693814,0.000161773223726014,,,2.03421353872635e-07,4147,1
WLS,i,199507,199508,-0.00424595711074273,0.00382911755749795,,,0.000134028348551474,4148,1
WLS,i,199508,199509,0.0481363941845821,-0.0536201587002666,,,0.0220041403120943,4127,1
WLS,i,199509,199510,0.00699293306827938,-0.0619575515516236,,,0.0209023663945737,4140,0.999999999999999
WLS,i,199510,199511,0.0374241801386979,-0.00387735948196792,,,0.000100116517837923,4122,1
WLS,i,199511,199512,-0.00488871947954007,0.0388918545569949,,,0.009723107943579,4104,1
WLS,i,199512,199601,0.0292178961941389,-0.0184932271360192,,,0.00214701809701379,4121,1
WLS,i,199601,199602,0.0171075583600764,-0.00624394424720346,,,0.000303309466862189,3980,0.999999999999997
WLS,i,199602,199603,-0.00879847614897689,0.047953150552597,,,0.0160078465597443,3991,1
WLS,i,199603,199604,0.0190818358367355,0.0218136038719541,,,0.00292027408224027,3969,1
WLS,i,199604,199605,0.0384184736575646,-0.0348297203899929,,,0.0101070184814962,3961,1
WLS,i,199605,199606,0.00709458716753775,-0.0597358572735073,,,0.0273612982583964,3983,1
WLS,i,199606,199607,-0.0652841542367446,0.0109369760542329,,,0.000803810098849445,4362,1
WLS,i,199607,199608,0.0169279045801585,0.0232381827211786,,,0.00397331964398218,4354,0.999999999999996
WLS,i,199608,199609,0.0798866785071866,-0.08615447695919,,,0.0500608413530572,4324,1
WLS,i,199609,199610,-0.00870291218008483,0.0380607445655712,,,0.00830705896984063,4347,1.00000000000001
WLS,i,199610,199611,0.0660926966182682,-0.0083806911459874,,,0.000446045606129042,4333,0.999999999999999
WLS,i,199611,199612,-0.0276989453157527,0.0339165094553354,,,0.00848762309486362,4322,1
WLS,i,199612,199701,0.0791312330837816,-0.0776701109906912,,,0.0282309215462909,4304,1
WLS,i,199701,199702,-0.0126623081442412,0.00539152079158328,,,0.000176315257199411,4154,1
WLS,i,199702,199703,-0.077217543220373,0.0988660908527933,,,0.0716042838380933,4169,1
WLS,i,199703,199704,0.0772585009812746,-0.0928064823472641,,,0.0398548047657337,4149,1.00000000000001
WLS,i,199704,199705,0.071235506206238,-0.00910931860640154,,,0.000511560570863545,4132,1
WLS,i,199705,199706,0.046857448672069,-0.0327598517611826,,,0.00731279834260112,4146,1
WLS,i,199706,199707,0.0703660559525711,0.00067711968766006,,,2.11195484856042e-06,4522,1
WLS,i,199707,199708,-0.0707542811102078,0.0977817071494843,,,0.0692375278119237,4504,1
WLS,i,199708,199709,0.0379978418757575,0.0285000542936409,,,0.00580611376627327,4458,0.999999999999998
WLS,i,199709,199710,-0.0380263910931208,-0.0161431791723007,,,0.00141324287599021,4461,1
WLS,i,199710,199711,0.0508666589670657,-0.0638488794370525,,,0.0288283450910208,4429,0.999999999999995
WLS,i,199711,199712,-0.00277110836342822,0.0079125658942158,,,0.00039760133706257,4410,1
WLS,i,199712,199801,0.0320349553669098,-0.0616768714837789,,,0.0214824272794606,4395,0.999999999999996
WLS,i,199801,199802,0.0689683798345533,-0.00374015628529185,,,0.000108513475510774,4240,1
WLS,i,199802,199803,0.0369171398845988,0.0151656824572408,,,0.0014759861866841,4235,1
WLS,i,199803,199804,0.00100868120576802,0.0174749433892329,,,0.00200319275718741,4187,0.999999999999995
WLS,i,199804,199805,-0.031708147146759,0.00899330082449484,,,0.000682749561639828,4169,1
WLS,i,199805,199806,0.067868705627566,-0.117522868509823,,,0.0722379081169701,4187,1
WLS,i,199806,199807,-0.00785846296677925,-0.0588283089034104,,,0.0145057139609399,4713,0.999999999999997
WLS,i,199807,199808,-0.136534004829667,-0.0466207790863554,,,0.010658141010679,4696,1.00000000000001
WLS,i,199808,199809,0.0791768352781995,-0.0292927547786463,,,0.00216277759165384,4648,1.00000000000001
WLS,i,199809,199810,0.0711846471955928,0.000835977296712525,,,2.55168382579107e-06,4632,1
WLS,i,199810,199811,0.0788881857422809,-0.0613843897004383,,,0.0146597217579583,4563,1
WLS,i,199811,199812,0.0952359727535142,-0.092406506571487,,,0.0236724921909033,4518,1
WLS,i,199812,199901,0.0660822806453425,-0.0890335014743187,,,0.0161445705052475,4470,1
WLS,i,199901,199902,-0.0600491062075956,0.0381917036745631,,,0.00715990519288356,4315,0.999999999999996
WLS,i,199902,199903,0.0469647540290235,-0.0446961543381864,,,0.00470453630321754,4301,1
WLS,i,199903,199904,-0.0181411392806772,0.190995954762136,,,0.0837050805491282,4235,1
WLS,i,199904,199905,-0.0331115949313601,0.0585465287277748,,,0.0195122387112503,4182,0.999999999999994
WLS,i,199905,199906,0.0742829271383224,-0.0691151234202848,,,0.0182278380963182,4175,0.999999999999999
WLS,i,199906,199907,-0.0349783912955045,0.0277136384918258,,,0.00308867436654414,4506,1
WLS,i,199907,199908,0.018991291927972,-0.108199116071965,,,0.0375871737621596,4483,0.999999999999995
WLS,i,199908,199909,-0.0175458554238376,-0.0310506987147127,,,0.00280286405480812,4430,0.999999999999998
WLS,i,199909,199910,0.0717871418804263,-0.127709290821562,,,0.030309772705459,4394,0.999999999999997
WLS,i,199910,199911,0.0599796394656129,-0.0748922539570802,,,0.0111733932274497,4355,1.00000000000001
WLS,i,199911,199912,0.103833152093879,-0.0834525156808931,,,0.00534881322202874,4293,1
WLS,i,199912,200001,-0.067203773322008,0.0688863189503642,,,0.00700027601748876,4268,1.00000000000001
WLS,i,200001,200002,0.0321799016307901,-0.00875304488585944,,,4.442373032576e-05,4167,1
WLS,i,200002,200003,0.0667377447659078,-0.0351878122472987,,,0.00161738175722015,4144,1
WLS,i,200003,200004,-0.0569107588553944,0.0353865110830926,,,0.00208609567925599,4093,1
WLS,i,200004,200005,-0.0462552199123061,-0.0174481561253389,,,0.00064342310583132,4066,0.999999999999997
WLS,i,200005,200006,0.0822489632212018,-0.15523656701366,,,0.0321515723561207,4049,1
WLS,i,200006,200007,-0.0612994654439496,0.0937154129915425,,,0.0193425323570141,4271,0.999999999999996
WLS,i,200007,200008,0.0772033941283744,-0.0689305718025977,,,0.00714687642876855,4249,0.999999999999996
WLS,i,200008,200009,-0.0933756119365542,0.109932226343755,,,0.0147749306604839,4199,0.999999999999998
WLS,i,200009,200010,-0.0421468083055116,0.104732510002203,,,0.0168590688313706,4156,0.999999999999998
WLS,i,200010,200011,-0.143185817386823,0.16749318178995,,,0.0345658925129743,4089,0.999999999999997
WLS,i,200011,200012,-0.0618758678268905,0.232639827558534,,,0.0830620973033591,4031,1
WLS,i,200012,200101,0.0417458816068582,0.0252581812008546,,,0.00063703479361843,3992,0.999999999999998
WLS,i,200101,200102,-0.166471057350421,0.262537087350418,,,0.0931649692569305,3895,1
WLS,i,200102,200103,-0.117294930870305,0.151750444379672,,,0.0618924631033646,3863,1
WLS,i,200103,200104,0.109175813857245,-0.0832398913028153,,,0.0148685956148729,3819,1
WLS,i,200104,200105,-0.00762568295999317,0.0387695319101334,,,0.00633327460768329,3752,1
WLS,i,200105,200106,-0.0200582933810385,-0.0121783966934474,,,0.000492383912571781,3722,1
WLS,i,200106,200107,-0.0256365512229437,0.0217970137384283,,,0.00146935732170139,4030,1
WLS,i,200107,200108,-0.0779512042481516,0.0451922759784842,,,0.00876538397061555,3983,1
WLS,i,200108,200109,-0.0762053117230785,-0.097559078511616,,,0.01986338580685,3931,1
WLS,i,200109,200110,0.050019505074985,-0.0615185181028906,,,0.00767003218956242,3918,1
WLS,i,200110,200111,0.0773465275262077,0.021079742798515,,,0.00124198286040866,3894,1
WLS,i,200111,200112,-0.00846168545794676,0.0841419336099563,,,0.0363525139452118,3846,0.999999999999996
WLS,i,200112,200201,-0.00726961174176134,-0.00728442787511735,,,0.000209410567808543,3825,1
WLS,i,200201,200202,-0.0308446741169357,0.0303750835884008,,,0.0030676490851882,3739,0.999999999999995
WLS,i,200202,200203,0.0192758147329334,0.0691920520005378,,,0.0239866380281082,3722,0.999999999999997
WLS,i,200203,200204,-0.0837288665539429,0.0836625956897344,,,0.0262113434491995,3694,1
WLS,i,200204,200205,-0.0217066962079654,0.035638739665644,,,0.00865799316966154,3658,1
WLS,i,200205,200206,-0.0825118103794717,0.0216752880084348,,,0.0015117725924737,3646,0.999999999999998
WLS,i,200206,200207,-0.0424760163032209,-0.139329663175667,,,0.0671917103034825,3960,0.999999999999997
WLS,i,200207,200208,-0.00749568442350541,0.0208909870507644,,,0.00218739675750312,3934,1
WLS,i,200208,200209,-0.104516686548728,0.00561134335595196,,,0.000135061207487075,3889,0.999999999999998
WLS,i,200209,200210,0.111878482111578,-0.108314346331443,,,0.026541690242895,3875,1
WLS,i,200210,200211,0.0533549117135236,0.0578133444500834,,,0.00847890750574265,3829,1
WLS,i,200211,200212,-0.0710620038609772,0.0246945075308267,,,0.00375491986414234,3803,1
WLS,i,200212,200301,-0.022815266892677,-0.0215717518082491,,,0.0034691478853115,3773,1
WLS,i,200301,200302,0.00141266736606326,-0.0556784581500965,,,0.0257954415129089,3697,1
WLS,i,200302,200303,0.0302702408173732,-0.0660103260872773,,,0.0338902314193742,3669,1
WLS,i,200303,200304,0.0666276708937379,0.0190565025851927,,,0.00201973307029169,3621,1
WLS,i,200304,200305,0.0359824491202564,0.0902153247453209,,,0.0341169463455796,3587,0.999999999999998
WLS,i,200305,200306,0.0152837244099619,0.00457392345563179,,,0.000188186650482036,3574,1.00000000000001
WLS,i,200306,200307,0.0161225591298048,0.0172569601594714,,,0.00159464171812651,3635,1
WLS,i,200307,200308,0.0109260687392439,0.0776442609422686,,,0.0473020151390935,3611,0.999999999999996
WLS,i,200308,200309,-0.00536091251384403,-0.0522329170669463,,,0.025041290708669,3579,1
WLS,i,200309,200310,0.0404900736516066,0.0690678692814637,,,0.0251663270778985,3560,0.999999999999999
WLS,i,200310,200311,0.00350981772132682,0.0443336174196023,,,0.0225865107959076,3530,0.999999999999997
WLS,i,200311,200312,0.0334453573732525,0.0348710624103059,,,0.0101262203236515,3506,0.999999999999996
WLS,i,200312,200401,0.01557882271765,0.00731108176367871,,,0.000380904530992932,3477,1
WLS,i,200401,200402,0.0071949177864662,0.0116294774586028,,,0.00141893169875118,3443,1
WLS,i,200402,200403,-0.0212942365800648,0.0206392297802389,,,0.00518772797149469,3423,0.999999999999999
WLS,i,200403,200404,0.00803608330887611,-0.0637233610383322,,,0.0335944711025938,3397,1
WLS,i,200404,200405,0.0133757927712827,-0.00789622631068038,,,0.000823732617969419,3378,1
WLS,i,200405,200406,0.0108989410462665,0.0413707883471874,,,0.0206083870838103,3360,1
WLS,i,200406,200407,-0.0714018988147206,0.0663975205202058,,,0.0401681130317859,3414,1
WLS,i,200407,200408,-0.0107446140558297,0.003952081711066,,,0.000216324827330028,3399,1
WLS,i,200408,200409,0.000670439527385948,0.0526016455153708,,,0.030123205373416,3383,1
WLS,i,200409,200410,0.0113600804887138,0.011418995784907,,,0.0015055446444221,3376,1
WLS,i,200410,200411,0.0255019995027286,0.0555711508985333,,,0.032949987767825,3359,1
WLS,i,200411,200412,0.0426004877062031,-0.0272354343524548,,,0.0116566373411798,3341,1.00000000000001
WLS,i,200412,200501,-0.0382516874250824,0.0208990566665897,,,0.00512641100083711,3314,1
WLS,i,200501,200502,0.00276505845523861,0.0619848626581254,,,0.0334211397991167,3288,1
WLS,i,200502,200503,-0.0215355297553412,0.0144774045871361,,,0.00314443692055411,3276,0.999999999999998
WLS,i,200503,200504,-0.0117715269605555,-0.0525597577251395,,,0.0309713322754658,3260,0.999999999999999
WLS,i,200504,200505,0.0412627496190557,-0.00576967842440558,,,0.000430196927759252,3239,1
WLS,i,200505,200506,-0.0237407220389957,0.0573101381046599,,,0.0508758374148353,3216,1
WLS,i,200506,200507,0.045333807628109,0.00400071771757203,,,0.000176107780639256,3293,1
WLS,i,200507,200508,-0.0263674217394939,0.0375705665865938,,,0.0179846385180736,3272,1
WLS,i,200508,200509,-0.0136162882275808,0.039453782671221,,,0.0198956182709684,3239,0.999999999999999
WLS,i,200509,200510,-0.00728768269593552,-0.0561605692610359,,,0.0347980861104984,3230,0.999999999999996
WLS,i,200510,200511,0.0435908618522807,-0.0184383118797698,,,0.00415915782985021,3201,0.999999999999999
WLS,i,200511,200512,-0.0128068780932957,0.0214915944661128,,,0.00842589502793156,3179,1
WLS,i,200512,200601,0.000577006771178028,0.0907803551212264,,,0.0580951598926008,3155,1
WLS,i,200601,200602,0.00232122044307982,-0.0204354771373599,,,0.00551972899331354,3107,1
WLS,i,200602,200603,0.0106160876644872,0.0239771149620148,,,0.00865716747792933,3100,1
WLS,i,200603,200604,-0.0202397648946904,0.0547817185231587,,,0.0411537862397993,3078,1
WLS,i,200604,200605,-0.0424102008707392,0.0124137117878784,,,0.00223811126213458,3062,0.999999999999999
WLS,i,200605,200606,-0.0134531077365891,0.0220641371835349,,,0.00786578998610288,3034,1
WLS,i,200606,200607,-0.0314304087247268,0.0395347495179996,,,0.0123537172385898,3219,0.999999999999994
WLS,i,200607,200608,0.0401596585535848,-0.0433682322168938,,,0.0202939673303654,3203,1
WLS,i,200608,200609,0.022726634656127,-0.0104011862665336,,,0.00161009624927133,3185,0.999999999999999
WLS,i,200609,200610,0.0330478669189466,0.000867954844081083,,,9.40311178021513e-06,3174,0.999999999999996
WLS,i,200610,200611,0.0118496652426993,0.0199900542950425,,,0.00589911530888787,3157,1
WLS,i,200611,200612,-0.0104859911043578,0.027605110481845,,,0.0136449337676355,3136,0.999999999999997
WLS,i,200612,200701,0.0233322976621503,-0.0105122696408675,,,0.00173989727396684,3116,0.999999999999998
WLS,i,200701,200702,-0.0265313384622269,0.0174866522747382,,,0.00578892500344563,3061,0.999999999999998
WLS,i,200702,200703,-0.000602541487684365,0.0229823444342098,,,0.00972761030384539,3050,1
WLS,i,200703,200704,0.0508687341890585,-0.0322601306436452,,,0.0154012693290932,3027,0.999999999999999
WLS,i,200704,200705,0.0214384910542697,0.0374680166724848,,,0.0219500334574143,2999,0.999999999999996
WLS,i,200705,200706,-0.0185623556094351,0.0136856147563956,,,0.00431690428764453,2983,1
WLS,i,200706,200707,-0.0126191643395402,-0.0325650274962108,,,0.0146828214090745,3142,1
WLS,i,200707,200708,0.0218379042842957,-0.0314592674651686,,,0.0168906170182632,3127,0.999999999999993
WLS,i,200708,200709,0.0501498470713818,-0.0324433475364277,,,0.0144685077311194,3094,1
WLS,i,200709,200710,0.038051675370162,-0.0366322131944457,,,0.010350265145736,3082,0.999999999999997
WLS,i,200710,200711,-0.0376430827264111,-0.0209001742521591,,,0.00487535304643227,3053,1
WLS,i,200711,200712,-0.0185167430996824,0.0438263388942461,,,0.0188748452791673,3021,1
WLS,i,200712,200801,-0.0821401172463179,0.0230535475671287,,,0.00403107114196921,3002,0.999999999999997
WLS,i,200801,200802,-0.0267620152530212,0.0330679794059787,,,0.00799782065744448,2964,1.00000000000001
WLS,i,200802,200803,0.00162660915528382,-0.00906684694606097,,,0.000832420393874767,2961,0.999999999999997
WLS,i,200803,200804,0.0334642734541764,0.0270601798402288,,,0.00513599350631944,2936,1
WLS,i,200804,200805,0.0166610173460824,0.0355645728488109,,,0.013131306844111,2912,1
WLS,i,200805,200806,-0.0728418389477821,0.00895015903084074,,,0.00064481330732058,2892,1
WLS,i,200806,200807,0.00343080801471413,-0.0564600350656132,,,0.0116016308724326,3066,0.999999999999996
WLS,i,200807,200808,0.00786245324054579,0.0318634865422493,,,0.0100470599631598,3048,1
WLS,i,200808,200809,-0.0979398048087431,-0.0123843072192535,,,0.000710746395359951,3019,0.999999999999998
WLS,i,200809,200810,-0.137666239906459,-0.088173437652133,,,0.0246609055145115,3007,0.999999999999995
WLS,i,200810,200811,-0.063226330324777,-0.0141776242991725,,,0.000649889970382622,2978,1
WLS,i,200811,200812,0.0188270376055478,0.00759141080375844,,,0.000273037355767225,2955,1
WLS,i,200812,200901,-0.0270129275776406,-0.0943780817127645,,,0.0380143450756384,2940,1
WLS,i,200901,200902,-0.0554354901868403,-0.10059314684608,,,0.0464450897973058,2896,0.999999999999998
WLS,i,200902,200903,0.0883899007218719,-0.0143613138129003,,,0.000998712486051323,2883,1
WLS,i,200903,200904,0.0510197679197296,0.130611637596143,,,0.0303603559361256,2859,1
WLS,i,200904,200905,0.0448840778088259,-0.00483911295106756,,,0.000113983060653688,2835,1
WLS,i,200905,200906,0.0255354932708975,-0.0576435271856931,,,0.0240811730405957,2817,1
WLS,i,200906,200907,0.0548941516814846,0.0745526546228603,,,0.0257535790107504,2980,1
WLS,i,200907,200908,0.00654914856211544,0.0542955786215581,,,0.0231605856472277,2965,1
WLS,i,200908,200909,0.0261213885718452,0.0663731095363892,,,0.0298695216485879,2951,0.999999999999993
WLS,i,200909,200910,0.00622230175529076,-0.0794013234079555,,,0.0475279304883811,2950,1
WLS,i,200910,200911,0.0755285929054601,-0.0484664435131457,,,0.0198732034234844,2930,1
WLS,i,200911,200912,0.00916815362245682,0.0735780627296514,,,0.0473071941868355,2904,1
WLS,i,200912,201001,-0.0374290312814478,-0.00879003911120684,,,0.00079455393263228,2887,1
WLS,i,201001,201002,0.0221799857367888,0.0442128184490877,,,0.0213942157000546,2849,1
WLS,i,201002,201003,0.0489687297328008,0.0358588299795556,,,0.012689451538063,2841,1
WLS,i,201003,201004,-0.00205229115125997,0.0741194913965023,,,0.0444614596499416,2822,0.999999999999997
WLS,i,201004,201005,-0.0691422562131156,-0.0230394392627918,,,0.00687806844268024,2805,1
WLS,i,201005,201006,-0.0324082713935741,-0.0800421683026546,,,0.0697790617350299,2803,0.999999999999996
WLS,i,201006,201007,0.065903988993266,0.0154721176261597,,,0.00215599728170202,2868,1
WLS,i,201007,201008,-0.0388718379171492,-0.0139809424190777,,,0.00191979544536136,2840,0.999999999999999
WLS,i,201008,201009,0.105188443642414,-0.0028461109037005,,,8.61634181984483e-05,2825,1
WLS,i,201009,201010,0.0517270137676183,-0.0192782805043743,,,0.00441704958596756,2806,0.999999999999997
WLS,i,201010,201011,0.00393906249096719,0.0128899844204461,,,0.00168476673722429,2787,1
WLS,i,201011,201012,0.039774819826416,0.0626143328492805,,,0.0469042582938722,2763,1
WLS,i,201012,201101,0.0110208294550933,0.023725443171677,,,0.00621914127255807,2735,1
WLS,i,201101,201102,0.0160785299045159,0.056567785630873,,,0.0355462201574654,2713,1
WLS,i,201102,201103,0.00408332630988374,0.0150991271961766,,,0.00324569886283244,2698,1
WLS,i,201103,201104,0.042469651219973,-0.0216202203623691,,,0.00733150919259762,2682,0.999999999999998
WLS,i,201104,201105,-0.0009654544326342,-0.0249407457557517,,,0.00976658149247123,2665,1
WLS,i,201105,201106,-0.0127757439292358,-0.0107246590623076,,,0.00263512119520148,2637,1
WLS,i,201106,201107,0.00139994729739082,-0.0531466384490188,,,0.0276711224036222,2698,1
WLS,i,201107,201108,-0.0382925968573462,-0.0452885145233774,,,0.0196545587172797,2685,1
WLS,i,201108,201109,-0.0556417415619493,-0.0417429313435639,,,0.0125445257389055,2671,1
WLS,i,201109,201110,0.093396267774514,0.0473485662533637,,,0.0138662156726291,2665,0.999999999999996
WLS,i,201110,201111,-0.00546459111165867,0.0207151501921902,,,0.00499874845749315,2650,1
WLS,i,201111,201112,-0.0114174263567927,0.0434111495615501,,,0.0227766696024467,2630,1
WLS,i,201112,201201,0.074139708992686,-0.0609702862479403,,,0.0281423130849977,2625,1
WLS,i,201201,201202,0.0479298171258273,-0.011177053923713,,,0.00137835787192653,2589,0.999999999999998
WLS,i,201202,201203,0.04941915930697,-0.0612759711653602,,,0.0650039207172043,2574,1
WLS,i,201203,201204,-0.0020516616860009,-0.00765890872365343,,,0.000954284410070505,2562,1
WLS,i,201204,201205,-0.0649682778396068,0.0133191119633982,,,0.00170423069385772,2549,1
WLS,i,201205,201206,0.0213312551233889,0.0424661406906117,,,0.0243413716792043,2555,1
WLS,i,201206,201207,0.00718957471999151,0.0109278965742558,,,0.00114828301702197,2657,1
WLS,i,201207,201208,0.0252177633805847,0.00272828582887926,,,8.42993161297434e-05,2642,1
WLS,i,201208,201209,0.0128629022465714,0.0348901229814988,,,0.021934452713712,2626,0.999999999999996
WLS,i,201209,201210,-0.0375728429060899,0.0360845470132712,,,0.0140687248170188,2614,1
WLS,i,201210,201211,0.0175054745624925,-0.0164594807622156,,,0.00346069632708934,2592,1
WLS,i,201211,201212,-0.0126864331526099,0.0545089696796531,,,0.049375406829917,2578,1
WLS,i,201212,201301,0.0348118096769193,0.0497438341426398,,,0.0223988350987241,2565,1
WLS,i,201301,201302,0.00779721341946385,0.0109372562250032,,,0.00182331820207948,2535,1
WLS,i,201302,201303,0.0366935331375018,0.00470659375769927,,,0.000386450732073551,2530,1
WLS,i,201303,201304,0.0221001823613884,-0.0232052737798658,,,0.00589132890983823,2515,1
WLS,i,201304,201305,0.0199449222409847,0.0146449087199156,,,0.00227762532283604,2498,1
WLS,i,201305,201306,-0.0183911706385825,0.0116663973790075,,,0.0022841194728157,2496,1
WLS,i,201306,201307,0.0550337967975861,-0.00290061227015322,,,8.72364171659035e-05,2586,1
WLS,i,201307,201308,-0.0177958891296776,-0.0149075323802153,,,0.00331163076957675,2575,1
WLS,i,201308,201309,0.0457489138985709,-0.0156604016383797,,,0.00326136481086925,2559,1
WLS,i,201309,201310,0.0349257701006726,0.0260926930998659,,,0.00693959336403993,2547,0.999999999999999
WLS,i,201310,201311,0.0372045208508441,-0.0209234503565944,,,0.00603646508881139,2528,0.999999999999999
WLS,i,201311,201312,0.0199598634771145,0.0181598486905826,,,0.00536501235884856,2512,1
WLS,i,201312,201401,-0.0322741957474016,-0.00853343539621834,,,0.000701413579894061,2502,1
WLS,i,201401,201402,0.0551076083488666,-0.0148453671521911,,,0.0028104635159798,2483,1
WLS,i,201402,201403,-0.0235516962189319,0.0642037079374429,,,0.0591970234695878,2468,1
WLS,i,201403,201404,-0.00462172752313979,0.0220756726752334,,,0.006172758663748,2459,1
WLS,i,201404,201405,0.0244587512295331,-0.00516697725143274,,,0.000460960188443327,2450,0.999999999999998
WLS,i,201405,201406,0.00888010298456459,0.0339806275866313,,,0.0178134905481255,2445,1
WLS,i,201406,201407,-0.0146076065316192,-0.005230827733654,,,0.000331924900665137,2541,1
WLS,i,201407,201408,0.0589069375613144,-0.0417754172708203,,,0.0293130469790398,2540,0.999999999999999
WLS,i,201408,201409,0.001019235246985,-0.0583218569094636,,,0.0536752307972106,2530,1
WLS,i,201409,201410,0.0480604121958397,-0.0616378895153444,,,0.0355036747211895,2523,0.999999999999998
WLS,i,201410,201411,0.0487666464753679,-0.0525958117568554,,,0.0259585264597296,2509,1
WLS,i,201411,201412,-0.0124404279894345,0.0174886620808511,,,0.00536874960616995,2500,1
WLS,i,201412,201501,0.0022518394153122,-0.0658671018514115,,,0.0427149409340901,2484,1
WLS,i,201501,201502,0.0643958229769743,-0.00125172807504473,,,2.15109128155477e-05,2457,0.999999999999998
WLS,i,201502,201503,-0.00632135156912601,-0.0226967385214561,,,0.0087587779984184,2442,0.999999999999997
WLS,i,201503,201504,-0.00728187620664215,0.0376438110588928,,,0.0149632047954879,2428,1
WLS,i,201504,201505,0.0268735569657334,-0.0403917492196343,,,0.0218679876470314,2420,0.999999999999998
WLS,i,201505,201506,-0.00224449308165889,-0.041962981435111,,,0.0314705116848922,2419,1.00000000000001
WLS,i,201506,201507,0.0546916141251727,-0.113648126760312,,,0.0920981458318746,2562,1
WLS,i,201507,201508,-0.0683981182368219,0.0229349932169076,,,0.00787898445821955,2548,1
WLS,i,201508,201509,-0.0213136045177312,-0.0231293479139017,,,0.00678544855008412,2537,1
WLS,i,201509,201510,0.0779291405445686,0.0187925231026994,,,0.00258375186039839,2529,1
WLS,i,201510,201511,0.00625127548523336,-0.00507937634155107,,,0.000309154465052308,2506,1
WLS,i,201511,201512,-0.000494829219864598,-0.055525883519172,,,0.036384736969066,2495,1
WLS,i,201512,201601,-0.0652380439255662,0.0298841053312327,,,0.00658659232021874,2485,1
WLS,i,201601,201602,-0.00016499438098799,0.0128850732522054,,,0.00162164824027167,2444,1
WLS,i,201602,201603,0.0575428046748368,0.0333584342826841,,,0.014914796643463,2435,1
WLS,i,201603,201604,-0.0160319071112659,0.0555772768951628,,,0.0278625860077888,2422,1
WLS,i,201604,201605,0.02405504301987,-0.0203701268765315,,,0.00576497977697055,2403,0.999999999999998
WLS,i,201605,201606,-0.00572970414934281,0.0301654508619569,,,0.0124652948778236,2395,1
WLS,i,201606,201607,0.0540591607554306,-0.0338042978382733,,,0.0130686257395768,2620,1
WLS,i,201607,201608,-0.0063028766886481,0.01305459099755,,,0.00237969299858087,2605,0.999999999999998
WLS,i,201608,201609,-0.00103093342808048,0.0190687888208262,,,0.00536806989421768,2589,1
WLS,i,201609,201610,-0.0242411792878428,-0.00871346154835667,,,0.000965376932145046,2567,1
WLS,i,201610,201611,-0.00133903704589692,0.10543373797867,,,0.0708112477180729,2555,1
WLS,i,201611,201612,0.00617059721968291,0.018477005871071,,,0.00652938565629957,2535,1
WLS,i,201612,201701,0.0403348552907406,-0.0468955505330516,,,0.0256916899780467,2528,0.999999999999998
WLS,i,201701,201702,0.0583547198087037,-0.0678733491789084,,,0.0653221604022938,2505,0.999999999999998
WLS,i,201702,201703,0.0191000561995663,-0.0323194713426489,,,0.0220095606491562,2489,1
WLS,i,201703,201704,0.0232982785018753,-0.031197417120785,,,0.0186938065013298,2478,1
WLS,i,201704,201705,0.0380813415922266,-0.0668367233401212,,,0.0479856269734019,2461,1
WLS,i,201705,201706,0.00177612916087717,-0.00548756144214021,,,0.00043796416182762,2455,0.999999999999999
WLS,i,201706,201707,0.021007060149208,-0.00573015505879762,,,0.000459343257367295,2592,1
WLS,i,201707,201708,0.0198699900825274,-0.0432108480684611,,,0.0218496553830668,2593,1
WLS,i,201708,201709,0.00448070403996472,0.048687106744999,,,0.0265187339749902,2574,1
WLS,i,201709,201710,0.0419569345794319,-0.0597002747155058,,,0.0273702266966405,2562,0.999999999999999
WLS,i,201710,201711,0.0315446965597802,-0.00152750463375954,,,2.38679744861692e-05,2547,1
WLS,i,201711,201712,0.00359513529355749,0.0245690225166843,,,0.0114927532155171,2524,1
WLS,i,201712,201801,0.0862175388887428,-0.0781021337495013,,,0.0482063634036046,2507,1
WLS,i,201801,201802,-0.0128509179069876,-0.0689708798477181,,,0.0493544479629199,2484,1
WLS,i,201802,201803,-0.0301177785092969,0.0236928921773489,,,0.00899384139795012,2476,1
WLS,i,201803,201804,-0.0008503677740528,0.00817832390343886,,,0.000674486713176381,2463,1
WLS,i,201804,201805,0.0388324980323351,-0.0156174836887339,,,0.00217896005893836,2451,1
WLS,i,201805,201806,0.010012502746408,-0.00818841410280949,,,0.000902555038307051,2449,0.999999999999998
WLS,i,201806,201807,0.0343664483194089,-0.0140426534655191,,,0.00227365841240912,2561,1
WLS,i,201807,201808,0.070056067574311,-0.0876755864512994,,,0.0575984641982612,2552,1
WLS,i,201808,201809,0.0108538390816442,-0.0116816535549038,,,0.00217344935815134,2543,0.999999999999997
WLS,i,201809,201810,-0.100258959017348,0.050488484422896,,,0.0164430585836181,2537,1
WLS,i,201810,201811,0.0202108152478347,-0.0200935773220208,,,0.00250435076299171,2519,1
WLS,i,201811,201812,-0.078885553580031,-0.0437542883307323,,,0.0286832647765056,2503,1
WLS,i,201812,201901,0.0811120534582822,0.0102556571499739,,,0.000346599992380403,2490,1
WLS,i,201901,201902,0.0508817641360078,-0.0369227340429894,,,0.0127921204840477,2464,1
WLS,i,201902,201903,0.0311068139507028,-0.0381945277407243,,,0.0193316490269694,2453,1.00000000000001
WLS,i,201903,201904,0.048012557718096,-0.0365277098947501,,,0.0119597335898106,2434,1
WLS,i,201904,201905,-0.0653255280389281,-0.0200443766073646,,,0.00372738544757878,2424,1
WLS,i,201905,201906,0.0749208522976057,0.000608062693481365,,,5.26959568158958e-06,2422,1
WLS,i,201906,201907,0.0127934574518402,-0.0094167499989412,,,0.00109087233501426,2572,0.999999999999998
WLS,i,201907,201908,0.00108785062259605,-0.072038617100602,,,0.0406301033753941,2562,1
WLS,i,201908,201909,-0.0105607881207567,0.0717525557439141,,,0.0659588385151914,2552,1
WLS,i,201909,201910,0.0255924212655434,-0.0175466424138215,,,0.00298541942338981,2548,1
WLS,i,201910,201911,0.0490934278272826,-0.0368664848038038,,,0.0144343959628317,2529,1
WLS,i,201911,201912,0.0242329881630665,0.0111561762462003,,,0.00166302599491797,2518,1
WLS,i,201912,202001,0.0422834706160929,-0.135175156073089,,,0.124591958104692,2497,0.999999999999998
WLS,i,202001,202002,-0.0619167118205382,-0.0493448212851604,,,0.0205439381075172,2478,1
WLS,i,202002,202003,-0.060733027100774,-0.202834263494982,,,0.109770481216707,2479,1
WLS,i,202003,202004,0.140718248796947,0.0104702964103148,,,0.000434967147582177,2465,0.999999999999996
WLS,i,202004,202005,0.0645854818909217,-0.022633978803544,,,0.00339765320789565,2454,1
WLS,i,202005,202006,0.0615584965288229,-0.103482002560009,,,0.0614767925146685,2439,1
WLS,i,202006,202007,0.0865336437933361,-0.0860969709782174,,,0.0324171851723071,2616,1
WLS,i,202007,202008,0.119473313968082,-0.12566287962109,,,0.0500318434238576,2610,1
WLS,i,202008,202009,-0.043441911501012,0.01234625040047,,,0.00141664701814404,2601,1
WLS,i,202009,202010,-0.0465460891620543,0.0652394250741557,,,0.0328082165602797,2594,1
WLS,i,202010,202011,0.0956991811029953,0.0888336158752794,,,0.0236289852993421,2585,1
WLS,i,202011,202012,0.0576294711103365,-0.0400295691046462,,,0.0103990350146307,2578,1
WLS,i,202012,202101,-0.0208164627132755,0.0711507538271661,,,0.0102979616830455,2567,1
WLS,i,202101,202102,-0.0228526182650927,0.149912057295839,,,0.0846987322425823,2549,1
WLS,i,202102,202103,0.0112363207765694,0.0576315283097168,,,0.0228824963032166,2543,1
WLS,i,202103,202104,0.0629188358562847,-0.0513862679045803,,,0.0281135881943528,2536,0.999999999999996
WLS,i,202104,202105,-0.0293913960350597,0.0931966692960869,,,0.089189208451492,2524,1
WLS,i,202105,202106,0.0686379211492982,-0.108629352360162,,,0.0900764223244352,2520,1
WLS,i,202106,202107,0.0376786708501597,-0.0672013783629828,,,0.0463716708295592,2660,1
WLS,i,202107,202108,0.0374198599774588,-0.039650233984853,,,0.018062215209914,2659,1
WLS,i,202108,202109,-0.059969841924889,0.0444346850631173,,,0.0264865098829649,2650,0.999999999999997
WLS,i,202109,202110,0.0892319773372991,-0.083880309659336,,,0.0338696930514779,2647,1
WLS,i,202110,202111,0.0170552462636349,-0.0788940112870108,,,0.034348508093319,2636,1
WLS,i,202111,202112,0.0140659714634241,0.0668391214509131,,,0.0321601737706804,2621,0.999999999999998
WLS,i,202112,202201,-0.106191965668112,0.13711573406157,,,0.121975559987063,2613,1
WLS,i,202201,202202,-0.0491831342525449,0.0748653099011844,,,0.038328375008936,2595,1
WLS,i,202202,202203,0.0397078538236109,-0.0121260730598469,,,0.00126526561713691,2595,1
WLS,i,202203,202204,-0.123539137550062,0.101082231475582,,,0.0618163541612186,2583,1
WLS,i,202204,202205,-0.0523214255889518,0.143068760522397,,,0.149212509806699,2572,0.999999999999998
WLS,i,202205,202206,-0.0676890521859165,-0.049359821808547,,,0.0243531609925985,2569,1
WLS,i,202206,202207,0.136320512426956,-0.123402464657077,,,0.0839917722393484,2766,1
WLS,i,202207,202208,-0.0533188536112623,0.0438038994067614,,,0.0195841441300572,2763,1
WLS,i,202208,202209,-0.0930582767693193,-0.00981758520361783,,,0.0011197299913005,2752,0.999999999999998
WLS,i,202209,202210,0.0385993186866844,0.137405059546506,,,0.0795610061950466,2744,1
WLS,i,202210,202211,0.0462612796804117,0.0022695904536273,,,3.12942441912378e-05,2734,0.999999999999998
WLS,i,202211,202212,-0.0775347555261488,0.0441823663370384,,,0.0168884374514749,2723,0.999999999999998
WLS,i,202212,202301,0.0807754745728336,-0.0360915001142782,,,0.00620709583728363,2726,0.999999999999998
WLS,i,202301,202302,-0.00249611255660624,-0.071136661165883,,,0.0501623413568487,2691,1
WLS,i,202302,202303,0.0786694333410047,-0.121790933663827,,,0.1175154168069,2672,1
WLS,i,202303,202304,0.00541178073535331,-0.00828708131365437,,,0.000698467908032296,2656,1
WLS,i,202304,202305,0.0576863225785406,-0.178064989899277,,,0.11575293581795,2644,0.999999999999997
WLS,i,202305,202306,0.0778988583029675,-0.0312474622164757,,,0.00945964827021661,2643,1
WLS,i,202306,202307,0.0114020457407485,0.0626893769430387,,,0.0295190694726136,3040,0.999999999999998
WLS,i,202307,202308,-0.011346327610941,-0.0349340241830487,,,0.00803117222284822,3039,0.999999999999998
WLS,i,202308,202309,-0.0722685502408766,0.0614375142698217,,,0.0470998150493214,3017,1
WLS,i,202309,202310,-0.0152645516080699,-0.0692109955111792,,,0.0304424255000862,3011,1
WLS,i,202310,202311,0.103450136478137,-0.0508860084626157,,,0.0126197175006976,2987,1
WLS,i,202311,202312,0.0284610087076847,0.0781850822960259,,,0.0396995031682409,2961,1
WLS,i,202312,202401,0.020556582820277,-0.0431814307481564,,,0.00865821091258578,2944,0.999999999999998
WLS,i,202401,202402,0.0597183168042087,-0.0128733313368941,,,0.000578222229704828,2914,1
WLS,i,202402,202403,0.00240004437594939,0.082644642322079,,,0.0469153614097454,2902,1
WLS,i,202403,202404,-0.0434673939335196,-0.0281821903134262,,,0.00669633285442484,2881,1
WLS,i,202404,202405,0.0620138141293623,-0.0715342155550564,,,0.0200877032271145,2866,1
WLS,i,202405,202406,0.0732514958642775,-0.148990885979171,,,0.135562273438889,2843,0.999999999999998
WLS,i,202406,202407,-0.0197647034904009,0.0874847231684777,,,0.036809374234435,2983,1
WLS,i,202407,202408,0.0348316193262018,-0.0776889015482359,,,0.0375369316919094,2957,0.999999999999996
WLS,i,202408,202409,0.0256243971197728,-0.015854505427521,,,0.00203005534888934,2939,1
WLS,i,202409,202410,-0.0119401873912855,-0.0103238493155647,,,0.000765453259915838,2927,1
WLS,i,202410,202411,0.0605426463396929,-0.00220038293252931,,,1.52006195478505e-05,2910,1
WLS,i,202411,202412,0.00849315931319375,-0.133005055174658,,,0.0659050327037731,2894,1
WLS,ii,197306,197307,0.0470602888113748,,0.00423666543903053,,0.000176621293900614,2336,1.00000000000001
WLS,ii,197307,197308,-0.0237146965090122,,-0.0288351980789359,,0.0167022555450103,2392,0.999999999999998
WLS,ii,197308,197309,0.127485174237473,,-0.151459421342888,,0.202252185252762,2409,1
WLS,ii,197309,197310,0.00716021229122243,,-0.0209830281315551,,0.00498690185444994,2490,1
WLS,ii,197310,197311,-0.120959523788649,,-0.0115043564062074,,0.001209070301738,2529,0.999999999999999
WLS,ii,197311,197312,0.0909318275954895,,-0.160479774459882,,0.233484421921626,2560,1
WLS,ii,197312,197401,-0.0156636272527096,,0.0143358252699076,,0.00167168752641367,2682,1
WLS,ii,197401,197402,0.0212642867495132,,-0.0504075835560452,,0.0445292852934456,2718,0.999999999999996
WLS,ii,197402,197403,-0.0451011271202387,,0.0392807637549839,,0.030057638528174,2749,1
WLS,ii,197403,197404,-0.0549976809951095,,0.0245661538520201,,0.0130759716788732,2829,1
WLS,ii,197404,197405,-0.078006782414647,,0.0798747452837655,,0.0810572024454502,2873,1
WLS,ii,197405,197406,-0.00890533513554105,,-0.0164521863294231,,0.00583714966131965,2890,0.999999999999997
WLS,ii,197406,197407,-0.0287201419930031,,-0.110346196354253,,0.124166054245225,2915,1
WLS,ii,197407,197408,-0.0648887300389969,,-0.0478156796232733,,0.0287087554245199,2921,1
WLS,ii,197408,197409,-0.0688188273362542,,-0.117455046037336,,0.141476095678868,2905,0.999999999999999
WLS,ii,197409,197410,0.135375266611041,,0.0488787828537158,,0.00937516710896424,2919,1
WLS,ii,197410,197411,-0.0415032927868111,,-0.0189034816306146,,0.00566851224513787,2916,1
WLS,ii,197411,197412,-0.011098456091357,,-0.0469655132733908,,0.031221075822351,2906,1
WLS,ii,197412,197501,0.116674750611529,,0.0207989147037547,,0.0016211078239905,2921,1
WLS,ii,197501,197502,0.0149958130058389,,0.106197665944988,,0.111693938811953,2919,1
WLS,ii,197502,197503,0.0332201551998295,,-0.00141820800329774,,2.14515505057022e-05,2922,1
WLS,ii,197503,197504,0.0680606673400063,,-0.0316901502168952,,0.00936058146881569,2934,1
WLS,ii,197504,197505,0.0498554310923494,,-0.00239077229247915,,6.6701697173488e-05,2931,1
WLS,ii,197505,197506,0.0707377955973111,,-0.0535769494978495,,0.0418076517564198,2926,0.999999999999997
WLS,ii,197506,197507,-0.0252127863589523,,-0.0814564382130487,,0.113009549508503,2997,1.00000000000001
WLS,ii,197507,197508,-0.0208742998551939,,-0.00812571068673939,,0.00167249312997186,2995,1
WLS,ii,197508,197509,-0.0442100481918933,,0.00659630768702041,,0.000933789363977922,2993,0.999999999999998
WLS,ii,197509,197510,0.0110863370267349,,0.0885663014581461,,0.0897800437361394,2986,0.999999999999998
WLS,ii,197510,197511,0.00786495964881514,,0.0323286960086505,,0.0192699076140993,2984,1
WLS,ii,197511,197512,0.00855381844553573,,-0.0540350166713804,,0.074658760313816,2976,0.999999999999997
WLS,ii,197512,197601,0.150470596659051,,-0.0469618333612397,,0.0194040431689735,2918,0.999999999999998
WLS,ii,197601,197602,0.0345448863822069,,-0.0634937971140493,,0.0482181796900921,2915,1
WLS,ii,197602,197603,0.0204126631264129,,0.00916508385374334,,0.00122937539244006,2942,0.999999999999998
WLS,ii,197603,197604,0.0182982662663382,,-0.067301149428225,,0.107271903590112,2926,1
WLS,ii,197604,197605,-0.00735937310924308,,-0.01052176977165,,0.00216573317377822,2947,1.00000000000001
WLS,ii,197605,197606,0.0345779589345804,,0.00968968710828094,,0.00177718416645012,2943,0.999999999999997
WLS,ii,197606,197607,-0.020088655268063,,0.00989834789912425,,0.00273531181852538,2966,1
WLS,ii,197607,197608,-0.0159050397891515,,0.0175714590615678,,0.00863237094303415,2762,1.00000000000001
WLS,ii,197608,197609,0.0312615881635058,,-0.0197905958678783,,0.0103429038221475,2753,1
WLS,ii,197609,197610,-0.0130819486467147,,-0.030847450718969,,0.027626754985559,2943,1
WLS,ii,197610,197611,0.0135979564722376,,-0.0285721093442015,,0.015514223439574,2941,0.999999999999996
WLS,ii,197611,197612,0.071104954282231,,-0.0404064445934718,,0.0340758763616458,2956,0.999999999999999
WLS,ii,197612,197701,-0.0193658236420525,,-0.0542601896845467,,0.0434510914477433,2933,1
WLS,ii,197701,197702,-0.022785998911678,,0.0107844979641216,,0.00357651097543399,2915,1
WLS,ii,197702,197703,-0.0148910404330398,,-0.00211397132888608,,0.000123461861227914,2939,1
WLS,ii,197703,197704,0.0358549341785217,,-0.0809054537934079,,0.137578837328943,2937,1
WLS,ii,197704,197705,-0.0107245308956622,,-0.0160635177820212,,0.0066017518048388,2943,1
WLS,ii,197705,197706,0.0213053459943691,,0.0527033492970797,,0.0611746821602066,2933,0.999999999999995
WLS,ii,197706,197707,-0.0422636508733801,,0.0447534799494833,,0.0536863264306248,2978,1
WLS,ii,197707,197708,-0.0533994328053951,,0.0816098973230666,,0.138404818042602,2980,1
WLS,ii,197708,197709,0.00536527507795314,,-0.0222073199032427,,0.0142533248118791,2967,0.999999999999999
WLS,ii,197709,197710,-0.0521233941904141,,0.0169599783137212,,0.00748262910659181,2960,1
WLS,ii,197710,197711,0.0311234392911128,,0.0148423467170439,,0.00479394669253574,2952,1
WLS,ii,197711,197712,0.00558530675494426,,-0.00335910564961717,,0.000303606577284232,2944,0.999999999999997
WLS,ii,197712,197801,-0.0672354007726935,,0.0129243443189668,,0.00503134619442547,2945,0.999999999999996
WLS,ii,197801,197802,-0.00516743199463628,,-0.0235417414652353,,0.0129356472415152,2925,0.999999999999998
WLS,ii,197802,197803,0.0413605347719065,,-0.0303807587885968,,0.0164583907120296,2918,0.999999999999998
WLS,ii,197803,197804,0.0626869165185757,,0.0542670798772681,,0.0491094454162641,2906,1
WLS,ii,197804,197805,0.00907405280610601,,0.0235926023164052,,0.00919004568607662,2899,1
WLS,ii,197805,197806,-0.0357702755619401,,0.0319363545774546,,0.0223196595492615,2875,1
WLS,ii,197806,197807,0.0407186496767813,,0.0293982666575582,,0.0140911324709511,2881,0.999999999999998
WLS,ii,197807,197808,0.0413150463335001,,-0.00443445149044811,,0.00026086889953636,2880,1
WLS,ii,197808,197809,0.0165056171418362,,-0.0647553794547924,,0.0824454027656075,2862,1
WLS,ii,197809,197810,-0.127828725027383,,0.0131500820023954,,0.00197039988093395,2860,0.999999999999999
WLS,ii,197810,197811,0.031421186093788,,-0.00462815813493273,,0.000346967631476458,2854,1
WLS,ii,197811,197812,-0.00852361872852719,,0.0422948225668906,,0.0360972649454346,2843,0.999999999999995
WLS,ii,197812,197901,0.0546879558824086,,-0.030341560814918,,0.0154723191638525,2852,1
WLS,ii,197901,197902,-0.0202330923385596,,-0.0362652242271273,,0.0354216676111555,2838,1
WLS,ii,197902,197903,0.0716078132831503,,-0.0283449716497541,,0.0138170153608829,2834,0.999999999999998
WLS,ii,197903,197904,0.0028046669230508,,-0.00322273417508693,,0.000220964106974142,2851,1
WLS,ii,197904,197905,-0.0260074711149822,,-0.00464501207856031,,0.000492803342187598,2854,1
WLS,ii,197905,197906,0.0611923855042021,,-0.0621448836010997,,0.0526652817342724,2843,1
WLS,ii,197906,197907,0.0246784394480177,,-0.0398643121712212,,0.0336452516456918,2892,1
WLS,ii,197907,197908,0.0580332628088679,,0.00717197408904999,,0.00100373726772252,2891,0.999999999999998
WLS,ii,197908,197909,0.0167249808462078,,-0.0478306344210811,,0.0381397468973737,2880,1
WLS,ii,197909,197910,-0.0684740522962977,,-0.0183008623810053,,0.00654657177116336,2877,0.999999999999997
WLS,ii,197910,197911,0.054475808027798,,-0.0130742281528916,,0.00208818853200965,2878,0.999999999999999
WLS,ii,197911,197912,0.0370093585264097,,-0.0355709071846242,,0.0176614127720127,2871,0.999999999999998
WLS,ii,197912,198001,0.118514954561195,,-0.121262835328113,,0.0994727743128103,2893,1
WLS,ii,198001,198002,0.0469032304813382,,-0.11685649500479,,0.0901812180200241,2878,1
WLS,ii,198002,198003,-0.174816447623883,,0.0965949776196436,,0.0920642926321805,2874,0.999999999999995
WLS,ii,198003,198004,0.0499191491561295,,-0.0446767585661778,,0.0284164087641049,2891,0.999999999999998
WLS,ii,198004,198005,0.0385905161839826,,0.0262309554711834,,0.0119935289255344,2895,1
WLS,ii,198005,198006,0.0363600738875194,,-0.0265317874232055,,0.0131139322063129,2887,1
WLS,ii,198006,198007,0.0348729196086564,,0.0923029241148543,,0.0707487543113036,3014,1
WLS,ii,198007,198008,0.0323509405978204,,-0.0271983422024752,,0.00940829120454334,3031,1
WLS,ii,198008,198009,0.0376300346143244,,-0.0271361612775577,,0.00834370293199904,3025,0.999999999999996
WLS,ii,198009,198010,0.0322660502565672,,-0.0392812273947466,,0.0141903447583149,3032,1
WLS,ii,198010,198011,0.151569002559668,,-0.0974022948388616,,0.0381047132937992,3037,0.999999999999998
WLS,ii,198011,198012,-0.0917196025259702,,0.0874472470436835,,0.0699975070408238,3034,1
WLS,ii,198012,198101,-0.0625508493699414,,0.0179168303521761,,0.00275311055071958,3049,1
WLS,ii,198101,198102,0.007406185688661,,0.00695869288381903,,0.000638145864335304,3031,1
WLS,ii,198102,198103,0.0214493523378213,,0.0223460977065227,,0.00313231221547461,3015,1
WLS,ii,198103,198104,-0.0529687410325,,0.0639516853199946,,0.0371619231401469,3017,1
WLS,ii,198104,198105,-0.0224320742789155,,0.0389067321561339,,0.018361350476286,3006,1
WLS,ii,198105,198106,-0.00964235621011601,,-0.0404301061082632,,0.015224037320005,3001,1
WLS,ii,198106,198107,0.0142855630917911,,-0.0567631574417391,,0.0284672701364307,3100,1
WLS,ii,198107,198108,-0.0786008032829355,,0.00490399901352833,,0.000434034559994578,3088,1
WLS,ii,198108,198109,-0.0979289718190899,,0.0526350060829661,,0.0290428790356139,3072,0.999999999999998
WLS,ii,198109,198110,0.0459317437802526,,0.00320883165975257,,6.50705176221678e-05,3094,1
WLS,ii,198110,198111,0.0371311415093478,,-0.0140931273284364,,0.00217302903489491,3099,1
WLS,ii,198111,198112,-0.0501966978072455,,0.0324888980413474,,0.0186342446531735,3101,0.999999999999998
WLS,ii,198112,198201,-0.0765561486002477,,0.0891471732913705,,0.0821984439894157,3128,1
WLS,ii,198201,198202,-0.0965798254111401,,0.0633178288301,,0.0454330847636391,3141,1
WLS,ii,198202,198203,-0.0167203536103232,,-0.00430752957608477,,0.00022380777026032,3141,1
WLS,ii,198203,198204,0.00813725803276068,,0.0537420056880358,,0.0406737791283499,3170,1
WLS,ii,198204,198205,-0.0331024126660493,,-0.00826327817975604,,0.0010725142528123,3171,1
WLS,ii,198205,198206,-0.0459787566000403,,0.0366517302333114,,0.0141805172116944,3164,1
WLS,ii,198206,198207,-0.0698672277190124,,0.075286942780562,,0.0573710235354228,3297,1
WLS,ii,198207,198208,0.124840381801647,,-0.0253080630475838,,0.0061465072704886,3310,0.999999999999996
WLS,ii,198208,198209,-0.0167692163765875,,0.0454071881785639,,0.0271824598541585,3316,1
WLS,ii,198209,198210,0.11219841894941,,0.00171612565184223,,2.07491002460758e-05,3337,0.999999999999996
WLS,ii,198210,198211,0.00698718256845863,,0.0793810555738095,,0.0463447822855024,3337,1
WLS,ii,198211,198212,0.013060396434447,,-0.00863523350916787,,0.000723590200746638,3362,0.999999999999995
WLS,ii,198212,198301,0.0744205514669213,,-0.064444881143828,,0.0337767853306565,3391,1
WLS,ii,198301,198302,0.00727098382692887,,0.0329342664334239,,0.013086875412804,3376,1
WLS,ii,198302,198303,0.0190514911042564,,0.0142347100653484,,0.00221672448804089,3374,1
WLS,ii,198303,198304,0.0777771173325167,,-0.0223901510075276,,0.00509461552465407,3382,1
WLS,ii,198304,198305,0.0146077665120232,,-0.0224087682557652,,0.00450333719056673,3369,1.00000000000001
WLS,ii,198305,198306,0.0251565293868073,,0.0296704531661811,,0.0083735332349103,3354,1
WLS,ii,198306,198307,-0.0342967436127821,,-0.016079773454402,,0.00356479868181181,3425,1
WLS,ii,198307,198308,0.0167588339423606,,-0.0393022492373843,,0.0170954784537836,3419,0.999999999999997
WLS,ii,198308,198309,-0.0231678732695541,,0.0582325802417192,,0.0446447689136352,3408,1
WLS,ii,198309,198310,-0.0436169620819153,,0.0137264156926979,,0.00199316689401974,3410,0.999999999999998
WLS,ii,198310,198311,0.0380774173585698,,-0.029138464697723,,0.0098078009704341,3399,0.999999999999996
WLS,ii,198311,198312,-0.0127835579523658,,-0.00337115305076625,,0.00017268772989798,3399,0.999999999999995
WLS,ii,198312,198401,0.0322066273068785,,-0.100857658203315,,0.0830708483122108,3422,1
WLS,ii,198401,198402,-0.0390879224739378,,-0.0138022798015552,,0.00242184713127103,3408,1
WLS,ii,198402,198403,0.00352495712571225,,0.00834645188673379,,0.000910547449952115,3396,1
WLS,ii,198403,198404,-0.00775353899568116,,0.0143669081170135,,0.00313328458495576,3419,1.00000000000001
WLS,ii,198404,198405,-0.0781115279345264,,0.0331959269505735,,0.0149167079881716,3425,1
WLS,ii,198405,198406,-0.00593753642546539,,0.0489651556143264,,0.0259299996925401,3422,1
WLS,ii,198406,198407,-0.0599972337750474,,0.0511089240366767,,0.0291524614013291,3610,1
WLS,ii,198407,198408,0.120336727598263,,-0.0246137458647875,,0.00635696704589084,3631,1
WLS,ii,198408,198409,-0.0164724364364066,,-0.00587282198827675,,0.000494000999869404,3620,1
WLS,ii,198409,198410,-0.043780827277081,,0.0532599715874401,,0.0389226294948644,3639,1
WLS,ii,198410,198411,-0.0251974484481284,,0.00151178759584271,,4.07887471541857e-05,3627,1
WLS,ii,198411,198412,0.00382500803562978,,0.0174572493907047,,0.00560771578989439,3618,0.999999999999994
WLS,ii,198412,198501,0.0889947085914254,,-0.00739749704911362,,0.000564120667892354,3667,1
WLS,ii,198501,198502,0.0109346390892584,,0.00281630568965002,,0.000128583655334746,3668,1
WLS,ii,198502,198503,-0.0206570352422608,,0.00780927013501827,,0.000615267990428325,3654,1
WLS,ii,198503,198504,-0.0102331934606282,,-0.014836463667723,,0.00326405851203804,3669,0.999999999999993
WLS,ii,198504,198505,0.0327150587551621,,0.0320057901094434,,0.0118703025015275,3660,1.00000000000001
WLS,ii,198505,198506,0.00976654632083408,,-0.0033983951418412,,0.000214295480704174,3643,1
WLS,ii,198506,198507,0.00783434122418391,,-0.0124153040521137,,0.00188078242042555,3749,1
WLS,ii,198507,198508,-0.00906324521929974,,-0.0070621636229446,,0.000961101383139762,3738,1
WLS,ii,198508,198509,-0.0629615695683159,,0.0386873185335293,,0.0216795010847073,3713,1
WLS,ii,198509,198510,0.0160234816875425,,0.0270460695002463,,0.00825704003896544,3704,1
WLS,ii,198510,198511,0.0325226532104299,,0.0596762939398482,,0.0402254074692153,3692,0.999999999999996
WLS,ii,198511,198512,0.0110331825714188,,0.0471051028911123,,0.0277451856395752,3671,1
WLS,ii,198512,198601,-0.00790071078155752,,0.00791728533174925,,0.000665204210625436,3676,0.999999999999998
WLS,ii,198601,198602,0.0736496487335516,,-0.00475966132520978,,0.000235984706844494,3663,1
WLS,ii,198602,198603,0.0399911427395873,,0.0158005945228457,,0.00238244448223779,3652,1
WLS,ii,198603,198604,-0.0362700914287316,,0.0563709448513726,,0.0356959352371353,3637,1
WLS,ii,198604,198605,0.0321892767952427,,0.0272061297190657,,0.00829854706816469,3671,0.999999999999997
WLS,ii,198605,198606,-0.0136557666715551,,0.0330484074239571,,0.0101261544224226,3648,0.999999999999996
WLS,ii,198606,198607,-0.0865237457214434,,0.0167304931224831,,0.003158822931427,3749,1.00000000000001
WLS,ii,198607,198608,0.104496002239874,,-0.0807368594169569,,0.0647281467935663,3745,1
WLS,ii,198608,198609,-0.0410562626765999,,-0.0670100694641878,,0.0472249285692097,3728,0.999999999999996
WLS,ii,198609,198610,0.0488240185352855,,0.00495221301510123,,0.000211641596192247,3734,0.999999999999999
WLS,ii,198610,198611,0.0109444563660292,,0.0165697530347353,,0.00411310968812639,3693,0.999999999999994
WLS,ii,198611,198612,-0.0343731265895719,,0.002163507267874,,7.30244379246736e-05,3664,0.999999999999998
WLS,ii,198612,198701,0.134537577782877,,-0.000808948408529404,,4.62724661054459e-06,3653,1
WLS,ii,198701,198702,0.00981333491326524,,0.0732371024495714,,0.0470736068078485,3637,1
WLS,ii,198702,198703,0.0510983430618423,,-0.0400369118870772,,0.0133456856109685,3632,1
WLS,ii,198703,198704,-0.00764332577786466,,-0.0069014395596599,,0.000497412991903867,3663,1
WLS,ii,198704,198705,-0.00130109414930093,,0.0144669290356316,,0.00248406163540316,3667,1
WLS,ii,198705,198706,0.0341903509785913,,0.0130315360389099,,0.00213754639734776,3661,1
WLS,ii,198706,198707,0.0590238558841155,,-0.0188142152123128,,0.00352210550188514,3852,0.999999999999995
WLS,ii,198707,198708,0.00861337498225326,,0.0431290732867796,,0.0222524313475476,3867,1
WLS,ii,198708,198709,-0.00292162485449002,,-0.0405477079952303,,0.0178177573973151,3848,0.999999999999998
WLS,ii,198709,198710,-0.26122436946046,,0.0306687128699767,,0.00666330067429177,3865,1
WLS,ii,198710,198711,-0.0638270528700112,,-0.0340834580624188,,0.0107165340534175,3852,1
WLS,ii,198711,198712,0.0725652321384843,,0.0185640554907325,,0.00246092830985312,3828,1
WLS,ii,198712,198801,0.0437941374118018,,-0.0280462502006677,,0.00483358974613757,3858,1
WLS,ii,198801,198802,0.0552981129229591,,0.00462442747057884,,0.000214052334129855,3831,1
WLS,ii,198802,198803,0.00340520692818784,,-0.0448662664403334,,0.0179073797595413,3804,1
WLS,ii,198803,198804,0.0257358671762274,,-0.0301972823475488,,0.0141903272108223,3812,1.00000000000001
WLS,ii,198804,198805,-0.00381201566268663,,-0.00859584075718967,,0.00141113692110373,3805,0.999999999999998
WLS,ii,198805,198806,0.0351288882818571,,0.0243727845528813,,0.00630916216917166,3773,0.999999999999998
WLS,ii,198806,198807,-0.00453276367010827,,-0.0200698145380946,,0.00596774972969727,3963,0.999999999999995
WLS,ii,198807,198808,-0.0436661720830123,,0.0048117107630057,,0.000387558963247825,3952,0.999999999999994
WLS,ii,198808,198809,0.013431482655266,,0.0366851444680235,,0.0185643899826294,3925,1
WLS,ii,198809,198810,0.0137211359575845,,0.0032896054988999,,8.36500177257005e-05,3956,0.999999999999998
WLS,ii,198810,198811,-0.0136229089592979,,-0.0154366111472706,,0.00515508770040807,3940,1
WLS,ii,198811,198812,0.0108875622212181,,0.0145436776357245,,0.00395326346390312,3906,1
WLS,ii,198812,198901,0.0732712801202263,,-0.0170375114979778,,0.00492934532275924,3897,1
WLS,ii,198901,198902,-0.0212171311424653,,-0.00893721940931292,,0.00163941034346204,3880,1
WLS,ii,198902,198903,0.021044397071225,,-0.0149839783391223,,0.00299836879913518,3847,0.999999999999997
WLS,ii,198903,198904,0.0416455787651752,,0.00788386883162582,,0.00109943817418534,3841,0.999999999999998
WLS,ii,198904,198905,0.0294722199135644,,0.00425320818202223,,0.000275022700405803,3817,1
WLS,ii,198905,198906,-0.0150133567755785,,-0.00888812058584476,,0.00135869453869197,3782,1
WLS,ii,198906,198907,0.0477486662999124,,0.0510532027705056,,0.028500405244711,3870,1
WLS,ii,198907,198908,0.0389215354581462,,-0.0418342175109596,,0.0223949059766344,3847,0.999999999999998
WLS,ii,198908,198909,-0.02107928233372,,0.0171753991263697,,0.00464442046445168,3825,1
WLS,ii,198909,198910,-0.0563678896499358,,0.0378602275925471,,0.0178741311438317,3810,1
WLS,ii,198910,198911,0.0216152487534108,,-0.0158238744781668,,0.00389030819511782,3789,1
WLS,ii,198911,198912,0.027560420132447,,-0.0234631041415776,,0.00935505948726334,3768,0.999999999999995
WLS,ii,198912,199001,-0.0719282910790466,,-0.0032358994710865,,0.00013611407462899,3769,1.00000000000001
WLS,ii,199001,199002,0.0271046717199364,,-0.0292645463507743,,0.0154446352065819,3746,0.999999999999998
WLS,ii,199002,199003,0.00533362468071413,,0.0450887854549299,,0.0377190809125646,3730,1
WLS,ii,199003,199004,-0.0610596347706991,,0.0633780090907632,,0.0663251844000162,3730,1
WLS,ii,199004,199005,0.0554678634814755,,0.0611677774833821,,0.0499974372524489,3710,0.999999999999998
WLS,ii,199005,199006,-0.0376516042235673,,0.053496611953698,,0.0447773555495511,3671,0.999999999999997
WLS,ii,199006,199007,-0.00367811038456018,,-0.019590891070866,,0.0037704813510413,3779,0.999999999999998
WLS,ii,199007,199008,-0.0965195230177609,,-0.00781448370128648,,0.000806224450347726,3767,1
WLS,ii,199008,199009,-0.0595252793929034,,-0.000134305098566629,,1.88538019307849e-07,3744,1
WLS,ii,199009,199010,-0.0586025216428986,,0.0732687997778888,,0.0468845481488758,3746,1
WLS,ii,199010,199011,0.0256488909700313,,0.0635344349591373,,0.0346466928557315,3726,0.999999999999998
WLS,ii,199011,199012,0.00846777820171953,,0.0302085902791222,,0.011879735092824,3705,1
WLS,ii,199012,199101,0.0318622159301605,,0.0396249187601123,,0.0109774651651214,3719,0.999999999999997
WLS,ii,199101,199102,0.0623366403771458,,0.0164460785857531,,0.00285998996600945,3702,0.999999999999999
WLS,ii,199102,199103,-0.00689640485336096,,0.056666594270154,,0.0335202049414775,3693,0.999999999999999
WLS,ii,199103,199104,0.00345214482724967,,-0.0155553551450993,,0.00341556192325321,3683,0.999999999999996
WLS,ii,199104,199105,0.0384995958656012,,0.00265395386736257,,8.69477442072553e-05,3660,0.999999999999995
WLS,ii,199105,199106,-0.0551186828490912,,0.00872726245585347,,0.00141925446081148,3643,0.999999999999998
WLS,ii,199106,199107,0.0126803126705974,,0.0535156532028693,,0.0401913648934651,3771,1
WLS,ii,199107,199108,-0.00458669858008979,,0.0458432105265791,,0.0317530008966992,3747,1
WLS,ii,199108,199109,-0.0149719434009443,,-0.0133632092436283,,0.00271493043788318,3730,0.999999999999996
WLS,ii,199109,199110,0.00541618116530925,,0.0125042369335744,,0.00153905854222403,3735,1
WLS,ii,199110,199111,-0.0927922385970524,,0.0914694059201676,,0.113372130586832,3717,1
WLS,ii,199111,199112,0.0693480545875984,,0.0783352530132383,,0.0502593379281482,3700,0.999999999999996
WLS,ii,199112,199201,0.0281338621308266,,-0.061204681304497,,0.0264642250908301,3689,1
WLS,ii,199201,199202,0.020863467440262,,-0.0178682691631939,,0.00386704058847398,3672,1
WLS,ii,199202,199203,-0.0255708806364319,,-0.00585404535184408,,0.000523285433450482,3647,0.999999999999998
WLS,ii,199203,199204,0.0533269718544012,,-0.0759329098145751,,0.0593482311333636,3653,1
WLS,ii,199204,199205,-0.0110463827296278,,0.0182101103887201,,0.00634487508934167,3637,1
WLS,ii,199205,199206,-0.0102157164848636,,-0.0364062993845354,,0.0180537964694834,3580,0.999999999999998
WLS,ii,199206,199207,0.0222461793724427,,0.0258528923637721,,0.0103886771898699,3763,1
WLS,ii,199207,199208,-0.0380872713372565,,0.0284459698802441,,0.014416567826533,3738,0.999999999999998
WLS,ii,199208,199209,0.0191473046986524,,-0.018411282582128,,0.00480873256523084,3715,1
WLS,ii,199209,199210,-0.0222255460034899,,0.0550419038707768,,0.0377875699491727,3726,0.999999999999999
WLS,ii,199210,199211,0.0408044107877128,,-0.000580838815024625,,4.4775011858178e-06,3699,1
WLS,ii,199211,199212,0.0276494684627614,,-0.0373178077870674,,0.0188282350730858,3694,0.999999999999996
WLS,ii,199212,199301,0.0390956912218824,,-0.0697447351075529,,0.055398321161282,3730,0.999999999999998
WLS,ii,199301,199302,0.0265620105047885,,-0.0576168353266974,,0.0370549624044685,3725,1
WLS,ii,199302,199303,0.0365263857804748,,-0.0311473693915764,,0.0144733142416043,3728,1
WLS,ii,199303,199304,0.00426744601302657,,-0.0676197213539192,,0.0430891678938867,3741,1
WLS,ii,199304,199305,0.0266767991266351,,0.0194255294754578,,0.00550815212113531,3741,1
WLS,ii,199305,199306,0.0135963626145322,,-0.0413015466659627,,0.0225490516992954,3734,1
WLS,ii,199306,199307,0.0310510707975187,,-0.083557851957985,,0.0859060991389452,3986,0.999999999999998
WLS,ii,199307,199308,0.0332430480298937,,0.00846448787190152,,0.000930263136742049,3990,1
WLS,ii,199308,199309,-0.00335984214794731,,-0.00545544265002991,,0.000367867278277312,3989,1
WLS,ii,199309,199310,0.0295319388603143,,0.0012108301650869,,1.44188511179699e-05,4012,1.00000000000001
WLS,ii,199310,199311,-0.0270119142930526,,0.0358320595274562,,0.0168774452086881,4011,1
WLS,ii,199311,199312,0.0305219402932891,,-0.0302102856739086,,0.0126114317504342,3994,1.00000000000001
WLS,ii,199312,199401,0.0628633524196971,,-0.0631425365103608,,0.0462779189844001,4013,0.999999999999997
WLS,ii,199401,199402,-0.0413426935234697,,0.0449175339216791,,0.0292301476570288,3992,1
WLS,ii,199402,199403,-0.0586785221844561,,0.018024133567778,,0.00565171152880883,3969,0.999999999999998
WLS,ii,199403,199404,0.0022451118200939,,0.00382246967112555,,0.000205388928777861,3996,1
WLS,ii,199404,199405,0.00673791040839804,,-0.00474171825479566,,0.000281579998247961,3989,0.999999999999999
WLS,ii,199405,199406,-0.0335615446879117,,0.00530856679115042,,0.000447745093625995,3976,1
WLS,ii,199406,199407,0.0379839715419929,,-0.0202469640749897,,0.00582006942842295,4365,1
WLS,ii,199407,199408,0.00460646157691697,,0.0806215724327107,,0.0731110353494617,4377,1
WLS,ii,199408,199409,-0.0325454961840256,,0.0311036950366171,,0.0161101920548222,4356,1
WLS,ii,199409,199410,-0.00755085310261367,,0.0470824703639041,,0.0256083286030521,4375,1
WLS,ii,199410,199411,-0.0685059185173278,,0.0576963207009519,,0.0596164732841018,4361,0.999999999999997
WLS,ii,199411,199412,0.0191754031512559,,-0.018910284693741,,0.00547802301757971,4342,0.999999999999998
WLS,ii,199412,199501,-0.000747831803256041,,0.0164007235878123,,0.00342597279498691,4362,1
WLS,ii,199501,199502,0.0447844440304033,,-0.0155173369728193,,0.00403593453243323,4357,1
WLS,ii,199502,199503,0.0227860912793964,,0.0114016744655702,,0.00197013598738549,4339,1
WLS,ii,199503,199504,0.018265842863061,,0.0115418628585781,,0.00164124909727992,4342,0.999999999999998
WLS,ii,199504,199505,0.0146511878037517,,0.0143175041938751,,0.00312737383331085,4334,1
WLS,ii,199505,199506,0.00812349231047346,,0.0462748875299458,,0.0236162483191177,4301,0.999999999999997
WLS,ii,199506,199507,0.0466588519476582,,-0.0152220195473284,,0.00259148161795741,4604,1
WLS,ii,199507,199508,-2.41812719219205e-05,,-0.00629775206486653,,0.000535657936849621,4596,1
WLS,ii,199508,199509,0.00654818692881511,,0.0419827921909763,,0.0199726737445229,4571,1
WLS,ii,199509,199510,-0.0438191547339273,,0.0546189868832196,,0.0225931695777959,4595,1
WLS,ii,199510,199511,0.0580993999638847,,-0.0418943648411784,,0.0169037073304319,4576,1
WLS,ii,199511,199512,0.0419394995167737,,-0.0631764965133186,,0.0371243485689751,4556,1.00000000000001
WLS,ii,199512,199601,0.0317534354352678,,-0.0201752326938051,,0.00358793757751796,4563,1
WLS,ii,199601,199602,-0.00710587366920995,,0.0440316591144657,,0.0213684598111465,4535,0.999999999999997
WLS,ii,199602,199603,0.0340625339657834,,-0.0468211486727652,,0.0220486732048338,4509,1
WLS,ii,199603,199604,0.0103789587856722,,0.0331290692597961,,0.00970138867777326,4522,1
WLS,ii,199604,199605,-0.000394357551285124,,0.0521900274142024,,0.031622149331745,4509,1
WLS,ii,199605,199606,-0.0246393371351817,,0.0177596437194553,,0.00343890220365362,4480,1
WLS,ii,199606,199607,-0.0759176174335964,,0.0214693316963898,,0.00444207898189564,4839,0.999999999999999
WLS,ii,199607,199608,0.0267317978448669,,-0.00239459353990963,,6.38483343320395e-05,4827,0.999999999999996
WLS,ii,199608,199609,0.0189755642833491,,0.0572627612289901,,0.0319828990504594,4786,1.00000000000001
WLS,ii,199609,199610,0.0161115616455703,,-0.0261327675337045,,0.0057915794195843,4799,1
WLS,ii,199610,199611,0.0473925897926066,,0.0284873599334118,,0.00792197197876465,4780,0.999999999999994
WLS,ii,199611,199612,-0.0100141640757774,,-0.011802483217438,,0.00155722342322262,4763,1
WLS,ii,199612,199701,0.016482200787916,,0.0635374051309371,,0.0277340530599237,4769,1
WLS,ii,199701,199702,-0.0180928406241678,,0.00957362842885196,,0.000813119125569806,4739,1
WLS,ii,199702,199703,-0.01928439035475,,-0.0448708268099214,,0.0219500191492582,4708,1
WLS,ii,199703,199704,0.00342542549430713,,0.0729004937969561,,0.0359798670579572,4715,1.00000000000001
WLS,ii,199704,199705,0.067429624262188,,0.00598242575735146,,0.000318537823335019,4693,1
WLS,ii,199705,199706,0.033145733555915,,0.00597568132508403,,0.000367336280906128,4667,1
WLS,ii,199706,199707,0.0646724809813548,,0.00979159232575892,,0.000619375650769971,5208,1
WLS,ii,199707,199708,-0.0158549679608719,,-0.0407873225592115,,0.0165958751278954,5192,1
WLS,ii,199708,199709,0.0672658022472155,,-0.0362771334196972,,0.0126365908219672,5143,0.999999999999998
WLS,ii,199709,199710,-0.0588694559559159,,0.0280938196927004,,0.00586382254134366,5148,1.00000000000001
WLS,ii,199710,199711,0.00168740505358327,,0.04842334481822,,0.0225778679843817,5120,0.999999999999991
WLS,ii,199711,199712,0.00904422648988688,,-0.0158414109236353,,0.00216522522003304,5088,1
WLS,ii,199712,199801,-0.0184089415754023,,0.0550372547608988,,0.0236588648397029,5056,1
WLS,ii,199801,199802,0.0532791769862491,,0.0287004327624564,,0.008539119002972,5017,1
WLS,ii,199802,199803,0.0598063669742186,,-0.0288101235422042,,0.00729387014990868,4979,1
WLS,ii,199803,199804,0.0158670679560175,,-0.0139879376751872,,0.00170031510300428,4941,1
WLS,ii,199804,199805,-0.0440572536345169,,0.0233094666804567,,0.00618995951414436,4907,1
WLS,ii,199805,199806,-0.020371736469473,,0.0936078357971959,,0.0583234358502922,4874,0.999999999999996
WLS,ii,199806,199807,-0.0509266113910531,,0.0451494778891373,,0.0132818115375521,5190,0.999999999999994
WLS,ii,199807,199808,-0.171336783173185,,0.0345624036077259,,0.00905131497317635,5154,1
WLS,ii,199808,199809,0.053193000667909,,0.0312481860938653,,0.00379486036082377,5111,1
WLS,ii,199809,199810,0.0747816582887424,,-0.0069426168405561,,0.000270053513567903,5071,1
WLS,ii,199810,199811,0.0232682512833541,,0.0672347661243394,,0.0265757152150528,4984,1
WLS,ii,199811,199812,0.0418390339540877,,0.0501078974238592,,0.0108537058400606,4942,0.999999999999997
WLS,ii,199812,199901,0.01428192130706,,0.0509129333447634,,0.00827778989679906,4881,1
WLS,ii,199901,199902,-0.0242671086114215,,-0.0433237457306965,,0.0146854647379215,4827,0.999999999999998
WLS,ii,199902,199903,0.0553145934004608,,-0.0308789997134956,,0.00350103791788492,4769,1.00000000000001
WLS,ii,199903,199904,0.11217474031834,,-0.137712625147588,,0.0683406592667153,4709,1.00000000000001
WLS,ii,199904,199905,-0.0228675329122682,,0.00604546644114095,,0.000315706862373255,4651,0.999999999999996
WLS,ii,199905,199906,0.0258553936543404,,0.050340598410186,,0.0152669024185806,4606,1
WLS,ii,199906,199907,-0.0276379182323465,,-0.00387522182082818,,0.000123781279209645,4804,1.00000000000001
WLS,ii,199907,199908,-0.0422895957489266,,0.066142766896808,,0.0290863334711948,4771,0.999999999999997
WLS,ii,199908,199909,-0.0031843519344935,,-0.0354852342856952,,0.00778991818809705,4711,0.999999999999997
WLS,ii,199909,199910,0.0274068872517525,,0.0313089507665674,,0.00399551022619205,4665,0.999999999999998
WLS,ii,199910,199911,0.00952150687811788,,0.0646060126210962,,0.0182662631937724,4620,1.00000000000001
WLS,ii,199911,199912,0.111230158103645,,-0.0383905115411555,,0.00251974088271445,4549,1
WLS,ii,199912,200001,-0.0360313895893079,,-0.0245739515118243,,0.00191040745721682,4517,1
WLS,ii,200001,200002,0.020541278526252,,0.02619142911267,,0.00085488391271149,4472,0.999999999999997
WLS,ii,200002,200003,0.0389630720773296,,0.0294830609041551,,0.00235509514167265,4429,1
WLS,ii,200003,200004,-0.0731421135773318,,0.0328251563508295,,0.00353878494284055,4397,1
WLS,ii,200004,200005,-0.0598223863529824,,0.0117490881016859,,0.000585784472671103,4370,0.999999999999999
WLS,ii,200005,200006,0.0215688354409635,,0.0584634849848201,,0.00862368907698619,4332,1.00000000000001
WLS,ii,200006,200007,-0.0475027583860707,,0.00712863578843194,,0.000255451802343099,4643,1
WLS,ii,200007,200008,0.102322087856463,,-0.0681855563879754,,0.0148723084967234,4623,1
WLS,ii,200008,200009,-0.0678136706665601,,-0.00506045773473775,,7.0962106078265e-05,4569,0.999999999999997
WLS,ii,200009,200010,-0.0579829994187492,,0.0580184595031989,,0.0112884835239775,4542,1
WLS,ii,200010,200011,-0.188562993149452,,0.13160424654347,,0.0451138389257945,4479,1
WLS,ii,200011,200012,0.0158062157981032,,-0.044255463868113,,0.00627846368048035,4415,1
WLS,ii,200012,200101,0.0748927319249601,,-0.049111811070475,,0.00478237214390875,4378,1
WLS,ii,200101,200102,-0.113769488458805,,0.00359261812842512,,3.19698878404884e-05,4317,1
WLS,ii,200102,200103,-0.0926178687112186,,0.018117578953302,,0.00161428065080027,4276,1
WLS,ii,200103,200104,0.131226521806567,,-0.0741461072110185,,0.0207654394581333,4242,1
WLS,ii,200104,200105,-0.000658841225663548,,0.00270322598002925,,5.60910959404026e-05,4165,1
WLS,ii,200105,200106,-0.0293203514678359,,0.0134160921206443,,0.00106104755506553,4104,1
WLS,ii,200106,200107,-0.0823692296033723,,0.107330149279658,,0.0578818346686159,4414,0.999999999999998
WLS,ii,200107,200108,-0.0879906773797015,,0.0349130315148398,,0.00852171533558377,4361,1
WLS,ii,200108,200109,-0.142797554047765,,0.0730467535871491,,0.0184294661377582,4299,1
WLS,ii,200109,200110,0.00588086625321309,,0.0544841768364621,,0.0101057880504497,4285,1
WLS,ii,200110,200111,0.0720047372898683,,0.0185718534789186,,0.00160126700357455,4253,1
WLS,ii,200111,200112,0.0328323502621566,,-0.0366691269725876,,0.0111639465943384,4196,1
WLS,ii,200112,200201,-0.068016423483185,,0.101086685933748,,0.0659411745701759,4161,0.999999999999998
WLS,ii,200201,200202,-0.0287323514297757,,0.00638420368714437,,0.000217374922387714,4128,1
WLS,ii,200202,200203,0.0535109411387509,,-0.0297465811612444,,0.00723591729869755,4090,0.999999999999998
WLS,ii,200203,200204,-0.103939226202264,,0.0686634036794576,,0.0287044528670331,4054,1
WLS,ii,200204,200205,-0.00151437917576817,,-0.0214302882756322,,0.00478018892886722,4017,0.999999999999998
WLS,ii,200205,200206,-0.0942255016353366,,0.0284037622274281,,0.00406534259445268,3975,0.999999999999998
WLS,ii,200206,200207,-0.0992571961186624,,0.0306327481374004,,0.00526816981019462,4041,0.999999999999994
WLS,ii,200207,200208,-0.0217121437586691,,0.0371335912863723,,0.0113155253910165,4006,1
WLS,ii,200208,200209,-0.12818393098627,,0.0455131179477112,,0.0144182428329602,3962,1
WLS,ii,200209,200210,0.0755126658794275,,0.0167977196779223,,0.000974396503370722,3935,1.00000000000001
WLS,ii,200210,200211,0.121115748361473,,-0.0927843549310295,,0.0345040329943496,3883,0.999999999999998
WLS,ii,200211,200212,-0.092264728426456,,0.047217495575484,,0.0206256643665794,3854,1
WLS,ii,200212,200301,-0.0371717720285349,,0.0143225975089633,,0.00232519771778184,3819,1
WLS,ii,200301,200302,-0.0257571963820004,,0.0215618001255178,,0.00585893237568202,3782,1
WLS,ii,200302,200303,-0.00529370245021035,,0.0327735280787908,,0.0127365404854368,3740,1
WLS,ii,200303,200304,0.113523587212672,,-0.0733834946436246,,0.044197038219019,3694,1
WLS,ii,200304,200305,0.0923353042971964,,-0.0577167192534228,,0.0209822410965043,3660,0.999999999999998
WLS,ii,200305,200306,0.00999500992286799,,0.0132131555311636,,0.00234525503996308,3634,1
WLS,ii,200306,200307,0.0159782234081293,,0.00871703472009539,,0.000603285111321905,3659,1
WLS,ii,200307,200308,0.04772092218492,,-0.0306414363785565,,0.0106257829353023,3640,0.999999999999996
WLS,ii,200308,200309,-0.0319862807262568,,0.0247056796272921,,0.00803569443077834,3608,0.999999999999998
WLS,ii,200309,200310,0.0476215010227655,,0.0232218446697385,,0.00405417247846318,3587,1
WLS,ii,200310,200311,0.0137507393709538,,0.00322532646400586,,0.000165257632410376,3561,0.999999999999997
WLS,ii,200311,200312,0.0915885654290197,,-0.0943320808091149,,0.101081000388384,3535,1
WLS,ii,200312,200401,0.0226890178125099,,-0.010098880634942,,0.00099133251385497,3501,1
WLS,ii,200401,200402,-0.00530575221526938,,0.0299148721328626,,0.0124437585531582,3480,0.999999999999997
WLS,ii,200402,200403,-0.0219926002363382,,0.0127814392777125,,0.00269559495909055,3462,1
WLS,ii,200403,200404,-0.0206726139431768,,0.0210030563827304,,0.0049343105345051,3449,1
WLS,ii,200404,200405,0.0075919024609783,,0.00638560461272354,,0.000719241159032324,3430,0.999999999999998
WLS,ii,200405,200406,0.0446541924955587,,-0.0434903124979469,,0.0304222532867582,3407,1
WLS,ii,200406,200407,-0.0279513094071329,,-0.037929827664883,,0.0141478251516373,3470,1
WLS,ii,200407,200408,-0.0139302666616597,,0.00926706147005565,,0.001304693083933,3459,1
WLS,ii,200408,200409,0.0505499245685802,,-0.059116619904861,,0.0410614618403761,3445,1
WLS,ii,200409,200410,0.012039123538551,,0.00737730106004552,,0.000673875794046208,3448,1
WLS,ii,200410,200411,0.073183136645686,,-0.0538047200880925,,0.0338004638587238,3428,1
WLS,ii,200411,200412,0.0187744754154456,,0.0271919512931083,,0.0126164176911552,3412,1
WLS,ii,200412,200501,-0.0413569401029924,,0.0214734313404182,,0.0058208915018434,3388,1
WLS,ii,200501,200502,0.0443083355700446,,-0.0363700242676554,,0.0126808255825441,3374,1
WLS,ii,200502,200503,-0.0207773366345038,,0.00950720213467176,,0.00140368860199613,3360,1
WLS,ii,200503,200504,-0.0417540297078174,,0.0199432292450603,,0.004764393004562,3349,1
WLS,ii,200504,200505,0.0288259587062233,,0.0207480502490396,,0.00596169365059185,3328,1
WLS,ii,200505,200506,0.000756809876438696,,-0.00560869317851,,0.000516093706218523,3304,1
WLS,ii,200506,200507,0.0504812935151103,,-0.00689926987337735,,0.000550351524970849,3459,1
WLS,ii,200507,200508,0.0152702326177416,,-0.0519132894158715,,0.0349101965592167,3437,1
WLS,ii,200508,200509,0.025332011805899,,-0.0442808037953608,,0.025543225757933,3404,1
WLS,ii,200509,200510,-0.0504570148864258,,0.0423572324077533,,0.0191493592989954,3384,0.999999999999998
WLS,ii,200510,200511,0.0376688444159347,,-0.00209693354465428,,5.44124255958955e-05,3360,0.999999999999996
WLS,ii,200511,200512,0.00349685637713945,,-0.0149298324342997,,0.00415375528167572,3337,0.999999999999998
WLS,ii,200512,200601,0.0608862782398074,,-0.0480275436390147,,0.0171659699905775,3318,1
WLS,ii,200601,200602,-0.0123650649887167,,0.0101454735479426,,0.00132689573677569,3291,1
WLS,ii,200602,200603,0.0326184089269343,,-0.0235997000784633,,0.008710412835642,3268,1
WLS,ii,200603,200604,0.0199878713708862,,-0.0355183433001097,,0.0176512046127653,3255,1
WLS,ii,200604,200605,-0.0279822274023433,,-0.0182010267198734,,0.00473651139712883,3240,0.999999999999997
WLS,ii,200605,200606,-0.00794158984020771,,0.00813440301425887,,0.00107228931030645,3213,1
WLS,ii,200606,200607,-0.0240878399492987,,0.01506427002237,,0.00195394013830552,3366,0.999999999999998
WLS,ii,200607,200608,0.00617758170008992,,0.0310676150774753,,0.0108600967175091,3352,1
WLS,ii,200608,200609,-0.00357659405721333,,0.0418704620617779,,0.0273109278694393,3337,0.999999999999994
WLS,ii,200609,200610,0.0350219744058157,,-0.00198514418304468,,5.19730830962351e-05,3333,0.999999999999997
WLS,ii,200610,200611,0.0415068705264623,,-0.0409722991626719,,0.0256522947858006,3314,1
WLS,ii,200611,200612,0.00781458749399905,,-0.0136384621222449,,0.00345820977022404,3291,0.999999999999999
WLS,ii,200612,200701,0.0128567466809161,,0.0119635502537721,,0.00237565451603083,3270,0.999999999999996
WLS,ii,200701,200702,-0.00669896258380031,,-0.0243706374692317,,0.0116805924134339,3233,0.999999999999997
WLS,ii,200702,200703,0.022007711372294,,-0.0255765829742017,,0.0125869228127857,3215,1
WLS,ii,200703,200704,0.0293485070757081,,0.0169354138752358,,0.00447187364401402,3196,0.999999999999997
WLS,ii,200704,200705,0.0546189346240784,,-0.0359399996415112,,0.0211649766402836,3171,0.999999999999995
WLS,ii,200705,200706,-0.00461553890061604,,-0.0151312741219101,,0.00512646821275342,3147,1
WLS,ii,200706,200707,-0.0191232129625906,,-0.0125864026968266,,0.00200310639623957,3297,1
WLS,ii,200707,200708,-0.00223097542916392,,0.019725243895418,,0.00615214865174807,3279,0.999999999999996
WLS,ii,200708,200709,0.0549523013241801,,-0.033925439574465,,0.0146082194524324,3249,1
WLS,ii,200709,200710,0.0225462317009588,,0.00224230781382282,,3.54050317239452e-05,3234,1
WLS,ii,200710,200711,-0.0621326537100083,,0.0295271098424774,,0.00848811489810608,3208,1
WLS,ii,200711,200712,0.0155142768894373,,-0.0308765875322714,,0.0086418205007619,3172,1
WLS,ii,200712,200801,-0.0793386976958659,,0.0111377018915588,,0.000871242454800636,3159,0.999999999999997
WLS,ii,200801,200802,0.00430860691357263,,-0.0327659906981609,,0.00738775882860221,3143,1
WLS,ii,200802,200803,-0.00374846209971227,,0.00555728216262237,,0.000310991141684869,3130,0.999999999999995
WLS,ii,200803,200804,0.0567273745800358,,-0.0236369808401176,,0.00366302666739382,3114,1
WLS,ii,200804,200805,0.0407091175203807,,-0.0193864655087021,,0.00355533291624033,3088,0.999999999999998
WLS,ii,200805,200806,-0.0805991558653679,,0.0217325652330115,,0.0034014886031245,3061,1
WLS,ii,200806,200807,-0.0652062834892158,,0.0881969044681519,,0.0304264406379318,3227,0.999999999999997
WLS,ii,200807,200808,-0.0112170446683561,,0.0545038402917539,,0.0317308859268952,3209,0.999999999999997
WLS,ii,200808,200809,-0.177373973289455,,0.135195217215746,,0.0926831247184161,3179,1
WLS,ii,200809,200810,-0.237105270965243,,0.121735417806417,,0.0518067798968871,3171,0.999999999999995
WLS,ii,200810,200811,-0.085461628399892,,0.0314150335783977,,0.00354197472711026,3140,0.999999999999997
WLS,ii,200811,200812,0.00912872799101206,,0.0215453013076599,,0.00246558345503245,3116,0.999999999999996
WLS,ii,200812,200901,-0.0810471222601064,,0.036025999215813,,0.00624744685300949,3100,1
WLS,ii,200901,200902,-0.16644680182741,,0.1347705661476,,0.0923590346039315,3081,1
WLS,ii,200902,200903,0.068478607595422,,0.0260253057067688,,0.00356373526691833,3058,0.999999999999999
WLS,ii,200903,200904,0.17309002753173,,-0.136005653107499,,0.0373960920936305,3038,0.999999999999998
WLS,ii,200904,200905,0.0901104001188915,,-0.0829767566676438,,0.0353560328391942,3015,0.999999999999997
WLS,ii,200905,200906,-0.0478409702732091,,0.0955220621847797,,0.0698212862664052,2984,0.999999999999997
WLS,ii,200906,200907,0.112887974649679,,-0.0634872321134788,,0.0244168682572049,3028,0.999999999999998
WLS,ii,200907,200908,0.0329687199212097,,-0.0181907006734178,,0.00345026795657666,3006,0.999999999999998
WLS,ii,200908,200909,0.077510887260067,,-0.0541149995948066,,0.0261769138731767,2991,0.999999999999996
WLS,ii,200909,200910,-0.0626308116585832,,0.0796664041776193,,0.061903539158693,2981,1
WLS,ii,200910,200911,0.0704125586988088,,-0.0193836474009976,,0.00411892385553891,2965,1
WLS,ii,200911,200912,0.0535761190486237,,-0.0394613162124676,,0.0177602387338109,2936,1
WLS,ii,200912,201001,-0.0414541499792365,,0.0012577679186864,,2.05234684111932e-05,2917,1
WLS,ii,201001,201002,0.0435446735769915,,-0.0124848321773407,,0.00212379123994022,2902,1
WLS,ii,201002,201003,0.0811316794186311,,-0.0373897035530277,,0.0169369327854498,2879,0.999999999999997
WLS,ii,201003,201004,0.0468667391262761,,-0.0460672645422605,,0.0210774225230095,2861,0.999999999999998
WLS,ii,201004,201005,-0.091007601857475,,0.026254273879724,,0.0106353029127395,2843,1
WLS,ii,201005,201006,-0.0705937390600241,,0.023486374419501,,0.00714269890300345,2831,1
WLS,ii,201006,201007,0.0890323477920234,,-0.0337581292407108,,0.0117643167450412,2906,1
WLS,ii,201007,201008,-0.0528746123042612,,0.0167653553419675,,0.00309325605563549,2880,0.999999999999998
WLS,ii,201008,201009,0.10059861134405,,0.00639503875117165,,0.000492736323563392,2865,0.999999999999998
WLS,ii,201009,201010,0.0520575205701259,,-0.0131664252872209,,0.00233457623874322,2849,0.999999999999996
WLS,ii,201010,201011,0.0198543444653805,,-0.0210800561662606,,0.00495853969148474,2829,1
WLS,ii,201011,201012,0.100024833496275,,-0.0718413471963574,,0.0697280042039967,2802,1
WLS,ii,201012,201101,0.0525187917896923,,-0.0636934615354262,,0.0503332123649891,2785,1
WLS,ii,201101,201102,0.060984715124762,,-0.0473148441064401,,0.0279938347995337,2773,0.999999999999998
WLS,ii,201102,201103,0.013672633552632,,-0.00827226303410262,,0.00107421712902323,2756,1
WLS,ii,201103,201104,0.0141854163722183,,0.0399542810099034,,0.0275042480966407,2740,1
WLS,ii,201104,201105,-0.0365000547604494,,0.0521316953012454,,0.0476370117718903,2716,1
WLS,ii,201105,201106,-0.0306976941020266,,0.0276474567766549,,0.0194262880752355,2684,1
WLS,ii,201106,201107,-0.0377228128941767,,0.0333247717202738,,0.0109257030888296,2770,1
WLS,ii,201107,201108,-0.0970006394599361,,0.0778187283296718,,0.0580004769774354,2761,0.999999999999998
WLS,ii,201108,201109,-0.132925849172285,,0.116453018028425,,0.0964521895772701,2748,1
WLS,ii,201109,201110,0.161737036106804,,-0.0935209750555355,,0.0531104052423383,2744,1
WLS,ii,201110,201111,-0.000993152500778747,,0.00484511118066855,,0.000265967682449797,2728,1
WLS,ii,201111,201112,0.0107865561863919,,-0.0113740097406538,,0.00154597571402859,2707,1
WLS,ii,201112,201201,0.0517732846789553,,-0.00180105705312375,,2.40363607688643e-05,2693,1
WLS,ii,201201,201202,0.0465558660784257,,-0.0069135658352553,,0.000522862322660411,2679,1
WLS,ii,201202,201203,-0.0117921531610707,,0.0718511369611322,,0.0858325403392757,2664,1
WLS,ii,201203,201204,-0.0135600025457163,,0.0140609059446581,,0.00329126324403184,2651,1
WLS,ii,201204,201205,-0.0809172394059924,,0.0399683473093429,,0.015509949278141,2638,1
WLS,ii,201205,201206,0.0525927569024168,,-0.02954536659216,,0.0117723363279265,2629,1
WLS,ii,201206,201207,0.0125804568743479,,-0.00450760432881381,,0.000222742992269098,2707,1
WLS,ii,201207,201208,0.0239821618747563,,0.00442629288206662,,0.000251155776522793,2694,1
WLS,ii,201208,201209,0.0456610035814242,,-0.0385109621359407,,0.0304543275688098,2676,0.999999999999998
WLS,ii,201209,201210,-0.0125943205461548,,-0.0239813984954319,,0.00734346671373498,2660,1
WLS,ii,201210,201211,0.0097181091005833,,0.00354235704705991,,0.00018422141265706,2638,1
WLS,ii,201211,201212,0.0355832299619615,,-0.0551622773309691,,0.0584774703185612,2625,1
WLS,ii,201212,201301,0.0657157303789197,,-0.0236414411679427,,0.00568693015766164,2605,0.999999999999998
WLS,ii,201301,201302,0.0181293405050668,,-0.0110282550003845,,0.00198688488048693,2594,1
WLS,ii,201302,201303,0.0390898856930865,,-0.00101885585197478,,1.9936298723322e-05,2584,1
WLS,ii,201303,201304,-0.00445362430455124,,0.0339999322938566,,0.0145278726566925,2570,1
WLS,ii,201304,201305,0.0365418319283505,,-0.0212519679104345,,0.00553071256557669,2554,0.999999999999998
WLS,ii,201305,201306,-0.00931694247973654,,-0.00961990201649712,,0.00175979523747982,2544,1
WLS,ii,201306,201307,0.0619431969830069,,-0.011476086912883,,0.00143217647016602,2617,1
WLS,ii,201307,201308,-0.0190879984847903,,-0.00685041057095204,,0.000765175612118529,2611,1
WLS,ii,201308,201309,0.0473507222035973,,-0.0130537196609821,,0.00248470165046732,2597,0.999999999999998
WLS,ii,201309,201310,0.046842867420131,,-0.00418126243754357,,0.000202364569019786,2587,0.999999999999998
WLS,ii,201310,201311,0.0182822909668832,,0.0203178462738232,,0.00628889302100699,2572,1
WLS,ii,201311,201312,0.0493053491220957,,-0.0423562441421766,,0.0309335957415604,2553,1
WLS,ii,201312,201401,-0.0176755648087499,,-0.0304777307976285,,0.00796839155176665,2544,1
WLS,ii,201401,201402,0.0464506904834511,,0.00794436985780826,,0.000866343184262708,2531,0.999999999999999
WLS,ii,201402,201403,0.00275830118456943,,-0.00741989594987503,,0.000819034231242188,2515,1
WLS,ii,201403,201404,0.0159303497740113,,-0.02410989733382,,0.0077606419070464,2512,1
WLS,ii,201404,201405,0.029039575423645,,-0.0128811985036332,,0.00297970888660926,2505,0.999999999999998
WLS,ii,201405,201406,0.0321596457038667,,-0.0185700378751137,,0.00545341034364333,2494,1
WLS,ii,201406,201407,-0.0282456291172668,,0.0205139883669198,,0.0050944994330534,2642,1
WLS,ii,201407,201408,0.0326352187821409,,0.0170689282248695,,0.00474679666204114,2638,1
WLS,ii,201408,201409,-0.0563282371405024,,0.0656331679486349,,0.0668482660305254,2628,0.999999999999998
WLS,ii,201409,201410,-0.000336903210696581,,0.043024527774286,,0.0174687703121605,2623,1
WLS,ii,201410,201411,-0.0168435769820663,,0.0846664518719904,,0.0680337653764464,2608,1
WLS,ii,201411,201412,-0.00930353675698122,,0.00624615362962405,,0.000652823393388458,2596,1
WLS,ii,201412,201501,-0.0421725911917188,,0.0339891815542228,,0.011661801622586,2584,1
WLS,ii,201501,201502,0.0826071223912691,,-0.0339357552419463,,0.0156702213500718,2571,0.999999999999996
WLS,ii,201502,201503,-0.0203511594468574,,0.0109177677714756,,0.00201940511718757,2554,0.999999999999998
WLS,ii,201503,201504,0.0236655641112078,,-0.0306043278539701,,0.00996542557596725,2541,1
WLS,ii,201504,201505,-0.000166472180668341,,0.0212520309927134,,0.00592559388846614,2533,0.999999999999996
WLS,ii,201505,201506,-0.0339987261755644,,0.0286735173852664,,0.0147550567635114,2522,1
WLS,ii,201506,201507,-0.0320579250722442,,0.0802322402992712,,0.0461808913258196,2729,1
WLS,ii,201507,201508,-0.0662247939226449,,0.0101305013439802,,0.00146684099374972,2712,1
WLS,ii,201508,201509,-0.0568768061719537,,0.0473472558767031,,0.0269379325617735,2700,1
WLS,ii,201509,201510,0.109420811151014,,-0.0455438136693599,,0.014772250020447,2687,1
WLS,ii,201510,201511,0.00673476116766334,,-0.00350244571293958,,0.000137985861578094,2665,1
WLS,ii,201511,201512,-0.0536676580869559,,0.0590416233252347,,0.0395624653576693,2653,0.999999999999999
WLS,ii,201512,201601,-0.0868641694535498,,0.055954626465044,,0.0222037836315435,2640,1
WLS,ii,201601,201602,0.011491520120967,,-0.0125686158418048,,0.00146925926162156,2616,1
WLS,ii,201602,201603,0.0870525118757105,,-0.0306128867357992,,0.0114727159026621,2599,1
WLS,ii,201603,201604,0.0485766889693622,,-0.0783991710717477,,0.0516461623462902,2590,1
WLS,ii,201604,201605,3.45625421236325e-05,,0.0301122109566351,,0.0115832327853407,2576,1
WLS,ii,201605,201606,0.00924485648202895,,-0.0061812962599081,,0.000488262847473719,2556,1
WLS,ii,201606,201607,0.0158050135577748,,0.0469193120757248,,0.026026851574286,2668,0.999999999999998
WLS,ii,201607,201608,0.00434471812163603,,-0.010633677617873,,0.00163619410361349,2657,0.999999999999998
WLS,ii,201608,201609,0.0169048555953969,,-0.019624063007133,,0.00574299765249819,2641,0.999999999999999
WLS,ii,201609,201610,-0.0274100852879071,,-0.000232090711062073,,7.01522888335582e-07,2624,1
WLS,ii,201610,201611,0.0869780545424082,,-0.0937749412053427,,0.0575392408927187,2612,1
WLS,ii,201611,201612,0.0159782277496859,,-0.00579660387560094,,0.000643455876299992,2594,0.999999999999999
WLS,ii,201612,201701,0.0187861308440265,,0.0079434408689892,,0.000722829979424078,2586,1
WLS,ii,201701,201702,0.00339332134282038,,0.0564626175280987,,0.0442206182508339,2578,0.999999999999997
WLS,ii,201702,201703,-0.00895122819258222,,0.0308558286442635,,0.0195512620175571,2556,1
WLS,ii,201703,201704,-0.005325770118756,,0.033284796725325,,0.0210412308794999,2551,0.999999999999999
WLS,ii,201704,201705,-0.0144106191771948,,0.0539801649517743,,0.0305012692652252,2533,1
WLS,ii,201705,201706,0.00916456670074354,,-0.0183124560063751,,0.00473458246515701,2520,1
WLS,ii,201706,201707,0.0218971643372716,,-0.00586729635266516,,0.000477231707810666,2628,0.999999999999997
WLS,ii,201707,201708,-0.00471210682915238,,0.0155977346232542,,0.00277933342640102,2621,1
WLS,ii,201708,201709,0.0492948776688473,,-0.0490810136295428,,0.0263765049609757,2604,0.999999999999997
WLS,ii,201709,201710,-0.0174657366151118,,0.0680181055200444,,0.034925727167381,2587,1
WLS,ii,201710,201711,0.00915497640220429,,0.0388446473766608,,0.0149235235174392,2573,0.999999999999997
WLS,ii,201711,201712,0.0272643371128399,,-0.0265777873426891,,0.012959270082995,2555,1
WLS,ii,201712,201801,0.0301396637015102,,0.0495970283198401,,0.0192254939494538,2538,0.999999999999996
WLS,ii,201801,201802,-0.0620775302793544,,0.0445971861840651,,0.0203700164632326,2531,1
WLS,ii,201802,201803,-0.0219534025855644,,0.000920697667223714,,1.31460028398589e-05,2517,1
WLS,ii,201803,201804,0.0126382043475292,,-0.01972654317217,,0.00382293914759257,2511,0.999999999999997
WLS,ii,201804,201805,0.0330346628791535,,0.000567709641329328,,2.85187219695171e-06,2499,1
WLS,ii,201805,201806,-0.015347894989707,,0.0409623787972962,,0.0225372105901618,2491,1
WLS,ii,201806,201807,0.0258190810838617,,0.00678084254152271,,0.000514318980958994,2610,1
WLS,ii,201807,201808,-0.0117730151869163,,0.0906818052504621,,0.0588469155829119,2604,1
WLS,ii,201808,201809,0.011678577637664,,-0.0100291917672396,,0.00150134681282088,2600,1
WLS,ii,201809,201810,-0.0735611817041155,,-0.0181752886475202,,0.00205474063832412,2598,1
WLS,ii,201810,201811,-0.00426130157071448,,0.0311430457131007,,0.00573583489473839,2580,1
WLS,ii,201811,201812,-0.118070019144032,,0.042619283598161,,0.0256732448159386,2563,1
WLS,ii,201812,201901,0.0962261299747159,,-0.019495596148303,,0.0012082425522616,2547,1.00000000000001
WLS,ii,201901,201902,0.0422532100465281,,-0.00804366738316385,,0.000576648423839976,2533,1
WLS,ii,201902,201903,0.00290174686769776,,0.0264625361994499,,0.00869413810288389,2521,1.00000000000001
WLS,ii,201903,201904,0.0217935516138698,,0.0245118857127203,,0.00509572454613394,2511,1
WLS,ii,201904,201905,-0.0736227855960559,,0.000946874663449496,,7.55191700319013e-06,2498,1
WLS,ii,201905,201906,0.0824181070278289,,-0.0137539101258463,,0.00231033354289412,2493,1
WLS,ii,201906,201907,-0.00376322990541735,,0.0221294674811425,,0.00591044099946581,2640,1
WLS,ii,201907,201908,-0.0456315343180074,,0.0402357098007098,,0.0119304456378201,2636,0.999999999999999
WLS,ii,201908,201909,0.0213034811643696,,-0.0163785275234711,,0.00332545234948556,2625,1
WLS,ii,201909,201910,0.0055555568173326,,0.0244502074412965,,0.00570734359199943,2618,0.999999999999999
WLS,ii,201910,201911,0.0508082538626143,,-0.0212523660023313,,0.00449730283014871,2598,1
WLS,ii,201911,201912,0.0248503710308559,,0.00502331308352684,,0.000295059525454167,2587,1
WLS,ii,201912,202001,-0.0278544750785416,,0.0470951319557462,,0.0151140112326684,2569,1
WLS,ii,202001,202002,-0.112811305770376,,0.0613928027377527,,0.031111652591618,2558,1
WLS,ii,202002,202003,-0.241548500280557,,0.19996451553758,,0.108334000403257,2552,1
WLS,ii,202003,202004,0.134398888961537,,0.0163950735238504,,0.00113211989840256,2541,1
WLS,ii,202004,202005,0.0502577370853028,,0.0139847687316895,,0.00131886418557226,2528,1
WLS,ii,202005,202006,0.0116442931532456,,0.0344274753016185,,0.00722696923236099,2513,1
WLS,ii,202006,202007,0.023211854347804,,0.0634271514515594,,0.018708613440153,2633,1
WLS,ii,202007,202008,0.0698802212551501,,0.0225250268220394,,0.00177936496016617,2624,1
WLS,ii,202008,202009,-0.0240404514740037,,-0.020126475492423,,0.00321991140319655,2616,1
WLS,ii,202009,202010,-0.0195918111511832,,-0.0136733913613726,,0.00155767046940192,2608,0.999999999999998
WLS,ii,202010,202011,0.229743130768206,,-0.17101748567227,,0.0941521043501047,2597,1
WLS,ii,202011,202012,0.0682112104812205,,-0.0364479845252677,,0.00877594177611618,2591,0.999999999999998
WLS,ii,202012,202101,0.0254702894931644,,-0.0384613713191064,,0.00339491374071088,2586,1
WLS,ii,202101,202102,0.0729225010771245,,-0.0871443536230456,,0.031644003225181,2578,1
WLS,ii,202102,202103,0.00735804879843887,,0.030948951418612,,0.00686122810485335,2568,0.999999999999998
WLS,ii,202103,202104,0.0124454938841277,,0.0541458463271,,0.0329739419287525,2565,0.999999999999997
WLS,ii,202104,202105,0.0145277172773165,,-0.0269131092169678,,0.00787575537844609,2554,0.999999999999998
WLS,ii,202105,202106,-0.00751821538846907,,0.0721696254771257,,0.0408957404838128,2550,0.999999999999999
WLS,ii,202106,202107,-0.0337782629636249,,0.0763428819694651,,0.0516528816928117,2723,1
WLS,ii,202107,202108,0.000187226625250343,,0.0414428761180517,,0.0170524055281711,2721,1
WLS,ii,202108,202109,0.00699494988850892,,-0.08219165821205,,0.0784622099328382,2717,1
WLS,ii,202109,202110,0.0352775354561408,,0.045096936789509,,0.00876612312521319,2709,1
WLS,ii,202110,202111,-0.0874860815594731,,0.123214930930131,,0.0716063189389633,2704,1
WLS,ii,202111,202112,0.0356085659479312,,-0.00674659273676844,,0.000278757699464727,2691,1
WLS,ii,202112,202201,-0.01942413098713,,-0.0743376249682469,,0.0304464832745405,2696,1
WLS,ii,202201,202202,0.0381890364414436,,-0.0979410861070155,,0.0530967257771219,2695,1
WLS,ii,202202,202203,0.055410869820763,,-0.0297086121915338,,0.00603931650033596,2688,1
WLS,ii,202203,202204,-0.0823642833733215,,-0.0189134397784362,,0.00182178875813743,2680,1
WLS,ii,202204,202205,0.0410776774641629,,-0.0770105712165989,,0.0345931629769912,2671,1
WLS,ii,202205,202206,-0.117362339822069,,0.0517453653044015,,0.0212878548571472,2662,1
WLS,ii,202206,202207,0.0710694983294601,,0.0459568061983138,,0.00862867269608625,3036,1
WLS,ii,202207,202208,0.0120700932707888,,-0.0776240293681086,,0.0449420833228513,3045,1.00000000000001
WLS,ii,202208,202209,-0.107091349731186,,0.0168671746292111,,0.00248726255750498,3030,1
WLS,ii,202209,202210,0.152974792261081,,-0.115062524939917,,0.043137166009094,3025,1
WLS,ii,202210,202211,0.0206871124212521,,0.0364566922623115,,0.00577739198224092,3013,1
WLS,ii,202211,202212,-0.044352992975834,,-0.0317370058432466,,0.00619194344273755,3006,1
WLS,ii,202212,202301,0.0568252006884649,,0.0203738493593771,,0.00149472745378665,2992,1
WLS,ii,202301,202302,-0.0494725450264287,,0.0396284404685093,,0.0118210915390716,2977,0.999999999999998
WLS,ii,202302,202303,-0.069686325702984,,0.169283926371231,,0.171677524600053,2956,1
WLS,ii,202303,202304,-0.0359613058499927,,0.0560431088286417,,0.0243538121244166,2939,0.999999999999999
WLS,ii,202304,202305,-0.0898208818737728,,0.145548186307152,,0.0604481997280965,2929,0.999999999999998
WLS,ii,202305,202306,0.0767213046739879,,-0.0101576152052059,,0.000789105961999881,2914,1
WLS,ii,202306,202307,0.0283100607809613,,-0.001774041208818,,2.56135175011885e-05,3033,1
WLS,ii,202307,202308,-0.0561828657860994,,0.0514240454081517,,0.0181941786232263,3015,0.999999999999999
WLS,ii,202308,202309,-0.0474875397610833,,-0.0132253742569711,,0.00223124226198546,2993,1
WLS,ii,202309,202310,-0.0970291257318735,,0.0921105765353178,,0.0545697256286192,2980,1
WLS,ii,202310,202311,0.087248790956792,,0.00384427790408773,,7.60860754231985e-05,2959,1
WLS,ii,202311,202312,0.0901036575189809,,-0.0609436360997104,,0.0251275809525102,2932,1
WLS,ii,202312,202401,-0.0378430574039856,,0.0685665014433237,,0.021858712767728,2915,0.999999999999999
WLS,ii,202401,202402,0.0223731255899418,,0.0497534685732981,,0.00855314178170397,2903,1
WLS,ii,202402,202403,0.0557337790201892,,-0.0465221021824402,,0.015226264206415,2883,1
WLS,ii,202403,202404,-0.0568311663683676,,0.00949451110871642,,0.000764219980475267,2864,1
WLS,ii,202404,202405,-0.0172110589234422,,0.0890655990558444,,0.0309214023429699,2848,1
WLS,ii,202405,202406,-0.0692000420181621,,0.152675876152446,,0.139434616750296,2819,1
WLS,ii,202406,202407,0.0842443644677219,,-0.119571167597633,,0.0729665073544602,2902,1
WLS,ii,202407,202408,-0.0208642565394478,,0.0515829751523454,,0.0193593887059286,2879,0.999999999999996
WLS,ii,202408,202409,0.0312327574132565,,-0.0131382759384213,,0.00160986957135267,2861,1
WLS,ii,202409,202410,-0.0442275711166869,,0.041382252482358,,0.014481055335591,2847,1
WLS,ii,202410,202411,0.0775131969456063,,-0.0274985812874367,,0.00291142019386192,2828,1
WLS,ii,202411,202412,-0.102337786246827,,0.111764372438701,,0.0549188057079429,2816,1
WLS,iii,197306,197307,0.0376502399329486,,,0.0145584804321707,0.00168147891579495,1497,1
WLS,iii,197307,197308,-0.0204621327850075,,,-0.0252061082927169,0.0092837764892445,1495,1
WLS,iii,197308,197309,0.174756598726349,,,-0.180670193370613,0.195796004385624,1495,1
WLS,iii,197309,197310,-0.0108777778598134,,,0.0111522298692135,0.00102470439240065,1496,1
WLS,iii,197310,197311,-0.15176654740083,,,0.0362633760806677,0.00862466118280381,1494,1
WLS,iii,197311,197312,0.107292849448288,,,-0.139631689211629,0.121934355763019,1495,1
WLS,iii,197312,197401,0.0638305470826779,,,-0.0939161464394528,0.0552072339716545,1495,1
WLS,iii,197401,197402,0.0403190386871051,,,-0.0603243060433659,0.0568444669229665,1494,1
WLS,iii,197402,197403,-0.0402542831488569,,,0.0238252903895171,0.00890245209084428,1493,0.999999999999998
WLS,iii,197403,197404,-0.0370218487611467,,,-0.00446117818040134,0.000329273440264566,1493,1
WLS,iii,197404,197405,-0.086567232335261,,,0.0733105818242621,0.053187878262252,1492,1
WLS,iii,197405,197406,-0.00988406329281689,,,-0.00826497184938676,0.00129473139996916,1490,0.999999999999998
WLS,iii,197406,197407,0.0221556242388768,,,-0.141186671200173,0.110638808703981,1611,1
WLS,iii,197407,197408,-0.0431428285015522,,,-0.0580661768822165,0.0231200765511207,1609,1
WLS,iii,197408,197409,-0.00574929853144734,,,-0.155878868806424,0.133688645067584,1605,1
WLS,iii,197409,197410,-0.0413835373259472,,,0.256160018093784,0.139441327055797,1606,1
WLS,iii,197410,197411,-0.040379321555717,,,-0.0143260399963926,0.00163607497648,1601,1
WLS,iii,197411,197412,-0.00313819784428282,,,-0.0390721536137732,0.0123523820282818,1600,1
WLS,iii,197412,197501,0.331736150787818,,,-0.258582739023999,0.124818488366125,1605,1
WLS,iii,197501,197502,-0.0606957185032005,,,0.163384680354729,0.139656630522564,1604,0.999999999999999
WLS,iii,197502,197503,0.0952156741087962,,,-0.0785521355795087,0.0351080549460748,1603,1
WLS,iii,197503,197504,0.0426045960717871,,,0.00642003481688292,0.000197072371175944,1602,0.999999999999998
WLS,iii,197504,197505,0.0267955367014617,,,0.0256677644586516,0.00414371119763024,1603,1
WLS,iii,197505,197506,0.0961408362505475,,,-0.0679446110496672,0.0361408786168136,1602,1
WLS,iii,197506,197507,0.00835064326942555,,,-0.0946838585883959,0.0820489190067369,2021,1
WLS,iii,197507,197508,-0.0243812285210394,,,0.00106664742164996,1.56685800790646e-05,2021,1
WLS,iii,197508,197509,-0.0235310396724045,,,-0.0232884586608864,0.00612650742473875,2021,1
WLS,iii,197509,197510,0.00686738000848456,,,0.0620290383931957,0.0223370761582589,2021,1
WLS,iii,197510,197511,0.0328638727936159,,,-0.00744213638193681,0.000559767222173879,2020,0.999999999999995
WLS,iii,197511,197512,0.0242019611916551,,,-0.0554786673981385,0.0420258746143921,2017,0.999999999999997
WLS,iii,197512,197601,0.262585956369598,,,-0.165245207121801,0.133142874279865,1966,0.999999999999998
WLS,iii,197601,197602,0.139662020174401,,,-0.169629536222571,0.198419904230735,1967,1.00000000000001
WLS,iii,197602,197603,0.00343412368193041,,,0.025152542770252,0.0055305565277356,1983,0.999999999999999
WLS,iii,197603,197604,0.0157552839975501,,,-0.0397202017069816,0.0217846152678002,1972,1
WLS,iii,197604,197605,-0.0165764189205788,,,0.00277183269641195,8.99276448826925e-05,1988,1
WLS,iii,197605,197606,0.0631130975772991,,,-0.0293446592837944,0.00949055884328653,1981,1
WLS,iii,197606,197607,0.00721052885261962,,,-0.0309725059144702,0.016075297128712,2447,0.999999999999999
WLS,iii,197607,197608,-0.026709723630155,,,0.0248531193107137,0.0106514957991399,2253,1.00000000000001
WLS,iii,197608,197609,0.043470718721896,,,-0.0285360668554741,0.0131401857628194,2242,1
WLS,iii,197609,197610,-0.0370296420326552,,,0.012094942997857,0.00245607964246342,2415,1
WLS,iii,197610,197611,0.0543978738492779,,,-0.0723459545293351,0.0571876618178312,2413,1
WLS,iii,197611,197612,0.11690426494685,,,-0.0864482666299422,0.0940051271879521,2422,1
WLS,iii,197612,197701,0.0725687814147503,,,-0.155883507652494,0.215481572673602,2391,1
WLS,iii,197701,197702,-0.0179588660108957,,,0.00120655847857291,2.65220244509701e-05,2374,1
WLS,iii,197702,197703,0.00569504580886907,,,-0.0296932526035681,0.0149016433699936,2392,1
WLS,iii,197703,197704,0.0677738760249433,,,-0.0949006311524048,0.108656910451633,2382,1
WLS,iii,197704,197705,0.00236389417743927,,,-0.0282087831701893,0.0123779288787998,2378,1
WLS,iii,197705,197706,0.0236269240044594,,,0.0282825374693502,0.0110717332552946,2365,0.999999999999998
WLS,iii,197706,197707,-0.0262391407688924,,,0.00465539012775102,0.000329539934350032,2604,1
WLS,iii,197707,197708,-0.0859746473713425,,,0.093784011628385,0.106224618425267,2589,0.999999999999997
WLS,iii,197708,197709,0.0109293776684249,,,-0.0213731264817561,0.00711488526044246,2576,1
WLS,iii,197709,197710,-0.0202802467609895,,,-0.03111842457185,0.0137594015702192,2556,1
WLS,iii,197710,197711,0.0604880173975266,,,-0.0300028329295993,0.0110826131696002,2548,1
WLS,iii,197711,197712,0.0146620079882101,,,-0.0134855846940177,0.00272834031342584,2544,0.999999999999997
WLS,iii,197712,197801,-0.0295875610487772,,,-0.0432847009244814,0.0308633160235847,2530,1
WLS,iii,197801,197802,0.0285657637927643,,,-0.0602323551756137,0.0482416745382265,2511,0.999999999999998
WLS,iii,197802,197803,0.0847832120321215,,,-0.0797713169697607,0.0625074924671938,2499,0.999999999999997
WLS,iii,197803,197804,0.033048794530755,,,0.0741544258170751,0.0523763886269169,2486,1
WLS,iii,197804,197805,0.0457415860209539,,,-0.0380934225288833,0.0145376368393876,2480,1
WLS,iii,197805,197806,-0.0290237361547723,,,0.00991173042285542,0.00127930730686632,2458,0.999999999999998
WLS,iii,197806,197807,0.0458709831145235,,,0.0143075170117949,0.00222143767638183,2557,0.999999999999996
WLS,iii,197807,197808,0.0490678207613614,,,-0.0181828164634945,0.00321473738842304,2542,1
WLS,iii,197808,197809,0.0211996866088688,,,-0.0514265155894404,0.0342983147843261,2522,0.999999999999996
WLS,iii,197809,197810,-0.167458345907043,,,0.07234332256473,0.0411515612075494,2517,1
WLS,iii,197810,197811,0.0373917653006145,,,-0.0113855302240935,0.0012382475395093,2509,0.999999999999996
WLS,iii,197811,197812,-0.0254050030120171,,,0.0549355678759678,0.0390457254528427,2496,0.999999999999996
WLS,iii,197812,197901,0.0887025582543216,,,-0.0725040776205169,0.0573943340304226,2485,1
WLS,iii,197901,197902,-0.0390792395302574,,,0.00441369316931647,0.000337049706619186,2461,0.999999999999999
WLS,iii,197902,197903,0.0876817356729712,,,-0.04246958113202,0.0206593079223522,2445,0.999999999999998
WLS,iii,197903,197904,0.0227184314741921,,,-0.0313205809867618,0.0132973640786546,2440,1
WLS,iii,197904,197905,-0.0404620868998693,,,0.0200166907521295,0.00557836447680671,2428,1
WLS,iii,197905,197906,0.0582262054648839,,,-0.0363034053671424,0.0116861816033824,2411,1
WLS,iii,197906,197907,0.0443734998777762,,,-0.0588367330468565,0.0453930752519854,2503,0.999999999999998
WLS,iii,197907,197908,0.0711300463524019,,,-0.0079819658933095,0.000888883504950755,2485,0.999999999999996
WLS,iii,197908,197909,0.0177505321099719,,,-0.0348884448294159,0.0143923477819489,2469,1
WLS,iii,197909,197910,-0.104525267407865,,,0.0354565722289346,0.017718534834411,2456,0.999999999999996
WLS,iii,197910,197911,0.0118358597807613,,,0.0609032762808346,0.0312913377563032,2451,0.999999999999997
WLS,iii,197911,197912,0.0331402484613615,,,-0.00989210121722845,0.00100511407161608,2439,0.999999999999998
WLS,iii,197912,198001,0.131372722097997,,,-0.101329706189455,0.0519184076799328,2415,1
WLS,iii,198001,198002,0.038214276961127,,,-0.0705017618940669,0.0213585832811872,2392,1
WLS,iii,198002,198003,-0.187714959774384,,,0.0793983784060553,0.0464096437839926,2376,1
WLS,iii,198003,198004,0.0233885092185938,,,0.00396231116493199,0.000165025091807047,2366,1
WLS,iii,198004,198005,0.0541535704598643,,,-0.00348101285634464,0.000149464812631006,2362,1
WLS,iii,198005,198006,0.00829863813001211,,,0.0316743120549943,0.0121772679428751,2353,0.999999999999998
WLS,iii,198006,198007,0.0711530077467568,,,0.0140771003623036,0.00115424316760493,2404,1
WLS,iii,198007,198008,-0.00132737038556306,,,0.0311959563461767,0.00848309861556229,2396,0.999999999999999
WLS,iii,198008,198009,-0.0142901638862093,,,0.0675182662292768,0.0342430030667484,2383,0.999999999999993
WLS,iii,198009,198010,0.00930879709892435,,,0.00385550242595659,9.30279688898805e-05,2363,0.999999999999997
WLS,iii,198010,198011,0.0653589924303479,,,0.0705914774730282,0.0133722118946967,2353,0.999999999999998
WLS,iii,198011,198012,-0.0666848654483941,,,0.0195492709002666,0.00242582251891677,2341,1
WLS,iii,198012,198101,0.00149762899104407,,,-0.0941131609993511,0.0542995352263142,2334,1
WLS,iii,198101,198102,0.0263212319962353,,,-0.0197523696507751,0.00355626670362286,2316,1
WLS,iii,198102,198103,0.0483902945522986,,,-0.0172394775231307,0.00129200080360159,2300,1
WLS,iii,198103,198104,-0.002722003961259,,,-0.044350037632261,0.0132465151364172,2290,1
WLS,iii,198104,198105,-0.0201745006701155,,,0.0235327384245888,0.00470621137293403,2279,1
WLS,iii,198105,198106,0.0130859333523812,,,-0.0617238340351801,0.024763884648492,2267,1
WLS,iii,198106,198107,-0.0505468796687678,,,0.0580827185753376,0.0175378727457381,2383,1
WLS,iii,198107,198108,-0.0639150263509646,,,-0.0219642847265448,0.00510260508940175,2375,1
WLS,iii,198108,198109,-0.0441174442123583,,,-0.0606182072752994,0.0236075126288691,2354,1
WLS,iii,198109,198110,-0.0334254555791207,,,0.138388939076093,0.0706456969790762,2337,1
WLS,iii,198110,198111,0.0343303792904194,,,-0.000882019849518098,5.11505176647997e-06,2337,1
WLS,iii,198111,198112,-0.00826042040998751,,,-0.0445241600104241,0.021037367493001,2329,1
WLS,iii,198112,198201,-0.0160531623554904,,,-0.03267438950065,0.00632817810037911,2315,1
WLS,iii,198201,198202,0.0170743271058257,,,-0.135344006029823,0.118533244816606,2309,0.999999999999998
WLS,iii,198202,198203,0.032039770612162,,,-0.0878332593077981,0.056696495554146,2289,1
WLS,iii,198203,198204,0.0173229624749044,,,0.0378809182225005,0.0134701457323639,2269,0.999999999999995
WLS,iii,198204,198205,-0.00988135881527395,,,-0.0496506146635137,0.0228518839598794,2257,1
WLS,iii,198205,198206,0.0113784233674573,,,-0.0650535288209536,0.0256125707469582,2242,0.999999999999999
WLS,iii,198206,198207,-0.0429310322644297,,,0.0206879135549086,0.00283493783976052,2425,1
WLS,iii,198207,198208,0.127578278791367,,,-0.0218721799637204,0.00287153068376234,2415,1
WLS,iii,198208,198209,0.00530090401217521,,,0.0070913579773138,0.000439409786351042,2408,1
WLS,iii,198209,198210,0.102834988138271,,,0.0220840321704965,0.00238622528057486,2390,1
WLS,iii,198210,198211,0.0404191148270754,,,0.0190103044033925,0.00184205346357924,2377,0.999999999999999
WLS,iii,198211,198212,0.0196167079906306,,,-0.0171855541933445,0.00196636876200962,2374,0.999999999999998
WLS,iii,198212,198301,0.0364452457952767,,,-0.00691032116334613,0.000325777752840817,2357,1
WLS,iii,198301,198302,0.0495696428526115,,,-0.0374186567380256,0.011733113657762,2338,1
WLS,iii,198302,198303,0.0530399004455153,,,-0.0452271419587401,0.0164211998368989,2328,1
WLS,iii,198303,198304,0.0876162295919214,,,-0.0453911633910229,0.0164423354352372,2317,1
WLS,iii,198304,198305,-0.00797135701405248,,,0.018897327591221,0.00242644032585171,2307,1.00000000000001
WLS,iii,198305,198306,0.0379217036271822,,,0.0113909394038593,0.000933387613841097,2300,1
WLS,iii,198306,198307,-0.0111180946884396,,,-0.0608486661482291,0.0417705704071949,2467,1
WLS,iii,198307,198308,0.0389900580901033,,,-0.0873093214134575,0.075466693733941,2453,0.999999999999998
WLS,iii,198308,198309,-0.00791735304394728,,,0.0318007032543674,0.0116469735957543,2442,1
WLS,iii,198309,198310,-0.00160107023740151,,,-0.0605241273442396,0.0339423074895499,2429,1
WLS,iii,198310,198311,0.015460439604652,,,0.0167304991553105,0.00249206433311766,2424,0.999999999999999
WLS,iii,198311,198312,0.0068555365845681,,,-0.0335339848164486,0.0135227337842008,2420,1
WLS,iii,198312,198401,0.0526362944942404,,,-0.152490404329896,0.155606732030154,2406,1
WLS,iii,198401,198402,-0.00886528034357788,,,-0.0731585166867522,0.0533860345480297,2388,1
WLS,iii,198402,198403,0.00889615577190907,,,0.00353913723971847,0.000142959761768702,2367,1
WLS,iii,198403,198404,0.0136408208804917,,,-0.0299110968628286,0.0134280492341684,2360,1
WLS,iii,198404,198405,-0.058033522224955,,,-0.00363251757607909,0.000143763861420676,2348,1
WLS,iii,198405,198406,-0.0131644369483072,,,0.0597995689143298,0.0357091407340835,2336,1
WLS,iii,198406,198407,-0.0221759342910453,,,-0.0174575164533356,0.00280639345193168,2597,1
WLS,iii,198407,198408,0.093831073074119,,,0.0322588462158347,0.00933721746314797,2580,0.999999999999998
WLS,iii,198408,198409,0.0163852689899334,,,-0.0826521970865372,0.0915480864703493,2563,1
WLS,iii,198409,198410,-0.00698217117659423,,,-0.0103976278572818,0.00133560250098053,2541,1
WLS,iii,198410,198411,-0.00589788044906555,,,-0.039761497686732,0.0253513378856989,2523,1
WLS,iii,198411,198412,0.00615235335031825,,,0.0139941674427831,0.00345040178404632,2500,1
WLS,iii,198412,198501,0.0446225343282342,,,0.0924799431162532,0.0835678405740218,2482,1
WLS,iii,198501,198502,0.0272199591597067,,,-0.0381798245734605,0.0209056031321666,2461,1
WLS,iii,198502,198503,-0.00584836694498348,,,-0.0261980649755318,0.00575390201991688,2440,1
WLS,iii,198503,198504,0.0043496494192408,,,-0.0505923295754375,0.0318158758085394,2430,0.999999999999997
WLS,iii,198504,198505,0.0407379238146985,,,0.0236837355710481,0.00557708273031188,2416,1
WLS,iii,198505,198506,0.00528070373207058,,,0.00407332371401798,0.000272852434461068,2399,1
WLS,iii,198506,198507,0.0108710757735261,,,-0.0115463843265068,0.0014670799977311,2622,1
WLS,iii,198507,198508,0.00115862146510697,,,-0.030741752976282,0.0144039194744242,2608,1
WLS,iii,198508,198509,-0.00706456139305891,,,-0.0650585689632477,0.0485857818699376,2590,1
WLS,iii,198509,198510,0.0437231822295901,,,-0.0225585801122024,0.00438225309533347,2569,1
WLS,iii,198510,198511,0.0328991119871846,,,0.0711057865761076,0.0508198881556762,2553,1
WLS,iii,198511,198512,0.0105264911678978,,,0.0560322839756141,0.0341687361503502,2532,0.999999999999998
WLS,iii,198512,198601,-0.00865632182297379,,,0.0183725469586062,0.00322932144459975,2511,1
WLS,iii,198601,198602,0.0775886891773956,,,-0.00996939146080066,0.000799056793689412,2496,1
WLS,iii,198602,198603,0.0358031528296159,,,0.0246725447738034,0.00449991542750283,2484,1
WLS,iii,198603,198604,-0.0307869861584295,,,0.0485044195050176,0.0222611324389012,2458,1
WLS,iii,198604,198605,0.0557735636709802,,,-0.013676573586723,0.00174831874089776,2438,0.999999999999998
WLS,iii,198605,198606,-0.0052983226025189,,,0.0164438775173816,0.00203061320823206,2423,1
WLS,iii,198606,198607,-0.0497809058467423,,,-0.0551080161420848,0.0271747462264199,2700,1
WLS,iii,198607,198608,0.108141209126434,,,-0.100066277359526,0.0795205022454789,2680,1
WLS,iii,198608,198609,-0.0261402058314863,,,-0.101934510461495,0.081362215410628,2668,1
WLS,iii,198609,198610,0.0409159767854437,,,0.024283783139128,0.00407139674361368,2646,0.999999999999997
WLS,iii,198610,198611,0.0220329690084647,,,-0.00459300089505608,0.00026234616152887,2615,1
WLS,iii,198611,198612,-0.027147128455631,,,-0.00774711480891903,0.000772061838769322,2586,1
WLS,iii,198612,198701,0.130438946935372,,,0.013923283503648,0.00110398984051785,2537,0.999999999999998
WLS,iii,198701,198702,0.0142865509779142,,,0.0881424770960387,0.069436111863819,2514,1
WLS,iii,198702,198703,0.0771167616716919,,,-0.0933486381971264,0.0616651444111525,2504,0.999999999999999
WLS,iii,198703,198704,-0.00234197291591621,,,-0.017766918366678,0.00292357623958262,2482,1
WLS,iii,198704,198705,0.00300025299212604,,,0.00785161182106001,0.000580227150266288,2465,1
WLS,iii,198705,198706,0.0507328311171679,,,-0.0194158033455406,0.00444763685081107,2457,1
WLS,iii,198706,198707,0.045009842251713,,,0.013965277651231,0.00142281456169358,2809,1
WLS,iii,198707,198708,0.0277569438097835,,,0.00828137119551143,0.000596474534310665,2790,1
WLS,iii,198708,198709,-0.039840409353064,,,0.0244461213411017,0.00446835605358042,2771,0.999999999999998
WLS,iii,198709,198710,-0.224375967254313,,,-0.0394884650846678,0.00794010988879357,2746,0.999999999999996
WLS,iii,198710,198711,-0.074681834035924,,,-0.0202426212991721,0.00277672585057687,2719,1
WLS,iii,198711,198712,0.0925084592658414,,,-0.0155797307426356,0.0011872620100265,2692,0.999999999999999
WLS,iii,198712,198801,0.0674857276607763,,,-0.0770088028274334,0.0244428018976897,2670,0.999999999999995
WLS,iii,198801,198802,0.0656313380991876,,,-0.0127146301242985,0.00113098866180217,2647,1
WLS,iii,198802,198803,-0.00211763430578629,,,-0.0440198947217546,0.0119580227229132,2631,1
WLS,iii,198803,198804,0.0429295887715948,,,-0.0699747221013557,0.0568099750369151,2613,1
WLS,iii,198804,198805,0.00478842553027241,,,-0.026254198511407,0.00967901400122451,2592,0.999999999999997
WLS,iii,198805,198806,0.0407333197506971,,,0.0199735523244413,0.00298921303275523,2566,0.999999999999996
WLS,iii,198806,198807,-0.00260421283787257,,,-0.0249223992784499,0.00593536302508169,2643,0.999999999999994
WLS,iii,198807,198808,-0.0509443529827738,,,0.0137390154036572,0.00207131680485462,2620,0.999999999999999
WLS,iii,198808,198809,0.016812172554256,,,0.0355701587208607,0.0116360174300353,2593,1
WLS,iii,198809,198810,0.0423009964651179,,,-0.0418810955471169,0.00833429914104633,2574,1
WLS,iii,198810,198811,-0.0111361203541136,,,-0.0195153116238575,0.00578505774958216,2550,1
WLS,iii,198811,198812,-0.00127886900164326,,,0.0349081566809007,0.0161960971034545,2524,0.999999999999999
WLS,iii,198812,198901,0.0702999552648194,,,-0.0101828728322106,0.00118563434127228,2498,1
WLS,iii,198901,198902,-0.0298423851395313,,,0.0038287844509564,0.000195795438006741,2481,1
WLS,iii,198902,198903,0.00181727660521684,,,0.0203179769521229,0.0033574077756634,2458,0.999999999999998
WLS,iii,198903,198904,0.0199320331863307,,,0.0468941450011536,0.0286097342623892,2439,1
WLS,iii,198904,198905,-0.00294545549291627,,,0.0640487576315391,0.0427129776492856,2426,0.999999999999998
WLS,iii,198905,198906,-0.01881178255971,,,-0.00509198053084554,0.000337353271603225,2402,0.999999999999999
WLS,iii,198906,198907,0.0364365633318162,,,0.07444908935728,0.0360442631227743,2674,0.999999999999998
WLS,iii,198907,198908,0.0614195839490683,,,-0.0774349697768171,0.0458714662262831,2655,1
WLS,iii,198908,198909,-0.0236014671525262,,,0.02162968244082,0.00443498555826627,2632,1
WLS,iii,198909,198910,-0.0530348146386337,,,0.0292345701747681,0.0062953366460925,2611,1
WLS,iii,198910,198911,-0.0104242769761325,,,0.0376629375018347,0.0136723339328476,2592,1
WLS,iii,198911,198912,0.0359523824548838,,,-0.0331068749605071,0.0112414224665046,2567,0.999999999999998
WLS,iii,198912,199001,-0.0683285190207685,,,-0.0125574317731591,0.00133884090050673,2552,1
WLS,iii,199001,199002,0.0171348283987524,,,-0.0116487922235437,0.00148614792004043,2531,1
WLS,iii,199002,199003,0.0275699778199959,,,0.00460262512940668,0.000243651443482706,2520,0.999999999999999
WLS,iii,199003,199004,-0.0412443373370852,,,0.0222948001695104,0.00520152438445298,2506,1
WLS,iii,199004,199005,0.0728696091268312,,,0.0206849932196705,0.00344306257483806,2490,0.999999999999997
WLS,iii,199005,199006,-0.0443898708211432,,,0.0598696739593205,0.0332395595899475,2472,1
WLS,iii,199006,199007,-0.0166742012784553,,,0.0103671747135803,0.000483767954720604,2796,1
WLS,iii,199007,199008,-0.125801210031008,,,0.039240460962314,0.00852806883400925,2777,1.00000000000001
WLS,iii,199008,199009,-0.059931846198159,,,-0.00235780781571691,2.4278041615089e-05,2756,0.999999999999999
WLS,iii,199009,199010,-0.04434127129676,,,0.040228244731166,0.00549153018446147,2746,0.999999999999995
WLS,iii,199010,199011,0.0815231296113904,,,-0.0400552014153791,0.00551751353705232,2730,0.999999999999999
WLS,iii,199011,199012,0.0475657079159056,,,-0.0324545467307474,0.00565661584442834,2723,1
WLS,iii,199012,199101,0.067083077992654,,,-0.0306346049286611,0.00283904047308792,2711,0.999999999999999
WLS,iii,199101,199102,0.04834796909713,,,0.0398052480836209,0.00715274280822553,2698,1
WLS,iii,199102,199103,0.0179940698103549,,,0.0168523536948065,0.00140907048223682,2690,0.999999999999994
WLS,iii,199103,199104,0.00633503535877177,,,-0.0128599196618635,0.0010577870737557,2669,1
WLS,iii,199104,199105,0.0476350512857655,,,-0.00773171501611946,0.000290818479524169,2658,1
WLS,iii,199105,199106,-0.036432361473207,,,-0.0174570910799454,0.00249824279788269,2642,1
WLS,iii,199106,199107,0.0116153341497975,,,0.0455052414241779,0.0112958362065193,2797,1
WLS,iii,199107,199108,-0.0107143278250751,,,0.0449088262934193,0.0114987999605206,2776,1
WLS,iii,199108,199109,-0.0273418704323858,,,0.00464998244208871,0.00014442080917032,2764,1
WLS,iii,199109,199110,0.0349789157148216,,,-0.0348760270598687,0.00499671106953137,2755,1
WLS,iii,199110,199111,-0.0831499560402774,,,0.0607008903893191,0.0193356456064938,2738,1
WLS,iii,199111,199112,0.0454240021269712,,,0.105286394786062,0.0362996117459721,2722,0.999999999999995
WLS,iii,199112,199201,0.0677696644220722,,,-0.112571602791567,0.0335876294577889,2703,1
WLS,iii,199201,199202,0.0697509581846328,,,-0.0857489939751643,0.0353403466400908,2693,1
WLS,iii,199202,199203,0.0109347180848473,,,-0.0553354454732995,0.0190691095015741,2680,1
WLS,iii,199203,199204,0.043949494810589,,,-0.0441800933046721,0.00821519148555105,2670,0.999999999999998
WLS,iii,199204,199205,-0.0295224413742409,,,0.0441915595913842,0.0166090413629149,2654,0.999999999999998
WLS,iii,199205,199206,-0.0541140894938546,,,0.0346473735711044,0.00696995913511089,2627,0.999999999999995
WLS,iii,199206,199207,0.0468723041445964,,,-0.0180030012360175,0.00227034577529428,2755,1
WLS,iii,199207,199208,-0.0139892525423485,,,-0.0122883192325749,0.00111883966081872,2732,0.999999999999999
WLS,iii,199208,199209,0.00821085207762221,,,1.8331595260015e-05,2.08546635516171e-09,2708,1
WLS,iii,199209,199210,0.0120714105043956,,,-0.0115758424468711,0.000709760588385011,2698,1
WLS,iii,199210,199211,0.0191372746968028,,,0.0263816026617345,0.00406307490187219,2679,0.999999999999999
WLS,iii,199211,199212,0.015944731087052,,,-0.0129784476093736,0.000936773742593489,2666,0.999999999999998
WLS,iii,199212,199301,0.00786732813335437,,,-0.0116110131653156,0.000655202681845268,2659,1
WLS,iii,199301,199302,0.0381924419980623,,,-0.0590720125145824,0.0187897633698789,2650,1
WLS,iii,199302,199303,0.0162493681988411,,,0.00329406181695602,7.50350942629874e-05,2638,1
WLS,iii,199303,199304,-0.00733116823220456,,,-0.0371287713789887,0.00578593087041013,2622,1
WLS,iii,199304,199305,0.0353368482407707,,,7.55352406400673e-05,4.20737801265503e-08,2614,0.999999999999999
WLS,iii,199305,199306,-0.0146514761616155,,,0.0116108421600955,0.000810745946873803,2608,0.999999999999999
WLS,iii,199306,199307,-0.039648422824822,,,0.0465528337651428,0.0133007237202853,2793,0.999999999999997
WLS,iii,199307,199308,0.0545826939482601,,,-0.029263645502046,0.00592079444206661,2779,0.999999999999996
WLS,iii,199308,199309,0.0117586160260663,,,-0.0308554289695924,0.00619305425392813,2770,1
WLS,iii,199309,199310,-0.00583101024907624,,,0.0531121502952676,0.0153182342479721,2763,1
WLS,iii,199310,199311,-0.0210251337922612,,,0.0205636804453743,0.00310671640242377,2755,1
WLS,iii,199311,199312,0.00373376211907606,,,0.0181329826215484,0.00246263208433473,2738,1
WLS,iii,199312,199401,0.0030786220119063,,,0.0472081729156022,0.0136260623381004,2728,0.999999999999995
WLS,iii,199401,199402,0.00962840341562302,,,-0.0457734123194051,0.0162438909863597,2715,0.999999999999996
WLS,iii,199402,199403,-0.0170023045404368,,,-0.0469232654309152,0.0226156657866772,2696,1
WLS,iii,199403,199404,0.014428797486699,,,-0.013984720950095,0.00151875057183104,2687,1
WLS,iii,199404,199405,0.0178060228262018,,,-0.0203843707258382,0.00300019789368078,2673,1
WLS,iii,199405,199406,-0.0141185558510425,,,-0.0232686872039982,0.00459791896152595,2659,1
WLS,iii,199406,199407,0.0112486812621434,,,0.028407726722687,0.00667478284996503,2891,1
WLS,iii,199407,199408,0.0913771677959845,,,-0.0777821605919723,0.0378257508650498,2884,1
WLS,iii,199408,199409,-0.00930545503123635,,,-0.0129843799631435,0.00158354587438192,2866,1
WLS,iii,199409,199410,0.0506538926081237,,,-0.0553936412479535,0.0217373898988801,2851,1
WLS,iii,199410,199411,0.00681135975163968,,,-0.0733078166637294,0.0533464581412564,2839,0.999999999999998
WLS,iii,199411,199412,-0.0118323545837728,,,0.0316497485623625,0.00941774159584896,2826,1
WLS,iii,199412,199501,0.0237732256278461,,,-0.019107335962415,0.00268046761531371,2804,1
WLS,iii,199501,199502,0.027219911313216,,,0.0165646265456126,0.0027470840803876,2793,0.999999999999998
WLS,iii,199502,199503,0.0478124216630654,,,-0.0317885627053828,0.00926351055522612,2776,0.999999999999998
WLS,iii,199503,199504,0.0564465363657255,,,-0.0522888168277258,0.0182953307273879,2755,1
WLS,iii,199504,199505,0.0354904476917361,,,-0.0186694346545366,0.00303054762044297,2743,1
WLS,iii,199505,199506,0.0480707320285821,,,-0.0314086215221855,0.00601865987773775,2724,1
WLS,iii,199506,199507,0.0297177834723605,,,0.00922682706220027,0.000476139103192441,3089,0.999999999999999
WLS,iii,199507,199508,-0.00820267529025528,,,0.00764398425429075,0.000394098880065585,3069,1
WLS,iii,199508,199509,0.0306178731575709,,,0.00119032350034739,7.58545281509537e-06,3051,1
WLS,iii,199509,199510,0.0190696139137372,,,-0.0535842970146199,0.0106802542133081,3028,1
WLS,iii,199510,199511,-0.0260134414018418,,,0.0977174841191139,0.0441407013459628,3012,1
WLS,iii,199511,199512,-0.0110002585302401,,,0.0343786273741504,0.00553403718368895,2994,1
WLS,iii,199512,199601,-0.00714794236346471,,,0.0495609543211532,0.0107804730652011,2980,1
WLS,iii,199601,199602,0.0501969035550644,,,-0.0577305684072226,0.0182140370102201,2965,0.999999999999997
WLS,iii,199602,199603,-0.0268996339329307,,,0.05346661313096,0.0133184738177614,2947,1
WLS,iii,199603,199604,0.0677463352421711,,,-0.066810845555462,0.0189749882535004,2929,1
WLS,iii,199604,199605,0.0564458308743051,,,-0.0480594222427514,0.0131546347327678,2914,0.999999999999995
WLS,iii,199605,199606,-0.0229788022949825,,,0.0162932466768025,0.00140945312370311,2893,1
WLS,iii,199606,199607,-0.0345615155711948,,,-0.0401901929708506,0.00850983819290796,3280,0.999999999999998
WLS,iii,199607,199608,0.0257693799227936,,,-0.00487972427677599,0.000125665682982223,3259,0.999999999999999
WLS,iii,199608,199609,0.0697029216965742,,,-0.0366836863168614,0.00654656854203373,3230,1.00000000000001
WLS,iii,199609,199610,0.0105582535131841,,,-0.00905836610564393,0.000346372879835632,3210,1
WLS,iii,199610,199611,0.087772756955019,,,-0.0419458430731358,0.00870107417505306,3194,1
WLS,iii,199611,199612,-0.0100702467450311,,,-0.00326671029454477,6.18084115063811e-05,3181,1
WLS,iii,199612,199701,0.0865848502908094,,,-0.0510100440362303,0.00862982326200223,3149,1
WLS,iii,199701,199702,-0.00142663112145519,,,-0.0123661129750064,0.000642275780402879,3130,1
WLS,iii,199702,199703,-0.0154776435553267,,,-0.0458266453103441,0.010990680180037,3111,0.999999999999999
WLS,iii,199703,199704,0.0595879075544259,,,-0.0278100237635699,0.00247136299672091,3096,0.999999999999998
WLS,iii,199704,199705,0.0499384361086393,,,0.0245313154174888,0.00257101118924186,3078,1
WLS,iii,199705,199706,0.0308274944861957,,,0.00599624618726043,0.000171165042899712,3061,1
WLS,iii,199706,199707,0.0730425332203609,,,-0.00473109288889337,5.63077021994429e-05,3313,0.999999999999998
WLS,iii,199707,199708,-0.0160219391937019,,,-0.0381234668403267,0.0061193667443874,3286,1
WLS,iii,199708,199709,0.028478423561923,,,0.0218234112238116,0.00204908963945338,3258,0.999999999999995
WLS,iii,199709,199710,-0.0244784804593322,,,-0.0384219962152644,0.00461375289702337,3233,1
WLS,iii,199710,199711,0.0658251124399315,,,-0.0636928403303928,0.0175679247358844,3206,0.999999999999996
WLS,iii,199711,199712,-0.0315975116250887,,,0.049265520761247,0.00873402833025383,3187,1
WLS,iii,199712,199801,0.0376885152366945,,,-0.0415434183982732,0.00538457827552075,3144,1
WLS,iii,199801,199802,0.0557268336750663,,,0.0285276959717494,0.00385651248749086,3116,1
WLS,iii,199802,199803,0.00165626697829708,,,0.0640971666956812,0.0151796129514352,3097,1
WLS,iii,199803,199804,-0.014543878820712,,,0.028988366643884,0.00317044820554802,3057,1
WLS,iii,199804,199805,-0.0282599123984551,,,0.00261174321129264,3.0590209567416e-05,3038,0.999999999999998
WLS,iii,199805,199806,0.0469790616896012,,,-0.0268036637330268,0.00202464377017086,3018,0.999999999999998
WLS,iii,199806,199807,-0.0194397261165571,,,-0.0106215563019108,0.00029432686859987,3226,1
WLS,iii,199807,199808,-0.128378318816693,,,-0.0211463534388866,0.00137511094892129,3193,1
WLS,iii,199808,199809,0.081635163355242,,,-0.0175154215930653,0.000460441287830737,3163,1
WLS,iii,199809,199810,0.0770208850170867,,,-0.0119996610968379,0.000290112928981956,3124,0.999999999999998
WLS,iii,199810,199811,0.125492235083687,,,-0.106821190796137,0.0285011432413378,3075,1
WLS,iii,199811,199812,0.0662805608564966,,,-0.0134434872063144,0.000364868306297561,3045,0.999999999999997
WLS,iii,199812,199901,0.0517391780552711,,,-0.0154047786927328,0.000294290232293881,3012,1
WLS,iii,199901,199902,-0.0758975230634004,,,0.0421966982162654,0.00513210519603058,2975,0.999999999999997
WLS,iii,199902,199903,-0.00592121730969601,,,0.0606901699492729,0.00626976282750913,2953,1
WLS,iii,199903,199904,-0.0100582532383671,,,0.0612139088959781,0.00489478150183931,2916,1
WLS,iii,199904,199905,0.0369808978253035,,,-0.09121864901145,0.0318728315150976,2888,0.999999999999997
WLS,iii,199905,199906,0.0912503774181241,,,-0.0622190993450934,0.00946078740490697,2865,1
WLS,iii,199906,199907,-0.011443849294818,,,-0.0151997774390588,0.000651096098358561,3202,0.999999999999999
WLS,iii,199907,199908,-0.0112037938663791,,,0.0146513797982143,0.000418126716306588,3173,0.999999999999999
WLS,iii,199908,199909,-0.0443976027186095,,,0.01465006086317,0.000403249244473547,3136,1.00000000000001
WLS,iii,199909,199910,0.00080514563393983,,,0.0611453442728522,0.00475945631455976,3095,0.999999999999998
WLS,iii,199910,199911,0.0690344766897078,,,-0.0419826319597861,0.00240598186699925,3071,0.999999999999998
WLS,iii,199911,199912,0.033972496583503,,,0.051533505241755,0.00161658492119976,3023,1
WLS,iii,199912,200001,-0.00525656461182469,,,-0.0611779430273778,0.00384218234310851,2993,1
WLS,iii,200001,200002,0.106918928486951,,,-0.114461110079014,0.00504799207012985,2966,0.999999999999996
WLS,iii,200002,200003,0.0101796707083215,,,0.0753618499874925,0.00495211365864468,2940,1
WLS,iii,200003,200004,0.032466221394288,,,-0.100712424252633,0.00989486587902988,2907,0.999999999999997
WLS,iii,200004,200005,0.00626541217609103,,,-0.0682282286053408,0.00575428473070783,2885,1
WLS,iii,200005,200006,0.00987947009429937,,,0.058082300746277,0.00277842798531758,2862,1
WLS,iii,200006,200007,-0.0188491379354328,,,-0.0302350075366072,0.00158164500381686,3130,1
WLS,iii,200007,200008,-0.0128301618167893,,,0.0882520835566276,0.00982404719674779,3103,1
WLS,iii,200008,200009,0.0699056930327213,,,-0.208285685862,0.0331949121497543,3064,0.999999999999995
WLS,iii,200009,200010,0.100051962692488,,,-0.137087726718679,0.0223691126140612,3029,0.999999999999998
WLS,iii,200010,200011,0.16508806089706,,,-0.352727655726196,0.123412353827321,2983,1
WLS,iii,200011,200012,0.182262204076231,,,-0.278410754886233,0.0885662493929139,2945,1
WLS,iii,200012,200101,-0.0905556033470134,,,0.185424321598126,0.0285556629112136,2907,1
WLS,iii,200101,200102,0.159366545407168,,,-0.370162526850582,0.129258390301278,2875,1
WLS,iii,200102,200103,0.00113949753707699,,,-0.108844243848171,0.0266509618990324,2854,1
WLS,iii,200103,200104,-0.025616209378449,,,0.14288008868773,0.0393310666612905,2827,0.999999999999999
WLS,iii,200104,200105,0.0477199440729884,,,-0.0622231810907715,0.0126873397089019,2789,1
WLS,iii,200105,200106,0.00568598737870466,,,-0.0452953411371238,0.00515861819245422,2761,1
WLS,iii,200106,200107,0.0328270211911076,,,-0.0535070963787258,0.00499502968643384,2906,1
WLS,iii,200107,200108,0.0572713627310463,,,-0.167874391403452,0.0710470704968123,2879,1
WLS,iii,200108,200109,-0.155520780805676,,,0.0972153850162711,0.0101755957309273,2844,1
WLS,iii,200109,200110,0.0776892682493735,,,-0.0620220573240041,0.00487018316112353,2819,0.999999999999996
WLS,iii,200110,200111,0.0985283368033067,,,-0.0283430540392615,0.00133574271760895,2802,1
WLS,iii,200111,200112,0.0837210058120177,,,-0.108093816729528,0.0357927198715708,2773,1
WLS,iii,200112,200201,0.0498589806410837,,,-0.0663403156736929,0.0108788040692237,2748,1
WLS,iii,200201,200202,0.0190159985763156,,,-0.05191166067524,0.00546955436547758,2728,1
WLS,iii,200202,200203,0.0698088628959181,,,-0.0508800893878027,0.00713058224981933,2707,1
WLS,iii,200203,200204,0.0745010880051027,,,-0.185509980260064,0.0763060913850131,2685,1
WLS,iii,200204,200205,-0.0178357995200377,,,0.0125155880914419,0.000646058808518091,2664,0.999999999999998
WLS,iii,200205,200206,-0.0335221356337821,,,-0.0562485218844607,0.00564884568483204,2638,0.999999999999995
WLS,iii,200206,200207,-0.0769081430438454,,,-0.015694198306669,0.000621392673476828,2821,1
WLS,iii,200207,200208,0.0174833052956618,,,-0.028492488563616,0.00250199001553531,2799,1
WLS,iii,200208,200209,-0.0634948786509316,,,-0.0552301800746154,0.00767215065826055,2779,0.999999999999996
WLS,iii,200209,200210,0.0127810485736,,,0.109252353926453,0.0154340175783254,2764,1.00000000000001
WLS,iii,200210,200211,-0.0199579545802615,,,0.124305491082358,0.0232307561515186,2730,0.999999999999997
WLS,iii,200211,200212,0.0168793443039361,,,-0.116859252986086,0.0470642212624588,2712,1
WLS,iii,200212,200301,-0.0423666984109823,,,0.0203214803754438,0.0019923471201827,2690,1
WLS,iii,200301,200302,-0.0218168847205998,,,0.010041466474037,0.000492401743317994,2668,1.00000000000001
WLS,iii,200302,200303,0.0163142956028083,,,-0.00982803490081055,0.000418444593793921,2644,1
WLS,iii,200303,200304,0.012127408673061,,,0.0823648067793341,0.020879417097148,2616,0.999999999999999
WLS,iii,200304,200305,0.066693827804112,,,-0.011807309707238,0.000340565210994015,2597,1
WLS,iii,200305,200306,0.0237826078266476,,,-0.0116674557362965,0.000702891022317909,2580,1
WLS,iii,200306,200307,0.0385935765491632,,,-0.0219349782973719,0.00152418701216372,2802,1
WLS,iii,200307,200308,0.0709454911895691,,,-0.0588722345560982,0.0156629908198962,2786,0.999999999999998
WLS,iii,200308,200309,-0.0253678716011295,,,0.00557807986342393,0.000182286413426658,2761,0.999999999999994
WLS,iii,200309,200310,0.122024100424624,,,-0.0893305194283151,0.0256808646052222,2740,0.999999999999998
WLS,iii,200310,200311,0.0499017680063776,,,-0.0503244465435108,0.0178246306411902,2725,1
WLS,iii,200311,200312,-0.0350606997981897,,,0.116106285469583,0.0677196118619817,2706,1
WLS,iii,200312,200401,0.0326864934171187,,,-0.0309940732772658,0.0048379844943266,2686,1
WLS,iii,200401,200402,0.0526780294262452,,,-0.0641608511890336,0.0258300293206663,2672,1
WLS,iii,200402,200403,0.00253935990448025,,,-0.0233082258190961,0.00412802811434898,2657,1
WLS,iii,200403,200404,-0.0395166442933394,,,0.0449646147770494,0.0101031523000757,2646,0.999999999999998
WLS,iii,200404,200405,0.0112374930740216,,,-0.00153880285864413,1.85782271286961e-05,2628,0.999999999999997
WLS,iii,200405,200406,0.0173854623750207,,,0.00652101042547661,0.000304285340987254,2606,1
WLS,iii,200406,200407,-0.00703153215588948,,,-0.0655543646957505,0.0268234086187246,2678,1
WLS,iii,200407,200408,0.0114482662968468,,,-0.0373793938492969,0.0126946852936586,2662,1
WLS,iii,200408,200409,0.0187157086364359,,,0.00196918910621296,2.87743677420682e-05,2650,0.999999999999998
WLS,iii,200409,200410,0.0341805048678876,,,-0.029007683987591,0.00654107695922623,2640,1
WLS,iii,200410,200411,0.0421705083452508,,,0.00500488582202517,0.000186164370990283,2627,1
WLS,iii,200411,200412,0.0343144930580691,,,-0.00140727448432209,2.17730506747449e-05,2610,1
WLS,iii,200412,200501,0.0101238602674601,,,-0.0637883844661954,0.0362023700019694,2590,1
WLS,iii,200501,200502,0.0441202303228872,,,-0.0257594317356113,0.00372026957820859,2577,0.999999999999994
WLS,iii,200502,200503,0.00457105447908245,,,-0.0359146272765112,0.0132380944109042,2563,0.999999999999998
WLS,iii,200503,200504,-0.0446063680493982,,,0.027238569437336,0.00595535999278762,2549,0.999999999999996
WLS,iii,200504,200505,0.0364121845887486,,,0.00328231672251472,9.13218657819792e-05,2531,1
WLS,iii,200505,200506,0.0308954259195095,,,-0.0544604183811857,0.0315424144620996,2514,0.999999999999997
WLS,iii,200506,200507,0.0548521684252804,,,-0.0152122177894733,0.0021193748253443,2565,1
WLS,iii,200507,200508,-0.0189299192238197,,,0.0108110825888058,0.00121153482969383,2548,1
WLS,iii,200508,200509,-2.64327535290124e-05,,,0.00187644578569434,3.47338321857738e-05,2526,1
WLS,iii,200509,200510,-0.0346502857206463,,,0.0162931920964564,0.00229431983236894,2511,1
WLS,iii,200510,200511,0.0230762787757845,,,0.0230734448739909,0.00503217465626182,2493,1
WLS,iii,200511,200512,-0.00670590085297319,,,0.00067713710426346,6.96835568358978e-06,2477,0.999999999999998
WLS,iii,200512,200601,0.0514464480453124,,,-0.0319482620219909,0.00556493358766075,2456,1
WLS,iii,200601,200602,-0.00761165475756848,,,0.00267575425354102,7.3526275088831e-05,2435,1
WLS,iii,200602,200603,0.0175083309767186,,,0.00346031579904872,0.000148765931474615,2424,1
WLS,iii,200603,200604,0.00756080801902921,,,-0.0113379162782517,0.00135972211428659,2406,1
WLS,iii,200604,200605,-0.028823266957319,,,-0.0124519918999586,0.00174888788630112,2396,0.999999999999997
WLS,iii,200605,200606,0.0112091060528257,,,-0.0253886063470346,0.00810772013101602,2377,1
WLS,iii,200606,200607,0.00593041306197713,,,-0.0332004422559605,0.0078222126932086,2477,0.999999999999996
WLS,iii,200607,200608,0.00522063424429262,,,0.0262859632320132,0.00626895450540921,2466,1
WLS,iii,200608,200609,0.0277586852782025,,,-0.0145234173621419,0.00252068578897813,2454,1
WLS,iii,200609,200610,0.037401882108499,,,-0.011005726860907,0.00151720917027309,2443,0.999999999999996
WLS,iii,200610,200611,0.00888481880216026,,,0.0149270348834812,0.00277404764124423,2426,0.999999999999998
WLS,iii,200611,200612,0.00361003533151547,,,-0.000251202023731088,1.0319846357465e-06,2408,1
WLS,iii,200612,200701,0.0163186681968441,,,0.00147976851861224,2.87606909891158e-05,2387,0.999999999999997
WLS,iii,200701,200702,-0.0260922796948668,,,0.0159826057182516,0.00421770652199316,2359,1
WLS,iii,200702,200703,0.00505919993207122,,,0.00408064178949361,0.000256382038453351,2350,0.999999999999998
WLS,iii,200703,200704,0.0287265767798687,,,0.0160568735341957,0.00343412251839248,2332,1
WLS,iii,200704,200705,0.0332688284389937,,,0.00459652394347436,0.000285003600748124,2313,0.999999999999997
WLS,iii,200705,200706,-0.0115862852129481,,,-0.00178875424147229,6.10303471813012e-05,2293,1
WLS,iii,200706,200707,-0.0558319292615815,,,0.0559802653404139,0.0359626178879859,2413,0.999999999999997
WLS,iii,200707,200708,-0.000821497887074934,,,0.0146515432319969,0.00300764994028002,2396,0.999999999999998
WLS,iii,200708,200709,-0.00406286323165562,,,0.0714163594438786,0.0558781395337111,2369,1
WLS,iii,200709,200710,-0.0119171660447971,,,0.0624165891748326,0.0245450426665453,2349,1
WLS,iii,200710,200711,-0.026395773415554,,,-0.0356632975912827,0.0119507373962577,2326,1
WLS,iii,200711,200712,-0.00625616498144642,,,0.0105752296366073,0.000942308297261607,2302,1
WLS,iii,200712,200801,-0.0420037362357878,,,-0.0525938893466509,0.0161149092366731,2278,0.999999999999996
WLS,iii,200801,200802,0.00737946285315179,,,-0.0393368081241927,0.0094093758443462,2268,0.999999999999999
WLS,iii,200802,200803,-0.0158118521704359,,,0.0329048514748532,0.00983394560651918,2260,1
WLS,iii,200803,200804,0.0621056511928202,,,-0.0388515872480718,0.00960827268497666,2243,1
WLS,iii,200804,200805,0.0289296256251797,,,0.0011330794637981,1.14081790626441e-05,2226,1
WLS,iii,200805,200806,-0.0398158196498349,,,-0.051865263130863,0.0172374807704412,2210,1
WLS,iii,200806,200807,0.0251737980284078,,,-0.0688037975770651,0.0149749952428612,2369,1
WLS,iii,200807,200808,0.0617123157378569,,,-0.0717171879463595,0.0443959016304034,2353,1
WLS,iii,200808,200809,-0.00930636636723077,,,-0.162679055255103,0.106518025680445,2333,1
WLS,iii,200809,200810,-0.119439711284269,,,-0.0915401855296655,0.0229671511556608,2322,0.999999999999998
WLS,iii,200810,200811,-0.0377999543223994,,,-0.0512267577968015,0.00722054782482939,2300,1
WLS,iii,200811,200812,0.0523028327879393,,,-0.052391570039034,0.0114272077834695,2289,0.999999999999994
WLS,iii,200812,200901,-0.0806367874351578,,,0.0319077815867089,0.0038861269521413,2268,0.999999999999998
WLS,iii,200901,200902,-0.0617222692984364,,,-0.0481207374775925,0.00940363218951956,2258,1
WLS,iii,200902,200903,0.0862326295976493,,,0.00191139454781125,1.59651887492451e-05,2241,1
WLS,iii,200903,200904,0.0643497238119982,,,0.0535621251145562,0.00488281508905974,2229,1
WLS,iii,200904,200905,-0.0196358223371669,,,0.102268417540754,0.0516992282884997,2212,1
WLS,iii,200905,200906,0.0205150173594486,,,-0.0220395184087971,0.00315404015244236,2197,0.999999999999998
WLS,iii,200906,200907,0.0541183438134946,,,0.0421113460662093,0.00771028788081785,2329,1
WLS,iii,200907,200908,0.0197571792822501,,,0.00611909228067485,0.000287900809630925,2316,1
WLS,iii,200908,200909,0.0211457565701707,,,0.0441547670865044,0.0113951305139672,2306,0.999999999999997
WLS,iii,200909,200910,0.00458254087991703,,,-0.0445145058498667,0.0133517715616751,2298,1
WLS,iii,200910,200911,0.0287700315668437,,,0.0529434157450473,0.0204775464555921,2283,1.00000000000001
WLS,iii,200911,200912,0.0291839467172643,,,0.00200527511912058,3.12984300208097e-05,2262,0.999999999999999
WLS,iii,200912,201001,-0.0396143789722701,,,-0.0043909782100103,0.000192378403223059,2249,1
WLS,iii,201001,201002,0.0556603841863238,,,-0.0305639753521241,0.00878612568693349,2237,0.999999999999996
WLS,iii,201002,201003,0.0465502174828504,,,0.0255723238749527,0.00618724158313666,2221,1
WLS,iii,201003,201004,0.0129117806361596,,,0.0191032489948856,0.00251754561652373,2209,1
WLS,iii,201004,201005,-0.0758394098056017,,,-0.00334500707802737,0.000125112385738091,2195,1
WLS,iii,201005,201006,-0.0835520393040607,,,0.0434526245990342,0.0167382217025556,2187,0.999999999999997
WLS,iii,201006,201007,0.0471127325361518,,,0.0404041788810088,0.011903309512268,2319,1
WLS,iii,201007,201008,-0.0464497659890681,,,0.00660138110763846,0.000359623741839399,2298,1
WLS,iii,201008,201009,0.090519634735842,,,0.0244555062623387,0.00539432746741964,2284,1
WLS,iii,201009,201010,0.019522617730355,,,0.042394575177058,0.0184012533058723,2271,0.999999999999999
WLS,iii,201010,201011,0.00404982102736986,,,0.013890780490097,0.00158544457938226,2255,1
WLS,iii,201011,201012,0.0349932066349837,,,0.0451053066052375,0.0221703090860067,2235,1
WLS,iii,201012,201101,-0.0109852769650556,,,0.0533731136623386,0.0253834199811931,2210,1
WLS,iii,201101,201102,0.0214373389432857,,,0.0227812386200679,0.00472021846329751,2199,1
WLS,iii,201102,201103,0.0023577264025305,,,0.0142950626867469,0.00240347022468868,2186,1
WLS,iii,201103,201104,0.0607628069303061,,,-0.0449024498336312,0.0254809207850468,2173,1
WLS,iii,201104,201105,0.010788101164656,,,-0.0370042171032103,0.0170552266411071,2162,1
WLS,iii,201105,201106,-0.00442660938344443,,,-0.0154680751704547,0.0046754095887942,2143,1
WLS,iii,201106,201107,-0.0362570396548898,,,0.032595274007383,0.00826819860605699,2185,1
WLS,iii,201107,201108,-0.0264882649160309,,,-0.0532272296531455,0.0238378183061215,2177,1
WLS,iii,201108,201109,-0.0165990002721561,,,-0.0981607674284303,0.0548858915621749,2166,0.999999999999998
WLS,iii,201109,201110,0.0753003144601755,,,0.0662154188800358,0.0221725596508572,2158,1
WLS,iii,201110,201111,0.0191786841261991,,,-0.0270002910885108,0.00714456686732101,2144,1
WLS,iii,201111,201112,0.0321851739105525,,,-0.0536741896642424,0.0315070586301287,2131,0.999999999999997
WLS,iii,201112,201201,0.0168203092748393,,,0.0650955055015705,0.0278594760976507,2117,1
WLS,iii,201201,201202,0.0149482411324131,,,0.0472797896246495,0.0216443705887471,2105,1
WLS,iii,201202,201203,0.0347324510722394,,,-0.0132436435593151,0.00255186295440235,2097,0.999999999999998
WLS,iii,201203,201204,-0.00412739725940301,,,-0.000554806026834745,4.6215003001171e-06,2087,1
WLS,iii,201204,201205,-0.0197099740220969,,,-0.074901718260621,0.0471215794027564,2076,0.999999999999993
WLS,iii,201205,201206,0.0415764569050159,,,-0.00866928786239676,0.000920460865994954,2069,1
WLS,iii,201206,201207,0.0155639435312224,,,-0.0110446889559665,0.00103080832777658,2125,1
WLS,iii,201207,201208,0.0223671974991195,,,0.00678799507330493,0.000443534435341175,2110,1
WLS,iii,201208,201209,0.00400719694880879,,,0.0297202389111205,0.0143390125388161,2099,0.999999999999998
WLS,iii,201209,201210,-0.0100714461965176,,,-0.0243063305543835,0.00573346662332819,2085,1
WLS,iii,201210,201211,0.00106354952928167,,,0.0188574239797301,0.00397524669697591,2070,1
WLS,iii,201211,201212,-0.00831561913284074,,,0.0256168042350594,0.009603584153281,2058,1
WLS,iii,201212,201301,0.0618291315593899,,,-0.0175363972458415,0.00223166070549408,2041,0.999999999999998
WLS,iii,201301,201302,0.0162836218446975,,,-0.0103912758766882,0.00137416582182004,2036,0.999999999999998
WLS,iii,201302,201303,0.0409336582403434,,,-0.00388496160441998,0.000230144965254642,2028,1
WLS,iii,201303,201304,0.0392143901506952,,,-0.0451499724851604,0.0196991540700966,2018,1
WLS,iii,201304,201305,0.0315432852043705,,,-0.0150506521587632,0.00223741567620306,2009,0.999999999999998
WLS,iii,201305,201306,-0.00781078767533528,,,-0.013379259072648,0.00251917536829427,1999,1
WLS,iii,201306,201307,0.0457425794594907,,,0.0160681773621259,0.00239162033180984,2083,1
WLS,iii,201307,201308,-0.0323793566334155,,,0.0161088792460018,0.00366964847717999,2073,1
WLS,iii,201308,201309,0.0217901024854966,,,0.0313535188506193,0.0129325342424185,2062,0.999999999999998
WLS,iii,201309,201310,0.0393184493678097,,,0.00745187447550385,0.000543570955307215,2051,0.999999999999998
WLS,iii,201310,201311,0.0397096643158345,,,-0.0189852831339102,0.00448912773337717,2036,1
WLS,iii,201311,201312,0.0106489014738759,,,0.0268276366534245,0.0112685248674157,2021,1
WLS,iii,201312,201401,-0.0594631070577575,,,0.0396375525196847,0.0144215353105699,2008,1
WLS,iii,201401,201402,0.0632326225751082,,,-0.0221481460283201,0.00559269910943427,1998,1
WLS,iii,201402,201403,0.0265740054601394,,,-0.0397828513147343,0.021544292372203,1984,1
WLS,iii,201403,201404,0.0121171583227887,,,-0.0115660960198501,0.00159645012248633,1978,1
WLS,iii,201404,201405,0.0111411716310277,,,0.0194805044548977,0.00598755099971837,1972,1
WLS,iii,201405,201406,0.0187102065899698,,,0.0065796942688067,0.0006157481025032,1962,1
WLS,iii,201406,201407,-0.00532055418469319,,,-0.0210531154398615,0.00580544580675635,2022,1
WLS,iii,201407,201408,0.0388825085157952,,,0.00535796836508951,0.000446843248156914,2013,1
WLS,iii,201408,201409,-0.00309513825204542,,,-0.0344411557007596,0.0173516266155282,2005,0.999999999999998
WLS,iii,201409,201410,0.0279282707444678,,,-0.010592413932307,0.000983903782982853,1997,1
WLS,iii,201410,201411,0.0626884365653654,,,-0.0597959715260361,0.0310925503057125,1984,1
WLS,iii,201411,201412,0.0129622468941953,,,-0.0362105992304932,0.0222946049196803,1978,1
WLS,iii,201412,201501,-0.0307592519110335,,,0.0160072098577411,0.00236922607190537,1964,1
WLS,iii,201501,201502,0.0414148401955048,,,0.0444851953024399,0.0258433237141973,1953,0.999999999999995
WLS,iii,201502,201503,-0.0124845955425326,,,-0.00761100417207298,0.00110087596106134,1939,0.999999999999998
WLS,iii,201503,201504,-0.0185400364146087,,,0.0502524035017546,0.0257226048299729,1928,1
WLS,iii,201504,201505,0.0127287843629513,,,-0.000559401514057419,3.85846283312841e-06,1923,0.999999999999998
WLS,iii,201505,201506,-0.0225780742914969,,,0.00446181545314076,0.000361024770314522,1917,1
WLS,iii,201506,201507,0.00370963811385597,,,0.0143104013041311,0.00132802022497169,1975,1
WLS,iii,201507,201508,-0.0533357117512261,,,-0.011168593110218,0.00165710658020324,1958,0.999999999999998
WLS,iii,201508,201509,-0.0184294809186231,,,-0.0165436953599353,0.00316095535807526,1949,1
WLS,iii,201509,201510,0.0431931333221065,,,0.0727907988868934,0.0321474786411674,1937,1
WLS,iii,201510,201511,-0.00755305839450579,,,0.0218493789002824,0.00522809750040088,1921,1
WLS,iii,201511,201512,-0.0229008445622571,,,0.00129520754597473,1.63575810491201e-05,1917,1
WLS,iii,201512,201601,0.000602752729580341,,,-0.101311573267882,0.0657004330872254,1901,1
WLS,iii,201601,201602,0.0083059636121875,,,-0.00261986749265987,5.76390922109038e-05,1879,1
WLS,iii,201602,201603,0.0580002725718435,,,0.0211141355668695,0.00515454782429869,1869,1
WLS,iii,201603,201604,-0.0220911671390359,,,0.0457373391445315,0.0147252637143627,1859,1
WLS,iii,201604,201605,0.0141161117533177,,,0.00536145033709237,0.000315509823948679,1844,1
WLS,iii,201605,201606,0.0190392907983938,,,-0.0202643663003477,0.00463340112869892,1831,1
WLS,iii,201606,201607,0.048897688931425,,,-0.0103879925429454,0.000992497456130503,1905,1
WLS,iii,201607,201608,0.00238604046145572,,,-0.00995626094670232,0.00109353375548227,1895,0.999999999999999
WLS,iii,201608,201609,-0.00493342890090694,,,0.018850021844046,0.00483714325298357,1885,1
WLS,iii,201609,201610,-0.0275418436865139,,,0.000946228502909501,8.61605827728873e-06,1869,0.999999999999999
WLS,iii,201610,201611,0.0249153891918191,,,0.02226275087946,0.00260913124772855,1864,1
WLS,iii,201611,201612,0.0204020827638025,,,-0.0139899352814292,0.00295646422596119,1848,1
WLS,iii,201612,201701,-0.0127645199095282,,,0.0660230916190374,0.0407279974050699,1842,0.999999999999995
WLS,iii,201701,201702,0.0530200722033927,,,-0.0365404482940702,0.0153675172647861,1835,1
WLS,iii,201702,201703,0.0191585133794558,,,-0.0194682306497948,0.00667912133297277,1820,1
WLS,iii,201703,201704,0.015216159161445,,,-0.00192346862040071,5.86546389964582e-05,1809,1
WLS,iii,201704,201705,0.00998301323855048,,,0.0101061285451189,0.000867943960818907,1795,1
WLS,iii,201705,201706,-0.00849475584296685,,,0.0134358805043837,0.00214779302371992,1784,1
WLS,iii,201706,201707,0.00037753018198659,,,0.0350453695424197,0.0132415414983316,1879,1
WLS,iii,201707,201708,0.00759601975590001,,,-0.0060951175170365,0.000347713082002543,1874,0.999999999999998
WLS,iii,201708,201709,0.0112704259993316,,,0.0214961492793963,0.00428900119036513,1861,1
WLS,iii,201709,201710,0.027478902299995,,,-0.00611807184415097,0.000228506653198068,1847,0.999999999999998
WLS,iii,201710,201711,0.067004402836583,,,-0.0632136558859829,0.0349875916845069,1838,1
WLS,iii,201711,201712,0.00198349379663052,,,0.0211192327070463,0.00740242208075315,1825,1
WLS,iii,201712,201801,0.023238967803955,,,0.0690653790033085,0.0316753504919592,1814,0.999999999999997
WLS,iii,201801,201802,-0.0487707630926383,,,0.0256984326583584,0.0054096689122044,1809,1
WLS,iii,201802,201803,-0.0130117813043137,,,-0.0177762189360258,0.00411361231818108,1799,1
WLS,iii,201803,201804,-0.0114430782268333,,,0.0275192640499542,0.00647208406846789,1788,1
WLS,iii,201804,201805,0.0140879163426018,,,0.035864058468619,0.00933705832433862,1782,1
WLS,iii,201805,201806,0.0220849199043883,,,-0.0287371806976349,0.009055524080824,1778,1
WLS,iii,201806,201807,0.0423657754615704,,,-0.0253770804453616,0.00544811480801166,1843,0.999999999999996
WLS,iii,201807,201808,0.0465475745041669,,,-0.00654742073721097,0.000243980582966263,1834,0.999999999999997
WLS,iii,201808,201809,-0.00275085439892626,,,0.0176660728135949,0.00389771586195309,1830,0.999999999999999
WLS,iii,201809,201810,-0.0311474622582586,,,-0.0978773651567915,0.0448231098092329,1825,1
WLS,iii,201810,201811,0.0153950511982203,,,-0.00935465387827903,0.000385801170770472,1817,1
WLS,iii,201811,201812,-0.0797386518949896,,,-0.0271274877021723,0.0085169849980391,1802,1
WLS,iii,201812,201901,0.0454419543183226,,,0.0688473964524692,0.0260228160080945,1793,0.999999999999999
WLS,iii,201901,201902,0.0270528134764737,,,0.0158583964428167,0.00200128170263381,1784,1
WLS,iii,201902,201903,0.00812564279672756,,,0.0215338250099812,0.00523030149273496,1777,1
WLS,iii,201903,201904,0.0200691469568933,,,0.0335583486546635,0.00703273780923253,1765,1
WLS,iii,201904,201905,-0.0734229772264685,,,-0.0036698473321189,9.20786241420668e-05,1758,1
WLS,iii,201905,201906,0.0741639423217831,,,0.0077440188330351,0.000706450825329164,1752,0.999999999999998
WLS,iii,201906,201907,0.009394132415427,,,-0.00351345068898946,0.000127872898044057,1843,0.999999999999997
WLS,iii,201907,201908,-0.00673356352401171,,,-0.0344702502670783,0.00777453359983726,1831,0.999999999999998
WLS,iii,201908,201909,0.0324030830984676,,,-0.0362150970340409,0.0147177176861678,1823,1
WLS,iii,201909,201910,0.0230562995277617,,,0.000416464251315187,1.46303514136914e-06,1814,1
WLS,iii,201910,201911,0.0144606225736347,,,0.0466932690939157,0.0192307409522121,1802,1
WLS,iii,201911,201912,0.0357536391518755,,,-0.00939184979933368,0.0011720149167691,1792,1
WLS,iii,201912,202001,-0.0632080951209338,,,0.114029146368971,0.0711897462995188,1778,1
WLS,iii,202001,202002,-0.0737046432366554,,,-0.0045334895106946,0.000135523837333063,1777,1
WLS,iii,202002,202003,-0.0975910401972718,,,-0.0269779485999344,0.00158163665787203,1773,1
WLS,iii,202003,202004,0.148563982955694,,,-0.00709928131086594,0.000171761950377158,1764,1
WLS,iii,202004,202005,0.0565926932739578,,,-0.000258111077076547,3.94567374661925e-07,1760,1
WLS,iii,202005,202006,-0.013598657096099,,,0.0886548449550349,0.0392877671503034,1746,1
WLS,iii,202006,202007,0.0299095398379677,,,0.0691294074178418,0.0178736651905372,1808,1
WLS,iii,202007,202008,0.0180031207569459,,,0.132100078409577,0.0424363491186994,1796,0.999999999999998
WLS,iii,202008,202009,-0.0149239352961608,,,-0.0487168245653785,0.0192262679564326,1792,0.999999999999998
WLS,iii,202009,202010,-0.0239636456121047,,,-0.0121356298455898,0.00113670425008039,1783,1
WLS,iii,202010,202011,0.0638631761498339,,,0.100297284956305,0.0302262786761499,1777,0.999999999999999
WLS,iii,202011,202012,-0.00228444528540554,,,0.0967625555936927,0.0600125527489515,1771,1
WLS,iii,202012,202101,-0.0113499866792624,,,0.0203918519628602,0.00198902727833306,1763,1
WLS,iii,202101,202102,0.035282963831052,,,-0.0345065893777737,0.00410326220895296,1757,1
WLS,iii,202102,202103,0.0867068670182609,,,-0.109378777334541,0.0801149223970011,1749,0.999999999999998
WLS,iii,202103,202104,0.033235998243728,,,0.0244685079261545,0.00590380720861927,1745,1
WLS,iii,202104,202105,0.0223688385665882,,,-0.0450078823306849,0.0169190010195419,1734,0.999999999999999
WLS,iii,202105,202106,0.00576340079782384,,,0.0604170180820436,0.0222528956042832,1730,0.999999999999995
WLS,iii,202106,202107,0.0232165761359319,,,-0.0113783242284537,0.0010468150119578,1797,1
WLS,iii,202107,202108,0.0203830589324824,,,0.0197725076251782,0.00376998798420247,1792,1
WLS,iii,202108,202109,-0.0849326058002369,,,0.0715423716761938,0.0526687406427565,1784,1
WLS,iii,202109,202110,0.0252476429300832,,,0.086145832809543,0.0241809167010508,1775,1
WLS,iii,202110,202111,0.00687342742286908,,,-0.00990519175148572,0.000370968011057071,1767,1
WLS,iii,202111,202112,0.0745014249891063,,,-0.0868213868045838,0.0411018517422752,1759,1
WLS,iii,202112,202201,-0.0696113196815482,,,0.00635940843853822,0.000176251896905399,1749,0.999999999999999
WLS,iii,202201,202202,-0.0635744493038293,,,0.07046274803553,0.0208905011959185,1748,1
WLS,iii,202202,202203,0.00345771326211338,,,0.0737582176315595,0.0293521119201247,1744,1
WLS,iii,202203,202204,-0.0250510481275122,,,-0.136155278519998,0.0720997555413001,1733,0.999999999999998
WLS,iii,202204,202205,-0.0105205875383801,,,0.00932516842770178,0.000400238500907313,1727,0.999999999999997
WLS,iii,202205,202206,-0.0638869564292552,,,-0.0460285197072289,0.013614992857971,1718,0.999999999999998
WLS,iii,202206,202207,0.0444792503998961,,,0.120730246174081,0.0462313407789353,1814,1
WLS,iii,202207,202208,-0.0430730000401338,,,0.000998943363107873,6.99020008898543e-06,1806,1
WLS,iii,202208,202209,-0.0742264209446569,,,-0.0406844146325532,0.0121006766478083,1799,1
WLS,iii,202209,202210,0.107769097820666,,,-0.0661843133716068,0.0110156427602626,1793,1
WLS,iii,202210,202211,0.0752890962573065,,,-0.0584015985384077,0.0128206707549633,1783,1
WLS,iii,202211,202212,-0.00674382490568409,,,-0.122363808075885,0.0838786366169018,1778,0.999999999999999
WLS,iii,202212,202301,0.0197015933804806,,,0.102612440215471,0.0283376248205395,1770,1
WLS,iii,202301,202302,-0.0609526041247154,,,0.0850030405177311,0.0417846647103621,1765,1
WLS,iii,202302,202303,0.0335237276934346,,,0.0311365783758019,0.00481667113355211,1753,0.999999999999998
WLS,iii,202303,202304,0.0447046310103049,,,-0.0844188369275524,0.0450378918998359,1743,0.999999999999998
WLS,iii,202304,202305,-0.0795908493301915,,,0.186183420312491,0.0781760841519764,1741,0.999999999999997
WLS,iii,202305,202306,0.0419538464701062,,,0.0597265357481957,0.0236482042077151,1731,1
WLS,iii,202306,202307,0.0501917627127065,,,-0.0467962031920388,0.0159893081512424,1868,0.999999999999997
WLS,iii,202307,202308,-0.013480268851425,,,-0.00655984415993122,0.000265860480045954,1859,1
WLS,iii,202308,202309,-0.0262390968235864,,,-0.0503573112394231,0.0310571184693551,1847,1
WLS,iii,202309,202310,-0.0119564267458972,,,-0.0439257102895177,0.0104966754605269,1838,1
WLS,iii,202310,202311,0.0284726161475654,,,0.120772933405645,0.0663927086236037,1828,1
WLS,iii,202311,202312,0.0621105781751175,,,-0.0214706621665537,0.00322092098947124,1818,1
WLS,iii,202312,202401,0.0162389055942213,,,0.00517331006199558,0.000106182720795212,1807,1
WLS,iii,202401,202402,0.0858736858091531,,,-0.0345749969329922,0.00400182016847861,1801,1
WLS,iii,202402,202403,0.0539619600412028,,,-0.048239029006028,0.0171194119692815,1794,1
WLS,iii,202403,202404,-0.0629593729907728,,,0.0158283437429842,0.0023786937324386,1787,1
WLS,iii,202404,202405,0.0344710112019741,,,0.0169668971442638,0.00104153528683326,1778,1
WLS,iii,202405,202406,0.00319322564615567,,,0.0642220565456841,0.0236161007143618,1762,0.999999999999999
WLS,iii,202406,202407,0.0162989783982056,,,-0.035927246701518,0.00576775308644129,1983,1
WLS,iii,202407,202408,0.00930159401061814,,,-0.00116538919554234,8.73529559586306e-06,1968,1
WLS,iii,202408,202409,0.0106196765524371,,,0.0252561790166889,0.00545058257318709,1957,1
WLS,iii,202409,202410,-0.0367514153570223,,,0.0420376431845036,0.0125323129475162,1948,1
WLS,iii,202410,202411,0.0441308418734527,,,0.0353276201038517,0.00364579631438333,1935,1
WLS,iii,202411,202412,-0.0493817910220638,,,0.0395382890014656,0.00555457668328108,1926,1
WLS,iv,197306,197307,0.066086006951755,-0.0353929091974055,-0.0172357104688691,,0.00516741644432428,1735,1
WLS,iv,197307,197308,-0.0172007750951809,-0.0115297762533142,-0.0362374032493819,,0.0196181508163069,1741,1
WLS,iv,197308,197309,0.0771482407638179,0.0888829734786594,-0.104124608989096,,0.256655823091136,1747,1
WLS,iv,197309,197310,0.0129747091894721,-0.0137893923307381,-0.0242552412127183,,0.00385912215404149,1754,1
WLS,iv,197310,197311,-0.107134286082586,-0.0222516758194433,-0.0203248180501641,,0.00220954978497134,1753,0.999999999999999
WLS,iv,197311,197312,0.0786956713425575,0.0251390394449806,-0.147846195420932,,0.256989951184854,1763,1
WLS,iv,197312,197401,-0.113154438411301,0.157497811688657,0.116392763208881,,0.0838657789773891,1773,1
WLS,iv,197401,197402,-0.00799133532478624,0.0493612271409993,-0.0205004691614459,,0.0762629531706334,1726,0.999999999999998
WLS,iv,197402,197403,-0.0488204269350823,0.00552580897105884,0.0420953386707118,,0.0328555687060508,1727,0.999999999999998
WLS,iv,197403,197404,-0.0631470400259995,0.0167518207631483,0.0336093301180386,,0.0156048591553157,1727,1
WLS,iv,197404,197405,-0.0453053908107055,-0.0493635698830621,0.0463329017810143,,0.0927451638041101,1731,1
WLS,iv,197405,197406,-0.0126925386787564,0.00678249857401029,-0.0107025552560055,,0.00640157655652807,1738,0.999999999999998
WLS,iv,197406,197407,-0.0654344577791519,0.0877517637695769,-0.0768433546912798,,0.163307025562301,2257,1
WLS,iv,197407,197408,-0.0846531163566798,0.0449695755350025,-0.0279312185508857,,0.0385532135855907,2309,1
WLS,iv,197408,197409,-0.118753063060912,0.115124867232096,-0.0709439874392701,,0.203977959333563,2315,1
WLS,iv,197409,197410,0.256324345349671,-0.277691424158199,-0.0611713591949251,,0.137897658578828,2382,1
WLS,iv,197410,197411,-0.0401128987335247,-0.00494628195962512,-0.01924550509805,,0.00514361156748733,2417,1
WLS,iv,197411,197412,-0.0125313316478455,0.0050096129069359,-0.0451561562367013,,0.032923006950397,2446,1
WLS,iv,197412,197501,-0.016563620579987,0.319652349921431,0.141489980543699,,0.155466095124837,2552,1
WLS,iv,197501,197502,0.0608570000157271,-0.10883751824222,0.0650843856066898,,0.167000582278299,2288,1
WLS,iv,197502,197503,0.00546996132779887,0.0654191367909562,0.0225785860239203,,0.0192355409658173,2358,1
WLS,iv,197503,197504,0.0897905188476822,-0.051728197527456,-0.0529672359938746,,0.0215117960419517,2392,1
WLS,iv,197504,197505,0.0563165864962948,-0.0170566506277862,-0.00837003509289381,,0.00153710367183324,2420,1
WLS,iv,197505,197506,0.0540343630655771,0.0393396011952803,-0.0386303506610875,,0.053620879341304,2528,0.999999999999997
WLS,iv,197506,197507,-0.0459563928035878,0.0510352897080645,-0.0631507081607093,,0.135755434361402,2794,1
WLS,iv,197507,197508,-0.0155866139770814,-0.0131189898394373,-0.0125895606521619,,0.00358601292024907,2803,1.00000000000001
WLS,iv,197508,197509,-0.0563901756289081,0.0307686477939466,0.017463231675854,,0.0100762924886542,2805,0.999999999999998
WLS,iv,197509,197510,0.0153333214512626,-0.0105201035553633,0.0849979540449244,,0.0908870869475546,2821,0.999999999999997
WLS,iv,197510,197511,-0.00426130078982319,0.0316125110785459,0.0431206915895905,,0.0271214502488554,2823,1
WLS,iv,197511,197512,-0.00332294264546628,0.029922132971032,-0.0434450824676433,,0.0856298042144471,2819,1
WLS,iv,197512,197601,0.0890003573420165,0.15328046324752,0.00752681625935234,,0.113100386643964,2764,0.999999999999997
WLS,iv,197601,197602,-0.0289197432096651,0.157726485945274,-0.00779409096992442,,0.19170218517985,2710,1
WLS,iv,197602,197603,0.0262032211539812,-0.0155168061325348,0.00448851651451561,,0.00330474175672613,2756,1
WLS,iv,197603,197604,0.017089392333894,0.00388833513815138,-0.0664348514997675,,0.109726423918345,2745,0.999999999999998
WLS,iv,197604,197605,-0.00434778568802925,-0.00774201704411361,-0.0129889410692194,,0.00264715627219903,2767,1.00000000000001
WLS,iv,197605,197606,0.0189428193309425,0.0385766410207324,0.0237334053696455,,0.0159020309681786,2782,0.999999999999998
WLS,iv,197606,197607,-0.043961760967652,0.0508730275760711,0.032669520821279,,0.0357847741248463,2882,1
WLS,iv,197607,197608,-0.0157037937158463,-0.000298251687740004,0.0174455296310676,,0.00870527071040006,2680,1.00000000000001
WLS,iv,197608,197609,0.025587875694645,0.0123993692449754,-0.0144176464691109,,0.0125736923164451,2668,1
WLS,iv,197609,197610,0.00173635155127915,-0.0310401687388682,-0.0450796939201902,,0.040919406914073,2845,1
WLS,iv,197610,197611,-0.0214195160668069,0.075494439825361,0.0044804005279272,,0.064612542754756,2843,1
WLS,iv,197611,197612,0.0389838925407442,0.0682649192004804,-0.0103838044679638,,0.079364301682439,2853,0.999999999999997
WLS,iv,197612,197701,-0.0923392229958644,0.156312771803991,0.0136471787914951,,0.211468991520505,2832,1
WLS,iv,197701,197702,-0.029071059948502,0.0131579667626591,0.0168905959411347,,0.00636939382363699,2793,1
WLS,iv,197702,197703,-0.0330727265437791,0.0390367455271736,0.0146978675460276,,0.0198306993498582,2811,0.999999999999998
WLS,iv,197703,197704,0.012495232933619,0.0503286139156667,-0.0593989604703654,,0.164542479932362,2803,1
WLS,iv,197704,197705,-0.024417881306295,0.0293874019645791,-0.0035669443649351,,0.0174640704490997,2801,1.00000000000001
WLS,iv,197705,197706,0.0196807261115366,0.00361860793714557,0.0541723152744625,,0.0621954672940912,2802,1
WLS,iv,197706,197707,-0.0516516253582807,0.0182742604205547,0.0533157239654517,,0.059210618717682,2841,1
WLS,iv,197707,197708,-0.0245528954473443,-0.0581540773260991,0.0544639379954232,,0.175643438423225,2830,0.999999999999998
WLS,iv,197708,197709,-0.0015030919745756,0.0142497841710032,-0.0161799658891099,,0.0175792808967067,2823,1
WLS,iv,197709,197710,-0.0731318124624253,0.0424827741757937,0.0361819800740321,,0.0288124815330871,2816,1
WLS,iv,197710,197711,0.00772993361469761,0.0475185808678708,0.0357316647653116,,0.0267556892897394,2808,1
WLS,iv,197711,197712,-0.00252655827879023,0.0165626423369163,0.00348125557224909,,0.00389694118461392,2802,1
WLS,iv,197712,197801,-0.0989530381347083,0.0640964838072404,0.0418423834007669,,0.0618488976947884,2802,0.999999999999998
WLS,iv,197801,197802,-0.037461963143628,0.0659337639210531,0.0058079040429351,,0.0595796338693766,2748,1
WLS,iv,197802,197803,0.00697384557508765,0.0696593100011396,7.29578946640666e-05,,0.057316487964626,2751,0.999999999999999
WLS,iv,197803,197804,0.0967546181324682,-0.0688470476611238,0.0233913442207719,,0.0889236518492721,2736,1
WLS,iv,197804,197805,-0.0162697199207965,0.0505724833796482,0.0453133034770352,,0.0300102743854458,2732,1
WLS,iv,197805,197806,-0.0416877288873985,0.0123751706582686,0.036621382322484,,0.0233365423410659,2720,1
WLS,iv,197806,197807,0.0541446835444902,-0.0219008393032174,0.017858351898763,,0.0180713810534451,2774,1
WLS,iv,197807,197808,0.0317622577482864,0.0157260952111598,0.00339010060718574,,0.00188677292856532,2779,1
WLS,iv,197808,197809,-0.00795044842503785,0.0404271266295097,-0.0434919302246013,,0.0982849844575789,2762,1
WLS,iv,197809,197810,-0.0908727220638271,-0.0611177065465174,-0.0182170413270421,,0.022712399971154,2764,0.999999999999997
WLS,iv,197810,197811,0.0211968671292839,0.0170683651041998,0.00403794411670821,,0.00257246429358438,2755,0.999999999999999
WLS,iv,197811,197812,0.0186298996590009,-0.0450772443056768,0.018526424618405,,0.0550713845126722,2743,0.999999999999997
WLS,iv,197812,197901,0.0160772583651194,0.0650833826348117,0.00296419791044248,,0.0497860717601486,2748,1
WLS,iv,197901,197902,-0.0204210322553345,0.000137748930758909,-0.0361147040116496,,0.0364165289348598,2691,1
WLS,iv,197902,197903,0.0598050431990656,0.0201533650195743,-0.0184905839847707,,0.0179452223850621,2685,0.999999999999998
WLS,iv,197903,197904,-0.014540618822424,0.0296397264510525,0.0120170272591306,,0.00927374905142586,2679,1
WLS,iv,197904,197905,-0.0212248240693651,-0.00829350058704172,-0.00874864853993345,,0.00122357744296719,2671,1
WLS,iv,197905,197906,0.058668493287263,0.00406964870770418,-0.059937470543614,,0.0533111942787708,2672,1
WLS,iv,197906,197907,0.00589711705452499,0.0291050440361614,-0.0238141253930659,,0.0433870977096775,2696,1
WLS,iv,197907,197908,0.0560889322412881,0.00321251650261942,0.00854901382197929,,0.00100250619932285,2691,0.999999999999996
WLS,iv,197908,197909,0.0124848419199638,0.00680123240551434,-0.0446336035426686,,0.0399500447181252,2676,1
WLS,iv,197909,197910,-0.0375939611406721,-0.0483395698073294,-0.0443265477828487,,0.030028031480731,2665,1
WLS,iv,197910,197911,0.101151881475705,-0.0734681050477829,-0.052920366014639,,0.0354839565252306,2665,0.999999999999997
WLS,iv,197911,197912,0.0510116239462103,-0.0224297540631186,-0.0480034888993952,,0.0219438061144028,2655,0.999999999999999
WLS,iv,197912,198001,0.113211544871332,0.00925385132816145,-0.118207405945696,,0.103305944358335,2644,1
WLS,iv,198001,198002,0.0373148516396531,0.0156372468549126,-0.109722295523059,,0.0927431654104444,2587,1
WLS,iv,198002,198003,-0.154181600652356,-0.0332207645940018,0.0808130205772293,,0.100873247220086,2578,0.999999999999999
WLS,iv,198003,198004,0.0577195581483551,-0.0130903430579749,-0.0508941268843982,,0.0294182258694209,2565,1
WLS,iv,198004,198005,0.0216332575817258,0.0279434926409864,0.03980878532804,,0.018551243704813,2559,1
WLS,iv,198005,198006,0.0679926319295294,-0.0517021636768519,-0.0532926563914751,,0.0400461826672726,2568,0.999999999999997
WLS,iv,198006,198007,0.0486064727057931,-0.0224269371970864,0.0822211474038134,,0.0747739251500441,2691,1
WLS,iv,198007,198008,0.056823005547,-0.0399131107349578,-0.0453096312748876,,0.0218236418294262,2701,1
WLS,iv,198008,198009,0.104074672281343,-0.108310453079864,-0.0756835008800126,,0.0887235983312936,2694,0.999999999999995
WLS,iv,198009,198010,0.0660060915781579,-0.0566287982298282,-0.0637118996432066,,0.0323093159217835,2684,1
WLS,iv,198010,198011,0.252791648398555,-0.169701004681334,-0.170730859042485,,0.108964891368444,2679,0.999999999999998
WLS,iv,198011,198012,-0.103034661799916,0.0197240354136176,0.0955836351519459,,0.0729524446123224,2672,1
WLS,iv,198012,198101,-0.151624056855255,0.15461608876368,0.0795505199534584,,0.126815467203592,2713,1
WLS,iv,198101,198102,0.00693869364217605,0.00248970458497755,0.00734464980846201,,0.000582945747616082,2615,1
WLS,iv,198102,198103,0.00135572522280567,0.0331791244294135,0.0363398609881016,,0.00751795232611907,2607,1
WLS,iv,198103,198104,-0.113704039630678,0.102367663280021,0.106342195510822,,0.0990667059318633,2600,1
WLS,iv,198104,198105,-0.0387882058383946,0.0264171197432103,0.0500468054331254,,0.0239547480866127,2592,1
WLS,iv,198105,198106,-0.0408755120576324,0.0541318031698141,-0.0176844498810325,,0.0332334764611923,2628,1
WLS,iv,198106,198107,0.0672563658610733,-0.0864095014796162,-0.0883911079448545,,0.0685172876383874,2804,1
WLS,iv,198107,198108,-0.11115583371356,0.0548309726094684,0.0248731605092758,,0.0340174503471594,2809,1
WLS,iv,198108,198109,-0.16996606872822,0.1192797002967,0.0969010448932547,,0.120185820484022,2796,0.999999999999999
WLS,iv,198109,198110,0.141490396777973,-0.151663660936856,-0.0576606234979846,,0.08706060779722,2809,1
WLS,iv,198110,198111,0.0358454576245938,0.00321810632379556,-0.0137589058562854,,0.00255343815667763,2821,1
WLS,iv,198111,198112,-0.0873036657143044,0.0596223526794294,0.0557580560139869,,0.0579781823546769,2822,1
WLS,iv,198112,198201,-0.125482743405081,0.0770078708208436,0.121284999271039,,0.123158223654411,2818,1
WLS,iv,198201,198202,-0.188517966155637,0.146039122852202,0.123338839128128,,0.192361664861213,2730,1
WLS,iv,198202,198203,-0.0802450084390183,0.0998974390041468,0.0373146492348235,,0.0734530533366831,2737,1
WLS,iv,198203,198204,0.040888904782188,-0.0508690931959627,0.0331415658545328,,0.066016932470268,2730,0.999999999999998
WLS,iv,198204,198205,-0.0525378743882082,0.0306115451317748,0.00430457579389136,,0.0100349214200696,2734,1
WLS,iv,198205,198206,-0.0861028577066591,0.0633922036185171,0.0623214743796781,,0.0395345339607345,2733,1
WLS,iv,198206,198207,-0.0875921909342884,0.0256045612392414,0.087227676591854,,0.061780122500949,2856,1
WLS,iv,198207,198208,0.103398668402145,0.0319074030065719,-0.0117478458634847,,0.0130889039960401,2849,1
WLS,iv,198208,198209,-0.0142611068355003,-0.00316475152582197,0.0436131168321912,,0.0282095314447708,2851,1
WLS,iv,198209,198210,0.147034095457785,-0.0481100073811352,-0.0228929504046109,,0.0100513557121886,2862,1
WLS,iv,198210,198211,0.00500663108496283,0.00111114559429841,0.0802472225666132,,0.0488012822621537,2853,0.999999999999997
WLS,iv,198211,198212,0.0154163983779374,-0.00375461642331194,-0.00913684626682666,,0.000622049755233833,2877,0.999999999999996
WLS,iv,198212,198301,0.0723626568404869,0.000615010208490359,-0.0654254954484266,,0.0389679253862062,2904,1
WLS,iv,198301,198302,-0.00671354920201315,0.0200793866847142,0.0426975138711459,,0.016951639384824,2759,1
WLS,iv,198302,198303,-0.0227117848115442,0.0576640914352292,0.0438927058154782,,0.0254989532099327,2785,0.999999999999999
WLS,iv,198303,198304,0.0441053771949199,0.0471872161271956,-0.00223444078084052,,0.0212406415876898,2777,1
WLS,iv,198304,198305,0.0338718923371787,-0.0308586574327992,-0.0357940893870297,,0.00996775710028375,2777,1
WLS,iv,198305,198306,0.0480840364610336,-0.0340813664582744,0.0167806199780539,,0.0178997623051627,2812,1
WLS,iv,198306,198307,-0.0934420781138626,0.075230100989251,0.0278969292645585,,0.0546644557097672,3081,1
WLS,iv,198307,198308,-0.0750845226628442,0.120109071341605,0.0269007655466636,,0.126755277802481,3095,0.999999999999994
WLS,iv,198308,198309,-0.00966237464881219,-0.0168033454477404,0.0482803350702359,,0.048579344392902,3084,1
WLS,iv,198309,198310,-0.114212904523159,0.0904397299467702,0.0655614544917011,,0.0585311512807918,3113,1
WLS,iv,198310,198311,0.0602235064994194,-0.0250903976635227,-0.0469575074455791,,0.0164918288069366,3120,0.999999999999997
WLS,iv,198311,198312,-0.0362940085137114,0.0297022747802947,0.0138745561517762,,0.00879851464609416,3122,0.999999999999998
WLS,iv,198312,198401,-0.0806667448547548,0.138247746434677,-0.0189673818308388,,0.18544684513602,3148,1
WLS,iv,198401,198402,-0.0956967521577289,0.0700418843432095,0.0278147530935709,,0.0439006169348551,2994,1
WLS,iv,198402,198403,-0.0124670662623446,0.0213440339651828,0.0193339923921127,,0.00472363096509743,3018,1
WLS,iv,198403,198404,-0.0425366345266911,0.0430514141469712,0.0397251577016447,,0.022523068324806,3016,1
WLS,iv,198404,198405,-0.085778420366529,0.00993541227817361,0.0388455125344966,,0.0159313774818268,3013,1
WLS,iv,198405,198406,0.0292643456197716,-0.0439666183617759,0.0246491134221683,,0.0419223019707807,3043,0.999999999999998
WLS,iv,198406,198407,-0.0536105590542777,-0.00684787475999558,0.0477127834120604,,0.0310453929103619,3156,1
WLS,iv,198407,198408,0.132701109505028,-0.0150667997324473,-0.0332252125085396,,0.00844019512113492,3144,0.999999999999998
WLS,iv,198408,198409,-0.0921858860788079,0.0919664800802705,0.0442747571490448,,0.0930587689099309,3123,1
WLS,iv,198409,198410,-0.0438821908136288,-0.000359984464872512,0.0547244844604685,,0.0433863348206833,3112,1
WLS,iv,198410,198411,-0.0693728905564034,0.0544473062646543,0.0303544323113219,,0.0401647554194408,3089,1
WLS,iv,198411,198412,0.0197753417482931,-0.0183111777875905,0.00678538707842499,,0.0106532441562055,3061,0.999999999999998
WLS,iv,198412,198501,0.169312212143256,-0.0980686957683418,-0.0612457730972688,,0.0784208056626563,3082,1
WLS,iv,198501,198502,-0.0135241704616105,0.0280716922456732,0.0188415895636023,,0.0101750295240404,2978,1.00000000000001
WLS,iv,198502,198503,-0.0682497952078171,0.0580946516990281,0.0404418381646392,,0.0259493254122588,2974,1
WLS,iv,198503,198504,-0.051307386658182,0.0494120471288578,0.0122033899551393,,0.0312488039260617,2965,0.999999999999991
WLS,iv,198504,198505,0.0295251003436953,0.00416780465580012,0.0349539520841819,,0.0131361634318754,2954,1.00000000000001
WLS,iv,198505,198506,0.0118983111795754,-0.00185848570607036,-0.0055951954233999,,0.00045413143270634,2971,1
WLS,iv,198506,198507,0.0163521092661896,-0.00572420848651013,-0.0211964088216604,,0.00448037792497691,3235,1
WLS,iv,198507,198508,-0.0396797398506157,0.0374773526265439,0.0149141379902464,,0.0192728960750799,3253,1
WLS,iv,198508,198509,-0.123130445943585,0.0783669063526169,0.0804143746312224,,0.0793332766712962,3233,1
WLS,iv,198509,198510,-0.0117891026340684,0.0306565985488724,0.0486457407367156,,0.0181047052353382,3265,1
WLS,iv,198510,198511,0.0857718809115409,-0.0670699827676321,0.0225482464679598,,0.0771690295720546,3261,0.999999999999998
WLS,iv,198511,198512,0.0476307096966821,-0.0508268117494779,0.0238906693022478,,0.0566059091559057,3258,1
WLS,iv,198512,198601,0.00343087164401462,-0.0156183870891819,0.000107687272963546,,0.002660827876943,3288,1
WLS,iv,198601,198602,0.0862488667453573,-0.0137117132984549,-0.0149031821352361,,0.00190411879977204,3105,1
WLS,iv,198602,198603,0.0565766677607922,-0.0252183139634981,0.00721308309236421,,0.00870016161998533,3140,0.999999999999996
WLS,iv,198603,198604,-0.0176778155303664,-0.0279675846066752,0.0450136422320636,,0.0478199229859764,3123,1
WLS,iv,198604,198605,0.00126702448780446,0.0339007724562476,0.0517396725561758,,0.0212787257090582,3165,1
WLS,iv,198605,198606,-0.00590992662645032,-0.0223055228965198,0.0339681470453154,,0.0232188487135472,3204,0.999999999999998
WLS,iv,198606,198607,-0.131968324309613,0.0580277723196911,0.0504021654820336,,0.0307112575312174,3371,1
WLS,iv,198607,198608,0.0293079298109298,0.0976967748974027,-0.026620795838172,,0.139583283196057,3365,1
WLS,iv,198608,198609,-0.115911473932047,0.0944958706797513,-0.0134860180737344,,0.119477341385979,3353,0.999999999999998
WLS,iv,198609,198610,0.0644819801039015,-0.0170700179808442,-0.00710625304141895,,0.00198635639514844,3345,1
WLS,iv,198610,198611,-0.000290273029065683,0.0146133820659119,0.0248096191827758,,0.00650174331025211,3309,0.999999999999997
WLS,iv,198611,198612,-0.0266676334979978,-0.00918601902702501,-0.00225556071542089,,0.00118991761610721,3286,0.999999999999998
WLS,iv,198612,198701,0.146169686488931,-0.0120913209172141,-0.0119225441389504,,0.000917717989406985,3266,0.999999999999996
WLS,iv,198701,198702,0.0923239627245372,-0.0997985762622286,0.00965585002327853,,0.116983983276063,3151,1
WLS,iv,198702,198703,-0.0146025134941634,0.0785744657346984,0.0100970674096643,,0.0551080506359152,3159,1
WLS,iv,198703,198704,-0.0461380834669938,0.0473524646284692,0.021648600781895,,0.0191525868364145,3148,1
WLS,iv,198704,198705,0.00210275701596266,-0.00410493616717458,0.0127750184536066,,0.00303255153409254,3143,0.999999999999997
WLS,iv,198705,198706,0.0139397886245052,0.023520696478867,0.0304212058016489,,0.00936842659539294,3167,1
WLS,iv,198706,198707,0.0599868199514377,-0.00191884866449327,-0.0181175346425418,,0.00300899378353792,3341,0.999999999999999
WLS,iv,198707,198708,0.0182883646409592,-0.0105196273957061,0.0337134326382487,,0.02067716528076,3343,1.00000000000001
WLS,iv,198708,198709,0.0103704611201012,-0.014096184107408,-0.0533533626739957,,0.0237407332857883,3325,1
WLS,iv,198709,198710,-0.295341527532129,0.0448102013481099,0.0580112770331941,,0.0159502112849197,3337,0.999999999999998
WLS,iv,198710,198711,-0.0778071933592835,0.0175715668791432,-0.0248722454241519,,0.0141820014737649,3310,1
WLS,iv,198711,198712,0.0750166294100344,-0.00155177985166414,0.0142863445639787,,0.00172702584773809,3286,1
WLS,iv,198712,198801,-0.0191109474440002,0.0777208847052793,0.0226407254712753,,0.0270951153054561,3308,0.999999999999999
WLS,iv,198801,198802,0.0396508415067008,0.0211528963266389,0.0154851413840557,,0.00289478405660559,3172,0.999999999999997
WLS,iv,198802,198803,-0.0322669349319214,0.0449735373318902,-0.0201619030574103,,0.0324096182771031,3173,0.999999999999998
WLS,iv,198803,198804,-0.0277807917300858,0.0687971704511026,0.00999781753397651,,0.0662745522525144,3151,1
WLS,iv,198804,198805,-0.00960177957063481,0.009110462661495,-0.00485276653668947,,0.00319516484155469,3134,0.999999999999998
WLS,iv,198805,198806,0.0493652112935691,-0.0171337805843604,0.0121762271030873,,0.00771283617519081,3146,0.999999999999997
WLS,iv,198806,198807,-0.0232286963324399,0.0265189216883309,-0.00530547895375962,,0.0120634282501132,3415,0.999999999999995
WLS,iv,198807,198808,-0.0536029781638147,0.0161495728890653,0.0106980090171926,,0.00262157980703004,3416,1
WLS,iv,198808,198809,0.0260928080971987,-0.0202252063298174,0.0288308484879543,,0.0262171095225433,3388,1
WLS,iv,198809,198810,-0.0241645464482119,0.0540682142735899,0.0334872934823658,,0.0130367915274052,3402,1
WLS,iv,198810,198811,-0.0286456196931779,0.021424574504991,-0.00425176237464415,,0.0119093868743405,3403,1
WLS,iv,198811,198812,0.0255130400376465,-0.0227771024862817,0.00421169708144077,,0.0114489237817891,3385,0.999999999999999
WLS,iv,198812,198901,0.0678017045494226,0.00487529925473115,-0.0110980426984011,,0.00366666698667972,3406,1
WLS,iv,198901,198902,-0.0253476605206675,0.00596489396489709,-0.00674761720668181,,0.00261585141930898,3239,0.999999999999998
WLS,iv,198902,198903,0.0208857405992226,0.00100613043687959,-0.0153088987358562,,0.00344917670705769,3248,0.999999999999997
WLS,iv,198903,198904,0.0696189942133995,-0.0408101986424123,-0.0134640568096172,,0.019078082594057,3247,0.999999999999996
WLS,iv,198904,198905,0.0611377464515833,-0.0441168548951886,-0.0203720035595598,,0.0177298931478632,3235,0.999999999999997
WLS,iv,198905,198906,-0.0178253189566611,0.00485922843258984,-0.00696391178828728,,0.00190623928354472,3262,1
WLS,iv,198906,198907,0.102365881475223,-0.0761417814930262,0.0117615715101316,,0.0629092643743713,3500,0.999999999999999
WLS,iv,198907,198908,-0.000238225309877613,0.0546225625543354,-0.0129465921219788,,0.0423966582610802,3489,1
WLS,iv,198908,198909,0.00810769641036191,-0.0415855444692987,-0.00445537116390246,,0.018848232066554,3476,0.999999999999997
WLS,iv,198909,198910,-0.0345456599333094,-0.0313429067938402,0.0226879417544359,,0.0255584327031648,3508,0.999999999999999
WLS,iv,198910,198911,0.0490213143369177,-0.0392234222361739,-0.0359093871893479,,0.0163744532888478,3495,1
WLS,iv,198911,198912,0.00666948194855293,0.0302531511961739,-0.00802019589070798,,0.0176967523314088,3476,1
WLS,iv,198912,199001,-0.0919544870264735,0.0297731517370715,0.0109332824889513,,0.00628805791568432,3482,1.00000000000001
WLS,iv,199001,199002,0.0029925371989353,0.033681119892821,-0.0114107951351263,,0.0271113490238132,3338,0.999999999999998
WLS,iv,199002,199003,0.0112134271401269,-0.00797128422345041,0.0398438274939505,,0.0383037501237892,3378,1
WLS,iv,199003,199004,-0.0387911333878105,-0.0303848481629114,0.0463722494909676,,0.0771883631044799,3365,1
WLS,iv,199004,199005,0.0932243892868989,-0.0532233425723724,0.0326699507691519,,0.071497929426184,3353,1
WLS,iv,199005,199006,0.0214624754173048,-0.0828291974494875,0.00864084044325922,,0.0991718200693606,3347,0.999999999999997
WLS,iv,199006,199007,0.00931082985302794,-0.020150787191748,-0.0285381602324844,,0.00568524557572903,3469,1
WLS,iv,199007,199008,-0.0820876324998506,-0.0218072482267176,-0.0179403977064837,,0.00392586636094205,3452,1
WLS,iv,199008,199009,-0.0631007811748653,0.00538099967075836,0.00296256261201916,,0.000146297567563458,3432,0.999999999999998
WLS,iv,199009,199010,-0.040446908724689,-0.0288253146193381,0.0604819838327821,,0.0519445086862487,3435,1
WLS,iv,199010,199011,0.013900720084578,0.0200850049074827,0.0714081974088834,,0.0356417624642852,3415,1
WLS,iv,199011,199012,0.0198768056083777,-0.0166757972714433,0.0209576683347887,,0.0127664590014475,3399,1
WLS,iv,199012,199101,-0.00110674104065295,0.0531168365632698,0.0620260429372993,,0.0194956096517598,3415,1
WLS,iv,199101,199102,0.0888866056636794,-0.0433826159772031,-0.00262391967216758,,0.0131118071407054,3326,1
WLS,iv,199102,199103,0.0194816037565609,-0.0434958072490727,0.0373305362021172,,0.0451483569755793,3321,1
WLS,iv,199103,199104,0.00648117286471216,-0.00525323682986353,-0.0173011838947392,,0.00340547072272457,3289,0.999999999999999
WLS,iv,199104,199105,0.0209612330304313,0.0270563632134305,0.0160429912477633,,0.00450425114741815,3273,0.999999999999993
WLS,iv,199105,199106,-0.0512584315176982,-0.00452932753199025,0.00550535264578554,,0.00131682334826333,3289,0.999999999999998
WLS,iv,199106,199107,0.0416735547880472,-0.050070856113218,0.0307625244812821,,0.0550986327883298,3453,1
WLS,iv,199107,199108,0.0285443748103169,-0.0591103461021508,0.0224300378787102,,0.0597054286633186,3436,1
WLS,iv,199108,199109,-0.00190556833243648,-0.0245978924586342,-0.021528601968598,,0.00556590634825382,3427,0.999999999999997
WLS,iv,199109,199110,0.00318365000747008,0.00233743375760764,0.0145652331917429,,0.00188028372312665,3434,1
WLS,iv,199110,199111,-0.0453032035798053,-0.0799634848871245,0.0538517643100409,,0.148567772458446,3416,1
WLS,iv,199111,199112,0.146019606525444,-0.132323583683559,0.0188005336223122,,0.109623225656963,3397,0.999999999999997
WLS,iv,199112,199201,-0.0520512916208097,0.1376548813208,-0.000379457929268254,,0.0808677550394754,3397,1
WLS,iv,199201,199202,-0.0482722015959,0.121213643803895,0.0358434866045417,,0.079609982282298,3303,0.999999999999998
WLS,iv,199202,199203,-0.0668666934356858,0.0716926955184608,0.0267876649318174,,0.0345623535122236,3308,0.999999999999998
WLS,iv,199203,199204,0.0220568089963058,0.058398540585385,-0.0535800003623725,,0.0815567944900756,3300,1
WLS,iv,199204,199205,0.0128579411033184,-0.0422977278558022,0.0016737231006789,,0.0245969055197731,3287,0.999999999999999
WLS,iv,199205,199206,-0.0128055339217927,0.00532761309442251,-0.03439117670398,,0.0187930295280178,3269,1
WLS,iv,199206,199207,0.0415328961429878,-0.0294351641619652,0.0112378128934868,,0.0168901776284557,3408,1
WLS,iv,199207,199208,-0.00936350721750707,-0.0429064334339149,0.00523912949775385,,0.026561081821845,3378,0.999999999999997
WLS,iv,199208,199209,0.0339891127497162,-0.0208728044404273,-0.0330180452759851,,0.0104999795014994,3348,1
WLS,iv,199209,199210,-0.00078080579160083,-0.0338231394644286,0.0379182188883577,,0.0445451561731827,3354,1
WLS,iv,199210,199211,0.0468580834824743,-0.0126432285081535,-0.0052615673863332,,0.000862300217231438,3332,1
WLS,iv,199211,199212,0.018310633556352,0.0151899599702976,-0.0302034332055747,,0.0210235235136456,3320,0.999999999999998
WLS,iv,199212,199301,-0.0323228815876749,0.113941474735267,-0.0140887241425856,,0.11946335707843,3341,0.999999999999998
WLS,iv,199301,199302,-0.0453348969822298,0.117898928343759,-0.00119128923533346,,0.108252721081552,3262,1
WLS,iv,199302,199303,0.0218094220685896,0.0235904771676996,-0.0207363964952544,,0.0203257416496918,3270,1
WLS,iv,199303,199304,-0.0497788328228743,0.0870861230953723,-0.0253265941218714,,0.0792476152249447,3244,0.999999999999998
WLS,iv,199304,199305,0.0274278914598679,-0.00412846255138659,0.0193095124410173,,0.00726249354956587,3234,1
WLS,iv,199305,199306,-0.0166521031696376,0.0489246720325936,-0.0189989663389558,,0.0399199528091461,3257,1
WLS,iv,199306,199307,0.0169228240045549,0.0254857495518405,-0.076243891287082,,0.0995383612928241,3496,0.999999999999996
WLS,iv,199307,199308,0.0251159760914362,0.0120664715812618,0.0141165394700161,,0.0020174354250424,3490,0.999999999999996
WLS,iv,199308,199309,-0.0228667758875055,0.0289857058832764,0.00833816052989734,,0.00513796541982825,3489,1
WLS,iv,199309,199310,0.0519812158976519,-0.0407720818331577,-0.0134709154346982,,0.00806500735884352,3504,1
WLS,iv,199310,199311,-0.0128672841672839,-0.0196679577102352,0.0261543292255282,,0.019621584354569,3498,1
WLS,iv,199311,199312,0.0267959437552365,0.00536579244354155,-0.0286955232101759,,0.0142716860714006,3486,1
WLS,iv,199312,199401,0.0495519898053582,0.0217147662891193,-0.0537796025689473,,0.0515724595999211,3515,1
WLS,iv,199401,199402,-0.054781041751004,0.0228076884026826,0.0534695128908433,,0.0324619076703634,3395,0.999999999999997
WLS,iv,199402,199403,-0.0879264538594146,0.050593000355,0.0387024401363847,,0.027825583942494,3394,0.999999999999998
WLS,iv,199403,199404,-0.00727411443343236,0.0191530524694964,0.00988391199028768,,0.00267355119333923,3383,1
WLS,iv,199404,199405,0.00116546518794105,0.00867395030445295,0.00221234813263547,,0.000514735443099212,3378,0.999999999999996
WLS,iv,199405,199406,-0.0468302478078256,0.0243717587773491,0.0153559583511212,,0.00507868815653267,3414,1
WLS,iv,199406,199407,0.0307175552283994,0.0125307085457569,-0.0149381416070745,,0.00722303796313806,3730,0.999999999999998
WLS,iv,199407,199408,0.00405677445696156,-0.00143229285125687,0.0815709574296922,,0.0782478356901233,3743,0.999999999999997
WLS,iv,199408,199409,-0.0314086324586089,-0.00129267164167685,0.028241095779604,,0.0148100081647853,3732,1
WLS,iv,199409,199410,-0.0328526558922528,0.0446651385088387,0.0630414861001786,,0.0366093293902212,3744,1
WLS,iv,199410,199411,-0.0689510802555495,0.002335103266384,0.058065257460504,,0.0619080740973523,3735,1
WLS,iv,199411,199412,0.033885188346036,-0.0247720080938701,-0.0292270909188846,,0.0109029741572574,3718,1
WLS,iv,199412,199501,0.00640423067953858,-0.00962488114712847,0.0120153960042488,,0.00406206229713268,3720,1.00000000000001
WLS,iv,199501,199502,0.051268830565668,-0.00891216611487685,-0.0204348915748692,,0.00574408434373908,3619,0.999999999999998
WLS,iv,199502,199503,0.00194017233649638,0.0362729294817982,0.0252601233235605,,0.0120374460198948,3630,1
WLS,iv,199503,199504,0.000967889230807064,0.0294617179092835,0.0251971261343158,,0.00751229257328789,3603,1
WLS,iv,199504,199505,0.0187924048683655,-0.00479912292169096,0.0116759037110322,,0.00319831635160062,3587,1
WLS,iv,199505,199506,0.00653658742017386,0.000207507011273655,0.0464967564322791,,0.0249605951002367,3595,0.999999999999997
WLS,iv,199506,199507,0.0527629192335438,-0.0116762391406295,-0.020583985537526,,0.0034896457289777,4015,1
WLS,iv,199507,199508,0.00158524433494299,-0.00297754277663726,-0.00721624303687224,,0.000539757090894044,4018,0.999999999999998
WLS,iv,199508,199509,0.0295758564632391,-0.0394945492162992,0.0250680992971915,,0.0290810926855245,3998,1
WLS,iv,199509,199510,-0.0213222315967366,-0.0373355680495611,0.0366047979069575,,0.0281271604532015,4010,0.999999999999999
WLS,iv,199510,199511,0.086380208131259,-0.0461442227610755,-0.0653396676968297,,0.0301930829208364,3992,1
WLS,iv,199511,199512,0.0469091355470178,-0.00587924624471114,-0.0684688482555775,,0.0421285954483567,3974,1
WLS,iv,199512,199601,0.061863411775314,-0.0483633859489245,-0.0423484438752194,,0.0145438543112434,3992,1.00000000000001
WLS,iv,199601,199602,-0.0244814653068347,0.0299421162550806,0.0553959594948862,,0.0264343783752983,3854,1
WLS,iv,199602,199603,0.0196825585749246,0.0261489398412659,-0.0389246185019688,,0.0298349308084676,3866,1
WLS,iv,199603,199604,-0.0224173747624963,0.0586842748270256,0.0546561561439834,,0.0234831108012596,3846,0.999999999999999
WLS,iv,199604,199605,0.00237355062970912,-0.00489149213494792,0.0488221795678298,,0.033307772304793,3838,1
WLS,iv,199605,199606,0.0171626427579784,-0.0696951964213358,-0.0124030340827803,,0.0304071901331675,3862,0.999999999999995
WLS,iv,199606,199607,-0.0853646610609518,0.0259911754584154,0.0279892526569323,,0.00664416087940545,4232,1
WLS,iv,199607,199608,0.00803356269824198,0.0319801809558116,0.0107595617885212,,0.00561771080915197,4228,1
WLS,iv,199608,199609,0.0580478571394305,-0.0687596080240309,0.0289240467346484,,0.0572179095263705,4198,1
WLS,iv,199609,199610,0.005908985953555,0.025503118822146,-0.0188629290082113,,0.0104712578965439,4222,1
WLS,iv,199610,199611,0.0423899244504788,0.00950786698648429,0.0334903874243978,,0.00950900009488997,4208,0.999999999999995
WLS,iv,199611,199612,-0.0264058400944885,0.0313432516724774,-0.00130521758546224,,0.00764323953054202,4198,0.999999999999997
WLS,iv,199612,199701,0.0442630458976183,-0.0501786224651722,0.0467266329258449,,0.0413284220644815,4182,1
WLS,iv,199701,199702,-0.0237702415200412,0.0134437778646525,0.0146828403082502,,0.00162717558265191,4035,1
WLS,iv,199702,199703,-0.0742496745251414,0.0997081932121029,-0.00476154356373212,,0.0766735234591696,4051,0.999999999999999
WLS,iv,199703,199704,0.0422102112734599,-0.0653996407510556,0.0472128882282439,,0.0538422089286974,4030,1.00000000000001
WLS,iv,199704,199705,0.0699512662029632,-0.00733155529421163,0.0016527391258911,,0.000456821185403578,4014,1
WLS,iv,199705,199706,0.0511547348617238,-0.0355786126152267,-0.00601544413367524,,0.00697725657014248,4028,1.00000000000001
WLS,iv,199706,199707,0.0576539317983913,0.0115968534403057,0.0165263133763804,,0.00120334638413466,4402,1
WLS,iv,199707,199708,-0.0803798816685551,0.106968063358453,0.0117924325148849,,0.0706231411655142,4384,1
WLS,iv,199708,199709,0.0651364832711674,0.00303222032781843,-0.0347212137318465,,0.0136851829253223,4341,0.999999999999997
WLS,iv,199709,199710,-0.063928618092182,0.00648690988888748,0.0333145349343469,,0.00711825248080178,4344,1.00000000000001
WLS,iv,199710,199711,0.034811176232263,-0.0493243892324754,0.0208664210903482,,0.0313403186915346,4314,0.999999999999996
WLS,iv,199711,199712,0.0108021846881968,-0.0033177118316365,-0.0177117890191736,,0.00240046130125537,4296,1
WLS,iv,199712,199801,-0.00085116868641602,-0.0318659603542647,0.0418521461875006,,0.0300409337872765,4283,0.999999999999998
WLS,iv,199801,199802,0.0315100859177503,0.0304656838141286,0.0470106040243567,,0.0167358643242195,4129,1
WLS,iv,199802,199803,0.0620254751569404,-0.00759850938574886,-0.0318794342256027,,0.00761995400935611,4127,1
WLS,iv,199803,199804,0.0113990014736985,0.00949131723882115,-0.0135940114700016,,0.00351356982195916,4082,0.999999999999997
WLS,iv,199804,199805,-0.0637605442025016,0.0381459390417537,0.0404953727505296,,0.0138637039838339,4064,0.999999999999998
WLS,iv,199805,199806,0.0235765422771184,-0.0780593827198005,0.0560872232667046,,0.0864129917760121,4085,1
WLS,iv,199806,199807,-0.0300740382722561,-0.0365360586347189,0.028026459283167,,0.0169798429227507,4600,0.999999999999994
WLS,iv,199807,199808,-0.146516968350781,-0.0375542216375466,0.0134748313798036,,0.0121231887364399,4583,1.00000000000001
WLS,iv,199808,199809,0.0539267068004696,-0.00480353173172092,0.0315899335315211,,0.00462749082184566,4541,1
WLS,iv,199809,199810,0.0780749033018418,-0.00557291418191505,-0.00879407941126146,,0.000292587868386818,4523,1
WLS,iv,199810,199811,0.0263195620787011,-0.0113581737121971,0.0660810185106502,,0.0321017726488253,4455,0.999999999999999
WLS,iv,199811,199812,0.0756310958489205,-0.0737846169391002,0.0242746515231367,,0.0248616399269809,4416,0.999999999999997
WLS,iv,199812,199901,0.0377060561839267,-0.0603242453535553,0.0355685528096392,,0.0177168613615711,4368,0.999999999999995
WLS,iv,199901,199902,-0.0288798802361662,0.00973894554292447,-0.0396757696945992,,0.0157094098837124,4219,1
WLS,iv,199902,199903,0.0914209698906974,-0.0852781269618514,-0.0570272572565894,,0.0128321428106639,4203,1
WLS,iv,199903,199904,0.0405889296140792,0.13792074293789,-0.0762114618934507,,0.0994705255302937,4139,1
WLS,iv,199904,199905,-0.0607847140913894,0.0831444144418938,0.0361089851038555,,0.0263885728249688,4089,0.999999999999998
WLS,iv,199905,199906,0.0599485654146726,-0.0562496935193003,0.0184928505981635,,0.0205220128853817,4085,1
WLS,iv,199906,199907,-0.0398592935123027,0.0346638687999976,0.00636200720602739,,0.00383487832009943,4407,1.00000000000001
WLS,iv,199907,199908,-0.00875093574769335,-0.081741174300156,0.0379016149068131,,0.0460311921481478,4384,1
WLS,iv,199908,199909,0.0332819204484405,-0.0849915448082142,-0.067345005663302,,0.0229031880141183,4330,1
WLS,iv,199909,199910,0.0793920517630315,-0.135783938621324,-0.0102300558816764,,0.0304467225847217,4293,0.999999999999996
WLS,iv,199910,199911,0.0128475724232893,-0.0241901511403297,0.0632100184239745,,0.0238023044306721,4254,1
WLS,iv,199911,199912,0.16759989742264,-0.150419164921896,-0.0856989182131019,,0.0146772681898815,4194,1
WLS,iv,199912,200001,-0.0800024611408418,0.0838168770892727,0.0173760086750314,,0.00811710517369391,4168,1.00000000000001
WLS,iv,200001,200002,-8.11509850936233e-05,0.0271769042342576,0.043042247254704,,0.00177608407553076,4070,1
WLS,iv,200002,200003,0.0666945385030027,-0.0355289410755853,0.000319744561130207,,0.00165244483801297,4048,1
WLS,iv,200003,200004,-0.0840687422957291,0.0615539600911094,0.0383462029531123,,0.00585667623420072,3998,0.999999999999999
WLS,iv,200004,200005,-0.0399205457889166,-0.0262134735964072,-0.00802059725514977,,0.00109531976185095,3970,0.999999999999998
WLS,iv,200005,200006,0.0646770869578792,-0.136098170029599,0.0228484798725177,,0.0325339994559151,3955,1
WLS,iv,200006,200007,-0.0798477501455095,0.108171418260573,0.0274248875824099,,0.0208487471698992,4168,0.999999999999997
WLS,iv,200007,200008,0.154379813008196,-0.140432665630711,-0.107827401053394,,0.0389521923791698,4146,0.999999999999999
WLS,iv,200008,200009,-0.104185378037287,0.1193696810428,0.0154978696186606,,0.015006922467835,4097,0.999999999999996
WLS,iv,200009,200010,-0.0997463072431448,0.15380290822811,0.0836163505828115,,0.0361340283982414,4057,1
WLS,iv,200010,200011,-0.273764947648945,0.285021190224402,0.184749801624935,,0.111688443972536,3990,1
WLS,iv,200011,200012,-0.0829916838448626,0.251491590957996,0.029185010281011,,0.0842775712766304,3934,1
WLS,iv,200012,200101,0.0801964962195106,-0.00662877274335869,-0.054716708489655,,0.00575465672232767,3898,0.999999999999998
WLS,iv,200101,200102,-0.21538946641346,0.304078425955154,0.0701317071746837,,0.102212465895068,3803,1
WLS,iv,200102,200103,-0.16232407967632,0.190919726696569,0.0645983727262926,,0.0818170588310717,3775,1
WLS,iv,200103,200104,0.195855856208827,-0.156976090063708,-0.123172523501098,,0.06687261873618,3730,0.999999999999998
WLS,iv,200104,200105,-0.0171569574916362,0.0471478408380915,0.0137045993100833,,0.00781959105318553,3666,0.999999999999997
WLS,iv,200105,200106,-0.0306696790438733,-0.00444180213581077,0.0153541793976616,,0.00175642006854571,3637,1
WLS,iv,200106,200107,-0.122914438000814,0.105032920808794,0.138967934608589,,0.0818214346394567,3935,1
WLS,iv,200107,200108,-0.11933527960074,0.0800322080002827,0.058457768990899,,0.0284512302180038,3891,1.00000000000001
WLS,iv,200108,200109,-0.107192657860739,-0.0722982800719759,0.0436981531834481,,0.0250583650959988,3837,1
WLS,iv,200109,200110,0.0169041922519505,-0.0338006665577005,0.0464582744483774,,0.0136807365007493,3826,1
WLS,iv,200110,200111,0.0518357933786915,0.0422062638020932,0.035581295056314,,0.0061666780835119,3800,1
WLS,iv,200111,200112,-0.00310999201356566,0.0796281415588537,-0.00789684568559732,,0.0366875111920324,3754,1
WLS,iv,200112,200201,-0.0903841418864478,0.0591448856351687,0.116984085872785,,0.0734991250464218,3736,1
WLS,iv,200201,200202,-0.0405584320225889,0.0388184181925307,0.0131521769251803,,0.00397993727571255,3653,0.999999999999996
WLS,iv,200202,200203,0.0237622215251384,0.0662985943402171,-0.00680364737795458,,0.0249184872751904,3639,0.999999999999996
WLS,iv,200203,200204,-0.172272252363412,0.153226970826393,0.123351530981976,,0.100054157699431,3611,1
WLS,iv,200204,200205,-0.0113187415913326,0.0290497392189969,-0.0145698867636309,,0.0114221913576554,3578,0.999999999999996
WLS,iv,200205,200206,-0.11347861963815,0.0463231612314432,0.04292438297319,,0.00897377794466836,3566,0.999999999999998
WLS,iv,200206,200207,0.00241159022027303,-0.181708729880119,-0.0578383414672456,,0.0833993760844004,3874,0.999999999999997
WLS,iv,200207,200208,-0.0623774582123666,0.0714784258366885,0.0732457568110713,,0.0337237952547749,3848,1
WLS,iv,200208,200209,-0.155132282822648,0.0514397910830381,0.0682480880963542,,0.0224880382262526,3806,0.999999999999996
WLS,iv,200209,200210,0.134448144152,-0.131354117343218,-0.0285666567482059,,0.0300533207750821,3792,1
WLS,iv,200210,200211,0.121928949335168,-0.00607516718404022,-0.0914720940713675,,0.0310159676388585,3747,0.999999999999999
WLS,iv,200211,200212,-0.120724761949202,0.0699850223585008,0.0670117919570538,,0.0334214915210037,3722,1
WLS,iv,200212,200301,-0.0273468775714327,-0.0188178992142958,0.00627215711845132,,0.00438331606209375,3692,1
WLS,iv,200301,200302,0.00735776452551195,-0.0607032773182789,-0.00812746996001677,,0.0259982143924824,3618,1
WLS,iv,200302,200303,0.0279758602022659,-0.0654280421028984,0.00356709171286937,,0.0359570425633619,3591,1
WLS,iv,200303,200304,0.129021445982012,-0.0382440011127546,-0.0849075608238668,,0.0446159664057827,3543,1
WLS,iv,200304,200305,0.0519210091707499,0.0751773367811233,-0.0219431542286215,,0.035627804544865,3509,1
WLS,iv,200305,200306,-0.00188963478172313,0.0199451843932911,0.0240192220601723,,0.00562691762475387,3497,1.00000000000001
WLS,iv,200306,200307,0.000125491953127374,0.0319092930986599,0.0228118688743659,,0.00431582202249714,3553,1
WLS,iv,200307,200308,0.0092396844667885,0.0790119917341182,0.00253115011465329,,0.0469377431798627,3531,0.999999999999996
WLS,iv,200308,200309,-0.00872505963752668,-0.0496686017250323,0.00537897915722062,,0.0262263905345458,3500,0.999999999999999
WLS,iv,200309,200310,-0.0104771748202266,0.114688968545054,0.0745664594970786,,0.0543905397485378,3481,0.999999999999997
WLS,iv,200310,200311,-0.0166497251074989,0.0630637452228596,0.0288493601421054,,0.0328639929976537,3452,0.999999999999998
WLS,iv,200311,200312,0.107999807524408,-0.0301142033430751,-0.108952126076961,,0.108735442321146,3429,0.999999999999998
WLS,iv,200312,200401,0.022797786548647,-0.000436625383830131,-0.0103833763710184,,0.00100083844487064,3401,1
WLS,iv,200401,200402,-0.0234481394085388,0.0387295355029129,0.0449940812996786,,0.0222060345610636,3366,0.999999999999998
WLS,iv,200402,200403,-0.041678872051621,0.0383774867461279,0.0300162903355805,,0.0157783654524757,3349,0.999999999999997
WLS,iv,200403,200404,0.0130460611259744,-0.069280382259833,-0.00705121872797727,,0.0353981081323765,3330,1
WLS,iv,200404,200405,0.0127858213974642,-0.00825793443078453,0.00109268693732137,,0.00106004707891549,3311,1
WLS,iv,200405,200406,0.036062249725907,0.0196678300583335,-0.0372710196254433,,0.0373199356841955,3295,1
WLS,iv,200406,200407,-0.0670036021543815,0.0633065782109549,-0.00623826434191418,,0.0409453933184022,3342,1
WLS,iv,200407,200408,-0.0215364144550589,0.0121101876556661,0.015453331566121,,0.00280925866218185,3331,1
WLS,iv,200408,200409,0.0332599823245549,0.0273938935630213,-0.0460995134587408,,0.0487123062574308,3315,0.999999999999998
WLS,iv,200409,200410,-0.000871142036639854,0.0206338991412043,0.0174815089429774,,0.00419556345523175,3309,1.00000000000001
WLS,iv,200410,200411,0.0521680033386933,0.0354225928361404,-0.0382120780341855,,0.0465301740701727,3293,1
WLS,iv,200411,200412,0.0285309962402099,-0.0167322270629866,0.0200698106922168,,0.0169587674079995,3275,1
WLS,iv,200412,200501,-0.06785442535896,0.0433811973735005,0.0426829403999891,,0.0224310652653047,3248,1
WLS,iv,200501,200502,0.00857372840128785,0.0583117158119184,-0.00819962532289564,,0.0346579709146388,3222,1
WLS,iv,200502,200503,-0.0348003734668262,0.0245614787363518,0.0187437721851469,,0.00736727887272792,3210,1
WLS,iv,200503,200504,-0.00636715458562754,-0.0566903601570394,-0.0077211913943231,,0.0314180745990914,3194,1
WLS,iv,200504,200505,0.0254003833626802,0.00609546035361788,0.0226250516164133,,0.00572075626030721,3173,1
WLS,iv,200505,200506,-0.0448031856634924,0.072372539369599,0.0300954376272017,,0.0606795865854966,3150,1.00000000000001
WLS,iv,200506,200507,0.047661676063753,0.00229087622357664,-0.0030520018987047,,0.000251897368816256,3223,1
WLS,iv,200507,200508,0.00687649451716684,0.0132533038902216,-0.0455513781838512,,0.0381448822745758,3202,0.999999999999998
WLS,iv,200508,200509,0.0138687475226596,0.0194415024410206,-0.0381135648062205,,0.034021088041003,3169,1
WLS,iv,200509,200510,-0.0169896665558337,-0.0492532716602621,0.0136101486557852,,0.0364578742356224,3160,0.999999999999996
WLS,iv,200510,200511,0.0581929116610315,-0.0293699161191332,-0.0206166394361622,,0.00811019839378768,3132,0.999999999999998
WLS,iv,200511,200512,-0.00772195009491982,0.0179728689295132,-0.00740390688924815,,0.00945798650781637,3109,0.999999999999999
WLS,iv,200512,200601,-0.000322987123305693,0.092354715211946,-0.000213164419985755,,0.0613038398988675,3085,1
WLS,iv,200601,200602,-0.00407519993453799,-0.0161856015411203,0.00886573928825589,,0.0065132656470116,3039,1
WLS,iv,200602,200603,0.0246353059522255,0.0143506156997495,-0.0198054500612095,,0.0138338573656356,3033,1
WLS,iv,200603,200604,-0.0102949131624076,0.047448628967388,-0.0143420516454169,,0.0442428078355857,3010,0.999999999999996
WLS,iv,200604,200605,-0.0359394130561727,0.00732810141770115,-0.00824564002570212,,0.00274839455071596,2995,1
WLS,iv,200605,200606,-0.0294347904309451,0.033643342674103,0.0218995466287147,,0.0138405058257098,2968,1
WLS,iv,200606,200607,-0.0667274595413849,0.0648888534533158,0.0483083136449086,,0.0258351720846668,3146,0.999999999999996
WLS,iv,200607,200608,0.0318980113586287,-0.0382157544524561,0.0115329927469903,,0.0223704756904676,3132,1
WLS,iv,200608,200609,-0.0151713674359374,0.0176963345091057,0.05080723027956,,0.030589619211509,3116,1
WLS,iv,200609,200610,0.0337099680964566,0.000973198882200147,-0.000879504637228442,,3.37788459590094e-05,3105,0.999999999999998
WLS,iv,200610,200611,0.0438719631705567,-0.00265570623591174,-0.0433694501324269,,0.027152844318159,3088,1
WLS,iv,200611,200612,-0.0115975813707476,0.0275958049050484,0.0019984147535639,,0.0126506882468859,3068,0.999999999999994
WLS,iv,200612,200701,0.0163402617774586,-0.00502483230879864,0.00919142075564534,,0.00260657842071355,3046,0.999999999999998
WLS,iv,200701,200702,-0.01093105564961,0.00544408729850665,-0.0206606072426173,,0.0114972628841198,2992,0.999999999999998
WLS,iv,200702,200703,0.0130976360483162,0.0131235488130856,-0.0185161731882709,,0.0147755332611869,2981,1
WLS,iv,200703,200704,0.0504032191603044,-0.0305381692025011,0.000527964125729037,,0.0140887825776026,2957,0.999999999999997
WLS,iv,200704,200705,0.0401605755346395,0.023350871872391,-0.0254410777892262,,0.0295121038477338,2932,1
WLS,iv,200705,200706,-0.0116720449461826,0.00911087373761987,-0.0093439224221344,,0.00606927350650899,2914,1
WLS,iv,200706,200707,0.0229244735271229,-0.0576303836069419,-0.0472196873482937,,0.0336373108848245,3072,0.999999999999998
WLS,iv,200707,200708,0.0242966307723729,-0.0346910724944533,-0.00236826581518429,,0.0192505116863632,3056,0.999999999999997
WLS,iv,200708,200709,0.10421392097999,-0.0703186777865025,-0.0727637880822059,,0.0616413693836563,3024,1
WLS,iv,200709,200710,0.0536049295729462,-0.0476217675411071,-0.0211491699073741,,0.0124454773493771,3012,1
WLS,iv,200710,200711,-0.0605648256992238,-0.00639912280439755,0.0310498831123129,,0.0127654841777588,2984,1
WLS,iv,200711,200712,-0.0101194900189263,0.0371266370691492,-0.0106777327379959,,0.0185241273000871,2952,1
WLS,iv,200712,200801,-0.10484209744596,0.0398794873626403,0.0307890023334256,,0.00864868056098145,2934,0.999999999999999
WLS,iv,200801,200802,-0.0162620562388014,0.0284544469579894,-0.0149390677545722,,0.0108440309856596,2896,1
WLS,iv,200802,200803,-0.00545253907941683,0.00174098403741651,0.00786525672172133,,0.000509328015070865,2892,0.999999999999997
WLS,iv,200803,200804,0.0386723364918871,0.0229565734783647,-0.00742402606505107,,0.00535918510799527,2867,1
WLS,iv,200804,200805,0.0176725424661881,0.033141153141756,-0.00124436474839105,,0.011929607526594,2843,1
WLS,iv,200805,200806,-0.105403115050863,0.0334973316327377,0.0426730805031822,,0.00984437128285953,2823,0.999999999999997
WLS,iv,200806,200807,-0.0552132263860158,-0.0165938869063281,0.0810438668830127,,0.031853316513602,2993,0.999999999999995
WLS,iv,200807,200808,-0.0557800912613373,0.0770562559473363,0.0873250029096292,,0.0740578334510288,2976,0.999999999999997
WLS,iv,200808,200809,-0.221361206458536,0.0738640626469733,0.168605320750041,,0.111695380908168,2948,0.999999999999996
WLS,iv,200809,200810,-0.219914408001596,-0.0281174779500785,0.109358194147367,,0.0551818269097461,2938,0.999999999999997
WLS,iv,200810,200811,-0.0898982869924256,0.00730417527424771,0.0354261509022762,,0.00382137046642816,2910,0.999999999999998
WLS,iv,200811,200812,-0.00950153327355018,0.026967460882912,0.0364230966039315,,0.00538991460449312,2888,0.999999999999998
WLS,iv,200812,200901,-0.014867657771215,-0.10297258618918,-0.0159658124824291,,0.0387784836902936,2875,1
WLS,iv,200901,200902,-0.14880778721729,-0.0309489118272431,0.122084283021761,,0.100198940330333,2832,1
WLS,iv,200902,200903,0.0688747878388409,-0.00147644432173489,0.025641992784285,,0.00376605119899565,2819,1
WLS,iv,200903,200904,0.129573229936241,0.0720337724635942,-0.103949362207927,,0.0454834581206995,2796,1
WLS,iv,200904,200905,0.131315441944254,-0.065928818398292,-0.115572996907779,,0.0537816827359866,2772,1
WLS,iv,200905,200906,-0.0404859499804801,-0.0129680858757991,0.0899303207942885,,0.0738482615441541,2754,0.999999999999998
WLS,iv,200906,200907,0.0848061002293419,0.0524807053168822,-0.0417946684402563,,0.0349168954713091,2915,1
WLS,iv,200907,200908,-0.000531628778895382,0.0596570700348339,0.0100083382064257,,0.0235342619654467,2900,0.999999999999996
WLS,iv,200908,200909,0.0484372647954996,0.0536737790023696,-0.0324515238755634,,0.0426964556973312,2886,0.999999999999993
WLS,iv,200909,200910,-0.0374037430593594,-0.0459879564039316,0.0603769369775664,,0.0745379609882745,2885,0.999999999999999
WLS,iv,200910,200911,0.114730780616721,-0.0820468931564801,-0.0528235981798329,,0.0445264006507445,2868,1
WLS,iv,200911,200912,0.0139987929746979,0.0699202574581913,-0.00729937254477395,,0.0481041591202789,2842,1
WLS,iv,200912,201001,-0.032597326426444,-0.0156112416597514,-0.00566629451936015,,0.00187840686601393,2827,1
WLS,iv,201001,201002,0.014611087310806,0.0515045376325638,0.0102409949225095,,0.0236531977301864,2791,1
WLS,iv,201002,201003,0.0704773944420054,0.0198153965177625,-0.0298256653417856,,0.0209615021827,2783,0.999999999999994
WLS,iv,201003,201004,0.00447336359652918,0.0732488019700141,-0.0101380348781201,,0.0513802066057768,2764,0.999999999999998
WLS,iv,201004,201005,-0.0858301520932634,-0.00976558197277876,0.0225576266060383,,0.0122196561416719,2747,1
WLS,iv,201005,201006,-0.0159112646514523,-0.0934600204119707,-0.0229573765191354,,0.0767084305984239,2745,0.999999999999998
WLS,iv,201006,201007,0.0938616445961183,-0.00747694093285722,-0.0374012591223073,,0.0119749446127095,2805,1
WLS,iv,201007,201008,-0.049049817898447,-0.00567585961760019,0.0132880269049115,,0.00311468367844614,2777,1
WLS,iv,201008,201009,0.100588067957017,0.00018075566602525,0.00652090793590458,,0.000498866446355106,2762,1
WLS,iv,201009,201010,0.0755020588953906,-0.0374131074941224,-0.0319303058473795,,0.0141763612509304,2743,1
WLS,iv,201010,201011,0.0196662012608005,0.000833092653774499,-0.0215209982288624,,0.00546958687632548,2724,1
WLS,iv,201011,201012,0.0790075911375819,0.0340892991055544,-0.0552321051024234,,0.0797062651595742,2700,1
WLS,iv,201012,201101,0.0633801060211631,-0.0177065651679789,-0.0718179513989804,,0.0521552427886092,2673,1.00000000000001
WLS,iv,201101,201102,0.0355509346907957,0.0414031250127899,-0.0273988980536745,,0.0421249216967566,2651,1
WLS,iv,201102,201103,0.00578426231899765,0.0129568844952637,-0.00214960792955988,,0.00289318980780817,2636,1.00000000000001
WLS,iv,201103,201104,0.0171397587029835,-0.00354397584541994,0.0367697874361321,,0.0263028104814301,2620,0.999999999999996
WLS,iv,201104,201105,-0.0404530203427967,0.00586992458911306,0.0551796214832419,,0.0488277029701174,2603,1
WLS,iv,201105,201106,-0.0338851603114699,0.00549145199577405,0.0298396551631512,,0.0193839585907153,2578,1
WLS,iv,201106,201107,-0.00414793428606805,-0.0503214620160288,0.00772798351613692,,0.0291357440526286,2631,1
WLS,iv,201107,201108,-0.0871110954943724,-0.0131686883620194,0.0698418495085259,,0.0575451470566022,2619,1
WLS,iv,201108,201109,-0.143673799552069,0.018644954797009,0.124099885335942,,0.0961788136253364,2605,1
WLS,iv,201109,201110,0.157973418140588,0.00349617478443018,-0.089947641178664,,0.0513243452035382,2599,1
WLS,iv,201110,201111,-0.0164710262725821,0.0279603756963635,0.0152320503508914,,0.00685880814453499,2585,1
WLS,iv,201111,201112,-0.0206267368105608,0.0498919618954579,0.0121142642280013,,0.0240617082197906,2566,1
WLS,iv,201112,201201,0.102343232080241,-0.0804763249531975,-0.0394501160041271,,0.0362374371434596,2561,1
WLS,iv,201201,201202,0.0637402584325048,-0.0263306228994217,-0.0201239791642846,,0.00633777426107995,2526,0.999999999999998
WLS,iv,201202,201203,0.0105234700151088,-0.0351826775710126,0.055411339616338,,0.105865770358256,2511,0.999999999999997
WLS,iv,201203,201204,-0.00939746128433035,-0.00406209448493267,0.0103000692861196,,0.00279532241935676,2499,1
WLS,iv,201204,201205,-0.112080209783795,0.0468532149515284,0.0644302940132475,,0.031645913072907,2486,1
WLS,iv,201205,201206,0.0312298170614093,0.0353244727323496,-0.0142915050882673,,0.0263581747010333,2492,1
WLS,iv,201206,201207,0.00485949605315058,0.012710008948834,0.0031240848791397,,0.00121003937641029,2582,1
WLS,iv,201207,201208,0.0164056550889951,0.0102265329194256,0.0117906598222509,,0.00141849548120809,2569,1
WLS,iv,201208,201209,0.0347206631288891,0.0174579806697993,-0.0297588870516079,,0.0351338861033207,2553,0.999999999999997
WLS,iv,201209,201210,-0.0312314191556744,0.0297424765152562,-0.00808209124417522,,0.0138525016649723,2543,1.00000000000001
WLS,iv,201210,201211,0.023246871311005,-0.0226553768781797,-0.00732650524219777,,0.00490670109453417,2521,1
WLS,iv,201211,201212,0.0152166964099051,0.0329615228715127,-0.0390442004569996,,0.0726520312122784,2507,1
WLS,iv,201212,201301,0.0318378681887443,0.0522970867028953,0.00416656672104908,,0.022492542339248,2493,1
WLS,iv,201301,201302,0.0133304652350016,0.00681335408731455,-0.00766908671895322,,0.00263025481933477,2465,1
WLS,iv,201302,201303,0.036098421125291,0.00414753378971482,0.00113465543595653,,0.000231288295393206,2461,1
WLS,iv,201303,201304,-0.000532927568057769,-0.00473879017287816,0.0303271733254116,,0.0137178249972729,2447,1
WLS,iv,201304,201305,0.0360294707634929,0.00109972649873109,-0.0212168843101982,,0.00592027771748782,2430,1
WLS,iv,201305,201306,-0.0130618661198712,0.00737139972849248,-0.00759871192482084,,0.00315266999191377,2426,1
WLS,iv,201306,201307,0.068380698239012,-0.0132215745857504,-0.0165789976228822,,0.00265567684047185,2504,1
WLS,iv,201307,201308,-0.00272069830522073,-0.0263658877936425,-0.0207759122727631,,0.00888558813612439,2493,1
WLS,iv,201308,201309,0.0652772133707293,-0.030626766564953,-0.0277061998420078,,0.0120395171579261,2478,0.999999999999999
WLS,iv,201309,201310,0.0260303510452348,0.0330994436443285,0.0125467457068349,,0.00848502961894937,2466,1
WLS,iv,201310,201311,0.0268005461297208,-0.013814369485544,0.0149007956320994,,0.0091839044543276,2448,1
WLS,iv,201311,201312,0.049445924491471,-0.00388262095337815,-0.041889616237692,,0.0301847785890742,2431,1
WLS,iv,201312,201401,-0.00346398751135047,-0.0299582071191205,-0.0401706678274689,,0.0137752749683336,2421,1
WLS,iv,201401,201402,0.0521603162987149,-0.0123336741082092,0.00397970972530523,,0.00280838494101576,2402,0.999999999999998
WLS,iv,201402,201403,-0.0414002514047064,0.0773702500233547,0.0258815552286568,,0.0670371810411116,2387,1
WLS,iv,201403,201404,0.00835786447007489,0.0131910523348028,-0.0171988227189358,,0.00928774818719846,2380,1
WLS,iv,201404,201405,0.0369362363443315,-0.0137859389963981,-0.0186192799951591,,0.00524914050615943,2371,0.999999999999997
WLS,iv,201405,201406,0.0117529460174241,0.0325325359604876,-0.0045097756887338,,0.019002783058755,2365,1
WLS,iv,201406,201407,-0.0358523376889085,0.0105759359964174,0.0281587589625864,,0.00708729621382653,2449,1
WLS,iv,201407,201408,0.0678274198055129,-0.0484948902517024,-0.0112819201969187,,0.03187921488825,2448,1
WLS,iv,201408,201409,-0.0378307490893793,-0.0300886618639628,0.0519107110793371,,0.0836651031798863,2438,0.999999999999998
WLS,iv,201409,201410,0.0400649747125589,-0.0557265776183163,0.00896812706989077,,0.0354837498054096,2431,1
WLS,iv,201410,201411,-0.0143268426853026,-0.00652919009204246,0.0833388172311607,,0.072357574363678,2419,1
WLS,iv,201411,201412,-0.031049901005381,0.0308765338789615,0.0243046496003424,,0.0131259314072517,2410,1
WLS,iv,201412,201501,-0.00180429884628338,-0.0627102176102346,0.00528275904681047,,0.0426601454650049,2396,1
WLS,iv,201501,201502,0.0972435051668878,-0.0252940204409529,-0.0430223636581079,,0.0187361253347317,2372,0.999999999999999
WLS,iv,201502,201503,-0.0104746356149997,-0.019926097667558,0.00579322882771565,,0.00946661578836505,2357,1
WLS,iv,201503,201504,0.0135755214907654,0.0227147838082326,-0.0275872592248236,,0.0208632738834422,2344,1
WLS,iv,201504,201505,0.0252104382547849,-0.0395527466168567,0.00219130026843742,,0.0222025015894362,2336,0.999999999999997
WLS,iv,201505,201506,-0.00774707100838764,-0.0383369285900758,0.00748025258742219,,0.0325862479914807,2334,1
WLS,iv,201506,201507,0.0325665968546479,-0.0975924607983683,0.0280196511214799,,0.0957916018703234,2464,0.999999999999999
WLS,iv,201507,201508,-0.0906467056886632,0.0390773101857828,0.029207362135382,,0.0172883098793672,2450,1
WLS,iv,201508,201509,-0.0572608514313784,0.00233690577397833,0.0477122961192051,,0.0271524828020854,2440,1
WLS,iv,201509,201510,0.115656020728148,-0.00707749078076669,-0.050828507670475,,0.0161919535429748,2432,1.00000000000001
WLS,iv,201510,201511,0.0111755774890621,-0.00908833672288508,-0.00625568311744113,,0.00069425884477381,2410,0.999999999999998
WLS,iv,201511,201512,-0.0296622341324474,-0.0344552291131388,0.0386226800550509,,0.0486893629007306,2401,1
WLS,iv,201512,201601,-0.138832007892523,0.083267704946576,0.0971141396899635,,0.0541581913870506,2392,1
WLS,iv,201601,201602,0.00972516779408608,0.00558751241878932,-0.0124416476317106,,0.00254670189663508,2351,1
WLS,iv,201602,201603,0.0706113090964094,0.0240240251743958,-0.0168721550862315,,0.0173576290322208,2343,0.999999999999997
WLS,iv,201603,201604,0.035064094145076,0.018116997916876,-0.0668788722450047,,0.0530598081500135,2330,1
WLS,iv,201604,201605,0.0025855334260298,-0.00487401871228187,0.0282499386515848,,0.0128550306183379,2313,1
WLS,iv,201605,201606,-0.0163805470269241,0.038452877531243,0.014815795384285,,0.0146153766293859,2305,1
WLS,iv,201606,201607,0.023316229218174,-0.0112269871543266,0.0405657394029313,,0.0271452546836658,2505,0.999999999999997
WLS,iv,201607,201608,-0.0050433755084468,0.0116155350776661,-0.00211606533167486,,0.00233799650169797,2490,0.999999999999997
WLS,iv,201608,201609,0.00656343896004937,0.0133640601158733,-0.0102985448958084,,0.00649088840858592,2473,1
WLS,iv,201609,201610,-0.0199243777170598,-0.0116773936637534,-0.00636717606191221,,0.001192445065621,2455,1
WLS,iv,201610,201611,0.0488368862214324,0.0659580689101402,-0.0652021023011568,,0.0872408011045177,2444,1
WLS,iv,201611,201612,0.000396130415768992,0.0222069338685723,0.00786467829493607,,0.00690676086304054,2425,1
WLS,iv,201612,201701,0.057942850564398,-0.0595741357625387,-0.0245588618957692,,0.0295588360857597,2420,1
WLS,iv,201701,201702,0.0370484584896727,-0.0522860550979266,0.0287117483067246,,0.0732206425653098,2397,1
WLS,iv,201702,201703,0.00416704459161128,-0.0211865447560234,0.0203378317760084,,0.0276891751995508,2382,1
WLS,iv,201703,201704,0.00425407964551955,-0.0163326057758429,0.025683587349092,,0.0265368960552833,2372,0.999999999999999
WLS,iv,201704,201705,0.0174913977462319,-0.0511117059561987,0.0276211769191394,,0.0522094581736718,2355,1
WLS,iv,201705,201706,0.0285654206172888,-0.0269252139435605,-0.035971217035544,,0.0136984114340001,2349,1
WLS,iv,201706,201707,0.028817095225029,-0.0110421669158387,-0.0112523228861189,,0.00158719406177277,2473,1
WLS,iv,201707,201708,0.0257580551949555,-0.0467470936814425,-0.00860371644595934,,0.0212840420260648,2474,1
WLS,iv,201708,201709,0.0287429415393202,0.0308933397887298,-0.0326256861270443,,0.0342835802747237,2457,0.999999999999997
WLS,iv,201709,201710,0.00345970045104402,-0.0318846486364393,0.0512355542007609,,0.0407849208327445,2446,1
WLS,iv,201710,201711,-0.00717339241915258,0.0260185271528447,0.0516706437483909,,0.0191116912784851,2433,0.999999999999999
WLS,iv,201711,201712,0.0164539841249298,0.0155959531707754,-0.0174061545441832,,0.0157654710110615,2414,1
WLS,iv,201712,201801,0.0769159591624009,-0.0717139998503719,0.0123727512409637,,0.0486794850427922,2398,1
WLS,iv,201801,201802,-0.0215952434139658,-0.0635505842122446,0.0118896618387991,,0.0517215748293203,2376,1
WLS,iv,201802,201803,-0.0422331183469559,0.0322191105660127,0.0164142932582319,,0.0121904380534695,2368,1
WLS,iv,201803,201804,0.0114918759238299,-0.000355070805787003,-0.017643254300197,,0.00308541160199183,2358,1
WLS,iv,201804,201805,0.0486592522451691,-0.022815507701951,-0.01281356852995,,0.00337563047649869,2346,1
WLS,iv,201805,201806,-0.0274326358867715,0.0186480347882967,0.0504388893066293,,0.0259134640302456,2344,1
WLS,iv,201806,201807,0.0354743670504474,-0.013782117631797,-0.00149912191570714,,0.0019598381598952,2448,1
WLS,iv,201807,201808,0.024293191496191,-0.055773861910663,0.0607679814027125,,0.0761659451092894,2440,1
WLS,iv,201808,201809,0.0340784204845725,-0.027321464559218,-0.031359317675643,,0.0125621856431263,2433,1
WLS,iv,201809,201810,-0.103847767772673,0.0535541743520007,0.00455204351750619,,0.0167692843395814,2427,1
WLS,iv,201810,201811,-0.00582220334813043,-0.00154390312043998,0.0343793579225631,,0.00730450007257522,2411,1
WLS,iv,201811,201812,-0.100251761113739,-0.0283686659333366,0.0283473124729745,,0.0360223262643026,2396,1
WLS,iv,201812,201901,0.105644444778287,-0.00879107782618773,-0.0305788162007415,,0.00223141082640188,2384,1
WLS,iv,201901,201902,0.0820624615080018,-0.0589406888977353,-0.0425942582592176,,0.0236945456827038,2360,1
WLS,iv,201902,201903,0.0223594163136927,-0.030589227971244,0.0105914645664018,,0.0183107399794475,2349,1
WLS,iv,201903,201904,0.042153950351194,-0.0336933904964093,0.00797966248460443,,0.0131217332653225,2334,1
WLS,iv,201904,201905,-0.0515757394894025,-0.029595006084401,-0.0196104886565379,,0.00578409801212654,2325,1
WLS,iv,201905,201906,0.096893731760542,-0.0140819585240904,-0.0290698592150665,,0.00791278843499799,2321,1
WLS,iv,201906,201907,-0.00389650874028944,0.00178576391091406,0.0216521823209539,,0.00520358115477437,2445,1
WLS,iv,201907,201908,-0.00261555288525332,-0.0680102129467338,0.00401171719132183,,0.0383513013574781,2437,0.999999999999998
WLS,iv,201908,201909,-0.0297294273134382,0.0841043818161417,0.0269218001599171,,0.0684941295017105,2429,1
WLS,iv,201909,201910,0.00712433985835614,-0.00432444894984266,0.0237191836777592,,0.00658048327718253,2424,1
WLS,iv,201910,201911,0.0922040499674945,-0.068105924491541,-0.0557537697048358,,0.0383013472694079,2405,1
WLS,iv,201911,201912,0.0103611229164624,0.0216450687997061,0.0181996351598409,,0.00501209499180544,2394,1
WLS,iv,201912,202001,0.0694148214200661,-0.154393472646708,-0.0361766710388999,,0.128826375684647,2375,1
WLS,iv,202001,202002,-0.105132574306192,-0.0187024641790469,0.0567561902645635,,0.03948385113981,2357,1
WLS,iv,202002,202003,-0.164767135825266,-0.126442756329034,0.135626554546093,,0.142155280422698,2355,0.999999999999997
WLS,iv,202003,202004,0.112942047211675,0.0313640427165229,0.035940781067072,,0.00421713464600482,2343,0.999999999999998
WLS,iv,202004,202005,0.0559073652462589,-0.0156961354623304,0.00989797938333365,,0.00349940702480056,2332,1
WLS,iv,202005,202006,0.0909234636594705,-0.127835545507987,-0.0352643049351395,,0.0710962742288927,2319,1
WLS,iv,202006,202007,0.0735267901124911,-0.0792261845420655,0.0192086341434445,,0.0366893162639249,2466,1
WLS,iv,202007,202008,0.16843264623744,-0.160814495270285,-0.0620609006847472,,0.058759722575209,2460,1
WLS,iv,202008,202009,-0.0370940323140698,0.00753553819381731,-0.00751919084319798,,0.00167269485834798,2451,1
WLS,iv,202009,202010,-0.0581333545947878,0.0706807850725047,0.0164544936306454,,0.031026032190724,2443,0.999999999999999
WLS,iv,202010,202011,0.225427344727691,-0.00108284979050649,-0.165851752048583,,0.0907915720038897,2434,0.999999999999998
WLS,iv,202011,202012,0.114969364720572,-0.0814629641856473,-0.0729514437212309,,0.0390633738862911,2428,0.999999999999998
WLS,iv,202012,202101,-0.0135745069021614,0.0659447458454637,-0.00710514557818918,,0.00993568049083959,2420,0.999999999999998
WLS,iv,202101,202102,-0.00734185447774727,0.138999574020185,-0.0220566263127979,,0.0870902670886847,2403,1
WLS,iv,202102,202103,-0.0497255179307714,0.0989080174198891,0.0789199517948926,,0.055211988916801,2398,1
WLS,iv,202103,202104,0.0352693946975142,-0.0335723292332755,0.0345204517197254,,0.0387465573594272,2391,0.999999999999998
WLS,iv,202104,202105,-0.045883100310412,0.104913233061712,0.0211216661721642,,0.0926798754142052,2378,0.999999999999999
WLS,iv,202105,202106,0.0505329772989989,-0.0964820313690528,0.0234270229610017,,0.0929823633580374,2377,0.999999999999998
WLS,iv,202106,202107,-0.00474948769016661,-0.0425880999182376,0.0531141269406974,,0.0650779590794638,2497,1
WLS,iv,202107,202108,0.0125656662128035,-0.0274163337306651,0.0338097626410588,,0.0302732210052497,2497,1
WLS,iv,202108,202109,0.00171884180771903,0.0100413120596223,-0.0786041350757996,,0.0841285262396768,2489,1
WLS,iv,202109,202110,0.0893490807166037,-0.0876514417567372,0.00297143130895925,,0.0382431052075982,2486,1
WLS,iv,202110,202111,-0.0617780759319239,-0.0365680993334205,0.102358371375701,,0.0758022239487338,2477,0.999999999999999
WLS,iv,202111,202112,-0.0103420348258925,0.0820149933411363,0.0291453779510951,,0.0383118491224019,2464,1
WLS,iv,202112,202201,-0.0941815437342483,0.132921918047177,-0.0175931088949292,,0.130052860837077,2457,0.999999999999998
WLS,iv,202201,202202,0.0119022326700527,0.0410863589284766,-0.0765667359615555,,0.0633515097361029,2442,1
WLS,iv,202202,202203,0.0833331163973691,-0.0363853164999794,-0.0544191775908594,,0.0163216345396173,2442,0.999999999999999
WLS,iv,202203,202204,-0.16150283953906,0.125737560834706,0.0452009688586327,,0.0718478399900967,2431,0.999999999999998
WLS,iv,202204,202205,-0.0536320452613895,0.145174910859189,0.000746847206606784,,0.151217465151547,2422,1
WLS,iv,202205,202206,-0.094992058050387,-0.0321479400836328,0.0331446141986137,,0.0300078056081883,2419,1
WLS,iv,202206,202207,0.171643632007622,-0.146267933517703,-0.0418787653981592,,0.0911879656920677,2597,1
WLS,iv,202207,202208,0.00771454584215621,0.00681660694527574,-0.0740656884865092,,0.0478713461137367,2594,1
WLS,iv,202208,202209,-0.108471160130034,-0.000963729009134373,0.0190230651037247,,0.00342829006270629,2583,1
WLS,iv,202209,202210,0.0732474241496298,0.118976758478592,-0.044999635702174,,0.0876732216773103,2574,0.999999999999998
WLS,iv,202210,202211,0.0151638881522548,0.021588849804853,0.0380585380255148,,0.00439603123986232,2565,0.999999999999998
WLS,iv,202211,202212,-0.0688941675520627,0.0400068009927544,-0.011120466375425,,0.0182330498361146,2556,0.999999999999999
WLS,iv,202212,202301,0.0800050932532272,-0.035675572375955,-8.0809395149891e-05,,0.00602147084651217,2558,0.999999999999999
WLS,iv,202301,202302,0.00671084128076058,-0.0789314312270599,-0.0101525797794191,,0.0541030502014776,2527,1
WLS,iv,202302,202303,-0.0327051460015232,-0.0512550380992769,0.136315453550508,,0.192380846847868,2510,1
WLS,iv,202303,202304,-0.0574071730195231,0.0311011458509922,0.0753617679367969,,0.0310642769205964,2494,1
WLS,iv,202304,202305,0.0139658029658183,-0.153382783489754,0.0546934210726585,,0.125244310799513,2485,0.999999999999996
WLS,iv,202305,202306,0.117859949401027,-0.0565220429751786,-0.0476193269765858,,0.0218370834292545,2484,1
WLS,iv,202306,202307,-0.0161055056218377,0.0754132108616054,0.0345915235612275,,0.0334982608579049,2854,0.999999999999996
WLS,iv,202307,202308,-0.0524043522870671,-0.00795213646873947,0.0488217216555333,,0.0192444155776055,2856,1
WLS,iv,202308,202309,-0.0889016730546442,0.0721051802383605,0.0200423226652082,,0.0518824076665719,2836,1
WLS,iv,202309,202310,-0.0791331011917308,-0.0310722639801446,0.0777886001713635,,0.0591925393878077,2830,1
WLS,iv,202310,202311,0.130066302021017,-0.0732500679639916,-0.0309602068112288,,0.0210079981299284,2806,1
WLS,iv,202311,202312,0.0607443630302808,0.0529755964386357,-0.0377242800221406,,0.0406888451112395,2782,1
WLS,iv,202312,202401,-0.0327119866412009,-0.00742739478211182,0.0640975686320618,,0.0212887770308717,2765,1
WLS,iv,202401,202402,0.015945529923351,0.00726705503021215,0.0560218191463563,,0.00980751679443737,2735,1
WLS,iv,202402,202403,0.0133517930508331,0.0729714498618698,-0.0120103064099894,,0.0431588606477985,2725,0.999999999999999
WLS,iv,202403,202404,-0.040962805383146,-0.0267762911353035,-0.00346273071236282,,0.00536723491608571,2706,1
WLS,iv,202404,202405,0.00326374231445857,-0.040826418714764,0.0739380550643724,,0.0386715492028712,2692,0.999999999999998
WLS,iv,202405,202406,-0.0057192503864174,-0.10624022298819,0.0999610383254392,,0.189447455889304,2672,1
WLS,iv,202406,202407,0.0700623917464092,0.0219242251722662,-0.107317452157059,,0.0748200379713132,2796,1
WLS,iv,202407,202408,0.0225699605218322,-0.0687846395971099,0.0141833600069981,,0.0389381262958907,2773,0.999999999999998
WLS,iv,202408,202409,0.0549386469696129,-0.0378376300642792,-0.0335798263236211,,0.00894495896777303,2757,1
WLS,iv,202409,202410,-0.0614749019843107,0.0269614024901063,0.0564170376036493,,0.018190515531922,2745,1
WLS,iv,202410,202411,0.100680739900742,-0.0364139331416095,-0.0474971133204306,,0.00581674828160506,2727,1
WLS,iv,202411,202412,-0.0431464110098321,-0.0950195300710454,0.0611362324497994,,0.0767776653458685,2713,1
WLS,v,197306,197307,0.128139599753618,-0.0874638344739153,,-0.077065018683031,0.00733541345914657,1471,1
WLS,v,197307,197308,-0.0267495171308304,0.00703478396090779,,-0.0193399470798385,0.0104606448360037,1469,0.999999999999998
WLS,v,197308,197309,-0.0629849250846727,0.230672395686717,,0.0586663894455106,0.224805935145229,1469,1
WLS,v,197309,197310,-0.109350025450869,0.0963586721110986,,0.108084774570439,0.00819136584746905,1470,1
WLS,v,197310,197311,-0.414115861762905,0.255544564440519,,0.297502586358289,0.0486396947756242,1468,1
WLS,v,197311,197312,-0.179983858153318,0.276693461524102,,0.149057920694197,0.169474234316772,1470,1
WLS,v,197312,197401,0.245253685903264,-0.174010110025839,,-0.277404401620233,0.0756947311167528,1469,1
WLS,v,197401,197402,-0.083704478920115,0.120267219616313,,0.0639587111635336,0.0795880508616849,1467,1
WLS,v,197402,197403,0.0979357390889643,-0.134181343307052,,-0.114878060232675,0.0368537845942978,1466,0.999999999999998
WLS,v,197403,197404,0.0782063648143514,-0.112445393365285,,-0.118574264074291,0.0205221572526914,1466,1
WLS,v,197404,197405,0.0506398177747284,-0.134237445738202,,-0.0623030604127927,0.0775030268712249,1466,1
WLS,v,197405,197406,-0.123600021643836,0.110120786783054,,0.106338863326459,0.0229340141335328,1463,1
WLS,v,197406,197407,-0.267805836398838,0.274691767898783,,0.143692463384687,0.155189128111483,1585,0.999999999999998
WLS,v,197407,197408,-0.27812053817111,0.220203633540264,,0.175249434321108,0.0476111802087386,1584,1
WLS,v,197408,197409,-0.40017681864843,0.371798681859487,,0.23323870057381,0.196952907242658,1580,0.999999999999999
WLS,v,197409,197410,-0.0399716074430413,-0.00164829644587652,,0.255204808367485,0.141331962019624,1581,1
WLS,v,197410,197411,-0.123963860859981,0.0759921085671962,,0.0698154590612076,0.00513745765137874,1577,1
WLS,v,197411,197412,-0.170045853000368,0.155451946171489,,0.125927692288451,0.0302772128980369,1576,1
WLS,v,197412,197501,0.582235732118209,-0.230269199208363,,-0.507792065548425,0.140426653850077,1579,1
WLS,v,197501,197502,0.182097354477416,-0.230181538810442,,-0.0755894146530208,0.165230899583653,1577,0.999999999999999
WLS,v,197502,197503,0.264436866469422,-0.159353964485605,,-0.245315085331613,0.047479124322897,1574,1
WLS,v,197503,197504,0.111343831166306,-0.0643539061777107,,-0.0615097399592878,0.00201148018210351,1573,1
WLS,v,197504,197505,-0.0601840143297633,0.0811000743367144,,0.110997543324584,0.00775362159085713,1572,1
WLS,v,197505,197506,0.0494875152702176,0.0437744313536954,,-0.0226463626536834,0.039903801538996,1571,0.999999999999998
WLS,v,197506,197507,-0.154703074092587,0.153635821290515,,0.065334933553237,0.099208576355479,1990,1
WLS,v,197507,197508,0.0409802574726333,-0.0620510378386785,,-0.0631732166895576,0.00384447936066434,1989,1
WLS,v,197508,197509,-0.00178369006265391,-0.021258910150016,,-0.0449353707666482,0.00644807590895746,1989,0.999999999999998
WLS,v,197509,197510,0.236260141897537,-0.218465479619398,,-0.161863648947192,0.044566929401317,1989,1
WLS,v,197510,197511,0.0866646648435486,-0.0513273139656102,,-0.0607852809323137,0.00251280989312841,1989,0.999999999999995
WLS,v,197511,197512,-0.102998212781748,0.121335148596659,,0.0699021518145799,0.0569433267311577,1986,0.999999999999995
WLS,v,197512,197601,0.280814526661386,-0.0168929135209056,,-0.183509900283374,0.13447770756769,1933,0.999999999999998
WLS,v,197601,197602,0.00804909488192596,0.126065570844503,,-0.0404341580409117,0.208554023919224,1934,1.00000000000001
WLS,v,197602,197603,-0.0105047066048487,0.0128509409428932,,0.0398383890112729,0.00635394263524414,1950,0.999999999999999
WLS,v,197603,197604,-0.132602167992239,0.143480725487748,,0.105485132554391,0.0448303574696031,1938,0.999999999999998
WLS,v,197604,197605,-0.0841946137944853,0.0651429128604543,,0.0685349104770212,0.00367506448200472,1953,1
WLS,v,197605,197606,0.0538479889710553,0.00893646573528749,,-0.0197095443414616,0.00932541556676836,1947,1
WLS,v,197606,197607,-0.0296099967979643,0.0356055149375285,,0.00574357066542535,0.0178501772239272,2409,0.999999999999997
WLS,v,197607,197608,-0.100485472890336,0.0712669012074436,,0.0980476219573865,0.0201813046527044,2219,1
WLS,v,197608,197609,0.0487932977749179,-0.00563082084490844,,-0.0330585860292095,0.0123362717122613,2207,1
WLS,v,197609,197610,-0.156210084851116,0.116180733546254,,0.129526961272189,0.0253084133775627,2375,1
WLS,v,197610,197611,-0.0572966453507973,0.10908188061172,,0.0381895966346244,0.0719461574273445,2373,1
WLS,v,197611,197612,0.166315572221643,-0.0482370655701516,,-0.135842089274761,0.100092179761103,2383,0.999999999999996
WLS,v,197612,197701,0.0512511589986532,0.0214693541016446,,-0.13545795260077,0.219095334888716,2350,1
WLS,v,197701,197702,-0.0475035695624004,0.0288068126464611,,0.0301739303262251,0.0016822827048103,2333,0.999999999999999
WLS,v,197702,197703,0.000726686733569584,0.00466099232687957,,-0.0248341742487465,0.0148505123749907,2350,1
WLS,v,197703,197704,-0.0218570214230361,0.0876986415976984,,-0.00615652887396382,0.118674692809103,2341,1
WLS,v,197704,197705,-0.062500152127187,0.0642588940540927,,0.0358870734085506,0.0201606739732744,2335,1
WLS,v,197705,197706,0.140488615910929,-0.114630737725323,,-0.0871887765935507,0.0312521204899191,2322,0.999999999999998
WLS,v,197706,197707,0.0353549310062024,-0.0594981423059256,,-0.0553627668630241,0.0120771141071669,2474,1
WLS,v,197707,197708,0.0114861271324224,-0.0945209051436022,,-0.000403579757353107,0.131931172467507,2459,1
WLS,v,197708,197709,-0.0339865358206846,0.043001566493614,,0.0216687771203406,0.0137659169790165,2447,1
WLS,v,197709,197710,0.0420774897011202,-0.0599231390531233,,-0.0919680598166482,0.0253117289817831,2427,1
WLS,v,197710,197711,0.0888871476207645,-0.027132564940442,,-0.0583639083013682,0.0140536454886208,2420,0.999999999999998
WLS,v,197711,197712,-0.00450048488859796,0.0182189145939342,,0.00443627617549826,0.00410297547211702,2414,0.999999999999998
WLS,v,197712,197801,-0.030118503869966,0.000874850180701009,,-0.0429047330891017,0.0326396619887045,2401,1
WLS,v,197801,197802,-0.0393625739501344,0.0655837852492575,,0.00626626477892188,0.0597972942242551,2381,1
WLS,v,197802,197803,0.0518002150110327,0.0321973160874044,,-0.0473429342526184,0.0650171865038531,2369,0.999999999999997
WLS,v,197803,197804,0.165342463498151,-0.129192337453944,,-0.0538280124475743,0.0915801674582144,2355,1
WLS,v,197804,197805,0.0770960262444731,-0.0314700053003699,,-0.0686633385793989,0.0163709296391134,2349,1
WLS,v,197805,197806,-0.00777119228293262,-0.0214648359803309,,-0.0113386398915068,0.00268680449633485,2328,1
WLS,v,197806,197807,0.179745145211362,-0.130742913692215,,-0.114772787290652,0.0441969058921238,2413,0.999999999999996
WLS,v,197807,197808,0.0367272170311232,0.0125363114005317,,-0.00589973013184992,0.00361617635512168,2402,1
WLS,v,197808,197809,-0.103685014421063,0.123773557554801,,0.0671906620630547,0.0841030824601814,2383,0.999999999999997
WLS,v,197809,197810,-0.183729699221536,0.0141265091012357,,0.089349847328166,0.0456254158518592,2383,1
WLS,v,197810,197811,0.0192667969550647,0.0191942930775389,,0.00352097310374077,0.00342785416263003,2376,0.999999999999998
WLS,v,197811,197812,0.0421484549101919,-0.0662682701234245,,-0.0104212596714333,0.0517270043908118,2364,0.999999999999997
WLS,v,197812,197901,0.0544226109280771,0.0339360621300993,,-0.0393720732477812,0.0607978951096008,2357,1
WLS,v,197901,197902,-0.155336125422763,0.116090940808866,,0.114903304974718,0.056858231079482,2321,1
WLS,v,197902,197903,0.0787019218357015,0.00905338031903844,,-0.0355395892909382,0.0237556185035462,2311,1
WLS,v,197903,197904,0.0548654176374275,-0.0308290204551441,,-0.0633941133801406,0.0182958079642994,2309,1
WLS,v,197904,197905,-0.0841303772756212,0.0458428375519112,,0.0592684124580108,0.0102997762511674,2300,1
WLS,v,197905,197906,-0.00835129146441433,0.0670005067170278,,0.0264419468187214,0.0227895606379714,2290,1
WLS,v,197906,197907,0.0153279956370707,0.0265001641669197,,-0.0280609445826386,0.0451330192572437,2371,1
WLS,v,197907,197908,-0.0018805384010084,0.0705108319524244,,0.0645476064854691,0.00951177752408228,2353,0.999999999999998
WLS,v,197908,197909,-0.039966704198828,0.0582459779172066,,0.0190468361763887,0.0244027137414882,2339,1
WLS,v,197909,197910,-0.114604124000517,0.00946596499869268,,0.0465804000165277,0.0198424804071495,2329,1
WLS,v,197910,197911,-0.181534693175351,0.190344544148085,,0.250211463158158,0.0698800009307117,2326,1
WLS,v,197911,197912,-0.11104423215658,0.142417129189091,,0.131297225421157,0.0302462743288827,2319,1
WLS,v,197912,198001,-0.0174141635878525,0.147024315432104,,0.0437166183714915,0.0699872346141285,2294,1
WLS,v,198001,198002,-0.0879212961897798,0.128281856664787,,0.0469077215771306,0.0411202008591547,2262,1
WLS,v,198002,198003,0.0844689735984391,-0.272483161949925,,-0.183447524843694,0.138036715784438,2249,1
WLS,v,198003,198004,-0.110805483280843,0.134927162389639,,0.134916200341662,0.027518741026165,2238,1
WLS,v,198004,198005,0.0278495450561739,0.0261783511200774,,0.0214044378253801,0.00149384909911554,2235,1
WLS,v,198005,198006,-0.0864362265795512,0.0973362293934633,,0.119953496344966,0.0262134090036881,2231,0.999999999999997
WLS,v,198006,198007,0.17717220904038,-0.109560696000883,,-0.086844878322306,0.0108209073358142,2318,1
WLS,v,198007,198008,-0.0645548721088195,0.0629117347733873,,0.094046401819063,0.0137865980850262,2317,1
WLS,v,198008,198009,-0.182327382359781,0.167383200517522,,0.235034185010018,0.0672599498821025,2307,0.999999999999994
WLS,v,198009,198010,-0.100617206336934,0.106104547465342,,0.117901907005553,0.0104747948024744,2292,1
WLS,v,198010,198011,-0.126568377539671,0.191108523866153,,0.262771957200151,0.0281957117280783,2286,1
WLS,v,198011,198012,0.129902137349558,-0.200913439057794,,-0.170375763029794,0.0364424575779398,2280,1
WLS,v,198012,198101,0.0509516392260251,-0.047563953704031,,-0.145785164335856,0.0638236718534092,2282,0.999999999999998
WLS,v,198101,198102,0.0574230369100277,-0.0334209190918892,,-0.0478843201284622,0.00346274969964211,2241,1
WLS,v,198102,198103,-0.0815477882576057,0.133511760611108,,0.108528048935591,0.0116727359450621,2230,1
WLS,v,198103,198104,0.10466671419757,-0.107336617477417,,-0.152183025915652,0.0262473810523907,2222,1
WLS,v,198104,198105,0.00297393942604511,-0.0189889185033576,,-0.00544028021400955,0.00208004316496591,2214,1
WLS,v,198105,198106,-0.0261434449450849,0.041610186576206,,-0.0250801330836468,0.02943342394333,2211,1
WLS,v,198106,198107,-0.0600829364268783,0.00697108464277358,,0.0708605710554357,0.0215264907526305,2346,1
WLS,v,198107,198108,0.0990250685847206,-0.159951706134162,,-0.184109752224334,0.039892675898092,2341,1
WLS,v,198108,198109,0.17507694654391,-0.222438778123958,,-0.267982817231453,0.0525786483904306,2324,0.999999999999998
WLS,v,198109,198110,-0.0896905353070038,0.0538279180140534,,0.195944925520736,0.0766599092863169,2311,1
WLS,v,198110,198111,-0.0791190531267766,0.114444306849371,,0.106099810296603,0.00942588212656914,2315,1
WLS,v,198111,198112,0.0766481577070693,-0.0851222012673728,,-0.12551809358452,0.0277691129096164,2312,1
WLS,v,198112,198201,0.283743019325798,-0.300399211651603,,-0.320158377189352,0.0670033603954654,2295,1
WLS,v,198201,198202,0.15714129544448,-0.139822497770127,,-0.273000634803081,0.131822820444652,2274,1
WLS,v,198202,198203,0.0646275021597423,-0.0341138081831424,,-0.117771512233262,0.0536125551815107,2258,1
WLS,v,198203,198204,-0.00092457687061791,0.0174447539443014,,0.0569021962331332,0.0151322138898014,2244,0.999999999999998
WLS,v,198204,198205,0.18300996545466,-0.19364019710214,,-0.237613774848685,0.0669847786815113,2238,1
WLS,v,198205,198206,0.070261311215187,-0.0611537504664115,,-0.119463671875384,0.0250634110384783,2223,0.999999999999998
WLS,v,198206,198207,0.208864222406918,-0.252595552103722,,-0.226181121751813,0.071881535399437,2409,1
WLS,v,198207,198208,-0.00575136861073727,0.133357084001884,,0.108907316024319,0.0208144686359635,2399,1
WLS,v,198208,198209,0.0958624924243426,-0.090503918721441,,-0.0819109245961556,0.011821808317989,2393,1
WLS,v,198209,198210,-0.00586440183228078,0.108345903999248,,0.128357181888286,0.0115514567097064,2375,1
WLS,v,198210,198211,0.189929982763295,-0.14931498941548,,-0.127904008559198,0.0197028876732251,2361,0.999999999999998
WLS,v,198211,198212,0.0603966088554228,-0.0390692205997729,,-0.0598096885611659,0.00481732136919943,2359,0.999999999999999
WLS,v,198212,198301,-0.0741184519650778,0.11197295007511,,0.0976692251787327,0.0147125359172597,2336,1
WLS,v,198301,198302,0.110743595499163,-0.0644720242465798,,-0.0930120042447405,0.0137360906625794,2314,1
WLS,v,198302,198303,0.0451212231464089,0.00818289859796035,,-0.0376060541414627,0.0167240054822766,2305,1
WLS,v,198303,198304,0.0346211197201885,0.0535796288894002,,0.00580078493606598,0.0208578224951586,2291,1
WLS,v,198304,198305,-0.20602256550998,0.200290093020011,,0.209651155727465,0.0481731395835522,2281,1
WLS,v,198305,198306,0.078447607474609,-0.042792708788362,,-0.025532867029118,0.00398714466593608,2274,1
WLS,v,198306,198307,0.00368677378492299,-0.0145741851089056,,-0.0763385182823066,0.0438719813310705,2453,1
WLS,v,198307,198308,-0.000489049203883973,0.0422979923683482,,-0.0495691266516449,0.0848823275359406,2439,1
WLS,v,198308,198309,0.0976440995297347,-0.109261266745644,,-0.0688891137831632,0.0439445078917571,2428,1
WLS,v,198309,198310,0.0458208837005249,-0.0473548590557577,,-0.106258381437278,0.0373205920520394,2413,0.999999999999998
WLS,v,198310,198311,-0.11744221747369,0.134480661461517,,0.145806506860307,0.0337721387219315,2406,1
WLS,v,198311,198312,0.0478480029747285,-0.041875115244429,,-0.0734358749013476,0.0170303436507195,2403,1
WLS,v,198312,198401,-0.0296883058495692,0.0837628619590506,,-0.0729206386974353,0.166183828447584,2383,0.999999999999997
WLS,v,198401,198402,0.042457631086753,-0.0497015329972968,,-0.127031477945181,0.0675218511620518,2366,1
WLS,v,198402,198403,-0.0526491944838231,0.0628788650847598,,0.0640945449725741,0.00977546517916372,2345,1
WLS,v,198403,198404,0.0952826681618406,-0.0822978342139134,,-0.10824301507828,0.0353151947594023,2331,1
WLS,v,198404,198405,0.0583915805797499,-0.118613675956048,,-0.11654043737468,0.0330661116495852,2318,0.999999999999998
WLS,v,198405,198406,0.0476488610354568,-0.0626077013091134,,0.00270688088142813,0.0473391028785888,2306,1
WLS,v,198406,198407,0.108462049001858,-0.144021222883854,,-0.142160635322536,0.0768609256989897,2582,1
WLS,v,198407,198408,0.0389792632855575,0.0595054810277861,,0.0857925328727096,0.0222497493194662,2565,1
WLS,v,198408,198409,0.0190667578909781,-0.00254991389694083,,-0.0862779295609814,0.0942314115611078,2548,0.999999999999998
WLS,v,198409,198410,0.0734917425055101,-0.0879807813861824,,-0.0887592858906105,0.0394211426754507,2526,1
WLS,v,198410,198411,-0.00214864906731892,-0.00450210032893109,,-0.0431267019743609,0.0244693314625079,2507,1
WLS,v,198411,198412,0.0243579344943976,-0.0210554153198316,,-0.00208675369156263,0.00840725165881906,2484,1
WLS,v,198412,198501,0.0333933168051204,0.0119072338946679,,0.103684520829304,0.0849221380771407,2462,1
WLS,v,198501,198502,0.0480034288991198,-0.022831593934173,,-0.0577873055130464,0.0231255924244098,2440,1
WLS,v,198502,198503,-0.00555607098513944,0.000678784191523366,,-0.0290309388528338,0.00746761737979729,2419,1
WLS,v,198503,198504,-0.0100780483052114,0.0154366178964961,,-0.0360516850875305,0.0319568285917112,2409,0.999999999999997
WLS,v,198504,198505,0.0677742894353649,-0.0302163497380884,,-0.00161814405524472,0.0104027511210392,2394,1
WLS,v,198505,198506,-0.0060074609440623,0.0125354635300857,,0.0153861669652153,0.00144827809626635,2377,1
WLS,v,198506,198507,-0.0108013817683192,0.0243927437735172,,0.0086013877266328,0.00476079016566655,2602,1
WLS,v,198507,198508,0.00132807142758396,0.000628982993755092,,-0.0314837385004676,0.0155638240849509,2588,1
WLS,v,198508,198509,0.0567767405730509,-0.0685333099639474,,-0.128330354567972,0.0688558498218974,2570,1
WLS,v,198509,198510,0.0804204468410393,-0.0386749941788821,,-0.0591544165549407,0.00952881042695175,2548,1
WLS,v,198510,198511,0.104907621771852,-0.0770761189832004,,-0.000469286914857474,0.0738747234968512,2532,1
WLS,v,198511,198512,0.0924652144674178,-0.0882029126571585,,-0.0246311940669823,0.0693536885875359,2511,1
WLS,v,198512,198601,-0.0187497826863334,0.0116498037124786,,0.0276060546189259,0.00317904451052009,2490,1
WLS,v,198601,198602,0.0939020782357689,-0.0179199253225823,,-0.025028136202874,0.00163080295913753,2474,1
WLS,v,198602,198603,0.0796140471963967,-0.0492534716578149,,-0.0173528058081928,0.0138921670662888,2459,1
WLS,v,198603,198604,0.0358173299372593,-0.072197075228724,,-0.0170630976336745,0.0451582217011561,2429,1
WLS,v,198604,198605,0.069428490907754,-0.0140353675623765,,-0.0273252771088883,0.00267386703935912,2410,0.999999999999998
WLS,v,198605,198606,0.0564973781832438,-0.0659794999816718,,-0.0441400185943684,0.015237475450113,2395,0.999999999999999
WLS,v,198606,198607,-0.00869746139917108,-0.0470921200249783,,-0.0946828910649585,0.038106235042911,2677,1
WLS,v,198607,198608,0.0292871819132989,0.0905313499338003,,-0.0245767794885554,0.116136919661741,2657,1
WLS,v,198608,198609,-0.143661990512905,0.132335907528755,,0.0117857770419994,0.153796885644209,2647,1
WLS,v,198609,198610,0.015448854396654,0.0284190512884035,,0.049327705292387,0.00711397172340955,2624,1
WLS,v,198610,198611,0.0459987341911088,-0.0270117268539932,,-0.0272838896606587,0.00506403687096191,2594,0.999999999999998
WLS,v,198611,198612,-0.00335243613928106,-0.0271265357449076,,-0.0304170452108019,0.00574873856016966,2564,1
WLS,v,198612,198701,0.0885192024182876,0.0465989348630462,,0.0543556137969531,0.00766464563635028,2512,0.999999999999998
WLS,v,198701,198702,0.0622265162871486,-0.0534210759227861,,0.0416501731653773,0.083848133383865,2489,1
WLS,v,198702,198703,0.0181609793138496,0.0659522986153153,,-0.0366547466833672,0.0794719808046842,2477,0.999999999999999
WLS,v,198703,198704,-0.0351754209128277,0.0369295045940471,,0.0132325805719631,0.010218947251092,2455,1
WLS,v,198704,198705,0.00889356213004664,-0.00645642669668352,,0.00216415069087405,0.000783360239711151,2440,1
WLS,v,198705,198706,0.0727613786381098,-0.0247811155796515,,-0.0398233796348127,0.00782730988879743,2430,1
WLS,v,198706,198707,0.00629169804091411,0.0469078679106424,,0.0481868191696517,0.0147657281295545,2797,1
WLS,v,198707,198708,0.0672686237344044,-0.0465691776168769,,-0.0282540535810512,0.01639016201076,2776,1
WLS,v,198708,198709,-0.0839483231380788,0.0527816531933406,,0.0639299216491942,0.0218116882452009,2758,0.999999999999997
WLS,v,198709,198710,-0.167478757671452,-0.0674362175137506,,-0.0910247137957478,0.0283271666033745,2734,0.999999999999997
WLS,v,198710,198711,-0.113667605318896,0.046196058855847,,0.0151617237993012,0.0156563749449208,2707,1
WLS,v,198711,198712,0.103993945091728,-0.0133528263595887,,-0.0264807860389273,0.0020826250824193,2678,1
WLS,v,198712,198801,0.0387422289680292,0.0338294479726755,,-0.0507895979612573,0.0283717337811128,2655,0.999999999999996
WLS,v,198801,198802,0.0405154362280109,0.0294567831749838,,0.0106595261134418,0.00638604638255047,2631,1
WLS,v,198802,198803,-0.0527259390467922,0.0597682513725131,,0.00196201563872461,0.0309484772522258,2613,1
WLS,v,198803,198804,0.00135586529810121,0.0495152367129381,,-0.0324467573346892,0.0826319193627399,2590,1
WLS,v,198804,198805,0.00560820595373952,-0.00147103004944024,,-0.0263205208367097,0.00898745465232964,2568,0.999999999999997
WLS,v,198805,198806,0.0490830035124259,-0.00915567906704545,,0.0119904952165901,0.0032414074457191,2540,1
WLS,v,198806,198807,-0.024424902710176,0.024451083399413,,-0.00383970310186473,0.00994408798532342,2623,0.999999999999994
WLS,v,198807,198808,-0.0621176639744192,0.0125000067768171,,0.0245025958825579,0.00342482413044376,2600,0.999999999999998
WLS,v,198808,198809,0.0502969849508282,-0.0375834203792252,,0.00365137416262528,0.0213554228400209,2575,1
WLS,v,198809,198810,0.0353918127146047,0.00760176599294547,,-0.0350436214919279,0.00832553012794424,2554,1
WLS,v,198810,198811,-0.0291383620001976,0.0203724060558008,,-0.00252091435365305,0.010767249152113,2532,1
WLS,v,198811,198812,0.00313877536033709,-0.00563928545650022,,0.0314340621129114,0.0178414133224606,2506,1
WLS,v,198812,198901,0.0512677483292644,0.0223628691144626,,0.0066501102791064,0.00633474233897169,2475,1
WLS,v,198901,198902,-0.0646128279894631,0.0387088570938975,,0.0373149119058476,0.0156248722365405,2455,0.999999999999998
WLS,v,198902,198903,-0.0396042261540017,0.046234700251677,,0.059750773721349,0.0170991061410346,2432,0.999999999999999
WLS,v,198903,198904,0.0252541999532079,-0.00698665743030552,,0.0430336724085507,0.0318262549512329,2415,1
WLS,v,198904,198905,-0.00230420823194218,-0.000839442597173855,,0.0636151290998527,0.0429087775145929,2402,0.999999999999997
WLS,v,198905,198906,-0.0209833602355624,0.00276043284703898,,-0.00346402695141876,0.000513173211522222,2377,0.999999999999998
WLS,v,198906,198907,0.100834076112314,-0.0828784701528935,,0.0260894399357816,0.0846331307174789,2658,0.999999999999996
WLS,v,198907,198908,0.0203414156214474,0.0534723138190758,,-0.0466445786008965,0.0697910869810157,2640,0.999999999999997
WLS,v,198908,198909,0.0173466502934651,-0.0531900813723067,,-0.00903487548222261,0.033057199357549,2615,1
WLS,v,198909,198910,0.00446853348175887,-0.0735237423003277,,-0.0144988192400173,0.0481058416021635,2595,1
WLS,v,198910,198911,-0.00758280139411564,-0.00382385969607326,,0.0356244184884215,0.0139862217094142,2576,1
WLS,v,198911,198912,0.0186137040407175,0.0221732990269138,,-0.0197595230945428,0.0166193644975081,2551,1
WLS,v,198912,199001,-0.084427345536299,0.0203827661604789,,-2.70481642087287e-05,0.00511796171563361,2527,1
WLS,v,199001,199002,-0.0313503398513756,0.0618756458494952,,0.0261603172824255,0.047319215853432,2506,1
WLS,v,199002,199003,0.0611752745360042,-0.0425901650786155,,-0.0212468601612381,0.0230559748077663,2494,1
WLS,v,199003,199004,0.0235918214016839,-0.0817837923010541,,-0.0281871863678895,0.0812899332001634,2477,1
WLS,v,199004,199005,0.140583478240862,-0.0857808785481526,,-0.0320211755811346,0.0675512187016012,2461,1
WLS,v,199005,199006,0.032225219518417,-0.0977072937015793,,0.000454519490062176,0.128874790098839,2441,0.999999999999998
WLS,v,199006,199007,-0.0246125853524096,0.00989727207454795,,0.0167558903717331,0.000952028517868908,2781,1
WLS,v,199007,199008,-0.125222964307912,-0.00112594790207022,,0.0391817749748762,0.00885448351481577,2762,1
WLS,v,199008,199009,-0.0308046308676683,-0.0349320531366549,,-0.0275643491884884,0.00654102602539375,2741,1
WLS,v,199009,199010,0.0411177821381411,-0.101955121983986,,-0.0344878357797409,0.0499414329219241,2730,0.999999999999999
WLS,v,199010,199011,0.130987787066984,-0.0578238119997329,,-0.0845044792339886,0.0207978626067635,2716,1
WLS,v,199011,199012,0.0905534619172817,-0.0514863662116352,,-0.0701430361164434,0.0241025660085321,2710,1
WLS,v,199012,199101,0.0714364259652274,-0.00602165253085873,,-0.033511536882391,0.00269486211787973,2690,1
WLS,v,199101,199102,0.0740636441490526,-0.0316655915970729,,0.0177614356926585,0.013051360651953,2674,1
WLS,v,199102,199103,0.0670301449348046,-0.0605183581073313,,-0.0254066869436639,0.0244006316991005,2662,0.999999999999996
WLS,v,199103,199104,-0.0148069394601946,0.0256096576674145,,0.00593172228822381,0.00623548895496062,2640,1
WLS,v,199104,199105,0.0248152876680028,0.0271647669811239,,0.0133738326296945,0.0047237201148288,2629,0.999999999999998
WLS,v,199105,199106,-0.0196975921774484,-0.0198756310409993,,-0.0326901728697693,0.00684952339807776,2614,1
WLS,v,199106,199107,0.0766973077207435,-0.0798887463368665,,-0.0112422158350562,0.0515364722761977,2783,1
WLS,v,199107,199108,0.0591332737538578,-0.0857076167679349,,-0.0159502767084442,0.0606083682510152,2763,1
WLS,v,199108,199109,-0.0128302741012378,-0.0178011288460333,,-0.00807390661486049,0.00260620521323329,2750,1
WLS,v,199109,199110,0.0490699775050885,-0.0172828457711029,,-0.0471525332018583,0.00642778892704421,2742,1
WLS,v,199110,199111,0.0364083176239204,-0.145746132181997,,-0.0438971104519038,0.149402891303221,2725,1
WLS,v,199111,199112,0.166226744842016,-0.146776650673046,,-0.00133428308953195,0.117504418881691,2708,0.999999999999997
WLS,v,199112,199201,-0.0527641211578825,0.145288106095173,,-0.00532723955261801,0.0969484821446846,2683,1
WLS,v,199201,199202,-0.00320599307915789,0.0887678858441523,,-0.0211745961449932,0.0782152121697295,2672,1
WLS,v,199202,199203,-0.0139483671793656,0.0301040827657201,,-0.0334966774669611,0.0252838515133195,2659,1
WLS,v,199203,199204,-0.0460548494200276,0.108722326724999,,0.0345576008497817,0.0635614080689582,2649,1
WLS,v,199204,199205,0.00734858261786446,-0.0440676396715995,,0.0118958838693179,0.0354917809015857,2634,0.999999999999999
WLS,v,199205,199206,-0.106680569680544,0.0629723889068904,,0.0807415756749108,0.0331818839522521,2602,0.999999999999995
WLS,v,199206,199207,0.0786935557605308,-0.050333279535851,,-0.0378196113523475,0.0276393414567604,2741,1
WLS,v,199207,199208,0.0253319728447022,-0.0615269390101342,,-0.0373118319769112,0.0409692935977617,2718,1
WLS,v,199208,199209,-0.00270035571131734,0.0171351927234547,,0.00699532941017326,0.00259124905953811,2694,1
WLS,v,199209,199210,0.0567952265855347,-0.0692928354565024,,-0.0407749676085942,0.0362087308908299,2684,1
WLS,v,199210,199211,0.0203848904474361,-0.00289974560303233,,0.0264562554582516,0.00457769786518159,2665,1
WLS,v,199211,199212,-0.0114163382162216,0.0422733108713961,,0.00538617027946795,0.014609782558015,2653,0.999999999999998
WLS,v,199212,199301,-0.0877993747941292,0.151008637229834,,0.0498502975451939,0.152799110608241,2645,1
WLS,v,199301,199302,-0.0322024406092968,0.112875362561439,,-0.0151582274324275,0.111927836541235,2634,1
WLS,v,199302,199303,-0.0056597030579924,0.0348758845891622,,0.0169172527877664,0.0116787254788691,2623,1
WLS,v,199303,199304,-0.0764316334192508,0.111804817768832,,0.00456038079834816,0.0785905710235663,2602,1
WLS,v,199304,199305,0.0422893228484341,-0.0113735667482413,,-0.00406875181077436,0.00132262331995447,2591,1
WLS,v,199305,199306,-0.0605485159212471,0.0751557208646106,,0.0382142928730377,0.0477735589624334,2584,0.999999999999998
WLS,v,199306,199307,-0.0955739444968319,0.109453295604676,,0.0681330240912694,0.105741499538989,2778,1
WLS,v,199307,199308,0.0561528630445286,-0.0024085788815759,,-0.0303379343901581,0.00618142735486982,2764,0.999999999999999
WLS,v,199308,199309,-0.00358026761263469,0.0290001076815894,,-0.024371044501114,0.012921192014239,2755,1
WLS,v,199309,199310,0.00568621916067018,-0.0225590903160177,,0.0490346421111633,0.0192321994613979,2748,1
WLS,v,199310,199311,0.00626607076720571,-0.0535943519293015,,0.0106929947257135,0.0304741420761038,2739,1
WLS,v,199311,199312,-0.012553527192884,0.0311563626595971,,0.0247445484039911,0.0117169278374499,2721,0.999999999999998
WLS,v,199312,199401,-0.0325455079754545,0.0675870384222961,,0.063015545837856,0.0507806981529976,2707,0.999999999999998
WLS,v,199401,199402,0.0178429597822728,-0.0144755175647309,,-0.049576668699791,0.0188506044264418,2690,0.999999999999999
WLS,v,199402,199403,-0.0206912431706498,0.00883708001726894,,-0.0461788489244739,0.0245907010502959,2669,0.999999999999998
WLS,v,199403,199404,0.0159441143624196,-0.00176799168255859,,-0.0144470723488816,0.00158384873167061,2656,1
WLS,v,199404,199405,0.0146848374659863,0.00333944108186109,,-0.0179359972420552,0.0026343347625668,2643,0.999999999999998
WLS,v,199405,199406,-0.0209480626815467,0.0126210436008273,,-0.0205040988503275,0.00630372177529781,2629,1
WLS,v,199406,199407,0.00363822602187281,0.0172603848170638,,0.0299051369081171,0.00950579389393391,2872,1
WLS,v,199407,199408,0.120910811990874,-0.066365757697042,,-0.0834329648604128,0.0703689818321938,2865,1
WLS,v,199408,199409,0.00634550941098134,-0.0304420886419942,,-0.0202213774816412,0.0138515186732752,2848,1
WLS,v,199409,199410,0.057027360514422,-0.0143164257694973,,-0.0568027155687854,0.0233456943761157,2832,1
WLS,v,199410,199411,0.0256809627417857,-0.0412636632568783,,-0.0786978305454573,0.0761776504117108,2819,1
WLS,v,199411,199412,-0.0092840758320686,-0.00423526262503995,,0.0298770216416614,0.00878981034651316,2806,1
WLS,v,199412,199501,0.0385864834880434,-0.0293595560119699,,-0.0260204745349183,0.0119841723822078,2783,1
WLS,v,199501,199502,0.0213783730476625,0.0102253411696602,,0.020475276227976,0.00511522425505473,2772,1
WLS,v,199502,199503,0.0416987567549219,0.0133666373700039,,-0.0297387169328526,0.0107591279583571,2753,1
WLS,v,199503,199504,0.0600401640652654,-0.00604383774996138,,-0.0543575659125267,0.0195635134942598,2729,1
WLS,v,199504,199505,0.040927742108602,-0.0124470895353034,,-0.0198365267378071,0.00477019337741169,2717,0.999999999999996
WLS,v,199505,199506,0.0617480586949793,-0.0318664118149644,,-0.0337748312846164,0.013803743684765,2697,0.999999999999996
WLS,v,199506,199507,0.0269097737820702,0.00898176484236574,,0.00829404228253531,0.000932423081402178,3075,1
WLS,v,199507,199508,-0.00946941089026507,0.000665641676683529,,0.00963298966567202,0.000607044060596751,3054,1
WLS,v,199508,199509,0.0613149965872578,-0.0674217833106549,,-0.00980099151188896,0.0358453895331021,3036,1
WLS,v,199509,199510,0.0548113280650065,-0.0764445713461766,,-0.068117428170967,0.043416154217101,3013,0.999999999999999
WLS,v,199510,199511,-0.0340469776060404,0.0119929033104048,,0.104864647898214,0.0494138883214197,2997,1
WLS,v,199511,199512,-0.0328349177801344,0.0464398168221909,,0.0437826422650722,0.0212459433715011,2979,1
WLS,v,199512,199601,0.000147130564870487,-0.0235262112868894,,0.052570189428054,0.0178345424167612,2957,1
WLS,v,199601,199602,0.0543319673073919,-0.00985088533022951,,-0.0586252754386469,0.0183526023793108,2940,0.999999999999999
WLS,v,199602,199603,-0.0561317935160737,0.0649263817964987,,0.0638084752740254,0.0419573046140496,2921,1
WLS,v,199603,199604,0.0582327778979778,0.0174080157491086,,-0.0612724348516312,0.0193551001506703,2899,1
WLS,v,199604,199605,0.0806881840932569,-0.0488932495216439,,-0.0593175538881213,0.034320265571569,2885,1
WLS,v,199605,199606,0.0079876243700798,-0.0687453409174949,,0.00537584299957006,0.0386940066939503,2863,1
WLS,v,199606,199607,-0.0258852092851091,-0.0188884637421358,,-0.0439345591209319,0.0110350712272936,3265,0.999999999999999
WLS,v,199607,199608,0.010587310875849,0.0330489170469315,,0.00167754507957638,0.00814804072252351,3245,0.999999999999999
WLS,v,199608,199609,0.116774353024328,-0.101933811111054,,-0.0571416000874079,0.0768848671419972,3217,1
WLS,v,199609,199610,-0.00182715207411658,0.0268716566315094,,-0.00352147415180561,0.00462027522747233,3199,1
WLS,v,199610,199611,0.100598676074357,-0.028034307824381,,-0.0474055711519013,0.0141868538445467,3183,1
WLS,v,199611,199612,-0.0225032865731438,0.0271207845915784,,0.00216404167428332,0.00611268742666171,3170,1
WLS,v,199612,199701,0.134250686823535,-0.10234577090854,,-0.0723724003797017,0.0587975534905449,3130,1
WLS,v,199701,199702,-5.70731609277413e-05,-0.000483234716499664,,-0.0145364793531163,0.00088028274229357,3105,1
WLS,v,199702,199703,-0.0615969134133457,0.0990870005378027,,-0.024035382361545,0.0847135556872537,3087,1
WLS,v,199703,199704,0.107675197071044,-0.107689144529561,,-0.046966988285585,0.056491876287032,3067,0.999999999999997
WLS,v,199704,199705,0.048872581313963,0.00256560045035457,,0.0249935723960496,0.00261096105111247,3047,1
WLS,v,199705,199706,0.0447342041719201,-0.0330296717601992,,0.00112903213291003,0.00803402930987962,3029,1.00000000000001
WLS,v,199706,199707,0.0718305367807971,0.00318017841341638,,-0.00432093485335202,9.38728684238832e-05,3301,0.999999999999996
WLS,v,199707,199708,-0.0479389795691975,0.098263030460414,,-0.0378556459050252,0.0814705383449336,3274,1
WLS,v,199708,199709,0.0140484211952426,0.0429874623584174,,0.0224739057608407,0.0164813118759968,3246,0.999999999999994
WLS,v,199709,199710,-0.019811391327225,-0.0144835679108139,,-0.0381894107641762,0.00575375693810443,3219,1
WLS,v,199710,199711,0.0866570500010779,-0.0643085532122413,,-0.0631682587587817,0.0509153749615184,3192,0.999999999999993
WLS,v,199711,199712,-0.0343259119469123,0.00739007535474951,,0.0498799922742136,0.00933140158395429,3172,1
WLS,v,199712,199801,0.0580819218657308,-0.0635428640797714,,-0.0409868876928103,0.0289896392322264,3120,1
WLS,v,199801,199802,0.0624123102472644,-0.0212682737621999,,0.0286483498798398,0.00784278971074892,3092,1
WLS,v,199802,199803,-0.00567792246964505,0.0237411063627468,,0.063646954712269,0.0190281192403183,3070,1
WLS,v,199803,199804,-0.0201328975131264,0.0179419123769538,,0.0288322733211186,0.00554394372921774,3031,0.999999999999996
WLS,v,199804,199805,-0.0317182349388268,0.0094004167947786,,0.00353754172715888,0.000810768928288908,3010,0.999999999999997
WLS,v,199805,199806,0.0855446128874407,-0.121587258892011,,-0.0255887413176838,0.0820217148766947,2990,1
WLS,v,199806,199807,0.000878155921380557,-0.0569856400582495,,-0.0171191469246485,0.0155572782465262,3216,0.999999999999999
WLS,v,199807,199808,-0.106198590322486,-0.0635954664020802,,-0.0278004122953114,0.0244826178662962,3183,1
WLS,v,199808,199809,0.0915565448295279,-0.0297830741504841,,-0.0201180744777633,0.00291034273936264,3153,1
WLS,v,199809,199810,0.0706286302779112,0.0198463529770913,,-0.0105633100678136,0.00181172926306283,3114,0.999999999999997
WLS,v,199810,199811,0.142480338581836,-0.0506198314520728,,-0.111533288322248,0.0405993603015562,3066,0.999999999999998
WLS,v,199811,199812,0.0845953049535133,-0.0539041263345093,,-0.0192466907152093,0.011337981287134,3036,0.999999999999995
WLS,v,199812,199901,0.080918661787919,-0.0903428379550223,,-0.0230551262723117,0.0183860257926035,2991,1
WLS,v,199901,199902,-0.0889872316279426,0.0415840220534874,,0.0455848047836626,0.0138858486590613,2952,1
WLS,v,199902,199903,-7.83862483485709e-05,-0.0176621924377268,,0.0589069623612951,0.00706489372386265,2930,1
WLS,v,199903,199904,-0.0711388230560772,0.204397738052536,,0.0730005547791069,0.105814658532408,2890,1
WLS,v,199904,199905,0.0236035771160385,0.0436002967970687,,-0.0888196403583491,0.0451927712715591,2861,1
WLS,v,199905,199906,0.114284663475337,-0.0706273524642534,,-0.0682192724772956,0.031914405678503,2837,1
WLS,v,199906,199907,-0.0156410440301947,0.00871256393531744,,-0.0120205890575348,0.000984132962747575,3189,1
WLS,v,199907,199908,0.0515698673984205,-0.131944072775305,,-0.0325014003923077,0.0539096874530437,3160,1
WLS,v,199908,199909,-0.0428393141319558,-0.00344730242881999,,0.0134801959099331,0.00044152155486088,3122,1
WLS,v,199909,199910,0.0733160479428847,-0.156146726484461,,0.00662046857693585,0.0536993004062547,3083,0.999999999999998
WLS,v,199910,199911,0.105332598770387,-0.0815594003968565,,-0.0690144577250135,0.0169209259955274,3058,0.999999999999996
WLS,v,199911,199912,0.0583005087567389,-0.0539191534557679,,0.0328003632901693,0.00432121972895494,3010,1
WLS,v,199912,200001,-0.00222768766505979,-0.0069856501623744,,-0.0634048549953998,0.00392758284652595,2979,0.999999999999998
WLS,v,200001,200002,0.11632613568835,-0.0225064043828594,,-0.120982975209896,0.00539593609803335,2950,0.999999999999997
WLS,v,200002,200003,0.0269800260529686,-0.0407778494020601,,0.0637985795994825,0.00732007466706475,2923,1
WLS,v,200003,200004,0.0151315732715602,0.0429843475242989,,-0.0889572058914145,0.0130128996561657,2884,0.999999999999998
WLS,v,200004,200005,0.0194584615340224,-0.0317167879266139,,-0.0774018061416084,0.00783244508152525,2860,1
WLS,v,200005,200006,0.0780622716379405,-0.163548051556766,,0.0107338211740175,0.0406498841252634,2837,1
WLS,v,200006,200007,-0.0784208916866572,0.117026014900757,,0.0167863432553189,0.030786092160104,3118,1
WLS,v,200007,200008,0.00103020257221416,-0.0268181010079302,,0.0773198199612483,0.0110084819123691,3091,1
WLS,v,200008,200009,0.0160594596137518,0.10196824317614,,-0.164772978383164,0.0432068893927041,3052,0.999999999999994
WLS,v,200009,200010,0.0770580312061233,0.0454951443539922,,-0.119199678156295,0.0255102808954685,3017,1
WLS,v,200010,200011,0.142222752940018,0.0451180630815596,,-0.335040062803897,0.12585917040724,2971,1
WLS,v,200011,200012,0.0672938105996968,0.232917303335483,,-0.192041920455817,0.166344473839925,2932,1
WLS,v,200012,200101,-0.127312874758778,0.0814313267378394,,0.209884234409531,0.0356283784676676,2888,1
WLS,v,200101,200102,0.0745230548781679,0.183536845356594,,-0.313053763621818,0.171122747518382,2852,1
WLS,v,200102,200103,-0.0663652819650362,0.146161339417243,,-0.0650828430974825,0.0886093752617441,2830,1
WLS,v,200103,200104,-0.0322748573002523,0.013096663601764,,0.147493217140462,0.0400987740282464,2798,1
WLS,v,200104,200105,0.0321151506859963,0.0334305171270781,,-0.0522250635609641,0.0174163944713795,2759,1
WLS,v,200105,200106,0.00996386912866283,-0.0085643331404119,,-0.0482030156637518,0.00543248100035898,2730,1
WLS,v,200106,200107,0.0413843475754293,-0.0166554610877266,,-0.0599769951928117,0.00578503111326922,2892,0.999999999999998
WLS,v,200107,200108,0.0582905306551853,-0.00250046177998117,,-0.168582250646942,0.0709267992534236,2865,1
WLS,v,200108,200109,-0.100482645745451,-0.0989700162601446,,0.0531602075111185,0.0283536432073267,2831,1
WLS,v,200109,200110,0.133965143501995,-0.100870825699901,,-0.107542234730722,0.0283333243346207,2806,1
WLS,v,200110,200111,0.0802676656121257,0.0328190159523884,,-0.0133478384404513,0.00442252393626397,2790,0.999999999999998
WLS,v,200111,200112,0.0433507229867917,0.071935111123666,,-0.0751879907905923,0.0630653421204087,2762,0.999999999999996
WLS,v,200112,200201,0.0874031887277079,-0.0661734938787514,,-0.0967580316166816,0.0289780886302643,2735,1
WLS,v,200201,200202,0.000628817074265715,0.0318216030073256,,-0.0366638198371187,0.00883620314396305,2715,1
WLS,v,200202,200203,0.0335374457124946,0.0641948689862776,,-0.0215012344244617,0.0261017354281836,2692,1
WLS,v,200203,200204,0.064745356381314,0.0170272227689375,,-0.177674139870571,0.0772099768231217,2667,1
WLS,v,200204,200205,-0.0371519841287978,0.0336896662555936,,0.0280615921520234,0.00817079329865,2644,1
WLS,v,200205,200206,-0.037670127920761,0.00740094884709679,,-0.0530085145350904,0.00579989248499613,2619,1
WLS,v,200206,200207,-0.0162408178414021,-0.1322394590991,,-0.0514065925561223,0.0748163021288644,2814,0.999999999999998
WLS,v,200207,200208,0.0143375007521382,0.00677866831151459,,-0.0265392274523959,0.00273244814024265,2792,1
WLS,v,200208,200209,-0.0502527537412904,-0.028790088688963,,-0.0633813961582436,0.0112452893727339,2772,0.999999999999996
WLS,v,200209,200210,0.0642288694438116,-0.111745538011235,,0.0776474352534393,0.0440356812624445,2757,1
WLS,v,200210,200211,-0.0650013983861103,0.0983064325179296,,0.152375688724551,0.0489858632980497,2723,0.999999999999998
WLS,v,200211,200212,0.0153064515319751,0.00322031203173097,,-0.115790969233088,0.0470398154110713,2705,0.999999999999998
WLS,v,200212,200301,-0.0391430018051179,-0.00673088331506922,,0.0182281157562878,0.00236087754674652,2678,1
WLS,v,200301,200302,0.00313086664702707,-0.0528314701010891,,-0.0058328986555469,0.0247536049279818,2657,1
WLS,v,200302,200303,0.0446405081512794,-0.0605291906159488,,-0.0277095149976141,0.0287743814230178,2632,1
WLS,v,200303,200304,-0.00868066184015125,0.0434696002402724,,0.0960440973216847,0.0314053305564934,2603,0.999999999999999
WLS,v,200304,200305,0.0257636925542231,0.0857575993754972,,0.014217505394171,0.0339287515996323,2581,0.999999999999996
WLS,v,200305,200306,0.0215238307830139,0.00464340728263376,,-0.0101547832207994,0.000905300882638738,2564,1
WLS,v,200306,200307,0.0335836397403016,0.0113395574985085,,-0.0190714681738098,0.00220254086602856,2796,1
WLS,v,200307,200308,0.0270274244500112,0.0939871793521668,,-0.0319787321223524,0.0784214206196451,2779,0.999999999999996
WLS,v,200308,200309,-0.00163601390663461,-0.0506613267965211,,-0.00874839182645865,0.0235144451037663,2754,0.999999999999993
WLS,v,200309,200310,0.0869789868278127,0.0739780537675765,,-0.0676980467351955,0.0536084038926125,2735,0.999999999999998
WLS,v,200310,200311,0.0316850969156257,0.0380038540571288,,-0.0391435321715024,0.0339040153557565,2720,1
WLS,v,200311,200312,-0.06220695877898,0.0566193140720537,,0.132633044422846,0.09292197468163,2701,1
WLS,v,200312,200401,0.0248422084200559,0.0163578626391953,,-0.026346575527498,0.00699036031236644,2673,0.999999999999998
WLS,v,200401,200402,0.0580379859381678,-0.0109656447848469,,-0.0674943885822073,0.0271963232619201,2659,1
WLS,v,200402,200403,-0.00485422202041,0.0151622132131615,,-0.0187551127088985,0.0068470549458004,2643,0.999999999999998
WLS,v,200403,200404,-0.00383146861118481,-0.0718532201576564,,0.0227696703134865,0.0503179932070513,2631,0.999999999999997
WLS,v,200404,200405,0.0130291436693517,-0.00337024445762745,,-0.002718964681096,0.000162955372214779,2614,0.999999999999997
WLS,v,200405,200406,-0.00692965385954155,0.0490794299820314,,0.0218440056787857,0.0275491469345885,2593,1
WLS,v,200406,200407,-0.03935210190871,0.0554934036311895,,-0.0462927164950413,0.0544516903903047,2672,1
WLS,v,200407,200408,0.013109254319362,-0.00268674224506367,,-0.0384640874686677,0.0128623911582162,2656,1
WLS,v,200408,200409,-0.0215925104409751,0.0677160991729545,,0.0262427728665805,0.0488652575501274,2644,1
WLS,v,200409,200410,0.0366428108405085,-0.0039809803382199,,-0.030568212772107,0.00677238285534731,2633,1
WLS,v,200410,200411,-0.00740329437316935,0.0839848834787026,,0.034523105418969,0.0737537486913814,2620,0.999999999999998
WLS,v,200411,200412,0.0546857390915531,-0.0340703157772729,,-0.0134847595442215,0.0177058373333138,2603,1
WLS,v,200412,200501,0.0141410034982056,-0.00671560523945425,,-0.0661986708436049,0.0367878957993004,2580,1
WLS,v,200501,200502,0.0104766083272448,0.0568192693838343,,-0.00572513709795933,0.028829329986356,2567,0.999999999999995
WLS,v,200502,200503,0.0064079387043703,-0.00321468909560633,,-0.0369423089546207,0.01328022096819,2552,0.999999999999996
WLS,v,200503,200504,-0.00617685164359807,-0.0635129312267439,,0.00390393126274641,0.0519115193272076,2538,1
WLS,v,200504,200505,0.0347522540543438,0.00254298065409347,,0.00440887686910004,0.00018225310493003,2521,1
WLS,v,200505,200506,-0.0010504378523061,0.0530013913695101,,-0.0348818745868119,0.0736513807784212,2504,1
WLS,v,200506,200507,0.0453189030127875,0.0168238595557111,,-0.010296306618195,0.00541992902454624,2559,1
WLS,v,200507,200508,-0.0474891662431662,0.0488454115906315,,0.0264386409351848,0.0320920395313111,2542,1
WLS,v,200508,200509,-0.025482305515912,0.0429464578024398,,0.0160672204807542,0.0228389611297372,2520,1
WLS,v,200509,200510,0.0016347841869108,-0.0601285398107209,,-0.00424421884541737,0.0412317849531967,2505,1
WLS,v,200510,200511,0.0241503215207261,-0.00181464211509576,,0.0224719337608204,0.00506983674337236,2487,1
WLS,v,200511,200512,-0.0189651347663196,0.0208146288802913,,0.00755239364076865,0.00814562955592491,2471,0.999999999999998
WLS,v,200512,200601,-0.00620483336461244,0.0973142834338715,,0.00137837114253852,0.0703709074294824,2449,1
WLS,v,200601,200602,0.00797768389951411,-0.0255237846432349,,-0.00670483365029097,0.00851978449743573,2428,1
WLS,v,200602,200603,-0.00299871613226335,0.0337825770362143,,0.015777717268009,0.0178825528844082,2416,1
WLS,v,200603,200604,-0.0245652735011731,0.0529197680217001,,0.00782952751228022,0.0379393589699747,2398,0.999999999999998
WLS,v,200604,200605,-0.0305252593774733,0.00257761303785835,,-0.0113425540731454,0.00179378898681026,2387,0.999999999999998
WLS,v,200605,200606,0.000970041255260671,0.0169648835532065,,-0.0193876018110062,0.0125990352374871,2368,1
WLS,v,200606,200607,0.00364883546139856,0.00409739238300034,,-0.032078849647822,0.0079350858313002,2471,0.999999999999997
WLS,v,200607,200608,0.029748206101849,-0.0436275000422187,,0.0139867070615112,0.0257167114229961,2459,1
WLS,v,200608,200609,0.0365574016218828,-0.0157945309861121,,-0.0189332457991455,0.00587709292084937,2447,0.999999999999998
WLS,v,200609,200610,0.0288595393754045,0.0155207384260219,,-0.00684907598769385,0.00498758976128255,2434,0.999999999999998
WLS,v,200610,200611,-0.00851961966536582,0.0315491759096552,,0.0234104509598333,0.017318282479042,2419,1
WLS,v,200611,200612,-0.0121232167010953,0.0283000400271912,,0.00757577618056381,0.015086599518127,2401,1
WLS,v,200612,200701,0.0201705549740581,-0.00690655489803271,,-0.000362656588136319,0.000725014154244863,2376,1
WLS,v,200701,200702,-0.0366624607922425,0.0193316179565428,,0.0207824080055046,0.0112962792684396,2348,0.999999999999998
WLS,v,200702,200703,-0.00685386106122247,0.0216311070829198,,0.00949944922405852,0.00853227261206158,2337,1
WLS,v,200703,200704,0.0454894161840333,-0.0307198370328903,,0.00861890385533502,0.0178340919064316,2318,1
WLS,v,200704,200705,0.00454297260535766,0.0510620638059138,,0.0185577530771795,0.0407038214239627,2299,0.999999999999996
WLS,v,200705,200706,-0.020673616296836,0.0161090655088197,,0.00249717335818299,0.00570305562468965,2278,1
WLS,v,200706,200707,-0.040100177540221,-0.0285629336598852,,0.0488020088786382,0.0472716710883312,2408,1
WLS,v,200707,200708,0.0203738071851573,-0.0381010491249302,,0.00476930392697266,0.02767878382656,2392,1
WLS,v,200708,200709,0.00745480965657881,-0.0207362166408022,,0.0659332056905732,0.0614633642747625,2365,1
WLS,v,200709,200710,0.00237853956170934,-0.0256214682085337,,0.0555282213006084,0.0295402085882008,2346,1
WLS,v,200710,200711,0.000231395234471729,-0.0472714812978612,,-0.0489790144086215,0.0371208401467738,2323,1
WLS,v,200711,200712,-0.0281174902074446,0.0392414766816655,,0.0214446486421901,0.0164033862788798,2299,1
WLS,v,200712,200801,-0.0492270291081106,0.0127472328769379,,-0.0488862862318632,0.0172141390624706,2273,0.999999999999997
WLS,v,200801,200802,-0.00113572304616104,0.0158871799449402,,-0.0355007881842721,0.0114438141585664,2261,1
WLS,v,200802,200803,-0.0138034895286009,-0.00373036593280789,,0.031969900074108,0.0100140468659113,2254,1
WLS,v,200803,200804,0.0445468307388016,0.0324795949888052,,-0.0308928259639534,0.017685215453451,2235,1
WLS,v,200804,200805,0.0046745529991992,0.0446636064035084,,0.012232184451567,0.0215192244720581,2217,0.999999999999997
WLS,v,200805,200806,-0.0315317198361292,-0.0151240687304931,,-0.0556599895938739,0.0189522609975692,2200,1
WLS,v,200806,200807,0.0600289433084148,-0.0637850693471497,,-0.0896093065192581,0.0294279175819516,2362,1
WLS,v,200807,200808,0.0567438296597744,0.00933089647923854,,-0.0687569734227916,0.0452103103812537,2346,1
WLS,v,200808,200809,0.0256234623347849,-0.066370686382324,,-0.182555006505626,0.125907740534686,2326,1
WLS,v,200809,200810,-0.051783260623357,-0.130820276044837,,-0.129389872835932,0.0754623287570196,2315,0.999999999999998
WLS,v,200810,200811,-0.0107468998356947,-0.053389699938196,,-0.0665505248439731,0.0159137389762807,2293,0.999999999999999
WLS,v,200811,200812,0.0501270502949807,0.00471049725660497,,-0.0514394577905846,0.011701432553835,2282,0.999999999999994
WLS,v,200812,200901,-0.0418325981670952,-0.0767221931633,,0.0105512194558439,0.0284794500674263,2260,0.999999999999998
WLS,v,200901,200902,-0.00738436609572951,-0.107702558570913,,-0.0784583688411668,0.0611052864681118,2251,0.999999999999998
WLS,v,200902,200903,0.0993393353757832,-0.0257821765063233,,-0.00561844395272109,0.00310460190827599,2233,1
WLS,v,200903,200904,-0.0235963557606533,0.174883273315581,,0.103013322567846,0.0583320627428485,2221,1
WLS,v,200904,200905,-0.023628900242093,0.00763508546652567,,0.104528752445296,0.0520489499743992,2204,1
WLS,v,200905,200906,0.0550182980593664,-0.0665882608731833,,-0.0414401795067579,0.0331967997094799,2189,1
WLS,v,200906,200907,0.0203186571135119,0.0957365142834082,,0.0506806831552493,0.0550759908160091,2323,1
WLS,v,200907,200908,-0.000661132199346133,0.0584863380454732,,0.0105475348072818,0.0313369521301091,2310,0.999999999999998
WLS,v,200908,200909,-0.00648767407124034,0.0790766995415905,,0.0499631442813514,0.0548568339466554,2301,0.999999999999998
WLS,v,200909,200910,0.038672052486551,-0.0980285219876968,,-0.0505311761474543,0.0901431844744956,2292,1
WLS,v,200910,200911,0.0437399665956006,-0.0433060467045048,,0.0502324988129938,0.0368508391575415,2278,1
WLS,v,200911,200912,-0.000829518205998682,0.0878938382720777,,0.00695159524318099,0.0713085087415028,2257,1
WLS,v,200912,201001,-0.0374496591427319,-0.00622509045403962,,-0.00473958884083862,0.000655597417134612,2244,0.999999999999998
WLS,v,201001,201002,0.039215387975749,0.047866829419251,,-0.0281468100874783,0.0347483392378987,2231,0.999999999999999
WLS,v,201002,201003,0.0301740151066053,0.0465494176188044,,0.0284379964595399,0.0309182179096666,2214,1
WLS,v,201003,201004,-0.0138774701097589,0.0762780506809138,,0.0228542373252857,0.050148388173723,2203,1
WLS,v,201004,201005,-0.0661510021123667,-0.0277157105540478,,-0.00443067386979531,0.0103609920369776,2189,1
WLS,v,201005,201006,-0.0503795093265686,-0.0936438809236655,,0.038770470880638,0.109249185969802,2181,0.999999999999998
WLS,v,201006,201007,0.0397329511706116,0.0185286160558196,,0.0414065305366371,0.0148190449831938,2317,0.999999999999997
WLS,v,201007,201008,-0.0403257451330799,-0.0153908974812994,,0.00576466938216528,0.00267987603571773,2295,1
WLS,v,201008,201009,0.0899522911551556,0.00141166746860327,,0.0245412786916345,0.00540588817477505,2281,1
WLS,v,201009,201010,0.01829232229311,0.00319436833575953,,0.0425006734650399,0.0183943271638292,2268,0.999999999999999
WLS,v,201010,201011,-0.00333240083715642,0.0178304073839027,,0.015309073751716,0.00468011392237699,2253,1
WLS,v,201011,201012,0.00938902786157428,0.0610820205897229,,0.0504542004300933,0.0693071459524904,2232,1
WLS,v,201012,201101,-0.0157547548531407,0.0113430609342527,,0.0543503614954023,0.0267356784426885,2205,1
WLS,v,201101,201102,-0.00473299831777004,0.061934453000969,,0.0282727987102911,0.0461950024291432,2194,1
WLS,v,201102,201103,-0.00933922132848849,0.0273753064798076,,0.0167675175472994,0.0130344594902991,2181,1
WLS,v,201103,201104,0.0729541852674159,-0.0286257199782235,,-0.0472104900906024,0.037800976642051,2168,1
WLS,v,201104,201105,0.0200044996097391,-0.0220438558431679,,-0.0385808460470273,0.0242605446750888,2156,1
WLS,v,201105,201106,0.00380124231429499,-0.0196849372190488,,-0.0169036397839344,0.0137242607457668,2137,1
WLS,v,201106,201107,-0.00265760201023207,-0.0648361330912003,,0.0181004947225421,0.0456742566218131,2183,1
WLS,v,201107,201108,0.00899026614830859,-0.069666052269157,,-0.0682718673260875,0.0700944212540632,2175,1
WLS,v,201108,201109,0.0188309800417784,-0.0694336012312606,,-0.113729346410719,0.085980562736522,2164,1
WLS,v,201109,201110,0.0392293086714172,0.0706911776365367,,0.0826739551036201,0.0506394747666966,2156,1
WLS,v,201110,201111,0.00988017896996998,0.0183348424923771,,-0.0229102342123311,0.0109074711750786,2142,1
WLS,v,201111,201112,0.0169717308340814,0.0298337388433984,,-0.0469606509232593,0.0423914611715657,2129,1
WLS,v,201112,201201,0.0372367330290481,-0.0397706893391942,,0.0561157866053306,0.0395540237441615,2115,1
WLS,v,201201,201202,0.020543997625116,-0.0109799206042645,,0.0448438313962292,0.0229860934128651,2103,1
WLS,v,201202,201203,0.0731558304646947,-0.0741821348573638,,-0.030905579854331,0.0926654225350082,2095,0.999999999999996
WLS,v,201203,201204,-0.00137313005753893,-0.00563996145085515,,-0.00158754682310612,0.000519798453615272,2084,1
WLS,v,201204,201205,-0.0184730321147938,-0.00247920789265942,,-0.0754177604856544,0.0471648040042697,2073,0.999999999999996
WLS,v,201205,201206,0.0235607500175474,0.0363451142750164,,-0.00154393895758178,0.018154142996034,2065,1
WLS,v,201206,201207,0.0101536271700748,0.0123829079632854,,-0.00913975951097223,0.00248839733400064,2122,1
WLS,v,201207,201208,0.0252966417020713,-0.00672949674125695,,0.00580688419836028,0.000932114747302148,2107,1
WLS,v,201208,201209,-0.00887838800393247,0.0296505864024189,,0.0340245280832327,0.0306144642807314,2097,0.999999999999996
WLS,v,201209,201210,-0.0269834856191516,0.0391468077006689,,-0.0187596719712678,0.0228204907852804,2083,1
WLS,v,201210,201211,0.00597766639614573,-0.0112763633193674,,0.0172563005178944,0.00556349084828145,2068,1
WLS,v,201211,201212,-0.0337800187991126,0.0588250601697963,,0.0337674877958018,0.0676790474893362,2055,0.999999999999999
WLS,v,201212,201301,0.0354521144890602,0.0596739760975514,,-0.00878764740005112,0.031640183516529,2037,0.999999999999999
WLS,v,201301,201302,0.0115129445444259,0.010713125846309,,-0.00881180089876412,0.00305018530130929,2032,0.999999999999997
WLS,v,201302,201303,0.0339658116470119,0.0155716668053667,,-0.00155955115553205,0.00448888167472117,2024,1
WLS,v,201303,201304,0.0472535081755455,-0.0181810858107371,,-0.0474792147555088,0.0232691110386333,2014,1
WLS,v,201304,201305,0.0255132250811305,0.0139018085905159,,-0.0134279136247434,0.0043351844639874,2006,1
WLS,v,201305,201306,-0.0161449047362998,0.0189752712233658,,-0.0109919197932847,0.00809354846940669,1997,1
WLS,v,201306,201307,0.047323369072193,-0.00362055203245359,,0.0156987557801505,0.00251710050631482,2082,1
WLS,v,201307,201308,-0.0251072487979067,-0.016517892713553,,0.0143117098110474,0.00770513160928621,2071,1
WLS,v,201308,201309,0.0204143730052477,0.00311784019668242,,0.0316877990031681,0.0130638099407612,2060,0.999999999999996
WLS,v,201309,201310,0.022849231645896,0.0372374729449507,,0.0115219951346665,0.0149042995938738,2049,0.999999999999998
WLS,v,201310,201311,0.0513876324823484,-0.0264676909965603,,-0.021767266947391,0.0137646769977335,2034,1
WLS,v,201311,201312,-0.0014325103892083,0.0272838637633324,,0.0297800855729867,0.0236495197746487,2019,1
WLS,v,201312,201401,-0.0593664634525338,0.000755884807380527,,0.0389132867464067,0.013959838897058,2004,1
WLS,v,201401,201402,0.0706998239030282,-0.0167096763639254,,-0.0240271930834911,0.0089155508195089,1993,0.999999999999998
WLS,v,201402,201403,-0.00177227183709208,0.0615753549882503,,-0.0312683770095902,0.0767516355475602,1979,1
WLS,v,201403,201404,0.00381887639474357,0.0179579498161655,,-0.00912123240200143,0.00561194583153502,1973,1
WLS,v,201404,201405,0.00694875838132971,0.00915723568677535,,0.0206393397484166,0.00754758160074787,1967,1
WLS,v,201405,201406,0.0053729235089908,0.0293989330962449,,0.0100660990318421,0.0140341075914849,1957,1
WLS,v,201406,201407,-0.00415584067554918,-0.00241340075661088,,-0.021335983991873,0.00589217536023534,2018,1
WLS,v,201407,201408,0.0622583619842749,-0.0487343943966454,,-7.88238566377099e-05,0.0389791971629516,2010,1
WLS,v,201408,201409,0.0257107544222084,-0.0602378957361766,,-0.0412062699935556,0.0727251243316871,2002,0.999999999999998
WLS,v,201409,201410,0.0571843813423971,-0.0621085181667605,,-0.0172823242537399,0.0360416689161728,1994,1
WLS,v,201410,201411,0.0901639765677292,-0.0589127991676256,,-0.0659805595357073,0.0620888274403417,1981,1
WLS,v,201411,201412,0.00608016154509029,0.0148812115024785,,-0.0347091668062716,0.0260727425756693,1975,1
WLS,v,201412,201501,0.00108501454457323,-0.0688258110492892,,0.00896702222127969,0.0456837797313064,1958,1
WLS,v,201501,201502,0.0404275001455598,0.00214377334496427,,0.0447631196586448,0.0259870784505379,1946,0.999999999999998
WLS,v,201502,201503,-0.00393119404522772,-0.0185394183852077,,-0.00960763035670889,0.00757639717057701,1933,1
WLS,v,201503,201504,-0.0370762728136751,0.0402594783199227,,0.0546678481053712,0.0419972872762663,1923,1
WLS,v,201504,201505,0.028879005705626,-0.0345599758237157,,-0.00469413340294102,0.0146831345178369,1918,1
WLS,v,201505,201506,-0.00594366707219557,-0.0355933501989348,,3.10361562236643e-05,0.0230565058739665,1912,1
WLS,v,201506,201507,0.0562888326224119,-0.130168168352563,,0.00624429351748202,0.123143165650201,1971,0.999999999999997
WLS,v,201507,201508,-0.0614735420217799,0.0202834367563973,,-0.00979030851678819,0.00770080984950305,1954,1
WLS,v,201508,201509,-0.00216465277011987,-0.040268628879631,,-0.0191471761775549,0.0239910349419468,1945,1
WLS,v,201509,201510,0.0398024788161538,0.00839974692542337,,0.0733582036208368,0.0326744265907455,1934,1
WLS,v,201510,201511,-0.0057043374711376,-0.00476656205629894,,0.0216007080034545,0.00552734787452514,1918,1
WLS,v,201511,201512,0.00528546170936846,-0.0698768658637986,,-0.00327304400518827,0.0539390006932371,1914,0.999999999999999
WLS,v,201512,201601,-0.00990945457719176,0.0261236805479548,,-0.0996031487801091,0.0706130595182712,1896,1
WLS,v,201601,201602,-0.000533612244837314,0.0226274448583162,,-0.00143328533416517,0.00492559770482159,1874,1
WLS,v,201602,201603,0.0465786348223382,0.0285251421180338,,0.0228444448349181,0.0157498753876097,1864,0.999999999999999
WLS,v,201603,201604,-0.0507299948563982,0.0719128757898066,,0.0494924938525297,0.0565778410282494,1852,1
WLS,v,201604,201605,0.0266245024580698,-0.0310959999605683,,0.00364725707734278,0.012900387702742,1838,0.999999999999998
WLS,v,201605,201606,0.00435009613913759,0.0364887568655666,,-0.0180289637818449,0.0224384663758171,1824,1
WLS,v,201606,201607,0.0607345314790958,-0.0313727263870141,,-0.0110055698892885,0.0120167896270191,1901,0.999999999999998
WLS,v,201607,201608,-0.00288166271692344,0.0140517278536336,,-0.00971150830835457,0.00375650597576271,1891,0.999999999999997
WLS,v,201608,201609,-0.0132822980681716,0.0222733054045084,,0.0192323472065934,0.0131081492052406,1881,1
WLS,v,201609,201610,-0.0228362396887868,-0.0126796195498023,,0.000766659681453377,0.00191769596897517,1865,0.999999999999996
WLS,v,201610,201611,-0.0154652528739168,0.107122107967474,,0.0247640014260804,0.0766629302286256,1860,0.999999999999998
WLS,v,201611,201612,0.0160195874842428,0.0116820606637136,,-0.0138540785428628,0.00549296931730936,1844,1
WLS,v,201612,201701,0.00320324818795847,-0.0428171034194152,,0.0658125482181209,0.0620903586534711,1836,1
WLS,v,201701,201702,0.0765991100164183,-0.0634812784952161,,-0.0370383714271178,0.074056746437714,1829,1
WLS,v,201702,201703,0.0303186882751558,-0.0301730085793794,,-0.0198418595122124,0.0268709019253349,1813,1
WLS,v,201703,201704,0.0297813599986972,-0.0393012159760303,,-0.0024884577872621,0.0308028513729687,1802,1
WLS,v,201704,201705,0.0354658923287241,-0.0687221037805474,,0.00871341868047845,0.0506114653199372,1789,0.999999999999999
WLS,v,201705,201706,-0.00539214319660586,-0.00828580405844085,,0.0131845899661463,0.00316346022560421,1778,1
WLS,v,201706,201707,0.00622505766250997,-0.0160032300370943,,0.0352832146025965,0.0163452897172398,1877,1
WLS,v,201707,201708,0.025712760381182,-0.0497162327309961,,-0.00534396681963708,0.0265358182932232,1872,1
WLS,v,201708,201709,-0.00927839330522771,0.0568917269198919,,0.0207263444395328,0.0388877824447806,1858,1
WLS,v,201709,201710,0.0583253963217519,-0.0849578529223846,,-0.00476364247517979,0.0510638390644758,1845,0.999999999999998
WLS,v,201710,201711,0.0651714856627777,0.00507488781863249,,-0.0632352548693651,0.0352473922194337,1836,1
WLS,v,201711,201712,-0.0101322890936513,0.0326191146267465,,0.0213616974788397,0.0276815476312788,1823,0.999999999999998
WLS,v,201712,201801,0.0605547722537648,-0.101734507933741,,0.0691422649257607,0.111012245705919,1811,0.999999999999998
WLS,v,201801,201802,-0.0212991764748466,-0.0744765388713415,,0.0246056413462192,0.0578861325232581,1806,1
WLS,v,201802,201803,-0.0273975715818838,0.0388124063814672,,-0.0168203170183335,0.0270842761438918,1796,1
WLS,v,201803,201804,-0.0103681217583062,-0.00324810223995844,,0.0275940024659922,0.00665904222514502,1784,1
WLS,v,201804,201805,0.0218729032934347,-0.0206503381010119,,0.0354157769299552,0.0129218791787942,1779,1
WLS,v,201805,201806,0.030015647247581,-0.0223168668562479,,-0.0287547437225546,0.0155241622425532,1775,0.999999999999998
WLS,v,201806,201807,0.0468524807284231,-0.0113388103441771,,-0.0261180185027015,0.00671139622471895,1840,0.999999999999997
WLS,v,201807,201808,0.0885170802665919,-0.10541144583326,,-0.0150434206842216,0.0777057268801084,1831,1
WLS,v,201808,201809,-0.0017869235480966,-0.00177615016203581,,0.016972143536884,0.00372884944291862,1827,1
WLS,v,201809,201810,-0.0586683539850437,0.069983854458968,,-0.0921200835924841,0.0728064019050696,1822,1
WLS,v,201810,201811,0.0278180593463785,-0.031252363857477,,-0.011940249316202,0.00548567942951139,1813,1
WLS,v,201811,201812,-0.0539323770770454,-0.0638266046857753,,-0.0336313086151216,0.0648471514633091,1797,1
WLS,v,201812,201901,0.0357122186866633,0.0242395004176938,,0.0712602752784513,0.0296211513276635,1786,1
WLS,v,201901,201902,0.0334791091030258,-0.0161085063361512,,0.0141264154141827,0.00440679395304966,1776,1
WLS,v,201902,201903,0.0312992532568104,-0.0579110445938564,,0.0155772476587226,0.0494056413642509,1769,1
WLS,v,201903,201904,0.0366981089404239,-0.0421160349753376,,0.0286754172855978,0.0202881035308948,1757,1
WLS,v,201904,201905,-0.0664796314628962,-0.0184428272002084,,-0.0055053146146004,0.00294046184942964,1750,1
WLS,v,201905,201906,0.0694556787813905,0.0121251313028736,,0.00901300382645131,0.00277924923653072,1744,0.999999999999998
WLS,v,201906,201907,0.0161845713507533,-0.0184048001473315,,-0.00504717595668645,0.00441507477446723,1837,0.999999999999998
WLS,v,201907,201908,0.0153166254405693,-0.0610832604230083,,-0.0382432590126852,0.0373457979590407,1825,1
WLS,v,201908,201909,0.00641254848512493,0.0732101546209263,,-0.0315211897045717,0.0859046756913827,1817,1
WLS,v,201909,201910,0.0357993855110193,-0.0358360630236225,,-0.00150432067290001,0.0128349971800661,1808,1
WLS,v,201910,201911,0.0305748742438305,-0.0444148857371731,,0.0434560797762554,0.0393752046593519,1796,1
WLS,v,201911,201912,0.0369936183709309,-0.00413088525409401,,-0.00914609947655078,0.00131704285169754,1786,1
WLS,v,201912,202001,-0.00954457176168743,-0.152162694339149,,0.105460359758259,0.220901921760921,1771,1
WLS,v,202001,202002,-0.0537171799848249,-0.0564024955501938,,-0.00872839678412373,0.0247694829772589,1770,1
WLS,v,202002,202003,-0.00117163929065082,-0.27365463146864,,-0.0461793285667473,0.18944306294994,1766,1
WLS,v,202003,202004,0.1493207491357,-0.0022710981077525,,-0.00723500822515998,0.000187682862141214,1757,1
WLS,v,202004,202005,0.0637770790518438,-0.020283204190954,,-0.00248788631318258,0.00279313298853823,1752,1
WLS,v,202005,202006,0.0298393370736089,-0.124746759363332,,0.0769161063226673,0.127153363408988,1738,1
WLS,v,202006,202007,0.0637235375901038,-0.102309517981923,,0.062360691231994,0.0645906553742474,1804,1
WLS,v,202007,202008,0.0693758969493381,-0.158685282633183,,0.122846127934966,0.114356082220964,1792,0.999999999999998
WLS,v,202008,202009,-0.0270433624868024,0.0369957236334299,,-0.0459239477414737,0.0317767271025231,1788,1
WLS,v,202009,202010,-0.0378996930960904,0.042558296434546,,-0.00913767002732438,0.0168283629774648,1779,1
WLS,v,202010,202011,0.0213552132104662,0.129633781742941,,0.109386579672547,0.086741541594793,1773,1
WLS,v,202011,202012,0.0105673817075018,-0.0389001427371139,,0.0941316180544754,0.0709349354764282,1767,0.999999999999998
WLS,v,202012,202101,-0.02707307649393,0.046512329588859,,0.0245457174737919,0.0136721256679799,1758,1
WLS,v,202101,202102,-0.0277533112236017,0.184063099813645,,-0.0188628649058382,0.134445038379113,1752,1
WLS,v,202102,202103,0.0640401041044128,0.0671747261582078,,-0.105413662990382,0.11637109972214,1744,0.999999999999999
WLS,v,202103,202104,0.0588347759080463,-0.0743368675752422,,0.018854662595603,0.0700574163823768,1740,1
WLS,v,202104,202105,-0.0129090130881761,0.103362972338572,,-0.0375179444719732,0.122831003318418,1729,1
WLS,v,202105,202106,0.0512139184419837,-0.133250537281303,,0.0519533037947369,0.153691725604939,1724,0.999999999999997
WLS,v,202106,202107,0.0546328073413709,-0.0914490046549147,,-0.0163363180765125,0.0968838092869709,1793,1
WLS,v,202107,202108,0.0478160009997189,-0.0785746396018905,,0.0141383594828912,0.0872761370373769,1788,1
WLS,v,202108,202109,-0.11000574889074,0.0710023737705389,,0.0778181787572792,0.124020377827073,1780,0.999999999999997
WLS,v,202109,202110,0.0666896964481381,-0.118019110654606,,0.076632049749549,0.0887647884439108,1771,1
WLS,v,202110,202111,0.0445303149722066,-0.107739607988901,,-0.0196807856254444,0.0622479228569207,1763,1
WLS,v,202111,202112,0.0423234678959382,0.0906637707374776,,-0.0767703316500036,0.104581240210574,1755,1
WLS,v,202112,202201,-0.129423576518908,0.166388238002823,,0.0245755745341356,0.173664885792858,1743,0.999999999999998
WLS,v,202201,202202,-0.0940695546164318,0.0864814119104532,,0.077165143699035,0.0686657291544365,1742,1
WLS,v,202202,202203,0.0133733271312695,-0.0280770118102059,,0.0718993335032311,0.0361430520195825,1737,1
WLS,v,202203,202204,-0.0724377827759578,0.136113790112954,,-0.126698905588396,0.186267858777046,1726,0.999999999999999
WLS,v,202204,202205,-0.0659660920951543,0.160311073982037,,0.0170352855347324,0.190751960919737,1721,0.999999999999998
WLS,v,202205,202206,-0.0477532049289365,-0.0473595575148295,,-0.0469252281794078,0.0382502821296665,1713,1
WLS,v,202206,202207,0.108783322507503,-0.133327931905676,,0.0705832517713117,0.134873917056846,1812,1
WLS,v,202207,202208,-0.0718696414624971,0.060959463646766,,0.0234188595508265,0.039900084036957,1804,1
WLS,v,202208,202209,-0.068453607282855,-0.0120315846944294,,-0.0452407407458674,0.0138362448794268,1797,1
WLS,v,202209,202210,0.022345781341859,0.181158190776155,,9.13372757016293e-05,0.133493369809461,1791,0.999999999999997
WLS,v,202210,202211,0.0774651048721534,-0.00478930819693979,,-0.0599177507315236,0.0128335679843729,1780,1
WLS,v,202211,202212,-0.0302477805354503,0.0489569126561231,,-0.104267333917443,0.104913440007973,1775,1
WLS,v,202212,202301,0.0379033814652053,-0.0378901389938159,,0.0888351509274528,0.0346118668058623,1768,0.999999999999998
WLS,v,202301,202302,-0.0263266047259726,-0.0719615744642903,,0.0586766684071092,0.0889365795325743,1763,1
WLS,v,202302,202303,0.109810420262074,-0.159657840346895,,-0.0278995070112269,0.197978655530353,1750,0.999999999999998
WLS,v,202303,202304,0.0585254313810702,-0.0289600953510951,,-0.0954363216428155,0.0530960216773785,1737,1
WLS,v,202304,202305,0.0211666897272463,-0.212723495823389,,0.105647417711664,0.233145045576385,1735,0.999999999999996
WLS,v,202305,202306,0.047099611749826,-0.0112781057400701,,0.0554498613260673,0.0249894366554519,1725,1
WLS,v,202306,202307,0.0362809734828179,0.0321009194725416,,-0.0369912561972924,0.0229204043605022,1867,0.999999999999997
WLS,v,202307,202308,0.0176382131600697,-0.0711268712015179,,-0.0286795620265792,0.0292130765358319,1858,0.999999999999997
WLS,v,202308,202309,-0.0452149912166372,0.0430259940530342,,-0.0365687890989824,0.0519096285086904,1845,0.999999999999998
WLS,v,202309,202310,0.029950611266522,-0.0937064643560735,,-0.074827580994996,0.0538977189033815,1835,1
WLS,v,202310,202311,0.035417253756698,-0.0156650023894823,,0.115652230501066,0.067498534396149,1826,0.999999999999998
WLS,v,202311,202312,0.0364449445920072,0.0578665827889093,,-0.0022102552649801,0.0250292319112304,1816,1
WLS,v,202312,202401,0.0508878683349669,-0.07827144188326,,-0.0200029047814147,0.022836920943222,1804,1
WLS,v,202401,202402,0.12972538771843,-0.0994222853808049,,-0.0671465314349383,0.0351570266866265,1798,1
WLS,v,202402,202403,0.0407127228537728,0.03018059140718,,-0.0382938400893099,0.0230991619656878,1791,1
WLS,v,202403,202404,-0.0398991748018711,-0.0517712106962702,,-0.0018211417756236,0.025683148108729,1783,1
WLS,v,202404,202405,0.0759407879410354,-0.0943078739541505,,-0.0143725047863632,0.0303830392758633,1775,1
WLS,v,202405,202406,0.081437876164858,-0.17697482536567,,0.00403094376655931,0.187389894569726,1759,0.999999999999998
WLS,v,202406,202407,-0.0480429964555412,0.140663372198503,,0.012256663152758,0.0891831814240748,1982,0.999999999999998
WLS,v,202407,202408,0.0349451395755016,-0.0552226574659475,,-0.0202865249720138,0.0182341822108157,1967,1
WLS,v,202408,202409,0.0235782188435995,-0.0281924166366155,,0.0156494666428858,0.0117605124553187,1956,1
WLS,v,202409,202410,-0.0307416746126101,-0.0132440136003324,,0.0376950954214434,0.0137399054693896,1947,1
WLS,v,202410,202411,0.0440229473082635,0.000268188801631895,,0.0353638058913813,0.00363399697771138,1934,0.999999999999998
WLS,v,202411,202412,0.028441812335508,-0.172368870047929,,-0.0175417802057041,0.0993372109085249,1925,0.999999999999999
WLS,vi,197306,197307,0.0392680876686372,,-0.00556378752196218,0.0157943206409427,0.00122552517764762,1446,1
WLS,vi,197307,197308,-0.0213949196933313,,-0.0375444743086859,0.0041190509915864,0.0282185119910153,1445,1
WLS,vi,197308,197309,0.172072314274225,,-0.123717301625679,-0.0826850722503422,0.277698820423189,1445,1
WLS,vi,197309,197310,-0.0108604788312887,,-0.0333494946840394,0.0348459842923916,0.0088952406040933,1446,1
WLS,vi,197310,197311,-0.153543326866418,,-0.0345668713310362,0.0633858007128088,0.015722050329945,1444,0.999999999999998
WLS,vi,197311,197312,0.101442713866544,,-0.164279610179533,-0.010299130449385,0.278643769250296,1445,1
WLS,vi,197312,197401,0.0686838960157983,,0.110801092564952,-0.181807302150157,0.122495526123873,1444,0.999999999999998
WLS,vi,197401,197402,0.0383309551641644,,-0.0348913946656784,-0.0327860125719012,0.0726373614494176,1443,1
WLS,vi,197402,197403,-0.0380575387897892,,0.0415532760576921,-0.00960626185689555,0.0319188324924229,1442,0.999999999999997
WLS,vi,197403,197404,-0.037941282414312,,0.0357301662421142,-0.0276493101665254,0.0184403920441453,1442,1
WLS,vi,197404,197405,-0.087025743710845,,0.0537131533412759,0.0368449829836628,0.085953114199991,1441,1
WLS,vi,197405,197406,-0.0102196535709753,,-0.0212959621169833,0.00824484908049005,0.00846509530999751,1439,1
WLS,vi,197406,197407,0.0240211581485418,,-0.0930030547478046,-0.0833015067781376,0.201762693682979,1560,1
WLS,vi,197407,197408,-0.04372232838467,,-0.0341645762959186,-0.0340540438815375,0.034722545200668,1559,1
WLS,vi,197408,197409,-0.00526948116050364,,-0.0891721268558509,-0.098515508887413,0.207561726132587,1555,1
WLS,vi,197409,197410,-0.0433934677377859,,-0.0183615988878961,0.271027715312973,0.143628503262892,1555,1
WLS,vi,197410,197411,-0.0449300535697484,,-0.0145007315469949,0.00135010264952483,0.00356282841958755,1551,1
WLS,vi,197411,197412,-0.0043982332972861,,-0.0372471121214239,-0.0136636347102199,0.0317601911041566,1550,1
WLS,vi,197412,197501,0.339028289965942,,0.0947339245565553,-0.328771589943139,0.165453385346756,1553,1
WLS,vi,197501,197502,-0.0644642627426299,,0.0738116651303227,0.12101422343516,0.192860362043861,1551,1
WLS,vi,197502,197503,0.0959633195920232,,0.0114240976134581,-0.0866453350999952,0.0375168118188497,1548,1
WLS,vi,197503,197504,0.0446507285213676,,-0.044538428226302,0.0328187870992543,0.0169950103279224,1547,0.999999999999998
WLS,vi,197504,197505,0.0281193233101021,,-0.00993563846902776,0.0300437762323902,0.00475407751418155,1546,1
WLS,vi,197505,197506,0.0991259486670693,,-0.0461269910678856,-0.0425009534949885,0.0697250722885665,1545,1
WLS,vi,197506,197507,0.011902081677325,,-0.0731539540881506,-0.0533022145579341,0.166439334337666,1959,1
WLS,vi,197507,197508,-0.0239394347376669,,-0.0136072032206891,0.00876470581042878,0.00433762024110762,1958,0.999999999999996
WLS,vi,197508,197509,-0.0248920961024194,,0.0113023968866945,-0.029100922793433,0.00838953687701005,1958,1
WLS,vi,197509,197510,0.0030255400386224,,0.0903530404924356,0.0125127733261975,0.105519380581455,1958,1
WLS,vi,197510,197511,0.0286634026342142,,0.0466953972277515,-0.0323300065884362,0.0386729647180111,1958,0.999999999999997
WLS,vi,197511,197512,0.0274814050757513,,-0.0538492436772223,-0.0254421917980042,0.110400101377352,1955,0.999999999999995
WLS,vi,197512,197601,0.262746176012202,,0.00691460362739439,-0.169794879777447,0.134336679753074,1903,0.999999999999997
WLS,vi,197601,197602,0.140375394810341,,-0.0236150467990015,-0.156677203334955,0.205158715014653,1904,1.00000000000001
WLS,vi,197602,197603,0.00459971516237827,,-0.00388578576392513,0.0271331809240468,0.00574663397734432,1921,1
WLS,vi,197603,197604,0.0230140490696104,,-0.0742118421429924,-0.00321151490279963,0.142839458864706,1909,1
WLS,vi,197604,197605,-0.0157650031731988,,-0.0182606932523795,0.0117232484903062,0.00624238171884362,1925,1
WLS,vi,197605,197606,0.0618820759540181,,0.024879171509952,-0.0425616135619482,0.0199914048471417,1919,1
WLS,vi,197606,197607,0.00626280817184305,,0.0251293362241194,-0.0449821189872653,0.0306984035885802,2372,0.999999999999998
WLS,vi,197607,197608,-0.0273793480047072,,0.0189069050829034,0.0144966964741426,0.0198801262903684,2183,1
WLS,vi,197608,197609,0.0437159673239423,,-0.0144472542220863,-0.0193371565723733,0.0175435821068551,2171,1
WLS,vi,197609,197610,-0.0350399043044088,,-0.0456797958264562,0.0387616116588881,0.0514166121250249,2338,1
WLS,vi,197610,197611,0.0562576853602051,,-0.00812548185179875,-0.0688175132769589,0.0611970123796751,2336,1
WLS,vi,197611,197612,0.118584659100468,,-0.017202767241799,-0.0784087294053457,0.103968699061256,2346,0.999999999999998
WLS,vi,197612,197701,0.0736719838333738,,-0.00343380315864864,-0.155582320503678,0.219937064287916,2314,1
WLS,vi,197701,197702,-0.0190526215394754,,0.0139436141708391,-0.00638726281510975,0.00508692621219642,2297,0.999999999999998
WLS,vi,197702,197703,0.00458106402859124,,0.0115463245157359,-0.0358000941735407,0.0178857015355643,2313,1
WLS,vi,197703,197704,0.0728603675436014,,-0.0672917927588194,-0.0587465569148785,0.188663616254942,2303,0.999999999999997
WLS,vi,197704,197705,0.0039433399649221,,-0.00783555473682492,-0.0250672258435249,0.0146792455509918,2297,0.999999999999998
WLS,vi,197705,197706,0.020379576208039,,0.0587714075217625,-0.00396185959594442,0.0762166694630511,2284,0.999999999999998
WLS,vi,197706,197707,-0.0323177320925636,,0.0482058542805109,-0.0170707874000379,0.0553692236031068,2439,1
WLS,vi,197707,197708,-0.0947581976477706,,0.0667284172884739,0.0644361295562478,0.197835828911062,2427,0.999999999999997
WLS,vi,197708,197709,0.0138089259273475,,-0.0211089048240177,-0.012625343218254,0.0194553275843553,2413,1
WLS,vi,197709,197710,-0.0227193996828908,,0.0329347158983989,-0.0482062887361346,0.0380360352937351,2397,1
WLS,vi,197710,197711,0.0584635699187119,,0.0309585902968213,-0.0472076825458975,0.031012848746669,2390,1
WLS,vi,197711,197712,0.0146767698176052,,-0.00188279859861376,-0.0132605606573705,0.00318027601427962,2386,0.999999999999996
WLS,vi,197712,197801,-0.0321853743728182,,0.0320771371151554,-0.0595569043780653,0.0584806553493768,2375,1
WLS,vi,197801,197802,0.0288520212589299,,-0.0054273263619301,-0.0575027629145765,0.0482055893109704,2355,1
WLS,vi,197802,197803,0.0865135014384341,,-0.0139991777943902,-0.0732665013155469,0.066092797298945,2345,1
WLS,vi,197803,197804,0.028857827560034,,0.0365677246078807,0.0580500007683041,0.0753424014094021,2332,1
WLS,vi,197804,197805,0.0420088525911225,,0.031405304852575,-0.0526685155625194,0.0291036157275093,2324,1
WLS,vi,197805,197806,-0.0348902249799013,,0.0325067023423743,-0.0036277878206844,0.0232749144627074,2302,1
WLS,vi,197806,197807,0.0412405850676605,,0.0347717383836283,-0.00440949757566237,0.018768615207585,2380,0.999999999999994
WLS,vi,197807,197808,0.0503324862408856,,-0.00585071240315936,-0.0155382190226985,0.0038288056114244,2366,1
WLS,vi,197808,197809,0.0319283438255865,,-0.0554941138717198,-0.0276883190166883,0.094717992415574,2347,0.999999999999997
WLS,vi,197809,197810,-0.167681304924997,,-0.00984122682366274,0.080255964325981,0.0458460846031528,2345,0.999999999999996
WLS,vi,197810,197811,0.0390481215606036,,-0.00192870065315319,-0.0141711616386713,0.00251174747744998,2338,1
WLS,vi,197811,197812,-0.029563681959354,,0.0307441947144941,0.0389563265548036,0.0556994659921131,2327,0.999999999999994
WLS,vi,197812,197901,0.0890086039044967,,-0.0113387322426675,-0.065123303961754,0.0572041919941364,2322,1
WLS,vi,197901,197902,-0.032422196959586,,-0.0408146275292113,0.0219511174665227,0.0397995895932294,2299,1
WLS,vi,197902,197903,0.0899240433323755,,-0.0200272644992744,-0.0341976123709276,0.0299454998983781,2287,1
WLS,vi,197903,197904,0.0234113661965574,,0.00924626937660019,-0.0389974309256906,0.0177696874888642,2287,1
WLS,vi,197904,197905,-0.0394138228124371,,-0.00808493362219548,0.0219410131476156,0.00608567866083565,2276,0.999999999999998
WLS,vi,197905,197906,0.0664314619805883,,-0.0589391283617834,-0.00914789106423523,0.0544393614974586,2265,1
WLS,vi,197906,197907,0.0480803580533913,,-0.0396226573068691,-0.0330207899007062,0.0686205168234961,2364,1
WLS,vi,197907,197908,0.0711604485373742,,-0.0132330050495025,0.00146558451144322,0.00311222073386142,2351,1
WLS,vi,197908,197909,0.0284936657490793,,-0.0510986959050526,-0.0148184752623152,0.0571090880627713,2336,1
WLS,vi,197909,197910,-0.100137764022857,,-0.0251582191975568,0.0494025456021709,0.0281903461230193,2326,1
WLS,vi,197910,197911,0.0189140525414557,,-0.0572705528888135,0.0906760088383171,0.0597691677641374,2325,0.999999999999997
WLS,vi,197911,197912,0.0430851141097161,,-0.0691394556570466,0.0247993114527816,0.0582679088410704,2318,0.999999999999998
WLS,vi,197912,198001,0.151524624849518,,-0.13423755736768,-0.0340576204733195,0.155455433654185,2298,0.999999999999998
WLS,vi,198001,198002,0.059316618951285,,-0.110994015582626,-0.0261334843567282,0.0930637604628117,2275,1
WLS,vi,198002,198003,-0.206563531676767,,0.112407807017372,0.0312653365285419,0.162814276666487,2261,1
WLS,vi,198003,198004,0.0303563424904354,,-0.0449777811205934,0.0250249527897313,0.0227484261938306,2253,1
WLS,vi,198004,198005,0.0496399827116734,,0.0287809269201598,-0.0194683245329813,0.0112916165032899,2247,1
WLS,vi,198005,198006,0.0187343882619941,,-0.0587844019437705,0.0550096104405878,0.0592096793035931,2237,0.999999999999996
WLS,vi,198006,198007,0.0517526760466728,,0.0707565349801682,-0.00858972047626007,0.040028389608211,2310,1
WLS,vi,198007,198008,0.00817706480996988,,-0.0375699756250665,0.0450134364820819,0.0248079706476013,2307,1
WLS,vi,198008,198009,0.00492868720597689,,-0.0818286138413185,0.100250464637187,0.107335462433667,2296,0.999999999999998
WLS,vi,198009,198010,0.023473500611869,,-0.0707411536524966,0.0382075492667907,0.0433939590590933,2282,1
WLS,vi,198010,198011,0.111434372959972,,-0.177878678056524,0.134431012361203,0.125863548774693,2272,1
WLS,vi,198011,198012,-0.0962444528101062,,0.106642749794653,-0.0103007454657246,0.0975878922379207,2262,1
WLS,vi,198012,198101,-0.0162087365468985,,0.0782159038762591,-0.125744764306988,0.110548069981649,2254,1
WLS,vi,198101,198102,0.0220562349337179,,0.00708761648939913,-0.0161216096436845,0.00231328513719242,2234,1
WLS,vi,198102,198103,0.0455601734846328,,0.0166928449834001,-0.028418107253887,0.00377683254975691,2219,1
WLS,vi,198103,198104,-0.0322274049291943,,0.110681555959197,-0.0824108617468644,0.115946410197242,2209,0.999999999999998
WLS,vi,198104,198105,-0.0337914642617327,,0.0640585308583247,-0.00858732513550737,0.0502240324902799,2197,1
WLS,vi,198105,198106,0.0253259197632027,,-0.0382180264800329,-0.0518614872502794,0.0395025960961868,2185,0.999999999999998
WLS,vi,198106,198107,-0.0259680035924088,,-0.0701674473841886,0.0779691890621942,0.0586959035087,2301,1
WLS,vi,198107,198108,-0.0730215865002944,,0.0323719492409787,-0.0362513909285825,0.0285915325455322,2291,1
WLS,vi,198108,198109,-0.0855248135711632,,0.101319620490764,-0.0720192000354887,0.122031469950318,2270,0.999999999999998
WLS,vi,198109,198110,-0.0238431796163786,,-0.0414654740407749,0.157569163727207,0.0886634855791175,2252,1
WLS,vi,198110,198111,0.0440669074015587,,-0.0205627562404031,-0.00147190820193394,0.00439140941074656,2253,1
WLS,vi,198111,198112,-0.0277312720815633,,0.0504235638904827,-0.0538910512151805,0.0589662030963306,2246,1
WLS,vi,198112,198201,-0.067582800736948,,0.130700989661365,-0.0570412109734511,0.154573672103751,2229,1
WLS,vi,198201,198202,-0.0180618649428052,,0.095730013480426,-0.160543885680389,0.20749531953837,2223,0.999999999999999
WLS,vi,198202,198203,0.0221934318204148,,0.0234605299939838,-0.0903842832887166,0.0591501292113504,2203,1
WLS,vi,198203,198204,0.00736302998713296,,0.0238898973835334,0.0341456698784315,0.0231403775774915,2185,1
WLS,vi,198204,198205,-0.0129188129297659,,0.0102224129052262,-0.0522782178709023,0.0244744295362435,2176,1
WLS,vi,198205,198206,-0.00903404563836296,,0.0497539901431237,-0.0739239692949288,0.0457044101324303,2162,1
WLS,vi,198206,198207,-0.08225925513974,,0.105063936449673,-0.0114372061315192,0.0969406206746916,2342,0.999999999999999
WLS,vi,198207,198208,0.140527114483149,,-0.0359267703031898,-0.0116541087394043,0.0138063738405994,2332,0.999999999999998
WLS,vi,198208,198209,-0.0116296540823508,,0.0448654114380417,-0.00715943067531832,0.0230546711188002,2326,1
WLS,vi,198209,198210,0.109404790592148,,-0.022276098141716,0.0303239605388571,0.00583244880592104,2308,0.999999999999997
WLS,vi,198210,198211,0.00485865790685453,,0.0930508525000328,-0.0110617667041435,0.0566135760276429,2294,1
WLS,vi,198211,198212,0.0253141350361774,,-0.00570249266355082,-0.0215453674036405,0.0040087196714409,2291,0.999999999999999
WLS,vi,198212,198301,0.0532907068169404,,-0.046169304539507,0.00683034343181276,0.0189301879795686,2269,1
WLS,vi,198301,198302,0.0360915854902818,,0.0246417418621725,-0.0373062757981719,0.0144768372291554,2250,1
WLS,vi,198302,198303,0.0460971743203504,,0.0215889975211665,-0.0547697590590036,0.0223109598058417,2241,1
WLS,vi,198303,198304,0.0917048608500815,,-0.00705755493734318,-0.0465785586473591,0.0191899234110544,2227,1
WLS,vi,198304,198305,0.0113760511787237,,-0.0500526712138137,0.0335051931523048,0.0228759151373786,2215,1
WLS,vi,198305,198306,0.0311169470253526,,0.0145551530297743,0.0098080124331394,0.00328565728163988,2209,1
WLS,vi,198306,198307,-0.0156333801566497,,0.00596293870518921,-0.0576201341264182,0.0355639296000326,2382,1
WLS,vi,198307,198308,0.0447367453257675,,-0.0048871676321368,-0.0915789232238249,0.0855217690241882,2371,0.999999999999996
WLS,vi,198308,198309,-0.0332362797215884,,0.0612324515604913,0.0172871288280463,0.0653202547067426,2360,1
WLS,vi,198309,198310,-0.0114233297983638,,0.031926616110224,-0.074289895786406,0.0437525512628156,2346,1
WLS,vi,198310,198311,0.035140038458387,,-0.0532481878242546,0.0338037637019423,0.0277787794934203,2340,0.999999999999998
WLS,vi,198311,198312,0.00552156314707967,,0.00223082310470299,-0.0337316495274286,0.0126815126180414,2337,1
WLS,vi,198312,198401,0.0708407135915165,,-0.0474725621384348,-0.136264300035348,0.17140509312951,2317,0.999999999999999
WLS,vi,198401,198402,-0.00890339605207268,,0.00715719680699051,-0.0820849383959737,0.0626095742537161,2300,0.999999999999998
WLS,vi,198402,198403,0.00945110440772398,,-0.000533485215065735,0.00311873891229966,9.92809871969147e-05,2279,1
WLS,vi,198403,198404,0.00117729359665659,,0.0341320897909919,-0.0403755572205835,0.0293030499565586,2265,1
WLS,vi,198404,198405,-0.0747156567498315,,0.0413186180007911,-0.0151651616745934,0.0192356105381986,2253,1
WLS,vi,198405,198406,-0.0272150907474883,,0.0356059694074537,0.0487015570054562,0.0513637801473174,2245,1
WLS,vi,198406,198407,-0.0540241321496944,,0.0617016976755638,-0.0233996461481528,0.0435229092354472,2509,0.999999999999996
WLS,vi,198407,198408,0.109439233573565,,-0.0288527681659907,0.0327531366364327,0.0158973721915591,2492,0.999999999999998
WLS,vi,198408,198409,0.0112184208634579,,0.0132369894206037,-0.0897971725282357,0.103795349778124,2476,1
WLS,vi,198409,198410,-0.0296285920108048,,0.0455425604513422,-0.0184577831861205,0.0312264718017342,2455,1
WLS,vi,198410,198411,-0.0103992039637138,,0.00756927176390482,-0.0396214141828699,0.0242279754627123,2436,1
WLS,vi,198411,198412,-0.000485555322225664,,0.0122591303388787,0.012539555130682,0.00713801133141756,2415,1
WLS,vi,198412,198501,0.0543972309927255,,-0.0177175143650962,0.0920402026367862,0.0809702880052617,2395,1
WLS,vi,198501,198502,0.0186557723474647,,0.0150795290446463,-0.0372288128647529,0.0206434955472478,2375,1
WLS,vi,198502,198503,-0.0148298719163768,,0.0220851118837697,-0.0367918517011954,0.0136826544995163,2356,1
WLS,vi,198503,198504,0.0104072098443452,,-0.0122897616355429,-0.0489359363140091,0.0338830555422193,2346,0.999999999999997
WLS,vi,198504,198505,0.0207454284761474,,0.0399745417533155,0.0166679411159592,0.0249636275927854,2331,0.999999999999998
WLS,vi,198505,198506,0.00870265148652286,,-0.00461913592365396,0.00279851179062886,0.0004891525834958,2315,1
WLS,vi,198506,198507,0.0206630023012856,,-0.0174202051939652,-0.0104643564649279,0.00658963595404916,2535,1
WLS,vi,198507,198508,-2.30223361656331e-05,,0.00379220352501765,-0.0329742929924128,0.0158137953441202,2521,0.999999999999998
WLS,vi,198508,198509,-0.0322023929074595,,0.053484140125362,-0.0777127209516231,0.0899744717340444,2503,1
WLS,vi,198509,198510,0.0292017612034807,,0.033464935554741,-0.0330441698823661,0.0174399512247473,2482,1
WLS,vi,198510,198511,0.0140729463265122,,0.0382091707099963,0.0641209926792538,0.0718581046562318,2468,0.999999999999998
WLS,vi,198511,198512,-0.0131054615020449,,0.048261137087019,0.0466942223240113,0.0681598749815875,2447,0.999999999999997
WLS,vi,198512,198601,-0.0155921000288082,,0.0175318306049112,0.0107890496058066,0.00581985541750529,2426,1
WLS,vi,198601,198602,0.0869517418053007,,-0.0193190876177399,-0.00412635150770706,0.00438709776918367,2410,1
WLS,vi,198602,198603,0.0211696585981674,,0.0264178590891398,0.0221214960287878,0.0125888477900646,2395,1
WLS,vi,198603,198604,-0.0555973547896561,,0.0519216297941879,0.0358528884875891,0.0543431784393833,2371,1
WLS,vi,198604,198605,0.0402675515792635,,0.0358677246953199,-0.025031847482345,0.0170217995258841,2352,1
WLS,vi,198605,198606,-0.0252115906412874,,0.0418124647496684,0.00603884945855327,0.0177408410259123,2337,1
WLS,vi,198606,198607,-0.0693366012742795,,0.0310386650477929,-0.0539242007998097,0.0357282462523454,2608,1
WLS,vi,198607,198608,0.150690846421567,,-0.075343971419007,-0.0947722051498156,0.138978008467511,2590,1
WLS,vi,198608,198609,0.0119580119600944,,-0.0709082255699016,-0.095343649458811,0.132160119935225,2580,1
WLS,vi,198609,198610,0.0508716123500453,,-0.0184427440760341,0.0266106078641608,0.00705577763938559,2558,0.999999999999997
WLS,vi,198610,198611,0.0132615699005737,,0.0163543694821079,-0.00524137293215038,0.00445097837534936,2528,0.999999999999998
WLS,vi,198611,198612,-0.0294125237528548,,0.00188481655883864,-0.00560290037107285,0.000429105736149737,2498,1
WLS,vi,198612,198701,0.139577411739682,,-0.0158093693178722,0.0146707133246723,0.00265473334416366,2447,0.999999999999996
WLS,vi,198701,198702,-0.0108529198639645,,0.0470772391030994,0.0840719758877171,0.0952478070851888,2425,1
WLS,vi,198702,198703,0.0999438836832595,,-0.0411704486293658,-0.090420239160983,0.0777522197971862,2413,1
WLS,vi,198703,198704,0.00221821338280323,,-0.00525198407414303,-0.0205949543806091,0.00444139063792892,2391,1
WLS,vi,198704,198705,-0.00303161264115072,,0.0125251010468196,0.00499527422692639,0.00215738239362584,2376,1
WLS,vi,198705,198706,0.0392729369349721,,0.0208019689774473,-0.0196870606580255,0.00959980805087157,2367,1.00000000000001
WLS,vi,198706,198707,0.056928518512917,,-0.0220334648974523,0.0150640272447971,0.00713576215053491,2716,1
WLS,vi,198707,198708,0.0109052493344971,,0.0321024209338675,0.00579229479087874,0.0138474616915677,2695,1
WLS,vi,198708,198709,-0.0120185315373716,,-0.0487329055716006,0.0241326125857308,0.0311542754806766,2677,1
WLS,vi,198709,198710,-0.252619848741751,,0.0484094415443798,-0.0367952498630127,0.025543365325875,2655,0.999999999999998
WLS,vi,198710,198711,-0.0558212128061142,,-0.0338652634097458,-0.0198692798775574,0.0145283966966918,2629,1
WLS,vi,198711,198712,0.0939131740095062,,-0.000974874078923723,-0.0172661582047433,0.0014645508961294,2600,0.999999999999999
WLS,vi,198712,198801,0.0759029284150699,,-0.0145254042510746,-0.0773126489698169,0.0256286784579416,2577,0.999999999999995
WLS,vi,198801,198802,0.0669127983117547,,-0.00360167742729791,-0.0108690124209363,0.000955130753956035,2555,1
WLS,vi,198802,198803,0.0239987554419819,,-0.0454858748231281,-0.0456580850527395,0.0316878306220196,2538,1
WLS,vi,198803,198804,0.0601065402692081,,-0.0307020979077228,-0.0695648858244001,0.0734859040383499,2518,1
WLS,vi,198804,198805,0.011898405127918,,-0.0139134436939424,-0.024484184676684,0.0124876436888118,2498,0.999999999999997
WLS,vi,198805,198806,0.0346392219505504,,0.0134578917916477,0.0177510966043122,0.0044517157644709,2471,1
WLS,vi,198806,198807,0.00219165374436637,,-0.0098734514278483,-0.023585768296045,0.0070653284179597,2572,0.999999999999996
WLS,vi,198807,198808,-0.055438321988624,,0.00906491740371276,0.0122842997618106,0.00337718839396628,2549,1
WLS,vi,198808,198809,0.00339335595844886,,0.0272572586542035,0.0317937319183932,0.0222399074457912,2524,1
WLS,vi,198809,198810,0.040480669236576,,0.0038549953109366,-0.0416253759233142,0.00806469361570883,2504,1
WLS,vi,198810,198811,-0.00421095349231636,,-0.0131095653624468,-0.0187892822192278,0.0103701207351854,2483,1
WLS,vi,198811,198812,-0.0079199075268657,,0.0120187677076528,0.0350255043527457,0.0205534166634143,2457,1
WLS,vi,198812,198901,0.08002309799867,,-0.0173428087255334,-0.0105614836987919,0.00762902619518191,2427,1
WLS,vi,198901,198902,-0.0234987972303582,,-0.0133966100403846,0.00581202178520376,0.00436351224229237,2408,1
WLS,vi,198902,198903,0.0120744102307469,,-0.0205707026863591,0.0225579562227557,0.00939459845139135,2383,1
WLS,vi,198903,198904,0.0217255763969982,,-0.0050040947898638,0.0494247206514048,0.0319529567597072,2366,0.999999999999996
WLS,vi,198904,198905,1.73186486464866e-06,,-0.00686433052575866,0.0650914283704479,0.0436633607171503,2353,1
WLS,vi,198905,198906,-0.0193051854714399,,0.00241898965037226,-0.00650144957587328,0.000640823273083346,2328,0.999999999999998
WLS,vi,198906,198907,-0.0106033124973154,,0.0714482824865679,0.091645483501506,0.0952855782428131,2604,1
WLS,vi,198907,198908,0.0969193927589175,,-0.0532451349649954,-0.090311508554271,0.0842706488255901,2586,1
WLS,vi,198908,198909,-0.0436364763701149,,0.0303933777660739,0.0294966930667099,0.0201179135037205,2562,1
WLS,vi,198909,198910,-0.090911042706609,,0.0594402992318252,0.0415088799902559,0.0516161917400133,2541,1
WLS,vi,198910,198911,-0.00637691642938815,,-0.00771571282661613,0.0382278144619123,0.0160395238688392,2522,1
WLS,vi,198911,198912,0.0465445894799189,,-0.0175275903967287,-0.0352768206696874,0.0158372910453737,2497,0.999999999999998
WLS,vi,198912,199001,-0.0583744175552372,,-0.0177570024073253,-0.0127794810590894,0.00557156551009119,2471,1
WLS,vi,199001,199002,0.0459909080010913,,-0.0452790833801526,-0.0206846204944826,0.0418602012788731,2451,1
WLS,vi,199002,199003,0.00171814074583577,,0.0395055236884368,0.0144033548255634,0.032794315732701,2438,1
WLS,vi,199003,199004,-0.0816954003191993,,0.0645083011508602,0.03419302197178,0.0836589688255578,2421,1
WLS,vi,199004,199005,0.0363436011206052,,0.0598610456189566,0.0291641686741558,0.0549148721441626,2405,1
WLS,vi,199005,199006,-0.0856575888088309,,0.0637967560204053,0.0728072488478926,0.102849799772222,2386,1
WLS,vi,199006,199007,-0.00973316791147167,,-0.0120554548884667,0.00943437712819111,0.00230150340047997,2723,1
WLS,vi,199007,199008,-0.124926862217165,,-0.00200411561829597,0.0398005347130854,0.00899109000196419,2704,1
WLS,vi,199008,199009,-0.0690779641255354,,0.0106772423236091,0.00440542979874675,0.00129077922781229,2683,1
WLS,vi,199009,199010,-0.0997567005426299,,0.0870589703098791,0.056771586336677,0.0711803418231152,2672,0.999999999999996
WLS,vi,199010,199011,0.0471535139596583,,0.0547947912326366,-0.0322034102855485,0.0336826721926381,2656,0.999999999999998
WLS,vi,199011,199012,0.0308529390383926,,0.0239174464124261,-0.0260918558425243,0.0132860443994749,2650,0.999999999999996
WLS,vi,199012,199101,0.0588822332022708,,0.01041575424029,-0.0257593169411884,0.00317844746607476,2630,1
WLS,vi,199101,199102,0.0287395981669158,,0.0310090583162548,0.044218375743398,0.0174245295299517,2616,0.999999999999998
WLS,vi,199102,199103,-0.0283063404590888,,0.0687338060211473,0.0321797950864111,0.0594872802502406,2604,0.999999999999998
WLS,vi,199103,199104,0.0144436397080451,,-0.0116079400720287,-0.0163494400709926,0.00336524914229208,2579,1
WLS,vi,199104,199105,0.0506104569687212,,-0.00505131620512598,-0.00779180960342155,0.000527535024799519,2568,1
WLS,vi,199105,199106,-0.0450072984255922,,0.0120068728172492,-0.014032121382907,0.0051342808932815,2553,0.999999999999998
WLS,vi,199106,199107,-0.0268377522686734,,0.0573276824610374,0.0574874189527461,0.0598463722024427,2724,1
WLS,vi,199107,199108,-0.0476513652852429,,0.0544561029702166,0.0580259378995025,0.0608772846429252,2704,1
WLS,vi,199108,199109,-0.0242602230843177,,-0.00459134702003509,0.00371455638141466,0.000520368569060903,2691,1
WLS,vi,199109,199110,0.0270827707587962,,0.0139302322406423,-0.0343300617456193,0.00787387972473896,2682,1
WLS,vi,199110,199111,-0.150900247162812,,0.102136675389106,0.0804286011879376,0.165122454326087,2665,1
WLS,vi,199111,199112,-0.0177749178139998,,0.0959495590765376,0.122560497247537,0.117318758616611,2648,0.999999999999998
WLS,vi,199112,199201,0.122350490084622,,-0.0827201753563568,-0.126822476373982,0.0856578298768725,2623,1
WLS,vi,199201,199202,0.0871961309850523,,-0.0255857909718218,-0.0912331613844511,0.0443799548187244,2613,1
WLS,vi,199202,199203,0.0137140249744491,,-0.00408201301068246,-0.0558553495575272,0.0191758317160647,2600,1
WLS,vi,199203,199204,0.101119064681735,,-0.086787740500991,-0.0597274634789754,0.0878429312127535,2590,1.00000000000001
WLS,vi,199204,199205,-0.0451039485790029,,0.0247308560773551,0.0476333211569298,0.0296500256510693,2577,1
WLS,vi,199205,199206,-0.028636593056679,,-0.0403666628817079,0.0287654562101352,0.0310807849509097,2546,0.999999999999999
WLS,vi,199206,199207,0.0215528921303215,,0.0297773968616197,-0.00328434728011742,0.0164466019470975,2683,1
WLS,vi,199207,199208,-0.0390320552629009,,0.0293893403072847,0.00234161494078133,0.0154385601519661,2661,1
WLS,vi,199208,199209,0.0362824433687825,,-0.032541951045122,-0.0167707140968172,0.0151500715072588,2637,1
WLS,vi,199209,199210,-0.0315838791913827,,0.051040732218312,0.0136330007922894,0.0316891764149327,2627,1
WLS,vi,199210,199211,0.00834265610183407,,0.0112910044676931,0.0339039650813878,0.00638763442868917,2610,0.999999999999999
WLS,vi,199211,199212,0.0589188853691017,,-0.0494710578415972,-0.0380373871313801,0.0310156796315195,2598,1
WLS,vi,199212,199301,0.0828815403036298,,-0.0871681018388263,-0.0558220567948406,0.0806831661061144,2589,1
WLS,vi,199301,199302,0.097433657295038,,-0.0683097127155621,-0.0949552318828465,0.0722276118048973,2578,1
WLS,vi,199302,199303,0.0441984259151831,,-0.0335416265237118,-0.0125059003179608,0.0164757648966424,2567,1
WLS,vi,199303,199304,0.072602385246459,,-0.0953192649183499,-0.0834535527515688,0.0851023369392932,2546,1
WLS,vi,199304,199305,0.0168429178761033,,0.021930728288807,0.0112274820318261,0.00733790751463082,2536,1
WLS,vi,199305,199306,0.0219723611016593,,-0.0427683653351203,-0.0108418005705843,0.023277816773511,2529,0.999999999999998
WLS,vi,199306,199307,0.0651827772743058,,-0.10081903252188,-0.0379819149280431,0.108573681025794,2735,1
WLS,vi,199307,199308,0.0524314124604159,,0.00305801340580108,-0.0283012119012087,0.0066055444485893,2721,0.999999999999998
WLS,vi,199308,199309,0.0324708941439505,,-0.0196945016067637,-0.0479615463113154,0.0103457440004144,2712,1
WLS,vi,199309,199310,-0.0450647550596584,,0.0388238576997495,0.0840752572851811,0.0274160882810647,2705,1.00000000000001
WLS,vi,199310,199311,-0.0713950331000476,,0.0484881281995493,0.0614227566869097,0.0292834517362669,2696,1
WLS,vi,199311,199312,0.0505730230142338,,-0.0457085159652397,-0.0193039092776642,0.0256183416747978,2678,1
WLS,vi,199312,199401,0.0810716224606608,,-0.0768120438482707,-0.013725388934921,0.0673532144694241,2665,0.999999999999997
WLS,vi,199401,199402,-0.0157056475396874,,0.02610617902395,-0.0262998822511794,0.0247740375199736,2649,0.999999999999997
WLS,vi,199402,199403,-0.0100291817381498,,-0.0060541672218301,-0.0526630003338956,0.0239500848756284,2627,0.999999999999998
WLS,vi,199403,199404,0.02241075260225,,-0.00698197018496027,-0.0201732986735704,0.00221235365312267,2614,1
WLS,vi,199404,199405,0.0282367813617456,,-0.0113666539927654,-0.0281572654256031,0.00400308320801124,2600,1
WLS,vi,199405,199406,-0.0156067926258148,,0.000635638085351548,-0.0217692012180053,0.00426469841845178,2586,0.999999999999999
WLS,vi,199406,199407,0.0190580933100522,,-0.00730967924177221,0.0219186004355065,0.00727002709146074,2824,0.999999999999998
WLS,vi,199407,199408,0.00361531595959359,,0.0818918156436533,-0.00321399454577989,0.0859048842337535,2818,1
WLS,vi,199408,199409,-0.0490214810322171,,0.0386176507562285,0.0184613499514162,0.0192121732707384,2801,1
WLS,vi,199409,199410,0.0367970581949737,,0.013099736484969,-0.0437691055869241,0.0230201012945471,2786,1
WLS,vi,199410,199411,-0.0328913312050486,,0.037970246840543,-0.0412138134123839,0.072529191811112,2773,0.999999999999998
WLS,vi,199411,199412,0.00122132170079562,,-0.0111641733128048,0.0195097237560676,0.00973774707620711,2759,1
WLS,vi,199412,199501,0.00851837257875865,,0.0165827379186995,-0.00954519062596526,0.00676882213562302,2737,1
WLS,vi,199501,199502,0.0449964036928536,,-0.0178037629872123,0.00323341260099904,0.00741991271869613,2727,0.999999999999998
WLS,vi,199502,199503,0.0610993809529149,,-0.0132187653857331,-0.0416769838665266,0.0100366538852325,2709,1
WLS,vi,199503,199504,0.0665723929386782,,-0.00798449244932802,-0.0614553556119943,0.0201741440131042,2686,1
WLS,vi,199504,199505,0.0285807567974767,,0.00675271155669552,-0.0130113526496543,0.00358625525877665,2675,0.999999999999998
WLS,vi,199505,199506,-0.00401492000145399,,0.0486587861747156,0.0120493209150472,0.0231578432314374,2655,0.999999999999998
WLS,vi,199506,199507,0.050864844790701,,-0.0193087871793796,-0.00851723796666296,0.00350998507701217,3030,1
WLS,vi,199507,199508,-0.0168824377136646,,0.00800779925755217,0.0147561552375086,0.000985174733994842,3010,1
WLS,vi,199508,199509,-0.0411284164584514,,0.0654487153829826,0.0619494104946683,0.0332988650356783,2993,1
WLS,vi,199509,199510,-0.0409360353608076,,0.0550469755174186,-0.0030378140299455,0.0273469359157171,2971,1
WLS,vi,199510,199511,-0.0158310368066947,,-0.00906699498435792,0.0890341664186736,0.0443262336193236,2955,1
WLS,vi,199511,199512,0.0724546700382087,,-0.0757662630762472,-0.0362684245857198,0.0461540450396157,2937,1
WLS,vi,199512,199601,-0.0237540702136526,,0.015343802332403,0.0636462350503106,0.0123252317384628,2915,0.999999999999998
WLS,vi,199601,199602,0.0137797420266353,,0.0330877179806892,-0.0268790452262414,0.0272653056908353,2899,1
WLS,vi,199602,199603,0.0340062366364123,,-0.0562263922626474,0.00263084616455914,0.0359921863279666,2880,0.999999999999998
WLS,vi,199603,199604,0.0556078518620139,,0.0102985841285662,-0.0562742667439914,0.0191396974725774,2858,1
WLS,vi,199604,199605,-0.00180382345011879,,0.0545104082553272,6.21084747628334e-05,0.039825068530594,2845,0.999999999999997
WLS,vi,199605,199606,-0.0632980312703755,,0.0367581517575478,0.0502826036025191,0.0121435521573272,2824,1
WLS,vi,199606,199607,-0.0443662370376039,,0.00904189369292583,-0.032352911551376,0.00918860955997014,3223,0.999999999999998
WLS,vi,199607,199608,0.0441958652403562,,-0.0172994032693619,-0.0192583901343326,0.00228131276059118,3202,1
WLS,vi,199608,199609,-0.032909911074768,,0.093917673179422,0.0459849998776876,0.066036365405164,3174,1
WLS,vi,199609,199610,0.0533616351159386,,-0.0389906178573118,-0.0433724146176601,0.00947003486267006,3153,0.999999999999996
WLS,vi,199610,199611,0.0570644461533179,,0.0279626420094454,-0.0170698566818667,0.0143014931369887,3138,0.999999999999998
WLS,vi,199611,199612,0.0265337917476367,,-0.0334375988025965,-0.0326647210893038,0.00933269997805009,3125,1
WLS,vi,199612,199701,-0.00740362517656248,,0.0867200107571775,0.0236703997048573,0.0449334252819211,3086,1
WLS,vi,199701,199702,0.00162235436643126,,-0.00169648755752013,-0.0158635270415004,0.00089148849113152,3064,1
WLS,vi,199702,199703,0.0968662764073072,,-0.103595139208588,-0.133583071148882,0.0920979019346605,3044,1
WLS,vi,199703,199704,-0.0792315654469607,,0.127987360964487,0.0826754641580398,0.0793865676088057,3024,0.999999999999999
WLS,vi,199704,199705,0.0263962306863743,,0.0217498634599529,0.0430755126219556,0.00561358632992537,3004,1
WLS,vi,199705,199706,0.00190199818008206,,0.0260909362620235,0.0291236924283905,0.00522532596718417,2987,1
WLS,vi,199706,199707,0.0609021377684635,,0.0101233740725191,0.0058758558553627,0.000429148964878556,3256,1
WLS,vi,199707,199708,0.126433400531101,,-0.121437604951691,-0.1572457778412,0.0998935977346753,3229,1
WLS,vi,199708,199709,0.0724866248576296,,-0.0375062410771598,-0.0153646427783768,0.0107718081066965,3201,0.999999999999998
WLS,vi,199709,199710,-0.0746344461148772,,0.043186273238794,0.0035157540588774,0.0130094659281229,3175,1
WLS,vi,199710,199711,-0.0306852021255462,,0.0826905513348351,0.0173865165060214,0.0608881233036591,3148,0.999999999999995
WLS,vi,199711,199712,-0.0252295921129906,,-0.00598891308969132,0.0447643913211428,0.00939424096524066,3128,1
WLS,vi,199712,199801,-0.07730366460698,,0.0982364234651624,0.0549471381219995,0.0503389064970812,3076,1
WLS,vi,199801,199802,0.00837126766004194,,0.0410229658529808,0.0670690338316434,0.0157344665273579,3049,1
WLS,vi,199802,199803,0.00131213914414667,,-0.000138722640115347,0.0649363388012532,0.0156179761144315,3027,1
WLS,vi,199803,199804,0.00129157037105959,,-0.0132712397697855,0.0155001899716992,0.004089330106959,2987,0.999999999999998
WLS,vi,199804,199805,-0.0531266859869927,,0.0210577302215006,0.0236162625712757,0.00315283719922443,2966,0.999999999999998
WLS,vi,199805,199806,-0.163566962249915,,0.180332668429592,0.146990597198864,0.144819366701441,2946,1
WLS,vi,199806,199807,-0.0866201101143011,,0.0585250933346945,0.0402780532518656,0.0163048761141655,3171,1
WLS,vi,199807,199808,-0.164960552989737,,0.0319147639597749,0.00638620037792552,0.00717704800546914,3137,1
WLS,vi,199808,199809,0.070397926823123,,0.00971925341075198,-0.00902735086959158,0.000714730268715935,3107,1
WLS,vi,199809,199810,0.108372463710398,,-0.0268426760493615,-0.0357317393025176,0.00314400536777537,3068,1
WLS,vi,199810,199811,0.0692957495729932,,0.0486657197670937,-0.0646391758784296,0.0396150373993004,3019,1
WLS,vi,199811,199812,0.00200581405558161,,0.0568822985629896,0.0329798565855763,0.012950488270874,2990,0.999999999999996
WLS,vi,199812,199901,-0.076848072824428,,0.111785604339413,0.0794844827355351,0.0277075256350888,2945,1
WLS,vi,199901,199902,-0.012960871393673,,-0.0551795063701474,-0.00332578590038864,0.0205972197494267,2907,1
WLS,vi,199902,199903,-0.0193689553595851,,0.0120863011126116,0.070116330368917,0.00651267277899859,2884,1
WLS,vi,199903,199904,0.259593255944077,,-0.230952870842188,-0.140068101397235,0.130407521911273,2845,1
WLS,vi,199904,199905,0.0901777674442418,,-0.045959530240987,-0.131289137232534,0.0461099186997483,2818,0.999999999999996
WLS,vi,199905,199906,0.0264316410044926,,0.056012568902394,-0.0133292228701268,0.0229515436908527,2794,1
WLS,vi,199906,199907,0.0241389092984541,,-0.0304656176911464,-0.0395424896579971,0.00747641880892025,3151,1
WLS,vi,199907,199908,-0.170722873758236,,0.13681044905289,0.123611661542173,0.0970547019030471,3123,0.999999999999998
WLS,vi,199908,199909,-0.0247867589924574,,-0.0169590030593686,0.00141675771801888,0.00190411985221806,3085,1.00000000000001
WLS,vi,199909,199910,-0.128531823832842,,0.11003198986987,0.149024628241546,0.0469179602856937,3047,0.999999999999998
WLS,vi,199910,199911,-0.00816766918030659,,0.0646719750519711,0.0104552426984573,0.0182007459850263,3022,0.999999999999999
WLS,vi,199911,199912,-0.019799619150665,,0.0448441315042226,0.0874717653809177,0.00495242927241624,2975,1
WLS,vi,199912,200001,0.0133793791849287,,-0.0150434842889487,-0.0742800714047327,0.00450558391238065,2944,1
WLS,vi,200001,200002,0.0675531605964709,,0.0325602160365105,-0.0869115892141699,0.00607310565923902,2915,0.999999999999998
WLS,vi,200002,200003,-0.0540608915702372,,0.0528545514030151,0.120195251685946,0.0109338325235542,2888,1
WLS,vi,200003,200004,0.0708814537484351,,-0.030029379026738,-0.1283752333305,0.0126811060712544,2850,1
WLS,vi,200004,200005,0.00144094806259203,,0.00501608793994533,-0.0656812665480882,0.006061313268931,2826,1
WLS,vi,200005,200006,-0.145084033784198,,0.130678102848001,0.164093067688358,0.0394638956607644,2803,1
WLS,vi,200006,200007,0.0363239150346636,,-0.0474826906028648,-0.0661784670085657,0.0100040522222214,3083,1
WLS,vi,200007,200008,-0.0292592797763236,,0.0139344153171031,0.0993920657740838,0.010469061144861,3056,1
WLS,vi,200008,200009,0.170645897949854,,-0.0872723608239655,-0.273871700850245,0.0461128192332672,3017,0.999999999999996
WLS,vi,200009,200010,0.164441605536686,,-0.0554440150565562,-0.179362919910623,0.0298628462658768,2983,1
WLS,vi,200010,200011,0.180305580645899,,-0.0125221550622232,-0.363212394174708,0.124094399125033,2937,1.00000000000001
WLS,vi,200011,200012,0.403359628921844,,-0.189309224082158,-0.426341750217537,0.167425869919887,2898,1
WLS,vi,200012,200101,-0.0131512119771579,,-0.0656103291081165,0.131882107005461,0.0350157291447698,2855,1
WLS,vi,200101,200102,0.385065614484089,,-0.189091783881885,-0.530241924519139,0.185959298441919,2819,1
WLS,vi,200102,200103,0.146009389706829,,-0.12280255518121,-0.211693929155144,0.0808678739958999,2797,1
WLS,vi,200103,200104,0.00102493127096534,,-0.0236360577722524,0.124777302128959,0.0417142531450719,2765,1
WLS,vi,200104,200105,0.111201547492731,,-0.054060613012782,-0.107510759088644,0.0278029318415516,2727,1.00000000000001
WLS,vi,200105,200106,-0.0214377741377396,,0.0236980693139182,-0.0265858041723815,0.00744491931923141,2699,1
WLS,vi,200106,200107,-0.0262449093618569,,0.0520669103204229,-0.0136677110207863,0.0156296931570213,2862,1
WLS,vi,200107,200108,0.0753563069664503,,-0.0158275783414859,-0.180118060407871,0.0732773671590324,2836,1
WLS,vi,200108,200109,-0.258394668390079,,0.0936912877109927,0.163196381112062,0.0327325085094777,2801,1
WLS,vi,200109,200110,0.0209611147769188,,0.0523426378828996,-0.0269792630789652,0.0140426261738263,2776,1
WLS,vi,200110,200111,0.0931112053072071,,0.00532973204214925,-0.025325726498425,0.00150802785876913,2760,1
WLS,vi,200111,200112,0.171682536858714,,-0.0803283756698803,-0.162631113308563,0.0836504734206299,2732,0.999999999999998
WLS,vi,200112,200201,-0.0278507702228295,,0.0714825655450713,-0.0181577735593347,0.0398679893826535,2705,1
WLS,vi,200201,200202,0.0386000898338622,,-0.0189289514852791,-0.063094222301391,0.00691883194964149,2684,1
WLS,vi,200202,200203,0.155830843547633,,-0.0801784572317122,-0.103508486854093,0.0486497108376798,2661,1
WLS,vi,200203,200204,0.0742083115787366,,0.000474961921645058,-0.185785785482649,0.0766007200294185,2636,1
WLS,vi,200204,200205,0.0373290286025133,,-0.0533864593308027,-0.0197384761528938,0.0267575690139061,2614,1
WLS,vi,200205,200206,-0.0509426799563814,,0.0163250752699158,-0.0454587667814706,0.00657954122803151,2589,0.999999999999998
WLS,vi,200206,200207,-0.196349005395572,,0.108697809932715,0.0711849695055376,0.0581901226521895,2783,0.999999999999998
WLS,vi,200207,200208,-0.0151573645641366,,0.0295545341209532,-0.00487204189768464,0.00772469154283062,2761,1
WLS,vi,200208,200209,-0.0992598901337293,,0.0331290673833145,-0.0301463472953386,0.0132407873396573,2741,0.999999999999998
WLS,vi,200209,200210,-0.0666872345408785,,0.0719743613752791,0.166607146040221,0.029619971563194,2726,1
WLS,vi,200210,200211,0.0675966803122806,,-0.0795049803666991,0.0613441705235796,0.0421334770088291,2692,0.999999999999998
WLS,vi,200211,200212,0.0266835439943914,,-0.00819733883508016,-0.12461284469604,0.0486060748231517,2674,0.999999999999998
WLS,vi,200212,200301,-0.0745331850262672,,0.0300218429106836,0.0429419848888093,0.0103526117916938,2647,1
WLS,vi,200301,200302,-0.0813712265668855,,0.0557682609694959,0.0516570198213053,0.0300557318008239,2626,1
WLS,vi,200302,200303,-0.0451556485556172,,0.0579172746830424,0.0324766807287876,0.029223327251656,2601,1
WLS,vi,200303,200304,0.0614363609075377,,-0.0461356380994632,0.0483343591698958,0.0338311111208031,2572,1
WLS,vi,200304,200305,0.175529123104357,,-0.100969058542492,-0.0885262967006531,0.0511478401205217,2550,0.999999999999994
WLS,vi,200305,200306,0.00798339991129842,,0.0144439980591062,-9.40875178130952e-05,0.00271146399541522,2534,1
WLS,vi,200306,200307,0.0402967904306446,,-0.000953014946701306,-0.0238315276357833,0.00169986325522153,2764,1
WLS,vi,200307,200308,0.165627811162613,,-0.0892445779523517,-0.128313614503658,0.075210858834651,2747,0.999999999999997
WLS,vi,200308,200309,-0.0890971059772212,,0.0600352083250051,0.0524692977636972,0.0339633237950527,2722,0.999999999999994
WLS,vi,200309,200310,0.178089778525592,,-0.0529767917804082,-0.13050774039985,0.0409767665525983,2703,0.999999999999995
WLS,vi,200310,200311,0.0852701735871912,,-0.0338962555591802,-0.0758176380963594,0.0307648627232272,2688,1
WLS,vi,200311,200312,0.0367108897666271,,-0.0697806685486869,0.0649940672941137,0.106326365520854,2669,0.999999999999998
WLS,vi,200312,200401,0.0313950190313321,,0.000790481203539597,-0.0300641286242657,0.00476272856464521,2642,1
WLS,vi,200401,200402,0.0489172054195202,,0.00400465221648177,-0.0618456393311434,0.0265046995368283,2628,1
WLS,vi,200402,200403,0.0102364255080643,,-0.00778856936120178,-0.0285900218696217,0.00467265072811685,2612,0.999999999999994
WLS,vi,200403,200404,-0.103383997509958,,0.0622143593467998,0.0910485159913918,0.0404972115453854,2600,1
WLS,vi,200404,200405,-0.00834355435572454,,0.0190857235457065,0.0124652721725634,0.00448268459700107,2584,0.999999999999999
WLS,vi,200405,200406,0.073038982314607,,-0.0544312539584789,-0.0331683968553721,0.0330961925074962,2563,0.999999999999999
WLS,vi,200406,200407,0.0690067764598248,,-0.0843583809277518,-0.11953433976093,0.0777492844738106,2645,1
WLS,vi,200407,200408,0.0191081198142056,,-0.00850647326775591,-0.0428707517985583,0.0135048609014753,2629,1
WLS,vi,200408,200409,0.0923662093435978,,-0.0826382446636479,-0.0504298415476215,0.0577889725242035,2617,1
WLS,vi,200409,200410,0.0245864343693949,,0.0112612090419716,-0.022576971634509,0.00793652282493396,2606,1
WLS,vi,200410,200411,0.1210108724429,,-0.0882645309133274,-0.0512416693758623,0.0653102586266041,2593,0.999999999999998
WLS,vi,200411,200412,-0.00561835709251676,,0.0450450579357157,0.0270494361667017,0.0246668931625476,2576,1
WLS,vi,200412,200501,0.0175269707444273,,-0.00824595429813688,-0.0690256947061231,0.0367284873435754,2553,1
WLS,vi,200501,200502,0.131845903710666,,-0.0989939205778352,-0.087369685075548,0.0654385088886881,2541,0.999999999999994
WLS,vi,200502,200503,-0.0025612788648999,,0.00823231799414374,-0.0311350245446891,0.0141635952295096,2526,0.999999999999996
WLS,vi,200503,200504,-0.0939148182737132,,0.0564738846719991,0.0617260724566096,0.0347560006176693,2512,1
WLS,vi,200504,200505,0.00910362325163563,,0.0309419645989864,0.0224959285646267,0.00951975361750057,2495,1
WLS,vi,200505,200506,0.0789213217589637,,-0.0544274484335783,-0.0884338937427204,0.06940376462454,2478,1
WLS,vi,200506,200507,0.0707781083285335,,-0.0175170908658529,-0.0267807384125781,0.00494754263674824,2539,1
WLS,vi,200507,200508,0.038004492172592,,-0.0626554243920439,-0.0305298081152038,0.0418102848843944,2522,0.999999999999999
WLS,vi,200508,200509,0.0603541611507969,,-0.0673380929966557,-0.0413706052813464,0.0450781267633396,2500,1
WLS,vi,200509,200510,-0.0958692161233115,,0.0689631402505171,0.060313750567921,0.0431595480308653,2485,1
WLS,vi,200510,200511,0.0230241906803563,,0.000247575922233396,0.0227536355275305,0.00481423163184858,2467,0.999999999999998
WLS,vi,200511,200512,0.0159916963099465,,-0.0253031129206575,-0.0157860466350797,0.00949622788273852,2451,0.999999999999997
WLS,vi,200512,200601,0.133110850841385,,-0.0908426268572072,-0.0903443128187886,0.0528463087417953,2430,0.999999999999997
WLS,vi,200601,200602,-0.0354424949408666,,0.0318175363232492,0.021771030937682,0.0110833391008516,2409,0.999999999999998
WLS,vi,200602,200603,0.0508075565897165,,-0.0378442773653983,-0.0195137129844484,0.0191235332288713,2397,1
WLS,vi,200603,200604,0.0636656259086406,,-0.0632392164073195,-0.0507494131676281,0.0462771059483621,2379,0.999999999999998
WLS,vi,200604,200605,-0.0116613639532866,,-0.0196351939467751,-0.0242597760312659,0.00627995032065809,2368,1
WLS,vi,200605,200606,0.0217364110712071,,-0.0115785563295766,-0.0333029341307486,0.0104214326670354,2349,1
WLS,vi,200606,200607,0.0125216956058904,,-0.00661368986891617,-0.0387217596765458,0.00865399848550752,2449,1
WLS,vi,200607,200608,-0.0529511630300625,,0.0647993242032243,0.0675341361745662,0.0422468344072339,2438,1
WLS,vi,200608,200609,-0.0111489952524451,,0.04325250421714,0.0129065464084758,0.0239133268109512,2426,0.999999999999996
WLS,vi,200609,200610,0.0460006851400912,,-0.00983098695460996,-0.0167743298225408,0.00249298373796214,2414,0.999999999999996
WLS,vi,200610,200611,0.0556552553833907,,-0.0512000957139514,-0.0189992326784284,0.0340319360372917,2399,1
WLS,vi,200611,200612,0.0276490479636568,,-0.0271952125210622,-0.0167920935786815,0.0117042592756805,2381,1
WLS,vi,200612,200701,-0.00631313019872734,,0.025737829657536,0.0169595895839222,0.00822750507770143,2356,1
WLS,vi,200701,200702,-0.00411641374480837,,-0.0245770291357861,0.000483815182573374,0.0141032249610601,2328,1
WLS,vi,200702,200703,0.0375191780030923,,-0.0357893804836382,-0.0195361614413004,0.018824400849706,2317,1
WLS,vi,200703,200704,0.00345262974840709,,0.0275307142683673,0.0353346344555076,0.0133932794569451,2297,1
WLS,vi,200704,200705,0.0811871608013623,,-0.0532816321568133,-0.0307914583202697,0.0373756282464001,2279,1
WLS,vi,200705,200706,0.0051531592079993,,-0.0189603832912937,-0.0135645020615063,0.00650001579888693,2258,1
WLS,vi,200706,200707,-0.0658327717319758,,0.0116542428001906,0.0628180148445597,0.0367569234356883,2385,0.999999999999998
WLS,vi,200707,200708,-0.0360510969713418,,0.0400504380857296,0.0393213725490188,0.0230753212897136,2368,1
WLS,vi,200708,200709,-0.00388672458997784,,8.18688972481113e-05,0.0710136028254758,0.0550198861831803,2341,1
WLS,vi,200709,200710,-0.0614303194219129,,0.056776808166227,0.0958722006547588,0.0417829552315621,2321,1
WLS,vi,200710,200711,-0.0569869300439579,,0.0360105469202298,-0.0165775687361544,0.0238710282378055,2298,1
WLS,vi,200711,200712,0.0219148834244179,,-0.0329379070311485,-0.00710289411356829,0.00926446964282834,2274,1
WLS,vi,200712,200801,-0.0329411792684916,,-0.0117507811825012,-0.0567404394111674,0.0153837027915797,2249,1
WLS,vi,200801,200802,0.0611129525112649,,-0.0608606212757462,-0.075673103802612,0.0308276866619102,2238,1
WLS,vi,200802,200803,-0.0451581407370911,,0.0330011507397978,0.0533746035344913,0.0197419039576719,2229,1
WLS,vi,200803,200804,0.10177722888513,,-0.0440138644885875,-0.0673479233834869,0.0223433399779652,2210,1
WLS,vi,200804,200805,0.0576403439501189,,-0.0319580250835042,-0.0189369290808558,0.0082870748887014,2192,0.999999999999997
WLS,vi,200805,200806,-0.0475574273269778,,0.00894002459813653,-0.0467970692877992,0.0174962788186251,2175,1
WLS,vi,200806,200807,-0.0367372052650725,,0.0662804414400239,-0.0260582353692234,0.0284469026446986,2339,1
WLS,vi,200807,200808,0.0342960954531151,,0.0286521039857939,-0.0518646353645424,0.0498720593496185,2323,1
WLS,vi,200808,200809,-0.0895030843216456,,0.0844573553312065,-0.106463573176455,0.132460827638784,2303,1
WLS,vi,200809,200810,-0.242386068101648,,0.128294084640385,-0.00435866428947323,0.0642716469140774,2292,0.999999999999999
WLS,vi,200810,200811,-0.0628207612794343,,0.0233686401387714,-0.0297885523048379,0.00707837877774564,2270,0.999999999999997
WLS,vi,200811,200812,0.0688632374419136,,-0.0157691208331202,-0.0662184498436488,0.0138404014318161,2259,1
WLS,vi,200812,200901,-0.154175696002454,,0.0780257322181283,0.0818200561787563,0.0252545631458188,2238,1
WLS,vi,200901,200902,-0.216937731810261,,0.163566184762014,0.0578008794239189,0.111808476872517,2229,1
WLS,vi,200902,200903,0.0495246943894569,,0.0395979267318445,0.0253543131006154,0.00629491289327055,2211,0.999999999999998
WLS,vi,200903,200904,0.223954098209237,,-0.168566500214359,-0.0554329610922327,0.0469403461410294,2199,1
WLS,vi,200904,200905,0.0119457155840685,,-0.0350480759347355,0.0828859326481663,0.0591604857704672,2182,0.999999999999997
WLS,vi,200905,200906,-0.0950503359810515,,0.12382801032806,0.0562683630451606,0.0900316345517694,2167,0.999999999999999
WLS,vi,200906,200907,0.136209070009932,,-0.0792581310216513,-0.0235823453851352,0.0324402781787322,2298,0.999999999999996
WLS,vi,200907,200908,0.0507024665600778,,-0.0309554658795283,-0.0171118864191327,0.00724897554404758,2285,1
WLS,vi,200908,200909,0.0900522463876427,,-0.0664231322074312,-0.0114683696817298,0.0337708955151933,2276,0.999999999999998
WLS,vi,200909,200910,-0.0974018212817893,,0.0994827044622193,0.0364669051320853,0.0721888853937085,2267,1
WLS,vi,200910,200911,0.00990422970965878,,0.0190249382054183,0.0669852791559031,0.0217398524451602,2253,1
WLS,vi,200911,200912,0.0949133879566062,,-0.0630965519731523,-0.0510577326972778,0.0278693784028589,2232,1
WLS,vi,200912,201001,-0.056195099425538,,0.0160134110669688,0.00905142597243971,0.00241244773033356,2219,1
WLS,vi,201001,201002,0.0986237479356476,,-0.0423911810649001,-0.0645343553183554,0.0239159561812115,2206,0.999999999999999
WLS,vi,201002,201003,0.0951234261394641,,-0.0490408731701972,-0.0113230299992191,0.02706010432035,2189,1
WLS,vi,201003,201004,0.0682370313635369,,-0.0560618561825397,-0.0225601727295393,0.0219792846375724,2178,1
WLS,vi,201004,201005,-0.118557458720218,,0.0435543548431042,0.028773683955226,0.0189220012300055,2164,1
WLS,vi,201005,201006,-0.158150992797778,,0.0759826242652893,0.0995327079442976,0.0613458180121157,2156,1
WLS,vi,201006,201007,0.0607230623471666,,-0.0140044080152716,0.0298465723842376,0.0131682336695185,2294,0.999999999999994
WLS,vi,201007,201008,-0.0640987839130499,,0.0184683298906485,0.0198484131723915,0.00226410255679976,2272,0.999999999999998
WLS,vi,201008,201009,0.0598910400909328,,0.0310483404822016,0.0491594066989455,0.0117042452139533,2258,0.999999999999998
WLS,vi,201009,201010,0.01833046071366,,0.000168012183705265,0.0452182014219424,0.0207895520008273,2245,1
WLS,vi,201010,201011,0.0376680960109351,,-0.034645562132989,-0.0123028927115543,0.00911400951060926,2230,1
WLS,vi,201011,201012,0.108653917685355,,-0.0758365311038917,-0.0131428319607716,0.0688347670320495,2209,1
WLS,vi,201012,201101,0.0356736793495865,,-0.0486364631078523,0.0172478650660127,0.0423602029780502,2183,1
WLS,vi,201101,201102,0.0875337672947827,,-0.0681044497209223,-0.0300492260730362,0.0367218035758177,2172,1
WLS,vi,201102,201103,0.0231623241366062,,-0.0215276455944082,-0.00244733654166417,0.00656326265663976,2159,1
WLS,vi,201103,201104,0.0288274127822227,,0.0330554667303274,-0.0191268511808315,0.0355502686280191,2146,1
WLS,vi,201104,201105,-0.0386305552440453,,0.0514206044959898,0.00194382506058472,0.0428484169725377,2134,1
WLS,vi,201105,201106,-0.0295808344393358,,0.0259287836843451,0.00475409969316034,0.0143970269471962,2116,1
WLS,vi,201106,201107,-0.11590011727716,,0.0875297669379313,0.0920976339196579,0.0489019638651767,2159,1
WLS,vi,201107,201108,-0.0886330398499821,,0.0686012330972438,-0.00780929842530344,0.0531113430221537,2151,0.999999999999998
WLS,vi,201108,201109,-0.112652607714738,,0.105831470981913,-0.0279448520741945,0.101048272104366,2140,0.999999999999999
WLS,vi,201109,201110,0.161379240216666,,-0.0954483925219924,0.00498043598367634,0.0562374335736011,2132,1
WLS,vi,201110,201111,0.0649623126861501,,-0.0492002022354856,-0.06234903794014,0.0245016302420603,2119,1
WLS,vi,201111,201112,0.0722583299470275,,-0.0429578396505855,-0.0849029776140217,0.0474637161973624,2106,1
WLS,vi,201112,201201,-0.0426235702776913,,0.0656949090171073,0.109255207907291,0.0471109031134509,2093,1
WLS,vi,201201,201202,-0.0146760095665178,,0.0328986278800576,0.0688114159363116,0.0282058480800528,2081,1
WLS,vi,201202,201203,-0.0722008691422005,,0.118639731682586,0.0646269742584546,0.145256006396415,2073,0.999999999999996
WLS,vi,201203,201204,-0.0105411648579222,,0.00771018747153615,0.00303386454025042,0.000708121960265595,2063,1
WLS,vi,201204,201205,-0.0461178357105366,,0.0301821373176605,-0.0573962181862451,0.0544229908174495,2052,0.999999999999996
WLS,vi,201205,201206,0.0872009865627331,,-0.050262967279111,-0.0417677653323271,0.0234501072055484,2044,1
WLS,vi,201206,201207,0.0391196530672398,,-0.0243943685307903,-0.0288595424757542,0.00515749118986864,2101,1
WLS,vi,201207,201208,0.00518547559400245,,0.0182997441521311,0.0190355418680266,0.00292800307981467,2086,1
WLS,vi,201208,201209,0.0266538264168001,,-0.0236795203861839,0.0128773589436256,0.021497940492935,2076,0.999999999999997
WLS,vi,201209,201210,0.0533547506478832,,-0.0662496969294954,-0.0719839858461695,0.0408935645258894,2063,1
WLS,vi,201210,201211,-0.0133119742155679,,0.0151720748979265,0.0297016440836379,0.00601857209526435,2048,1
WLS,vi,201211,201212,0.0515853840013275,,-0.0622905378051331,-0.019830811300353,0.0543914506669723,2035,1
WLS,vi,201212,201301,0.127814530858827,,-0.0702237244301858,-0.065943764962995,0.03058588671521,2018,1
WLS,vi,201301,201302,0.0359462332714673,,-0.0208488564115813,-0.0248857319929267,0.00572379368958975,2013,0.999999999999999
WLS,vi,201302,201303,0.0482282767583126,,-0.0081472866081487,-0.00876793955934848,0.000946854503806049,2005,1
WLS,vi,201303,201304,0.0329460502255211,,0.00764437595594286,-0.0418241685530073,0.0217871688186123,1995,1
WLS,vi,201304,201305,0.0473263743323221,,-0.0174996009718911,-0.0255432390761358,0.00412203205970751,1987,1
WLS,vi,201305,201306,0.020284974204118,,-0.0298233611209976,-0.034026007925171,0.0124677452027537,1978,1
WLS,vi,201306,201307,0.0379931757121713,,0.00756904900376172,0.023068145129096,0.00320517091536543,2064,1
WLS,vi,201307,201308,-0.0394145561231506,,0.00745113230358451,0.0215697318090493,0.00420846542062681,2053,0.999999999999999
WLS,vi,201308,201309,0.0148926819272859,,0.00742351855057973,0.0364491235998844,0.0130493637434039,2042,1
WLS,vi,201309,201310,0.0455812672034338,,-0.00665357449003255,0.00286239824043328,0.000910562553115501,2031,0.999999999999998
WLS,vi,201310,201311,0.00813984739632926,,0.0331720750900937,0.00576002997791611,0.0143877923981406,2016,0.999999999999997
WLS,vi,201311,201312,0.0579701543006287,,-0.0503801312251035,-0.00958754825698099,0.0408889881238211,2001,1
WLS,vi,201312,201401,-0.0585698861217036,,-0.000717393235758834,0.0388293195630707,0.0142904923420881,1987,1
WLS,vi,201401,201402,0.0629786789618331,,0.000749420062322707,-0.0225398621076256,0.00606937569906585,1975,0.999999999999999
WLS,vi,201402,201403,0.0828215400541416,,-0.0609763732726885,-0.0818945103009676,0.0582776854517804,1961,1
WLS,vi,201403,201404,0.064768607592265,,-0.0573196651086299,-0.0509672948002046,0.0294864341812315,1955,1
WLS,vi,201404,201405,0.017144234066485,,-0.00650187946948775,0.0148166704882667,0.00641903926755794,1949,0.999999999999997
WLS,vi,201405,201406,0.0422503553399991,,-0.0252245663089329,-0.0117930621642399,0.00691441435667961,1939,1
WLS,vi,201406,201407,-0.0208415936308317,,0.0177443594410816,-0.00953047528508011,0.00880142930240524,2001,1
WLS,vi,201407,201408,-0.0033236687361515,,0.0467449951325493,0.0381111345484015,0.0218910546265708,1992,1
WLS,vi,201408,201409,-0.0638370323892259,,0.0675306862605984,0.0120295480943479,0.0596439929451906,1984,1
WLS,vi,201409,201410,-0.0228205137123184,,0.0565882869897349,0.0274944105215045,0.0189882348855478,1976,0.999999999999998
WLS,vi,201410,201411,-0.0120451607710027,,0.0825875647010596,-0.00303148945679825,0.0690534063913418,1964,1
WLS,vi,201411,201412,0.0327060354235154,,-0.0218738221289352,-0.0511201543555406,0.0267038777321512,1958,1
WLS,vi,201412,201501,-0.111969367249471,,0.0895220143456015,0.0774714125373563,0.0467727802554117,1943,1
WLS,vi,201501,201502,0.0427188824738512,,-0.00192005308795255,0.0443975207109451,0.0272517026058187,1931,0.999999999999997
WLS,vi,201502,201503,-0.0342888653097097,,0.0242752169677873,0.0084518840772,0.00819686366092309,1918,1
WLS,vi,201503,201504,0.00366708921832385,,-0.0251891484829876,0.034561360846943,0.0305366630733778,1908,1
WLS,vi,201504,201505,-0.0218847707442685,,0.0385327211909547,0.0249365775783819,0.0116241107757233,1903,0.999999999999997
WLS,vi,201505,201506,-0.0589302118061244,,0.040784282053261,0.0305917474140706,0.0193753813613212,1897,1
WLS,vi,201506,201507,-0.132336184989166,,0.141046881602204,0.117804211746619,0.0870313636110408,1959,1
WLS,vi,201507,201508,-0.0458471541608624,,-0.0077901859482291,-0.0167127193757925,0.00216474072014605,1942,0.999999999999999
WLS,vi,201508,201509,-0.0672738044323335,,0.0509085832840369,0.0198342714770349,0.0234732082822223,1933,1
WLS,vi,201509,201510,0.0554546036109951,,-0.0119416816065599,0.062887825751882,0.0316360833591989,1921,1
WLS,vi,201510,201511,-0.0197337015606328,,0.0123971692518493,0.0312502239671977,0.0066536752406462,1905,1
WLS,vi,201511,201512,-0.115471669534463,,0.0968862394616746,0.0698279034275126,0.0655732821715384,1901,0.999999999999999
WLS,vi,201512,201601,0.0342631278409922,,-0.0360711034158166,-0.124954893148375,0.0696692921068287,1883,1
WLS,vi,201601,201602,0.0434175981469535,,-0.0363983845787368,-0.0288395092860508,0.00804712691930598,1861,1
WLS,vi,201602,201603,0.0791771689415221,,-0.0223915515187904,0.00570663360382298,0.00935510010966478,1851,1
WLS,vi,201603,201604,0.0556166960442461,,-0.0821962598323964,-0.0109772862698024,0.0488617517785014,1839,1
WLS,vi,201604,201605,-0.0495254419030181,,0.0673755622169138,0.0518899533752985,0.0365516288186407,1825,0.999999999999998
WLS,vi,201605,201606,0.0538249137837225,,-0.0369091700431483,-0.0450452292171254,0.0157830117318636,1811,1
WLS,vi,201606,201607,-0.036159688764422,,0.086632762150064,0.05530348673091,0.0490056117834746,1890,0.999999999999997
WLS,vi,201607,201608,0.0310097879916845,,-0.0295614129805375,-0.0314664983937788,0.00758737210266547,1880,1
WLS,vi,201608,201609,0.00852407899494344,,-0.0137343085390176,0.00836372539590915,0.00654117061123161,1869,1
WLS,vi,201609,201610,-0.0240908193837141,,-0.00352521595177542,-0.001669983797756,9.3238475864954e-05,1853,0.999999999999997
WLS,vi,201610,201611,0.171025860554721,,-0.149647149622827,-0.0897797164221617,0.0848616415205198,1848,1
WLS,vi,201611,201612,0.0350409245728612,,-0.0150279213718848,-0.0253560896330064,0.00527977721167627,1833,1
WLS,vi,201612,201701,-0.0805533056844104,,0.069850591717554,0.118756918315439,0.0718740301822258,1825,1
WLS,vi,201701,201702,-0.00476737880124701,,0.0604029782891672,0.00716035860176128,0.0453190940530139,1818,1
WLS,vi,201702,201703,-0.0142932742141682,,0.0346042119514184,0.00611187755214264,0.0212843971154071,1802,1
WLS,vi,201703,201704,-0.0394103039421667,,0.0576182854073997,0.0391506060292046,0.0388215613822656,1791,1
WLS,vi,201704,201705,-0.0721359320688578,,0.0869210536078202,0.0714306281155313,0.0484957480078707,1778,1
WLS,vi,201705,201706,0.00767991915294205,,-0.0169892316459992,0.00121060029323642,0.0045741272967661,1767,1
WLS,vi,201706,201707,-0.0375721558395636,,0.0384054478443386,0.0659399252162432,0.0238521731893654,1868,1
WLS,vi,201707,201708,-0.0155579964320437,,0.0235555507581773,0.0126986840377216,0.00338472048442096,1863,0.999999999999995
WLS,vi,201708,201709,0.0777943941470443,,-0.0684778241995171,-0.0305960172412637,0.0311107216335153,1849,1
WLS,vi,201709,201710,-0.0910120412824114,,0.122105849808511,0.0870455285456269,0.0560872147819782,1836,0.999999999999998
WLS,vi,201710,201711,0.0645936309636723,,0.00278644747427817,-0.061734950900752,0.0355471353688996,1827,0.999999999999997
WLS,vi,201711,201712,0.0448303381221635,,-0.0442537628509653,-0.011982350241226,0.0281148820508567,1814,0.999999999999998
WLS,vi,201712,201801,-0.153361814511305,,0.180476131557345,0.207617055211179,0.168772414487995,1802,1
WLS,vi,201801,201802,-0.144784074097376,,0.0980749808002913,0.100512150912212,0.0574624683823896,1797,1
WLS,vi,201802,201803,0.00327185416189628,,-0.0170857236173687,-0.0296760285920766,0.006394825444344,1787,1
WLS,vi,201803,201804,-0.038727066423524,,0.028281294865901,0.0483049150671853,0.0113315496342458,1777,1
WLS,vi,201804,201805,-0.0121397042855399,,0.02717065666797,0.0561155215739814,0.0133797518604645,1772,1
WLS,vi,201805,201806,-0.0201674140049324,,0.0439027009471585,0.00281972479634199,0.0250326604186333,1768,1
WLS,vi,201806,201807,0.0550480963554862,,-0.0134570182125345,-0.0344680114579974,0.0065372903924158,1830,0.999999999999996
WLS,vi,201807,201808,-0.0874351411041813,,0.141896539818799,0.091693662899293,0.0951201719394162,1821,1
WLS,vi,201808,201809,0.0110530410390011,,-0.0147183966088222,0.00778968168118727,0.00622637858120523,1817,1
WLS,vi,201809,201810,0.106747857884375,,-0.14588171128385,-0.197728185915679,0.129103613573289,1812,0.999999999999998
WLS,vi,201810,201811,-0.039168391714818,,0.0578984760079611,0.0305985457712981,0.0122416887424359,1803,1
WLS,vi,201811,201812,-0.122388699609254,,0.0447191053390469,0.00483615329043483,0.0265014053111275,1787,1
WLS,vi,201812,201901,0.00944727394369582,,0.0386358465953047,0.0937247574176187,0.0323832211674087,1776,1
WLS,vi,201901,201902,0.0343866569957622,,-0.00801184416502819,0.0108457628217407,0.0024902996258892,1766,1
WLS,vi,201902,201903,-0.0345880043188407,,0.0453194577181485,0.05195744461386,0.0246615230272674,1759,1
WLS,vi,201903,201904,-0.0331646322745874,,0.0561632994237297,0.0706841713909074,0.0237331424737139,1747,1
WLS,vi,201904,201905,-0.0679427381709824,,-0.00629104996713626,-0.00714410134259291,0.000295006880210114,1740,1
WLS,vi,201905,201906,0.0898060983938415,,-0.0168794758538662,-0.00261934220621809,0.00361178118166983,1734,1
WLS,vi,201906,201907,-0.00206176311699966,,0.0121613641380901,0.00429137303028267,0.001368591403621,1831,0.999999999999996
WLS,vi,201907,201908,-0.0473370528259154,,0.0414061473750586,-0.00407717078124479,0.0158395126176157,1819,0.999999999999998
WLS,vi,201908,201909,0.106476991278267,,-0.0758974301395085,-0.09020580275471,0.0621618225876607,1811,1
WLS,vi,201909,201910,-0.0209192559032294,,0.0445218212588941,0.0334311252169869,0.012237158970095,1802,1
WLS,vi,201910,201911,-0.0151319199846323,,0.0311971681498433,0.0673704322024098,0.0242740794784838,1790,1
WLS,vi,201911,201912,0.0271824564884495,,0.00878600061117263,-0.0030891365299564,0.00190377913433459,1780,1
WLS,vi,201912,202001,-0.246783632721925,,0.187765826046865,0.247221793965447,0.216046314750037,1765,1
WLS,vi,202001,202002,-0.174715686144511,,0.103948360778942,0.0668806427802777,0.0539827268852945,1764,1
WLS,vi,202002,202003,-0.420289776423597,,0.329570951086958,0.202254306062458,0.178773865760041,1760,1
WLS,vi,202003,202004,0.117096362639673,,0.0319006050677425,0.0146765278563045,0.00293015505315852,1751,1
WLS,vi,202004,202005,0.0342693320276645,,0.022697625404721,0.0152065978621925,0.00253459134468381,1746,1
WLS,vi,202005,202006,-0.158334712060295,,0.146903561533355,0.188793002091003,0.129261532687058,1732,1
WLS,vi,202006,202007,-0.102377090670376,,0.130558455355064,0.164463157526532,0.0688499172727871,1795,1
WLS,vi,202007,202008,-0.144160005715723,,0.159241241489476,0.249362857347401,0.090778354197801,1783,0.999999999999997
WLS,vi,202008,202009,0.055495921708062,,-0.0690169216108382,-0.0992005835830611,0.0482661362005508,1779,1
WLS,vi,202009,202010,0.02703373494496,,-0.0498430074288203,-0.0489397353957992,0.0156728131257413,1770,1
WLS,vi,202010,202011,0.221885030086801,,-0.154604953094928,-0.0136283933527859,0.0841473338349313,1764,0.999999999999998
WLS,vi,202011,202012,-0.0194992544260167,,0.0169168978864493,0.109224948452172,0.0614756068115591,1758,1
WLS,vi,202012,202101,0.00679955646541537,,-0.017994261294591,0.00803920151925416,0.00326136866283933,1749,1
WLS,vi,202101,202102,0.245885608942232,,-0.209220953544193,-0.181280028438376,0.11821146569898,1743,1
WLS,vi,202102,202103,0.166448153300143,,-0.0795861869211619,-0.16543085645457,0.115224597849667,1735,0.999999999999997
WLS,vi,202103,202104,-0.0671308418513068,,0.1009846438563,0.0933153976093075,0.0873773020848384,1731,1
WLS,vi,202104,202105,0.11885418929142,,-0.0964447953053651,-0.111686925770172,0.0812575959438196,1720,1
WLS,vi,202105,202106,-0.190078182242995,,0.196395151907543,0.195381040824206,0.216623896270639,1715,0.999999999999996
WLS,vi,202106,202107,-0.0614542300632579,,0.0839332612894865,0.0476857599205878,0.0424328822634711,1788,1
WLS,vi,202107,202108,-0.0959446540301265,,0.11574179894489,0.0989898951401339,0.101439158165528,1783,1
WLS,vi,202108,202109,0.00472050686837048,,-0.0892191803568435,0.0112285252955758,0.11386193881403,1775,0.999999999999999
WLS,vi,202109,202110,-0.100618931745054,,0.124971832032687,0.171752072431197,0.0629694964193218,1766,1
WLS,vi,202110,202111,-0.198932257533438,,0.204704149386855,0.127801111544295,0.119998385254065,1758,1
WLS,vi,202111,202112,0.181367454901533,,-0.10672643682606,-0.156351225901733,0.0890043789486423,1750,1
WLS,vi,202112,202201,0.0861878280745595,,-0.156180694138759,-0.0943567190917377,0.0842613056269861,1738,0.999999999999997
WLS,vi,202201,202202,0.0215454070215757,,-0.0854733056272157,0.0147981147692078,0.0454833981582365,1737,1
WLS,vi,202202,202203,-0.00811160027885818,,0.011628290068341,0.0814186731303586,0.03008690929722,1732,1
WLS,vi,202203,202204,0.130074868148309,,-0.156507482259525,-0.233627918790968,0.163430916287559,1721,1
WLS,vi,202204,202205,0.142436891903532,,-0.154975052485641,-0.0874554779265334,0.10511936050505,1716,0.999999999999998
WLS,vi,202205,202206,-0.109463202860386,,0.0461842382513769,-0.0167125889842406,0.0270972725349337,1708,0.999999999999996
WLS,vi,202206,202207,-0.0945599962341134,,0.155408983242275,0.185077180653782,0.124848767142283,1807,0.999999999999999
WLS,vi,202207,202208,0.0277414903990225,,-0.0793884602323817,-0.0313129999581276,0.0447062341367607,1799,1
WLS,vi,202208,202209,-0.060079622551597,,-0.0157157834807938,-0.0474563335939893,0.0140827650050257,1792,1
WLS,vi,202209,202210,0.292348047960159,,-0.206964701760933,-0.151732186470144,0.116191871872124,1786,0.999999999999998
WLS,vi,202210,202211,0.0757019500977906,,-0.000672480233750785,-0.0581986806184537,0.0126345111225918,1775,1
WLS,vi,202211,202212,0.0748276143048915,,-0.0925581034933559,-0.15952147947017,0.132823538009782,1770,0.999999999999997
WLS,vi,202212,202301,-0.0642662303019768,,0.0955025196457256,0.140612500975415,0.0547485650043786,1763,1
WLS,vi,202301,202302,-0.145362903196384,,0.0956150841072268,0.123099614209234,0.097165921430776,1758,1
WLS,vi,202302,202303,-0.176553216812062,,0.23799453604359,0.124459214297556,0.295542767482404,1745,1
WLS,vi,202303,202304,0.00330457688690559,,0.0469440186539672,-0.0670344343841337,0.0599021026061127,1732,1
WLS,vi,202304,202305,-0.327430038192607,,0.281173697592363,0.288063755190552,0.269739757563637,1730,0.999999999999995
WLS,vi,202305,202306,0.0357944856753714,,0.00681002017462908,0.0622020613363864,0.0240687785301914,1720,1
WLS,vi,202306,202307,0.0626795224995753,,-0.0136781688884403,-0.053427872571155,0.0171176007859778,1862,0.999999999999996
WLS,vi,202307,202308,-0.0814443429527616,,0.0747588473380969,0.0292390783627157,0.0278231188059749,1853,1
WLS,vi,202308,202309,0.00067797777554844,,-0.029699971094879,-0.0643765741655294,0.0400727176079285,1840,0.999999999999999
WLS,vi,202309,202310,-0.120544708469741,,0.12121340295485,0.0107708638502946,0.0741625029779682,1830,1
WLS,vi,202310,202311,-0.0532201418667157,,0.0906212718423977,0.162013683328201,0.0971821102870495,1821,1
WLS,vi,202311,202312,0.127409323792891,,-0.0723983461730633,-0.0540082870948871,0.0330747697626568,1811,1
WLS,vi,202312,202401,-0.104751419179915,,0.134054273477958,0.0674359239064566,0.0556187428055485,1799,1
WLS,vi,202401,202402,-0.0520445335823777,,0.152756204487274,0.0351113869148388,0.0654877586420289,1793,1
WLS,vi,202402,202403,0.113017526103324,,-0.0656824488856222,-0.0772930127129117,0.0421662511498495,1786,1
WLS,vi,202403,202404,-0.0591384611243682,,-0.00418095780694599,0.013704715317608,0.00241255556676812,1778,1
WLS,vi,202404,202405,-0.0801849478532926,,0.129257517240748,0.0715385142869948,0.0499989883970617,1770,1
WLS,vi,202405,202406,-0.208698890198194,,0.239522037043493,0.162640699822807,0.290792614478825,1754,0.999999999999998
WLS,vi,202406,202407,0.179236983211928,,-0.194811965659341,-0.100506774412593,0.164290136791404,1981,0.999999999999998
WLS,vi,202407,202408,-0.032140193872141,,0.0511168138014529,0.0123499410739231,0.0190120020617306,1966,0.999999999999999
WLS,vi,202408,202409,0.0103150884561681,,0.000365029522316503,0.0253811320545856,0.00546185304933866,1955,1
WLS,vi,202409,202410,-0.103450036512807,,0.0812503576335489,0.0649227449490205,0.0643820330524438,1946,1
WLS,vi,202410,202411,0.0567342380145948,,-0.0154350245462511,0.0311358520447414,0.00440637746348926,1933,1
WLS,vi,202411,202412,-0.139485497958735,,0.109339644887861,0.0704396951795287,0.0516999911827919,1924,1
WLS,vii,197306,197307,0.178011357102043,-0.135608831812952,-0.0282280811784385,-0.105951765246231,0.0119609100763305,1444,0.999999999999999
WLS,vii,197307,197308,0.0376747289349154,-0.0574299384991015,-0.0465744383557269,-0.0482088485817984,0.0319194875662066,1442,0.999999999999998
WLS,vii,197308,197309,0.10946268127728,0.0612929785788107,-0.114056465343165,-0.0272433527291219,0.27961157320389,1442,1
WLS,vii,197309,197310,-0.0751917225855775,0.0625723158800956,-0.023627565495506,0.0919917137984664,0.0114344736426142,1443,1
WLS,vii,197310,197311,-0.4409873839283,0.280192232680955,0.0083818296759103,0.319168077988905,0.054310071187039,1441,1
WLS,vii,197311,197312,0.0575254925950484,0.0426995318904772,-0.157585615836171,0.0287262671018118,0.279942981495883,1443,1
WLS,vii,197312,197401,0.0879833228386863,-0.0188188787625644,0.107830861328104,-0.198983318041543,0.122502127132562,1442,1
WLS,vii,197401,197402,-0.0634796929881534,0.099068313553327,-0.0193640108089627,0.0580682870950903,0.0840908230929706,1440,1
WLS,vii,197402,197403,0.0719694376511333,-0.106686791913751,0.0245384784319452,-0.107537505671142,0.0453853138425102,1439,0.999999999999998
WLS,vii,197403,197404,0.0396907192739775,-0.0755774264843493,0.0238264910601344,-0.0969339878014355,0.0256199368460869,1439,1
WLS,vii,197404,197405,-0.0122614834036242,-0.072719318585712,0.0422286530839036,-0.02988418809846,0.0898712395379161,1439,1
WLS,vii,197405,197406,-0.117774207463251,0.104665124814763,-0.00480588052149923,0.104250522558949,0.02384169995285,1437,0.999999999999997
WLS,vii,197406,197407,0.00949159483553641,0.0136325131235376,-0.0911143093697086,-0.0701797539627265,0.201821712565333,1559,1
WLS,vii,197407,197408,-0.266871787114145,0.20961045621461,-0.00610564683683846,0.168237030051999,0.0491880534267737,1559,1
WLS,vii,197408,197409,-0.219181515308451,0.201154851229997,-0.0615586637261328,0.0948499211342632,0.218335383464383,1555,1
WLS,vii,197409,197410,0.0528482996907716,-0.0897940549065778,-0.0311546379178167,0.184352136910482,0.144482357965745,1555,1
WLS,vii,197410,197411,-0.110790598513558,0.0612122104981541,-0.0059157666151934,0.0608445707063069,0.00522151311855623,1551,1
WLS,vii,197411,197412,-0.109663813917409,0.0977670609012763,-0.0237014863014102,0.0816097147252394,0.0361470509488643,1550,1
WLS,vii,197412,197501,0.313984763081114,0.0232022362803475,0.0979926300370986,-0.306149899554438,0.165513272057567,1553,1
WLS,vii,197501,197502,-0.00906395286451924,-0.0522753878634909,0.0668548336784977,0.0707388655597018,0.193643094457058,1551,1
WLS,vii,197502,197503,0.32748723265928,-0.215872994795184,-0.0177623840220465,-0.296864056589786,0.0532393789167679,1548,1
WLS,vii,197503,197504,0.345293163012195,-0.27988024702809,-0.0817635402351015,-0.240593689752074,0.0394599690132347,1547,0.999999999999998
WLS,vii,197504,197505,-0.0611998459351831,0.0831876212736522,0.000956277022996144,0.111341384736104,0.00739596978317558,1546,1
WLS,vii,197505,197506,0.213157257134505,-0.105531663349752,-0.0600151068099118,-0.146155362079646,0.0752713054696221,1545,1
WLS,vii,197506,197507,0.0424360059580059,-0.0286553651928711,-0.0762299927870371,-0.081389056118312,0.166916267636378,1955,1
WLS,vii,197507,197508,0.103496456383734,-0.119987107692058,-0.025881660867271,-0.108889576618344,0.0152146508628427,1954,1
WLS,vii,197508,197509,-0.0344091670541013,0.00901405062470952,0.0122770666049788,-0.0203594620217183,0.00849791483188367,1954,1
WLS,vii,197509,197510,0.023044887544243,-0.0189329572396539,0.0884753089476325,-0.00601696542004,0.105607623842776,1954,1
WLS,vii,197510,197511,-0.040871733793001,0.0657557874266479,0.0531170216379341,0.0321779880102123,0.0411213679322877,1954,1
WLS,vii,197511,197512,0.0224391066562621,0.00476374549839386,-0.0534058805800751,-0.0207499562564786,0.110453080554131,1951,0.999999999999997
WLS,vii,197512,197601,0.270448298513694,-0.00730775803978199,0.0062011804940642,-0.176943190545059,0.134370296274386,1899,0.999999999999998
WLS,vii,197601,197602,0.0338181733191557,0.101289851224965,-0.0142241832170268,-0.0573643588857607,0.209168847893748,1900,1
WLS,vii,197602,197603,-0.0017403998425016,0.00601507409779946,-0.00336060153710882,0.0330704667710102,0.00577753973773942,1917,0.999999999999996
WLS,vii,197603,197604,0.0268255363296992,-0.00363188534665371,-0.0745407365884399,-0.00676857778953006,0.14286355492352,1905,1
WLS,vii,197604,197605,-0.0696353362749609,0.0514471327859696,-0.0136985280331682,0.0621023323100677,0.00816429531152363,1921,1
WLS,vii,197605,197606,-0.00157498957255469,0.0606634557130536,0.0301702190670451,0.0168248166588783,0.0224755376242138,1915,1
WLS,vii,197606,197607,-0.128562805513759,0.129754178184729,0.0441590124025329,0.0760501931475969,0.0503806916384463,2365,0.999999999999995
WLS,vii,197607,197608,-0.188695351590241,0.15551233420716,0.0412068093706557,0.159544410018457,0.0497539818024184,2177,1
WLS,vii,197608,197609,0.0946296072275909,-0.0490367776158153,-0.0214506054024281,-0.0651567402935862,0.0204227962473724,2165,1
WLS,vii,197609,197610,-0.0741348476299174,0.0377468529832484,-0.0403216553188136,0.0739499831052383,0.0531647684119353,2331,1
WLS,vii,197610,197611,-0.0792562919331099,0.131037076356411,0.0104831835123874,0.0531338596380835,0.0754725299800981,2329,1
WLS,vii,197611,197612,0.236473633878698,-0.114174562619413,-0.0332929360607432,-0.184610197645704,0.11636284635083,2339,0.999999999999997
WLS,vii,197612,197701,0.0454904790631762,0.0273564639415854,0.000357716124623563,-0.130126948466185,0.220450341006952,2307,1
WLS,vii,197701,197702,-0.0951562381872743,0.0740704317033929,0.0243517863004052,0.0624279401070613,0.0131677576485169,2290,0.999999999999997
WLS,vii,197702,197703,-0.0370595190543559,0.0405597477482783,0.0173057610270295,0.00177820362520729,0.0201192843794547,2306,1
WLS,vii,197703,197704,0.125101310652266,-0.0508722385406906,-0.0744390970359953,-0.106049757217507,0.191284413538599,2297,0.999999999999999
WLS,vii,197704,197705,-0.0658762367516876,0.0680054357222912,0.00153556383385185,0.0382283498936531,0.0208716761078269,2291,0.999999999999998
WLS,vii,197705,197706,0.0460205568425649,-0.0249348472573931,0.0553713985112106,-0.0272214749351732,0.0770056434499767,2278,0.999999999999997
WLS,vii,197706,197707,-0.061618766801863,0.0275525718885163,0.054432243743519,0.0077893841003443,0.0572161535970308,2419,1
WLS,vii,197707,197708,-0.109838172429702,0.0142249243215582,0.0698891174678332,0.077259784383083,0.198492103757177,2405,1
WLS,vii,197708,197709,-0.00363156326558826,0.0164633230559367,-0.0175062026501693,0.00220616771327344,0.0200403561416895,2393,1
WLS,vii,197709,197710,-0.008090337272017,-0.0139134165607031,0.0298904968276965,-0.0606339481949663,0.0383642045610069,2373,1
WLS,vii,197710,197711,0.0267427164887727,0.0302812208937463,0.0376215706979546,-0.0202713922818806,0.033004897134192,2365,1
WLS,vii,197711,197712,-0.0103818415577079,0.0237931709970866,0.00324614581033692,0.00813509539490895,0.00444661764473708,2360,1
WLS,vii,197712,197801,-0.108787707060308,0.0730254092313022,0.0475638277181613,0.00603857178291773,0.0724898561536723,2347,1
WLS,vii,197801,197802,-0.0626323070317778,0.0871867590579919,0.0128040847679744,0.0212974785762311,0.0627503778010123,2326,1
WLS,vii,197802,197803,0.0703196832091165,0.0154858946861155,-0.0106441896147885,-0.0594615564204538,0.0665754563271119,2317,1
WLS,vii,197803,197804,0.144347810248293,-0.110397993567509,0.013152638313907,-0.040962436749596,0.0936571825662156,2303,1
WLS,vii,197804,197805,0.021077804174727,0.0200380098864563,0.0358248232468307,-0.0349234502968556,0.0302968424500688,2295,1
WLS,vii,197805,197806,-0.0745824752050718,0.0379588644215176,0.0402710770126066,0.0305715101318654,0.0264140471112023,2274,0.999999999999997
WLS,vii,197806,197807,0.184121449226447,-0.134921815189831,-0.00148525346422728,-0.118292489901902,0.0455645939536132,2360,0.999999999999994
WLS,vii,197807,197808,0.0485247569571935,0.00170523439125809,-0.00524153180876492,-0.0142602430405851,0.00384738134143414,2349,1
WLS,vii,197808,197809,-0.0418849767720778,0.0699458300370579,-0.0377732923870394,0.0319851206335726,0.103924487304507,2330,1
WLS,vii,197809,197810,-0.173352761903975,0.00532135849390178,-0.00862891128370573,0.0850248318368233,0.046111848681209,2330,1
WLS,vii,197810,197811,0.00893458617003824,0.0286307742203891,0.00537828196143759,0.0101515434665045,0.00374458178858983,2323,0.999999999999996
WLS,vii,197811,197812,0.00569690232137418,-0.0335744257703416,0.022135490882897,0.0105485278416727,0.0578373200303857,2311,0.999999999999995
WLS,vii,197812,197901,0.0612819067086068,0.0265083088519375,-0.00470824069475175,-0.04263868795544,0.0583929312953538,2305,1
WLS,vii,197901,197902,-0.129418503751644,0.0926072379147928,-0.0177696387839534,0.101206439907898,0.0640727263011587,2271,1
WLS,vii,197902,197903,0.124683347210555,-0.0332013928891239,-0.0282542007288927,-0.0626273193771482,0.0319929138398345,2261,1
WLS,vii,197903,197904,0.0541979487946284,-0.029557357869345,0.00184570301269657,-0.0640802049157823,0.0195906529470737,2259,1
WLS,vii,197904,197905,-0.0939832511470398,0.0524382705261897,0.00482124903353019,0.0666195169041918,0.0125373198224452,2250,1
WLS,vii,197905,197906,0.0916087488700171,-0.0241973798722965,-0.0648089834244082,-0.0298168784845924,0.0552076071061773,2240,1
WLS,vii,197906,197907,0.10495018969816,-0.0541387261369645,-0.0505212132476131,-0.0817447088162038,0.0724169066493491,2315,1
WLS,vii,197907,197908,-0.003974755948927,0.0719148879463887,0.000390211021264176,0.0663812222226504,0.00973032752319702,2298,0.999999999999997
WLS,vii,197908,197909,0.0558129738456519,-0.0261062497513472,-0.0560758917384471,-0.0384717668735426,0.0580247743164983,2284,1
WLS,vii,197909,197910,-0.0615535637899235,-0.036946753845223,-0.0322618235076131,0.0160564720619562,0.0302302096774295,2273,1
WLS,vii,197910,197911,-0.139139409296288,0.151696985267979,-0.0287968185232641,0.227708808692811,0.0780372049771538,2270,1
WLS,vii,197911,197912,-0.0215217295203369,0.0619626007122938,-0.0575897299948871,0.080994340621315,0.0624081262893689,2263,0.999999999999999
WLS,vii,197912,198001,0.223190739111709,-0.0689844594885479,-0.146697014427542,-0.0967632730032244,0.158214109231382,2238,0.999999999999998
WLS,vii,198001,198002,0.0936364976486422,-0.0331968507504918,-0.117002491763338,-0.0562482677055612,0.0937011953266089,2206,1
WLS,vii,198002,198003,-0.04679108561716,-0.154851112280143,0.0839027425115221,-0.107957768310879,0.182038837385499,2194,0.999999999999998
WLS,vii,198003,198004,-0.0756428002281101,0.102980082857232,-0.0263717281579002,0.117724990715725,0.0349624574159757,2183,1
WLS,vii,198004,198005,-0.0437238868843468,0.0906207852637809,0.0455194459388853,0.0618105491093757,0.0226167852287122,2179,1
WLS,vii,198005,198006,-0.0062988690165906,0.024122590833839,-0.0544883015430125,0.0770070967514553,0.0604722669230489,2175,1
WLS,vii,198006,198007,0.0205351069691468,0.0301145396886297,0.0760972932634111,0.0186580295696215,0.0406376024133683,2259,1
WLS,vii,198007,198008,0.0139576910442984,-0.00550036809171253,-0.0386439664322971,0.0398950204402063,0.0249734726066546,2258,1
WLS,vii,198008,198009,-0.0370623371358643,0.0406778143426273,-0.0753771420071691,0.13750928328144,0.108917770233246,2248,0.999999999999996
WLS,vii,198009,198010,0.0451328331993862,-0.0208866958770943,-0.0742808129451731,0.0190023756729536,0.0438419802569279,2232,1
WLS,vii,198010,198011,0.256004182908573,-0.139794969794008,-0.200813303456859,0.00593151371380459,0.13076264709335,2226,1
WLS,vii,198011,198012,-0.055070397514364,-0.0400429577406438,0.100428720843776,-0.0470641501897966,0.0991566000985874,2220,1
WLS,vii,198012,198101,-0.11209332970818,0.0938126146277422,0.0926684836027494,-0.0405095114771444,0.115613184974777,2222,1
WLS,vii,198101,198102,0.0564065642010614,-0.0335760946392376,0.00176822543944816,-0.0467533834904164,0.00323015542553362,2182,1
WLS,vii,198102,198103,-0.17778142367726,0.217554939872521,0.0510740812987278,0.17156416309133,0.0229762100279022,2171,1
WLS,vii,198103,198104,-0.100763366800812,0.0667946598809416,0.121523900051649,-0.0215280855846066,0.120603427209243,2164,1
WLS,vii,198104,198105,-0.134687923979538,0.0983761997842197,0.0797395351282554,0.0815123241650237,0.0602318075207133,2155,1
WLS,vii,198105,198106,0.0454329492622706,-0.0196321666251867,-0.0414658493455923,-0.0695792036470402,0.0397984423343886,2153,1
WLS,vii,198106,198107,0.299700474035731,-0.303870105546968,-0.124663931872595,-0.207136015530001,0.0866044370277617,2282,1
WLS,vii,198107,198108,0.0730050107483697,-0.136576215837024,0.00865846235604736,-0.164654904487353,0.0413043165064478,2276,1
WLS,vii,198108,198109,-0.110050098605082,0.0230149072661162,0.105215347736564,-0.0504353302374062,0.122163351681552,2258,1
WLS,vii,198109,198110,0.0499272701037805,-0.0689611289121665,-0.0533149652976343,0.0927497505706838,0.0897073198672501,2244,1
WLS,vii,198110,198111,-0.0780809285975197,0.114196421944944,-0.000961594134217874,0.105820131281578,0.00959980258772941,2247,1
WLS,vii,198111,198112,-0.0767330960650939,0.045666598081779,0.0583940922901812,-0.0110729327197438,0.0603185466531648,2243,1
WLS,vii,198112,198201,-0.052252576540144,-0.014281363260345,0.128167401832167,-0.0704318114747157,0.154550610002164,2226,1
WLS,vii,198201,198202,-0.123001719819163,0.0977629734279354,0.113073396931664,-0.0675637609283682,0.211950191326458,2210,1
WLS,vii,198202,198203,-0.0164717401505844,0.0361417686304153,0.0298343894460524,-0.0562815758379212,0.0599001578837696,2193,0.999999999999999
WLS,vii,198203,198204,-0.110341358294082,0.109730167230746,0.0437955893859609,0.137787419266349,0.0316158356895623,2178,0.999999999999997
WLS,vii,198204,198205,0.293832917255878,-0.285989304171201,-0.0425651254526102,-0.3204535395454,0.0848374787431776,2173,1
WLS,vii,198205,198206,-0.0851558259253309,0.0709943602262611,0.0628029558082689,-0.00743902686493751,0.0482665397762873,2159,0.999999999999999
WLS,vii,198206,198207,0.0236115781035685,-0.0969233043579258,0.0807545073512698,-0.0990176355230089,0.101028666971018,2338,1
WLS,vii,198207,198208,-0.00308182020041063,0.13179986799428,-0.00436401442521621,0.108457784421861,0.0229472124713167,2328,0.999999999999998
WLS,vii,198208,198209,-0.00109693828790128,-0.00952975199280626,0.0419292067762423,-0.0153752456456999,0.0225254473798614,2321,1
WLS,vii,198209,198210,-0.0450278094222355,0.141168587250396,0.0113126172782476,0.159205649943048,0.0142854687403832,2303,1
WLS,vii,198210,198211,-0.0366124796915117,0.037938522893949,0.101928807526183,0.023666093104506,0.056977487705276,2290,0.999999999999999
WLS,vii,198211,198212,0.135756218917835,-0.100895468735527,-0.0293839151947288,-0.113774331139813,0.0100049101284152,2288,0.999999999999994
WLS,vii,198212,198301,-0.0216165413487494,0.0684117571396206,-0.0300414640688125,0.0686952033157566,0.0217606716865891,2266,1
WLS,vii,198301,198302,0.075817119196889,-0.0363016151720994,0.0152613012079686,-0.069982652404128,0.01506761282055,2245,1
WLS,vii,198302,198303,-0.0413218318318636,0.080256149888262,0.0409238036794578,0.0179288335786913,0.0269418493869443,2237,1
WLS,vii,198303,198304,0.0143153389262039,0.0710395265566808,0.00987240785566081,0.0177660708507031,0.0227743819433132,2223,1
WLS,vii,198304,198305,-0.202568314198984,0.196567765378427,-0.00324033177181575,0.210173815532561,0.0491676517491806,2212,1
WLS,vii,198305,198306,0.0660681768430318,-0.0321096713982732,0.00706188251138805,-0.0188936442230885,0.00402601471613695,2205,1
WLS,vii,198306,198307,-0.0423762496529408,0.0244986148166839,0.0131462899345167,-0.0363333293092473,0.0362575652232324,2381,1
WLS,vii,198307,198308,-0.0173385755306538,0.0568496072778683,0.0116434064806796,-0.0420259005065201,0.0888650226646228,2370,0.999999999999998
WLS,vii,198308,198309,-0.0152202738919939,-0.0164882528871946,0.0564479150293137,0.00292999503525468,0.0656423609794455,2359,1
WLS,vii,198309,198310,-0.00735812106753664,-0.00370202167313854,0.0308538425583667,-0.0775202640349564,0.0437682915835907,2345,0.999999999999998
WLS,vii,198310,198311,-0.0660373671603801,0.0922846707632802,-0.0266106151356307,0.114004794922926,0.0357612065300217,2339,0.999999999999997
WLS,vii,198311,198312,0.0921397510623331,-0.0788603131134883,-0.0207597517028556,-0.102104382998828,0.0208034389503984,2336,1
WLS,vii,198312,198401,0.0452733348483396,0.0232419443030456,-0.0406897683145533,-0.116226458853636,0.171808124918726,2316,0.999999999999996
WLS,vii,198401,198402,0.0747963613885131,-0.0762975413757252,-0.0154292704683846,-0.148486761423099,0.0693391742804087,2299,1
WLS,vii,198402,198403,-0.100528313643924,0.100044894139709,0.0297716126173769,0.0892163609078545,0.0134424476339791,2278,1
WLS,vii,198403,198404,0.0586331625800045,-0.0521167763823715,0.0182069626263949,-0.0850596714123715,0.0342690393778594,2264,0.999999999999997
WLS,vii,198404,198405,0.025416635850261,-0.0911531581395441,0.0139860278084893,-0.0931735436625319,0.029969581559813,2252,1
WLS,vii,198405,198406,0.004020165872113,-0.0284695601448341,0.0272175661586926,0.02441162763153,0.0523095913219939,2244,1
WLS,vii,198406,198407,0.117498008566311,-0.151410389703238,-0.00482068535992036,-0.147677809848704,0.0756581682823538,2509,0.999999999999996
WLS,vii,198407,198408,0.0643457769776813,0.0399335704823447,-0.0116059735150187,0.0656839615374741,0.018316480903856,2492,0.999999999999998
WLS,vii,198408,198409,-0.00917530974488895,0.0180062095760095,0.0210534673690917,-0.0748975450355178,0.104533889835752,2476,1
WLS,vii,198409,198410,0.0557083976916907,-0.0752324909459714,0.0130917332839455,-0.0810510171215532,0.0433139896605599,2455,1
WLS,vii,198410,198411,-0.0210507284743568,0.00940192408462256,0.011606456310316,-0.0317752066696794,0.0244802864055145,2436,1
WLS,vii,198411,198412,0.0237723425456613,-0.021350625804148,0.00288294643734537,-0.00520246844801715,0.00864007088542918,2415,1
WLS,vii,198412,198501,0.0919078285050651,-0.0330520528685074,-0.0320729722170025,0.0646676984494987,0.0831235093597447,2395,1
WLS,vii,198501,198502,0.0246097967597525,-0.00526062985729541,0.0127853646269476,-0.0416081406808628,0.0207247522885482,2375,1
WLS,vii,198502,198503,-0.0754637303402719,0.0536591670500298,0.0455678830561708,0.00727862790093413,0.0186435704743179,2356,1
WLS,vii,198503,198504,0.015845398190185,-0.00481215170674346,-0.0144001023499959,-0.0528800828651837,0.0339431314223531,2346,0.999999999999997
WLS,vii,198504,198505,-0.0171406072935646,0.033626563998176,0.0545838555966134,0.0442056151398231,0.0272633331759389,2331,0.999999999999998
WLS,vii,198505,198506,-0.00660381396643815,0.0135607457509621,0.00123909258042867,0.0139106308160333,0.00112038776182022,2315,1
WLS,vii,198506,198507,0.0204031022785544,0.00022939712300442,-0.0173236311677509,-0.0102720760188141,0.00658973114188011,2535,1
WLS,vii,198507,198508,-0.0115026799038247,0.0101486528642693,0.00799432995719993,-0.0244573797883838,0.0160861713106519,2521,0.999999999999998
WLS,vii,198508,198509,-0.0349037552856582,0.00238678220484576,0.0544738153413818,-0.0757070643505797,0.0899860040585129,2503,1
WLS,vii,198509,198510,0.0181423926832728,0.0097507770277991,0.0375120534938271,-0.0248590406148414,0.0175802123540705,2482,1
WLS,vii,198510,198511,0.0734501435525128,-0.0522959926834874,0.0164716839861699,0.0200853999064534,0.0765750736556301,2468,0.999999999999998
WLS,vii,198511,198512,0.04886599335649,-0.054564306852583,0.0253469271343749,0.00105408203368893,0.0738421535614501,2447,0.999999999999997
WLS,vii,198512,198601,-0.0955890862257755,0.0700273084662646,0.0467965258713204,0.0697714473699994,0.0145745558922054,2426,1
WLS,vii,198601,198602,0.178898990790297,-0.0808908896885453,-0.0532552378724404,-0.07273440002014,0.0150292916347652,2410,1
WLS,vii,198602,198603,0.0617356766365416,-0.035753689420231,0.0115118568693592,-0.00796431477086431,0.0145487479831299,2395,1
WLS,vii,198603,198604,-0.0304925504503496,-0.0221516240476228,0.0426610179406471,0.0174512381361186,0.0553101579579887,2371,1
WLS,vii,198604,198605,-0.02161545080348,0.0547603389846008,0.0583812277409776,0.02034680419154,0.0228557478805678,2352,1
WLS,vii,198605,198606,0.0125706666387947,-0.0333824083159854,0.0283071371655943,-0.0216279142534174,0.0194262455885452,2337,1
WLS,vii,198606,198607,-0.0381825933539113,-0.0272155476118042,0.0179518353868454,-0.0758636195728375,0.0372951616222366,2606,1
WLS,vii,198607,198608,0.135584456252064,0.0131935468356287,-0.0690472020345577,-0.0840341421473971,0.139365376321128,2588,1
WLS,vii,198608,198609,-0.114710088869249,0.110345683057529,-0.017823358460583,-0.00519528488457492,0.153826161805129,2579,1
WLS,vii,198609,198610,0.0252350822369495,0.0221399080403813,-0.00762564212260187,0.0448525641599514,0.00783781969363351,2557,1
WLS,vii,198610,198611,0.0271371916502807,-0.011963619176781,0.0105057771103774,-0.0151347437083295,0.00487897244596525,2527,0.999999999999995
WLS,vii,198611,198612,0.0346317769603822,-0.0551246040621547,-0.0253030691509554,-0.0510171230941846,0.00968295376232742,2497,0.999999999999998
WLS,vii,198612,198701,0.0621889051703286,0.0664422284954762,0.0168594981901812,0.0692242759004785,0.00868669136544942,2446,1
WLS,vii,198701,198702,-0.0114961566165239,0.000552710789071629,0.0473518287326174,0.08452827620261,0.0952515849138399,2424,1
WLS,vii,198702,198703,0.0445201875813897,0.0476083163604849,-0.0176593859688602,-0.0511243105202415,0.0816147554227867,2412,0.999999999999998
WLS,vii,198703,198704,-0.0835656025782365,0.0735784366763903,0.0312775510749508,0.0399969494962172,0.0166840310503945,2390,1
WLS,vii,198704,198705,-0.019938918820039,0.0144788070476953,0.0197495330075363,0.0168666027231009,0.00264213627399978,2375,0.999999999999998
WLS,vii,198705,198706,0.0389479223315439,0.000277182231101161,0.0209406094068909,-0.0194582519427367,0.00959903212002178,2366,1
WLS,vii,198706,198707,-0.0242517811357761,0.0683750380493148,0.0197016455039662,0.0678473503738314,0.0166932324761271,2716,1
WLS,vii,198707,198708,0.0528816637498982,-0.0355341097147091,0.0109107554151659,-0.0215155755802357,0.0172711672253687,2695,1
WLS,vii,198708,198709,-0.0206945414458542,0.00734133312057465,-0.0443671400989008,0.0297997181661885,0.0312798238088506,2677,1
WLS,vii,198709,198710,-0.19869641127038,-0.0453793563772132,0.0211409623151796,-0.0720766221866604,0.0289307548549139,2655,0.999999999999998
WLS,vii,198710,198711,-0.0906528170681727,0.0291773581035065,-0.0161314268126982,0.00290548656285758,0.0163476405978021,2629,1
WLS,vii,198711,198712,0.13179599881754,-0.0317689137796567,-0.0203947138038875,-0.0418415675186676,0.00305575131108748,2600,0.999999999999999
WLS,vii,198712,198801,0.020385136654179,0.0463477863597041,0.0136520801191199,-0.0412941999628841,0.0285789926501781,2577,0.999999999999995
WLS,vii,198801,198802,-0.0153101364649334,0.0692182546293681,0.0384247685173317,0.0425559264218839,0.0121816620283203,2555,1
WLS,vii,198802,198803,-0.0235566185366055,0.0401328502713303,-0.0212165300800397,-0.0149283585777054,0.0350325393249422,2538,1
WLS,vii,198803,198804,0.000306436585605248,0.0506608420822889,-7.90023918746677e-05,-0.0309936680568964,0.0837238746729371,2518,1
WLS,vii,198804,198805,0.0584832601376344,-0.0397047652097007,-0.0377584544257598,-0.054455265301115,0.020075839844145,2498,0.999999999999997
WLS,vii,198805,198806,0.0235262170833576,0.00948079919268563,0.019128743601065,0.024858815374299,0.00468606267695104,2471,1
WLS,vii,198806,198807,-0.0462204844742639,0.0414775500156934,0.01259685356748,0.0101250850445543,0.0111007856921983,2568,0.999999999999998
WLS,vii,198807,198808,-0.119262332426471,0.0549763281666027,0.0385824967484259,0.0565631818635683,0.0120153230998417,2546,0.999999999999996
WLS,vii,198808,198809,0.026374055981656,-0.0197625063948901,0.0166823771261517,0.0158435223965478,0.0231983086732682,2522,1
WLS,vii,198809,198810,-0.00715178940236559,0.040877502277173,0.025882145502702,-0.00861012002067374,0.0101543792820572,2502,1
WLS,vii,198810,198811,-0.0227583987846338,0.0158974975914609,-0.00451933936667087,-0.00592889380564025,0.0113602799824261,2481,1
WLS,vii,198811,198812,-0.0434625796553005,0.0303565534172504,0.0285900380435198,0.0595754643106633,0.0237594326747337,2455,1
WLS,vii,198812,198901,0.0756044423348354,0.00375973728955395,-0.0152970898974655,-0.00750389510425,0.00768229850489965,2425,1
WLS,vii,198901,198902,-0.103757955721769,0.0687617696562762,0.0238867009780333,0.0616418897621802,0.0210961188483374,2405,1
WLS,vii,198902,198903,-0.0666578428830514,0.0674071462296561,0.0161474103169069,0.0769245638944622,0.0195404025676169,2382,0.999999999999997
WLS,vii,198903,198904,0.0567129613727615,-0.0301289962343983,-0.0212598648331863,0.0253106970146283,0.0352799299822737,2365,0.999999999999998
WLS,vii,198904,198905,0.0320756796323444,-0.0276214926488019,-0.0218641542025323,0.0430702476716891,0.0459309810812354,2352,0.999999999999997
WLS,vii,198905,198906,-0.0392624755837774,0.0171632615760507,0.0117012215650137,0.0071830050041363,0.00174691327261323,2327,1
WLS,vii,198906,198907,0.0232492116675181,-0.0282855823650013,0.0534216977984011,0.0708280542179536,0.0972924303999852,2601,0.999999999999997
WLS,vii,198907,198908,0.10111246624097,-0.00355396825995719,-0.0554953117280928,-0.0928359297154301,0.0842874503936475,2583,1
WLS,vii,198908,198909,0.0257057394820962,-0.0588236954887443,-0.00670187955347838,-0.0125986324931544,0.0323229139275807,2559,1
WLS,vii,198909,198910,-0.0516405037416224,-0.033324011184876,0.0386922503214836,0.0175410330889131,0.0546985537512556,2539,1
WLS,vii,198910,198911,0.0299451979757903,-0.0307238794509772,-0.0269935299640287,0.0160354808697711,0.0193299991911582,2520,1
WLS,vii,198911,198912,0.0324700707029649,0.0118792530518457,-0.0100669985101798,-0.0266401791010494,0.0163617078951102,2495,0.999999999999997
WLS,vii,198912,199001,-0.063042279694228,0.00391313893919067,-0.0153090983232856,-0.00988380941407374,0.00561902946729931,2469,1
WLS,vii,199001,199002,-0.00394197428246012,0.0420835749703098,-0.0185153114995986,0.0100340889616578,0.0489335646468844,2448,1
WLS,vii,199002,199003,0.00372591622726928,-0.00169254255330784,0.0384044495658683,0.0132111929740198,0.0327746280702712,2436,0.999999999999999
WLS,vii,199003,199004,-0.0271655891220784,-0.0460151224944881,0.0352454684969703,0.00119739530534368,0.0919094917253728,2419,1
WLS,vii,199004,199005,0.124756506284072,-0.0747345838320203,0.012328116118769,-0.024293201686958,0.0716034424721254,2403,1
WLS,vii,199005,199006,0.0250618865158864,-0.0938152127552075,0.00452568400046926,0.00592886905029829,0.132680255370986,2384,0.999999999999996
WLS,vii,199006,199007,0.0112807769723398,-0.0169296537197946,-0.0221014080657238,-0.00548929085878955,0.00273086961881275,2719,1
WLS,vii,199007,199008,-0.103073583042922,-0.0178032987395737,-0.0124336723443351,0.0243440416567841,0.00960868417541128,2700,1
WLS,vii,199008,199009,0.0294463088442874,-0.0799901679324912,-0.0362464442283096,-0.0654661309980052,0.0112622227807518,2679,0.999999999999998
WLS,vii,199009,199010,-0.126525586431789,0.0217816950678046,0.0999631181760234,0.0756284650038391,0.07176585392605,2668,0.999999999999996
WLS,vii,199010,199011,0.0133489344664197,0.0276338991397635,0.0711000506639839,-0.00850722744865788,0.0345929430441755,2654,1
WLS,vii,199011,199012,0.137875708563509,-0.0871064889703162,-0.0278036461601436,-0.100825029664332,0.0276427739910785,2648,1
WLS,vii,199012,199101,0.0220519601933148,0.0298857974752553,0.0281818429540586,5.10043945452574e-05,0.00414049263036098,2628,1
WLS,vii,199101,199102,0.0215525529974787,0.00582731444930253,0.0344702855471297,0.0492906622951706,0.0174967833860988,2612,0.999999999999997
WLS,vii,199102,199103,-0.107490919282889,0.0643860204055696,0.107276331494911,0.0877626749148476,0.0676913065538245,2600,0.999999999999997
WLS,vii,199103,199104,-0.0172679618731503,0.0259465939788736,0.00383174055411677,0.00583405758346869,0.00496489159350533,2577,1
WLS,vii,199104,199105,-0.0284416041494471,0.064958691086968,0.0334489992021592,0.0472838788177243,0.00839835128678557,2566,1
WLS,vii,199105,199106,-0.0250377373569503,-0.0162262228276565,0.00226436809040496,-0.028006942866728,0.00596935897679862,2551,1
WLS,vii,199106,199107,0.00569959247605187,-0.0277535232964839,0.0424872662431896,0.0346388130140909,0.0613815641683608,2721,1
WLS,vii,199107,199108,-0.00618904386677806,-0.0353187241725758,0.0354682692516211,0.0290110865761401,0.0638055691139826,2702,0.999999999999999
WLS,vii,199108,199109,0.0573990197250912,-0.0697444977770091,-0.0418663050091186,-0.0535980824515661,0.0129949407350861,2689,1
WLS,vii,199109,199110,0.04505516854768,-0.0153668913760519,0.00572542526028733,-0.0468987363870719,0.00825642256788528,2681,1
WLS,vii,199110,199111,-0.0734948479526232,-0.0659969007284896,0.0669017094757885,0.026241349127172,0.174064103131529,2664,1
WLS,vii,199111,199112,0.0783868072081336,-0.0821394347262429,0.0524313351948134,0.0551681345104967,0.125800125377413,2647,0.999999999999996
WLS,vii,199112,199201,-0.0259032103635101,0.126822677466659,-0.0166251856571992,-0.0225446881555967,0.102229939153231,2622,1
WLS,vii,199201,199202,-0.102379705292846,0.161896964660425,0.0599033176211398,0.0419926150863592,0.0938115170154611,2611,1
WLS,vii,199202,199203,-0.0790682617108178,0.0790801397745475,0.0379944651269125,0.00880795715641737,0.0345737836276206,2599,1
WLS,vii,199203,199204,0.0832996117342039,0.0152100487560813,-0.0787259407276089,-0.0473503727625214,0.0882305052463366,2589,1
WLS,vii,199204,199205,0.00674395071575101,-0.0439695811126531,0.00120670145382939,0.0115510201414407,0.0363409879468291,2576,1
WLS,vii,199205,199206,-0.0730777035268597,0.0377841456927004,-0.0202121844781833,0.0595771321311667,0.0344469570126035,2545,1
WLS,vii,199206,199207,0.0987290408043229,-0.0645161411018235,-0.0122986978195662,-0.0506687866074005,0.0297371155175403,2682,1
WLS,vii,199207,199208,0.0784961802447627,-0.0980811205883579,-0.0345524672666141,-0.0700467172026487,0.0477923883830816,2660,0.999999999999999
WLS,vii,199208,199209,0.108112122369866,-0.0598646933031341,-0.0713393308620602,-0.0613131350531993,0.0250645195292651,2636,0.999999999999998
WLS,vii,199209,199210,0.028786618918687,-0.0501707629085671,0.0184532791617485,-0.0238980540575502,0.0375255911135589,2626,1
WLS,vii,199210,199211,-0.0252153318560542,0.0278982321527514,0.029362781589504,0.0548231530862305,0.00838314928741801,2609,1
WLS,vii,199211,199212,0.093979313209563,-0.0290907336380657,-0.0683650673769916,-0.0599364820404736,0.0330991592048849,2598,1
WLS,vii,199212,199301,-0.142643014024772,0.188874550979839,0.0353511675182205,0.0839682687570045,0.159815213827312,2589,1
WLS,vii,199301,199302,-0.0510924652450239,0.12560608956433,0.0133255513369021,-0.0041991544785707,0.111647230852502,2578,1
WLS,vii,199302,199303,0.0342310590775595,0.00843775545415288,-0.0280287451319003,-0.00647161776706406,0.0167079426940792,2567,1
WLS,vii,199303,199304,0.00798742971766932,0.0551232026700347,-0.0593191128381398,-0.044681427661256,0.0912737686296001,2546,1
WLS,vii,199304,199305,-0.0185119620787301,0.0303256939588972,0.0417388948200061,0.032265564696962,0.0106817019307097,2536,1
WLS,vii,199305,199306,-0.0878290574419175,0.0936877067915552,0.0185814401907954,0.0546594671834846,0.0493435735845826,2529,0.999999999999998
WLS,vii,199306,199307,-0.00363706767051789,0.0524655585875751,-0.0604749830498355,0.00630087086900893,0.114648657408204,2732,1
WLS,vii,199307,199308,0.0491850504806714,0.00247467029338462,0.00496276965035709,-0.0262137881674428,0.00662091145032984,2718,0.999999999999997
WLS,vii,199308,199309,-0.0139382060472563,0.0355462680936984,0.00754849734289685,-0.0181652991406027,0.0134283415407349,2709,1
WLS,vii,199309,199310,-0.0926622270739497,0.0364583146994788,0.0668987317309662,0.114393966750801,0.0301920359626162,2703,1
WLS,vii,199310,199311,-0.0268563284802056,-0.0340417446344199,0.0221251399085695,0.0331318865118633,0.0326020812260401,2694,1
WLS,vii,199311,199312,0.0935090301775046,-0.0328295196633905,-0.0711193842970971,-0.0466553982669009,0.0287670868838693,2676,0.999999999999996
WLS,vii,199312,199401,0.0830502185349785,-0.00151877812482817,-0.0779933448234394,-0.0149769175338895,0.0673642240174018,2662,0.999999999999995
WLS,vii,199401,199402,-0.0517803899559471,0.0278601298002387,0.0476158716537261,-0.00335794667663247,0.0272013533252529,2645,0.999999999999997
WLS,vii,199402,199403,-0.0258625534553972,0.012275469585748,0.00335292473989337,-0.0426131298848263,0.0245580708984705,2624,1
WLS,vii,199403,199404,0.0518277362398754,-0.0227952518243228,-0.024537692992124,-0.0388208288157762,0.00384185995624875,2611,0.999999999999998
WLS,vii,199404,199405,0.0553537068821733,-0.0210268914100591,-0.0276045189023346,-0.0453459241610313,0.00528349783800841,2598,1
WLS,vii,199405,199406,-0.06986612552339,0.04186195131645,0.0331954005155844,0.0126547588420553,0.0103702946255132,2584,1
WLS,vii,199406,199407,-0.028210517241935,0.0342804780380667,0.0220960423005048,0.052398893154167,0.0109006981312613,2822,1
WLS,vii,199407,199408,0.0037053487632969,-6.87018527331616e-05,0.0818264577586595,-0.00325335726520316,0.0858884426258052,2816,1
WLS,vii,199408,199409,-0.0534001037692624,0.00320063580730842,0.0413676430845398,0.0212655430648963,0.019250928367756,2799,1
WLS,vii,199409,199410,0.0533710951760057,-0.0121147769592817,0.00262260189828478,-0.0543287604023994,0.0234091115442275,2783,1
WLS,vii,199410,199411,0.0146916862937319,-0.0349269491952495,0.00788156863214645,-0.0714979439606262,0.0771973577024415,2770,1
WLS,vii,199411,199412,0.0573203595623227,-0.0413239283392643,-0.0466930085664626,-0.0161325281763309,0.0161983400382414,2756,1
WLS,vii,199412,199501,0.0748188066994113,-0.0493931163588394,-0.0252782921008096,-0.0513545740746731,0.0140607425383856,2734,1
WLS,vii,199501,199502,0.0650360531984752,-0.0150605060097868,-0.0304812191171542,-0.00939577282898932,0.00835902517425402,2724,1
WLS,vii,199502,199503,0.0522928277523295,0.00661399744893791,-0.00763558393001876,-0.036185010834611,0.0102539242048096,2705,0.999999999999998
WLS,vii,199503,199504,0.106577205848572,-0.0304589694689023,-0.0332670891690516,-0.0862760424197449,0.0228559919847314,2682,1
WLS,vii,199504,199505,0.052596414291528,-0.0183930792966258,-0.00843291390152917,-0.0278299260489499,0.00487244110042762,2671,1
WLS,vii,199505,199506,-0.0264422218619664,0.0171183257501259,0.0628671081947483,0.0259067279607877,0.0239536992387601,2651,1
WLS,vii,199506,199507,0.0860823863541571,-0.0247726022475449,-0.0402359538115148,-0.033914685797766,0.00455573369308626,3027,0.999999999999998
WLS,vii,199507,199508,-0.0494462350157977,0.0230817929851984,0.0271791674634604,0.0383439301947587,0.00262064014681485,3007,1
WLS,vii,199508,199509,0.0230562682091885,-0.0462167648605324,0.0261352211934209,0.0177726648345445,0.0380841141422357,2990,1
WLS,vii,199509,199510,0.103515327592861,-0.104151091796835,-0.0327302555585376,-0.103547533807226,0.0453740451796869,2967,1
WLS,vii,199510,199511,-0.0353116343604982,0.0131504752438905,0.000873785433860758,0.105618590543949,0.0491615736022372,2951,1.00000000000001
WLS,vii,199511,199512,0.152221868370316,-0.0585682865915917,-0.12533550089172,-0.089741322013022,0.0545007426885698,2933,1
WLS,vii,199512,199601,0.023620328267628,-0.0362379680100513,-0.0162206267848874,0.0355252565993248,0.0182588872105244,2911,1
WLS,vii,199601,199602,-0.0552052217833901,0.0508911080920866,0.0745095033197087,0.0210476610480336,0.0333217719283524,2894,1
WLS,vii,199602,199603,-0.0417175955288786,0.0564368631701975,-0.0100817839264994,0.0539283320259157,0.0423102126533838,2876,1
WLS,vii,199603,199604,-0.0481652605180049,0.076433760990318,0.0722293453104209,0.0160755314017725,0.0305934708704198,2854,1
WLS,vii,199604,199605,0.0167224639245571,-0.0136523329668715,0.0437294401520564,-0.0131161155195371,0.0406943159182455,2841,0.999999999999997
WLS,vii,199605,199606,0.0874910722613266,-0.11263961166016,-0.0539952939388583,-0.0522904404892798,0.046624608797245,2820,1
WLS,vii,199606,199607,0.0142543286021818,-0.041934675464555,-0.026860110358383,-0.0725592466021141,0.0125240541129882,3219,0.999999999999998
WLS,vii,199607,199608,-0.0455946463629353,0.0649909230267847,0.0375491915431781,0.0419362464969513,0.0111501554584335,3199,1
WLS,vii,199608,199609,0.0777964504629973,-0.0799458400256699,0.0263856298778619,-0.0295604300814447,0.0785350713508186,3171,1
WLS,vii,199609,199610,0.0852345806394619,-0.0231692197737984,-0.0584026574587527,-0.0650777701640782,0.0103888804210023,3153,0.999999999999996
WLS,vii,199610,199611,0.0822067266023244,-0.0182639184809591,0.0126720718771867,-0.0342087705101896,0.0149834853020315,3138,0.999999999999998
WLS,vii,199611,199612,0.0323176812320711,-0.00421032315863888,-0.0369623799157176,-0.03658962910963,0.00937527149396466,3125,1
WLS,vii,199612,199701,0.129537727300968,-0.100457661582781,0.00344663043973756,-0.0687693641629378,0.0595561142677666,3086,1
WLS,vii,199701,199702,0.0105901775155359,-0.00657643024580357,-0.00716287088979826,-0.0219311774096807,0.000976460737949103,3061,1
WLS,vii,199702,199703,0.0393136899409193,0.0422642072388012,-0.0685982346277937,-0.0947295578035877,0.0962315899813785,3044,1
WLS,vii,199703,199704,-0.075402933252495,-0.00284349669768502,0.125631494280679,0.0801294020758785,0.079398045896657,3024,0.999999999999999
WLS,vii,199704,199705,-0.070348165945295,0.0722306378051288,0.0817397420129788,0.106832683489449,0.0155166564700526,3004,1
WLS,vii,199705,199706,0.0504860359171779,-0.0363451149783939,-0.00387856389457609,-0.0029601958089164,0.00805033471826544,2987,1
WLS,vii,199706,199707,0.000355519787808508,0.0416329485355163,0.0501296799821321,0.0453477531459708,0.00242412826407978,3255,0.999999999999996
WLS,vii,199707,199708,0.104631172646755,0.0151189583410485,-0.10703566687789,-0.143087702498172,0.100353897027107,3228,1
WLS,vii,199708,199709,-0.00336269268920354,0.0524662048891098,0.012516600739846,0.0341154681115328,0.0165460741933547,3200,0.999999999999995
WLS,vii,199709,199710,-0.169225723223761,0.065463437446739,0.1059740114993,0.0647462183191451,0.0198743302935194,3174,1
WLS,vii,199710,199711,-0.0203635922104014,-0.00715065808987211,0.0758359345598008,0.0107124789525898,0.0610039949767861,3147,0.99999999999999
WLS,vii,199711,199712,-0.0444440467039749,0.0133603562435497,0.00674037464965821,0.0571928964178821,0.00972957117494688,3127,1
WLS,vii,199712,199801,-0.128787781883498,0.036236737601109,0.132364344575016,0.0879945552750116,0.052574023470607,3075,1
WLS,vii,199801,199802,-0.0380228039324052,0.033082934429805,0.0719326883431635,0.0965703349390154,0.0186722520979959,3047,0.999999999999998
WLS,vii,199802,199803,-0.109704078629394,0.0793023913085966,0.0737960445590547,0.135335016487233,0.0287224142924657,3025,1.00000000000001
WLS,vii,199803,199804,-0.0348102463239208,0.0259875948487471,0.0108054306970434,0.0382065025493766,0.00559801810988048,2986,0.999999999999998
WLS,vii,199804,199805,-0.167379575011565,0.0827189022043371,0.0969014853758845,0.0954185044960641,0.0211303687879056,2965,1
WLS,vii,199805,199806,-0.227414163093611,0.0458754765520846,0.222728836665431,0.1870628614685,0.148299914162184,2945,1
WLS,vii,199806,199807,-0.0546622840853089,-0.0233732113271517,0.0379259982001683,0.0197731378543387,0.0168856661858758,3170,1
WLS,vii,199807,199808,0.0366609308854097,-0.150002240274495,-0.098580630065952,-0.121182244389985,0.0380549556384378,3136,1
WLS,vii,199808,199809,0.181799912798603,-0.0835380339096132,-0.0623699806615275,-0.0794498614404726,0.00548628257242889,3106,1
WLS,vii,199809,199810,0.126403133303047,-0.013689078239033,-0.0385749161142302,-0.0469813927230867,0.00331886830204164,3067,0.999999999999998
WLS,vii,199810,199811,0.110627741258138,-0.0312849256115276,0.0218101812631526,-0.0904963162518118,0.0407534403785473,3019,1
WLS,vii,199811,199812,0.0243837058052658,-0.0169989628676738,0.0423499993258485,0.0189613960392681,0.0132238299706091,2990,0.999999999999996
WLS,vii,199812,199901,-0.103666285065852,0.0204388872898966,0.129380368254642,0.0961305131856451,0.0279520340911207,2945,1
WLS,vii,199901,199902,0.0129299558573013,-0.0200120319933468,-0.0722870651366642,-0.0192298083577451,0.021142404203165,2906,0.999999999999998
WLS,vii,199902,199903,0.01546270606429,-0.0266889111101506,-0.0108968527724752,0.0485833044670057,0.00709995605613589,2884,1
WLS,vii,199903,199904,0.215263917547881,0.0339887112823985,-0.201589482650231,-0.112695265743075,0.131162372996292,2845,1
WLS,vii,199904,199905,0.066728065510893,0.0179871237612259,-0.0304961704564806,-0.116746149710235,0.0467456565150045,2818,0.999999999999996
WLS,vii,199905,199906,0.141212412897474,-0.0871410186604103,-0.0190749679595059,-0.0852121703838329,0.0324185039476452,2794,1
WLS,vii,199906,199907,0.154596667015108,-0.103386143520504,-0.100351553295545,-0.131720822918759,0.0192360876597528,3150,1
WLS,vii,199907,199908,-0.273948091721173,0.0826669163416239,0.191801648350311,0.196651207270183,0.10236726281486,3122,0.999999999999998
WLS,vii,199908,199909,0.0951854507415485,-0.0966598953058981,-0.081095832697746,-0.0829731408584287,0.00897466414796888,3084,1
WLS,vii,199909,199910,0.0206678868572609,-0.121584361580991,0.0302101696770153,0.0443636345476067,0.0544823780184836,3046,0.999999999999995
WLS,vii,199910,199911,0.0348049326217272,-0.0351298894477202,0.0416374254986939,-0.0197335427921782,0.0188762292946484,3021,0.999999999999995
WLS,vii,199911,199912,-0.000471433738015684,-0.0159197550109786,0.0345070850738707,0.073915703344868,0.00501342172309971,2974,1
WLS,vii,199912,200001,0.105282291788058,-0.0749715490210332,-0.06484904023369,-0.138737406349201,0.00723746191548713,2943,1
WLS,vii,200001,200002,0.0201122427683938,0.0383722031679671,0.0587837446710637,-0.0539987585733575,0.0063471661986988,2914,0.999999999999996
WLS,vii,200002,200003,-0.105648741090208,0.0418429448670156,0.0812834532333005,0.155964234456399,0.0116983374963061,2887,1
WLS,vii,200003,200004,0.0141145802791828,0.0462552361167823,0.00147016618340058,-0.0893029941041479,0.0137558088550765,2849,1
WLS,vii,200004,200005,0.106855316289731,-0.0873077431437178,-0.0538825402457291,-0.137619238545962,0.0108196995823669,2825,1
WLS,vii,200005,200006,-0.0287938746652631,-0.0952056259006421,0.0658967228621734,0.0842980544133434,0.0432371909072572,2802,1
WLS,vii,200006,200007,-0.271705859280819,0.243887504408633,0.111306971328926,0.151070854009402,0.0424909202473252,3082,1
WLS,vii,200007,200008,0.0221941878224438,-0.0403122084785269,-0.0124614564898646,0.0628028458239535,0.0111385185942787,3055,1
WLS,vii,200008,200009,0.154143729690531,0.0129885299092073,-0.0788787838373832,-0.262073868755365,0.0461559114856421,3016,0.999999999999995
WLS,vii,200009,200010,0.233313593907614,-0.0542846714825416,-0.0907481233793327,-0.228380326278423,0.0310828823532606,2982,0.999999999999998
WLS,vii,200010,200011,0.03535251767104,0.113834603890686,0.0624727688954949,-0.260649302848856,0.128444089369659,2936,1
WLS,vii,200011,200012,0.243285280807318,0.122440880109302,-0.10368423354722,-0.31448895884024,0.172827882327615,2897,1
WLS,vii,200012,200101,-0.0902138326345483,0.0583649563476279,-0.0228528574131766,0.18461269198374,0.0359751537346655,2854,1
WLS,vii,200101,200102,0.386517793440405,-0.00106041018973026,-0.189899253586413,-0.531252672125886,0.185959302047662,2818,1
WLS,vii,200102,200103,-0.00172981908759011,0.107913231762456,-0.039807226932006,-0.109922750547122,0.0897785450898977,2796,1
WLS,vii,200103,200104,0.0469316727946314,-0.0333880289724884,-0.0496259677594249,0.0932607493893157,0.0424429316296048,2764,0.999999999999996
WLS,vii,200104,200105,0.197612939533951,-0.0632005014002508,-0.102752047827933,-0.166806426973808,0.032386021413805,2726,1
WLS,vii,200105,200106,-0.0848366447886952,0.046083956235645,0.0593839073971622,0.0171114740055161,0.00932878483708488,2698,1
WLS,vii,200106,200107,-0.18222198451669,0.116913490388904,0.137147716199367,0.0949388386312912,0.0285126323861232,2859,0.999999999999995
WLS,vii,200107,200108,0.157179732908151,-0.0615205337836968,-0.060173437469938,-0.237143159998474,0.0782439927761373,2833,1
WLS,vii,200108,200109,-0.231217104686397,-0.0203269388806121,0.0792101114269272,0.144017556606798,0.0329382470637576,2799,1
WLS,vii,200109,200110,0.240145683858403,-0.164888619728839,-0.0632648303105868,-0.181815382970004,0.0327736256923111,2774,1
WLS,vii,200110,200111,-0.0749335846409798,0.126486464838335,0.0936372416862837,0.0936668646452861,0.0151300232452953,2758,1
WLS,vii,200111,200112,0.203647446131754,-0.0241207396959784,-0.0973039735613055,-0.184990769331401,0.0845087964720386,2730,1
WLS,vii,200112,200201,-0.0423090446221569,0.0108737541742897,0.0791449920379784,-0.00805271846091767,0.0400209093092188,2703,1
WLS,vii,200201,200202,-0.0190652484425366,0.0436110281672058,0.0115736472796609,-0.0226890199477275,0.00893739330062782,2683,1
WLS,vii,200202,200203,0.21566545982806,-0.045657112627903,-0.111887415225322,-0.145252833824018,0.0517070815134304,2660,0.999999999999998
WLS,vii,200203,200204,0.0121458597397704,0.0478168120722839,0.0335217262790629,-0.142913645816126,0.0794145916391906,2635,0.999999999999998
WLS,vii,200204,200205,0.0966276587111897,-0.0458413958154652,-0.0851264510724778,-0.0605245094292808,0.0315038637283716,2613,1
WLS,vii,200205,200206,-0.136190612762858,0.066126772647992,0.0620837420334823,0.0129310357778,0.0108196097651956,2588,0.999999999999997
WLS,vii,200206,200207,-0.0247997145972224,-0.127630581083415,0.00545548841213218,-0.0451827618082988,0.0751637325602772,2782,0.999999999999999
WLS,vii,200207,200208,-0.20711164427393,0.143191329034859,0.144651350422403,0.125915160212869,0.033394635360157,2760,1
WLS,vii,200208,200209,-0.110507196971943,0.00833244008664734,0.0399071796133461,-0.0224812411049396,0.0133063567019164,2740,0.999999999999998
WLS,vii,200209,200210,0.185765277752735,-0.188067228973004,-0.0805431654107869,-0.00442342432216207,0.049180726950048,2725,1
WLS,vii,200210,200211,-0.067850547679398,0.100254408221819,0.00212375503650116,0.153948269526538,0.0485271133825967,2691,1
WLS,vii,200211,200212,0.0503454925361864,-0.0176461582944951,-0.0225993531575209,-0.14055585498996,0.0490130083501363,2673,0.999999999999998
WLS,vii,200212,200301,-0.181865778818582,0.079090622230816,0.0953149579992333,0.115924558231776,0.0240032004254029,2646,1
WLS,vii,200301,200302,-0.0673177865156725,-0.0104022124545408,0.0471912058496977,0.0421503710862166,0.0303003654728463,2625,1
WLS,vii,200302,200303,0.00529447374208706,-0.0374615160473167,0.0271822671846161,-0.00165164320372382,0.0320448942693165,2600,1
WLS,vii,200303,200304,0.0534498173855488,0.00597482667931812,-0.0412880743346436,0.053708398324123,0.0338735724273681,2571,1
WLS,vii,200304,200305,0.201046011617714,-0.0187027507912855,-0.116334425203847,-0.105954723464097,0.0516784451076975,2549,0.999999999999999
WLS,vii,200305,200306,-0.0784821741163834,0.0638283836862306,0.0665923969871402,0.0585996091415655,0.013477259537729,2533,0.999999999999998
WLS,vii,200306,200307,0.000450100823832555,0.0300027027072679,0.0237168674047651,0.00348279891271957,0.00301720033124131,2763,0.999999999999998
WLS,vii,200307,200308,0.0867536836968593,0.0591462471992694,-0.0407765763015382,-0.0739405313383002,0.082441563788398,2746,1
WLS,vii,200308,200309,-0.0885252494949318,-0.000427216324602548,0.0596828889419923,0.0520758858644267,0.0339635537409343,2721,0.999999999999995
WLS,vii,200309,200310,0.0554255495788178,0.0916447534806268,0.0226805023048352,-0.0463669787630504,0.053871300832397,2702,0.999999999999998
WLS,vii,200310,200311,0.0405421361927192,0.0333738085378744,-0.00624385960141739,-0.0452690509502341,0.034507088474818,2687,1
WLS,vii,200311,200312,0.0326172578246894,0.00306074191437908,-0.0672401917003323,0.0677767782951713,0.106347249519991,2668,1
WLS,vii,200312,200401,-0.0323006923170677,0.047741981445933,0.0404216363522044,0.0131529066271755,0.0106485980995167,2641,1
WLS,vii,200401,200402,0.0816471007483802,-0.0245135856429926,-0.0163474518188025,-0.083997014396852,0.0284316699807802,2627,1
WLS,vii,200402,200403,-0.0253527236419916,0.026614797597097,0.0142094517427063,-0.0043575922876395,0.00736219725736709,2611,1
WLS,vii,200403,200404,-0.0152567902327382,-0.0659991901150763,0.00807197763452736,0.0308582818379619,0.0514394656769738,2599,1
WLS,vii,200404,200405,-0.056191107863347,0.035856637422108,0.0485036554531406,0.0451853693805211,0.00968714099950607,2583,0.999999999999998
WLS,vii,200405,200406,0.0517330791943376,0.0159364495360245,-0.0413141635623231,-0.0186249377510696,0.0340399378362423,2562,0.999999999999996
WLS,vii,200406,200407,0.145922857709756,-0.0520152984709621,-0.136262610455048,-0.170589880263713,0.0828272302979486,2645,1
WLS,vii,200407,200408,0.0870193385192187,-0.045892432121862,-0.0539627646889787,-0.0882740321143203,0.0191434143022146,2629,1
WLS,vii,200408,200409,0.0779900329192564,0.00968492135365721,-0.0729769776203141,-0.0408501878575803,0.0579976949584061,2617,1
WLS,vii,200409,200410,-0.00830717759021737,0.0221607166137897,0.0333749754714568,-0.000553358405943545,0.00910505976967879,2606,1
WLS,vii,200410,200411,0.0240258075146178,0.0658871324628303,-0.0232543138058789,0.0135528032902053,0.0752352272043826,2593,0.999999999999998
WLS,vii,200411,200412,-0.0121304313582166,0.00441928427000451,0.0493966613221858,0.0313976423182203,0.0247341981917877,2576,1
WLS,vii,200412,200501,0.100241692623059,-0.0564887669593325,-0.0635843166901895,-0.124155494498563,0.0458450660767136,2553,1
WLS,vii,200501,200502,0.259322744311202,-0.0877273460482962,-0.184104213140561,-0.171786027162332,0.0794307537116324,2540,0.999999999999995
WLS,vii,200502,200503,-0.0218119061686233,0.0133062872400297,0.0210669952808346,-0.0183909252200299,0.0147696988117296,2525,0.999999999999998
WLS,vii,200503,200504,0.026848607979559,-0.0827900638762961,-0.0242232435523573,-0.0184664075243323,0.0536121037359832,2511,1
WLS,vii,200504,200505,-0.15153647524452,0.110848797908794,0.138600496051502,0.128408891073843,0.0455347197843408,2494,1
WLS,vii,200505,200506,0.0246311344898768,0.0375822151273507,-0.0181630010950808,-0.0527850461006906,0.074649546753832,2477,1
WLS,vii,200506,200507,0.0503829816652536,0.0138681535929938,-0.0037089824992769,-0.013629731075099,0.00544966989864337,2537,1
WLS,vii,200507,200508,0.0445318918660278,-0.0044048849746275,-0.0670348368026164,-0.0347786139519677,0.0418710532623152,2520,1
WLS,vii,200508,200509,0.133810870892721,-0.0495427998186547,-0.116394540269732,-0.0893929838440679,0.0518135809668574,2498,1
WLS,vii,200509,200510,-0.0568529775956395,-0.0263848509524507,0.0429019119868854,0.0347349362095497,0.0448223865643579,2483,1
WLS,vii,200510,200511,0.0368654014420292,-0.00936431378254071,-0.00902801642721124,0.0136658515535979,0.00504374346585024,2465,0.999999999999998
WLS,vii,200511,200512,0.0105756092614458,0.00366097420861843,-0.021660207869326,-0.0122169148818467,0.00955477161564211,2449,0.999999999999998
WLS,vii,200512,200601,-0.0271196879817832,0.109803848787343,0.0154120559743949,0.014860030954982,0.0710737902634159,2428,0.999999999999999
WLS,vii,200601,200602,-0.0352002309252376,-0.000144961544162359,0.0316549801539134,0.0216065829400712,0.011064482680594,2407,0.999999999999999
WLS,vii,200602,200603,0.0271181316989283,0.0163679314948159,-0.0222462397207175,-0.00395705804839675,0.0201214284545215,2395,1
WLS,vii,200603,200604,0.0541314544399558,0.00664149305444289,-0.0569810776330566,-0.0445396899529228,0.0464599672567344,2377,1
WLS,vii,200604,200605,0.0663828103386536,-0.0544761207771701,-0.0710371821263611,-0.0747990618721594,0.016185204475357,2366,0.999999999999998
WLS,vii,200605,200606,-0.0217603587158917,0.0302051990047027,0.0170622566144796,-0.00500641495369865,0.0137725130791966,2347,1
WLS,vii,200606,200607,0.020900385928476,-0.00586095071847121,-0.0122830090538788,-0.0439794937671868,0.00870518631260475,2448,0.999999999999997
WLS,vii,200607,200608,-0.108796564143771,0.0389562402132549,0.102460299033734,0.102767426858212,0.0456294284729341,2436,1
WLS,vii,200608,200609,-0.141485288339243,0.0907812138306029,0.131016208420448,0.0954330937078756,0.047730721144413,2424,1
WLS,vii,200609,200610,-0.00251184000860694,0.0338280156412071,0.0229292149396215,0.0138952375674903,0.00611488732393051,2411,0.999999999999997
WLS,vii,200610,200611,0.11781010394083,-0.0433577545603985,-0.0933145862601414,-0.0581568874611591,0.0400044636395964,2396,1
WLS,vii,200611,200612,-0.0108747880396928,0.0270848060127056,-0.00117519039170803,0.00748757134921139,0.0148708498855679,2378,0.999999999999997
WLS,vii,200612,200701,-0.0860066401039328,0.0566499926756635,0.0793466306839224,0.0669804856010116,0.0193814509318381,2353,1
WLS,vii,200701,200702,-0.00373597672576457,-0.000258081754238031,-0.0248324841399442,0.000238354010385206,0.0141027577691787,2325,0.999999999999998
WLS,vii,200702,200703,0.0753391561936372,-0.0268555485375739,-0.0613605939860923,-0.0431689392804576,0.0217395893299696,2314,1
WLS,vii,200703,200704,0.0504884607941822,-0.0333656662359521,-0.00425346671978424,0.00597896963954106,0.0176391117568722,2294,1
WLS,vii,200704,200705,0.0378343894344923,0.0308231759665525,-0.024005618213695,-0.00382033304207385,0.0409660808102182,2276,0.999999999999997
WLS,vii,200705,200706,-0.00462219840061131,0.00689144406337318,-0.0123484540590498,-0.00752472914128828,0.00672862079143877,2255,1
WLS,vii,200706,200707,0.0460214418494669,-0.0775925642580298,-0.0674192652783901,-0.00438814962053046,0.0589558498676803,2383,1
WLS,vii,200707,200708,0.0166049819617962,-0.0366834067905519,0.00325459705843254,0.00749041578401832,0.0293986444093719,2367,1
WLS,vii,200708,200709,0.103333777773189,-0.0749542676518067,-0.0748079729015901,0.00615562144581743,0.075715976397903,2340,1
WLS,vii,200709,200710,-0.135330932522768,0.0517290189352405,0.108362048963423,0.140407795597544,0.0476235585934083,2321,1
WLS,vii,200710,200711,0.0464544029042165,-0.0729017925072351,-0.0358354466423593,-0.078692540415161,0.0410773249771503,2298,1
WLS,vii,200711,200712,-0.0533630646686466,0.053190679371657,0.019323428677165,0.0380881759074773,0.0173687119244665,2274,1
WLS,vii,200712,200801,-0.0489184110812726,0.0115180599115149,-0.000725371944590098,-0.0472861391012726,0.0156579004377695,2249,1
WLS,vii,200801,200802,0.197926109355849,-0.098709723387069,-0.155256646917045,-0.156396200361664,0.051879468389536,2237,1
WLS,vii,200802,200803,-0.141025875032896,0.0690119849741456,0.0993834690650718,0.109903077761971,0.03497862584666,2229,1
WLS,vii,200803,200804,0.097585209706322,0.00303002076782659,-0.04109689922814,-0.0649091603935186,0.0223645006566161,2210,1
WLS,vii,200804,200805,-0.0453509751007093,0.0741600393674265,0.0397157070933479,0.0408733965784315,0.0258866623367073,2192,0.999999999999997
WLS,vii,200805,200806,-0.00971774350967383,-0.027276765399417,-0.0174493865180478,-0.0685904086283316,0.0192166462071773,2175,1
WLS,vii,200806,200807,0.0271561057010338,-0.0450120541985204,0.0245783208784742,-0.068584996524446,0.0305012987610427,2337,0.999999999999999
WLS,vii,200807,200808,-0.120661160571018,0.109678859429322,0.130301183106656,0.0504328552571483,0.0821455753123734,2321,1
WLS,vii,200808,200809,-0.0758770953113901,-0.00968842222410218,0.0754677152378013,-0.11536367249674,0.132525141308501,2301,1
WLS,vii,200809,200810,-0.0914512775815896,-0.106918526803049,0.028211985037197,-0.102641758977499,0.0740653447910155,2290,1
WLS,vii,200810,200811,0.120670319900631,-0.130216727325237,-0.0990123865348514,-0.149046407954682,0.0207169060467282,2268,0.999999999999998
WLS,vii,200811,200812,0.112564025439109,-0.0307878773553536,-0.0450785857346397,-0.0944453856430124,0.0150151740299885,2257,0.999999999999998
WLS,vii,200812,200901,-0.0815231070022228,-0.051918756015812,0.0293461683959255,0.0352375647955461,0.0280982300207376,2236,0.999999999999998
WLS,vii,200901,200902,-0.337737351615817,0.0872602628337159,0.24458176253705,0.134704609212786,0.120634459340735,2227,1
WLS,vii,200902,200903,0.0205654030285197,0.0210438473727279,0.0590544225137891,0.0435938256133473,0.00686816940852131,2209,0.999999999999997
WLS,vii,200903,200904,0.026526904899634,0.144621127298079,-0.0360845704206716,0.0691479448812933,0.0574206156277728,2197,0.999999999999995
WLS,vii,200904,200905,0.10052332819243,-0.064607787739913,-0.0941586460409984,0.0267971022228606,0.0655042195735747,2180,1
WLS,vii,200905,200906,-0.221481316757584,0.0920667876336311,0.208059884908025,0.136576712261893,0.107497178131178,2165,1
WLS,vii,200906,200907,0.0100534806078571,0.101813941817476,0.00875942119309225,0.0566046703913878,0.0549680060580741,2297,0.999999999999998
WLS,vii,200907,200908,-0.0563128084234649,0.0869675058346256,0.0439672648300191,0.0499606264289988,0.0368343706101674,2284,0.999999999999998
WLS,vii,200908,200909,-0.0136465204244561,0.0838323133209504,0.00615856464521682,0.0535078929481363,0.0550915756107799,2275,0.999999999999996
WLS,vii,200909,200910,-0.00303451848917698,-0.0760908945230135,0.0331329082095845,-0.0219671438986889,0.0921497366449788,2266,1
WLS,vii,200910,200911,0.0985524944456861,-0.071599617482466,-0.0432394519697438,0.0119558999884914,0.0411224094213711,2252,1
WLS,vii,200911,200912,-0.0400994375476785,0.10902927705884,0.0316742751571388,0.0325892473319703,0.0747022253432477,2231,1
WLS,vii,200912,201001,-0.0684547718106543,0.0099974692122211,0.0247195791523239,0.0164583090032882,0.00295545432587607,2218,1
WLS,vii,201001,201002,0.0440255916797143,0.0448907083208616,-0.00363729107365272,-0.0314713568363181,0.0341781324498466,2205,1
WLS,vii,201002,201003,0.055286440658931,0.0326351094929385,-0.0208625786106494,0.0128862026212214,0.032719228840933,2188,1
WLS,vii,201003,201004,-0.0359899808815073,0.0873383908635667,0.0179781957546953,0.0380694502472587,0.0510489608804586,2177,1.00000000000001
WLS,vii,201004,201005,-0.119355491521412,0.000688232807469446,0.0440498450448019,0.0293234267238884,0.0188428599367932,2163,1
WLS,vii,201005,201006,-0.046538519850737,-0.0944353493105291,-0.00310682946094408,0.0352298008124535,0.107175431167936,2155,1
WLS,vii,201006,201007,0.0257977809158925,0.0247853657284449,0.0114771707714816,0.0512425200196529,0.0149180202143463,2293,0.999999999999996
WLS,vii,201007,201008,-0.0534756918303724,-0.00745416822209322,0.0107619022988738,0.0132368900891803,0.00244578972284604,2271,1
WLS,vii,201008,201009,-0.0277655967216067,0.0617497469456797,0.0946553561288132,0.103559076800334,0.0253146211258137,2257,1
WLS,vii,201009,201010,0.0106549568599221,0.00541976041978974,0.00572685349978981,0.0499680919919936,0.0209100007008083,2244,1
WLS,vii,201010,201011,0.0582043775957892,-0.0145614745015354,-0.049483143644634,-0.0249910416647755,0.00982340315539265,2229,1
WLS,vii,201011,201012,0.0608571402786398,0.0342963338955607,-0.0414931345541938,0.0164018467163635,0.0741712559238094,2208,1
WLS,vii,201012,201101,0.111855714564275,-0.0549473125546608,-0.103367075532166,-0.0296025458438041,0.0540077987627192,2182,1
WLS,vii,201101,201102,0.01547909881111,0.0520227601263459,-0.0164424993616514,0.0144612718890192,0.0474238561252325,2171,1
WLS,vii,201102,201103,-0.0243092661057369,0.0342925390045058,0.0124913539213542,0.0267964112724051,0.0128795645549414,2158,1
WLS,vii,201103,201104,0.0566516448047551,-0.0205672137301088,0.0132040691056912,-0.0359700572257684,0.0380814231713635,2145,1
WLS,vii,201104,201105,-0.0758676077334102,0.0276349861614723,0.0780861215947694,0.0242968721424609,0.0473551107823853,2133,1
WLS,vii,201105,201106,-0.0159211711491234,-0.0100919711470892,0.0161090420181951,-0.0034275762549043,0.0153336833228122,2115,1
WLS,vii,201106,201107,-0.0773045398570886,-0.0256694712292776,0.0598005156502703,0.0673574224700659,0.0506314000522889,2159,1
WLS,vii,201107,201108,0.0293130284292864,-0.0793999662608646,-0.0160327413774324,-0.083223738720399,0.0714193944381861,2151,0.999999999999998
WLS,vii,201108,201109,-0.113307866671235,0.000440695807676548,0.106302194202878,-0.0275252437873614,0.101048652448441,2140,0.999999999999999
WLS,vii,201109,201110,0.123410271490795,0.0256725671278499,-0.0681789854644904,0.0292430807477554,0.0573890311520299,2132,1
WLS,vii,201110,201111,0.126699183434802,-0.0416900671218217,-0.0935085768884971,-0.101903762079793,0.0303920677327054,2119,1
WLS,vii,201111,201112,0.0609918093532704,0.00762556430296888,-0.0348810819450432,-0.0777052812946758,0.0476786704988843,2106,1
WLS,vii,201112,201201,-0.0546769294250868,0.00819065290445301,0.0743687719810411,0.116946748628646,0.0472652346574887,2093,1
WLS,vii,201201,201202,-0.0639805137156893,0.0334624357665221,0.0683546887804641,0.100168347011938,0.0319371909247266,2081,1
WLS,vii,201202,201203,-0.08738486801912,0.0102927530861055,0.129563975060548,0.0742743288958636,0.145786780505569,2073,0.999999999999996
WLS,vii,201203,201204,-0.00985518541991641,-0.000498378758780914,0.00722252599698371,0.00262522308772709,0.000709803805689968,2062,1
WLS,vii,201204,201205,-0.116137514754277,0.0508677474628485,0.0800476488563249,-0.0158118448409533,0.0625794859075175,2051,0.999999999999998
WLS,vii,201205,201206,0.0736190807332336,0.00987421708544347,-0.0405560359393994,-0.0337661140141311,0.023906341679219,2043,1
WLS,vii,201206,201207,0.0602992083914921,-0.0153772311129598,-0.0395176604061781,-0.0419163706102406,0.00585368146183696,2101,1
WLS,vii,201207,201208,-0.0201854336084358,0.0184951282210999,0.0364695022953742,0.0345759322539437,0.00408283454715375,2086,1
WLS,vii,201208,201209,-0.0313509352893662,0.0422903076354354,0.0179706682138506,0.0482685313291756,0.0317136101860303,2076,0.999999999999997
WLS,vii,201209,201210,0.0794163296466431,-0.0190330940763642,-0.0850163749599004,-0.0878437884100895,0.0421745864396982,2063,1
WLS,vii,201210,201211,-0.00917335394054939,-0.00301871696477311,0.0121873268050037,0.0271875009599766,0.00605540153947159,2048,1
WLS,vii,201211,201212,-0.0176494230492799,0.0505190185763818,-0.0124697840665691,0.0222715135282834,0.0680965172900342,2035,1
WLS,vii,201212,201301,0.0798485330357941,0.035033191619729,-0.0356723872377922,-0.0369266377715522,0.0338360535086968,2018,1
WLS,vii,201301,201302,0.0511562251400656,-0.0110462956182147,-0.0318030679249511,-0.034096326748602,0.00629648105905245,2013,0.999999999999999
WLS,vii,201302,201303,0.00679399682451388,0.0301113425379708,0.0216849054965558,0.0163332394548571,0.00610950236962082,2005,1
WLS,vii,201303,201304,0.0784256783810468,-0.0340113448095019,-0.0248553882757114,-0.0685280063081545,0.0261316646379507,1995,1
WLS,vii,201304,201305,0.0429087460265062,0.00332676537585022,-0.0143382307673371,-0.0229518889652648,0.00416444363820878,1987,1
WLS,vii,201305,201306,0.0243485632681272,-0.003056453679764,-0.032725180189766,-0.0364158635877336,0.0125195182670464,1978,1
WLS,vii,201306,201307,0.0365875115178273,0.00106070835093008,0.00856494339971173,0.0239061519404064,0.00320923772122428,2064,1
WLS,vii,201307,201308,0.00165777467629415,-0.0309550017706376,-0.0215703138086372,-0.00300844048728288,0.0095068229651798,2053,0.999999999999999
WLS,vii,201308,201309,-0.0146482357762475,0.0221118513407396,0.0283207814866524,0.0542147314659408,0.0155845721260925,2042,1
WLS,vii,201309,201310,-0.0712868622177904,0.0875297268214482,0.0760186716349384,0.0727461931254213,0.0306746292869019,2031,0.999999999999998
WLS,vii,201310,201311,0.0265552501606179,-0.0138212295609685,0.0200901572545545,-0.00515589499263756,0.0153322076877851,2016,0.999999999999997
WLS,vii,201311,201312,0.0792392157230651,-0.0160359078932941,-0.0655072519239872,-0.0221490519331619,0.0424870540367629,2001,1
WLS,vii,201312,201401,-0.0586420860666317,5.45388962977281e-05,-0.000666048278904447,0.0388719485997637,0.0142905034036839,1987,1
WLS,vii,201401,201402,0.115790903968419,-0.0398372466508682,-0.0368276660639935,-0.0537655249202698,0.0134929116000785,1975,0.999999999999999
WLS,vii,201402,201403,0.00726915857599194,0.0569044158616423,-0.00743364555303629,-0.0370076614490768,0.0765800720591774,1961,1
WLS,vii,201403,201404,0.124630609066951,-0.0451733135731982,-0.0999171186572242,-0.0862778440583722,0.0399192636512937,1955,1
WLS,vii,201404,201405,-0.00126686083934826,0.0138458847186196,0.00670820603534097,0.0256015067549019,0.00773271908018458,1949,0.999999999999997
WLS,vii,201405,201406,-0.00563753920942809,0.0359209204585392,0.00917307117032784,0.0162326046278111,0.014939768745611,1939,1
WLS,vii,201406,201407,-0.064549223951559,0.0305196408312243,0.0501906671800379,0.016104826649411,0.0127202653915957,2000,1
WLS,vii,201407,201408,0.0853240626985522,-0.0614865947149439,-0.0190591049262441,-0.0140991288726781,0.0406489868655094,1992,1
WLS,vii,201408,201409,0.0138206450328542,-0.0539125368807948,0.00984548868323146,-0.0336676719312643,0.073143516196824,1984,1
WLS,vii,201409,201410,0.0936234886243944,-0.081151588286973,-0.0300165327711588,-0.0409505840734825,0.0372086567215405,1976,0.999999999999998
WLS,vii,201410,201411,0.0100138866108224,-0.0154208935435174,0.0661869064023119,-0.0160070944315505,0.0697044740916649,1964,1
WLS,vii,201411,201412,0.0310369436726772,0.00117286599504803,-0.0206347265064359,-0.0501422142685275,0.0267111785552947,1958,1
WLS,vii,201412,201501,-0.063939955316773,-0.0337476671425115,0.0538084971305764,0.0494202404837345,0.0500539234548652,1943,1
WLS,vii,201501,201502,0.0428493078468595,-9.24627010206989e-05,-0.00201696189193272,0.044321660375776,0.0272517375106367,1931,0.999999999999997
WLS,vii,201502,201503,-0.0233295284465142,-0.00782508554527723,0.016149419186846,0.00211568555616459,0.00857090722834442,1918,1
WLS,vii,201503,201504,-0.0923303976393229,0.0696542005373788,0.0460823434060296,0.08880164431514,0.0468999965717626,1908,1
WLS,vii,201504,201505,0.0190260578975567,-0.0298033778557764,0.00820795970145091,0.00189854117644853,0.0153045117676646,1903,0.999999999999997
WLS,vii,201505,201506,-0.022880516202568,-0.0263297371689542,0.0141390173342606,0.0102139864587184,0.0236228581169616,1897,1
WLS,vii,201506,201507,0.0464605462861652,-0.125658474794164,0.00780417384121845,0.0133042284554219,0.124152431232657,1958,1
WLS,vii,201507,201508,-0.111061486744722,0.0462107288292181,0.0405231005529466,0.0214782448425105,0.0124764828248733,1941,1
WLS,vii,201508,201509,-0.0343331741701297,-0.0232481778257227,0.0264376382595098,0.000685005590254261,0.0257551823510951,1932,1
WLS,vii,201509,201510,0.0486397631577833,0.00485670092096621,-0.00687456342130239,0.066821279240072,0.0316886041003124,1921,1
WLS,vii,201510,201511,-0.0326023208866334,0.00921333287959495,0.0219827580583165,0.0386147917602433,0.00699962748352057,1905,1
WLS,vii,201511,201512,-0.0859413478564459,-0.0214088199870597,0.0749867729220098,0.0529977405011386,0.0672814507698027,1901,0.999999999999999
WLS,vii,201512,201601,0.0261556757181068,0.00594318447550323,-0.0300789335274533,-0.12034188772189,0.0697573420394817,1883,1
WLS,vii,201601,201602,0.0462290295231305,-0.00204941488299796,-0.0384939052446074,-0.0304295083992707,0.00806063592529505,1861,1
WLS,vii,201602,201603,0.0220375576710344,0.0414472714259804,0.0202430584529565,0.0380417214552421,0.0169618406391167,1851,1
WLS,vii,201603,201604,-0.0221474033901409,0.0563627177016513,-0.0239525841544445,0.0326965227278426,0.0577394392210805,1839,1
WLS,vii,201604,201605,-0.0966756304900644,0.0341678943965762,0.102646612974396,0.0783409238374313,0.0418153608677987,1825,0.999999999999998
WLS,vii,201605,201606,0.00379822890428982,0.0364963566528969,0.000349793766253104,-0.0171771817380307,0.022001844609823,1811,1
WLS,vii,201606,201607,-0.104814439795107,0.0492704290728805,0.137499827612711,0.095209528012943,0.0598812731812098,1889,0.999999999999996
WLS,vii,201607,201608,0.0429203023736979,-0.00862919583673104,-0.0384177584694477,-0.0382938313802077,0.00799027727397017,1879,1
WLS,vii,201608,201609,-0.0413971637896625,0.0360989462280708,0.0234130195488134,0.0371046658909636,0.015275796045426,1868,1
WLS,vii,201609,201610,0.0263530429071661,-0.0368556677586206,-0.0411149708580327,-0.0303616600355344,0.00665451989480415,1852,0.999999999999998
WLS,vii,201610,201611,0.1044778886212,0.0486941817655366,-0.100187463488866,-0.0518552682669025,0.091137469522157,1847,1
WLS,vii,201611,201612,0.0261817854657878,0.00644866173089858,-0.00842939313183867,-0.0202937336361027,0.00560661971957221,1832,1
WLS,vii,201612,201701,-0.0680368723057129,-0.00924844294404505,0.0605003644258027,0.111691938381702,0.0723900502049156,1824,1
WLS,vii,201701,201702,0.0906708958498105,-0.0703775669185108,-0.0113122786515994,-0.0466660171616068,0.0763232310782676,1817,1
WLS,vii,201702,201703,0.0194460255199078,-0.0250627581776138,0.00925598679499358,-0.0129120986007891,0.0272542679469864,1801,1
WLS,vii,201703,201704,-0.0196527697918149,-0.0156206688769743,0.0428046618040003,0.0284957396048464,0.0411254223641653,1790,1
WLS,vii,201704,201705,-0.018911897651836,-0.0424728899771247,0.0471170060242676,0.04273814836097,0.0574126380161439,1777,1
WLS,vii,201705,201706,0.0553999246335221,-0.0385140169984872,-0.0524918298327359,-0.0244783430240162,0.0149740508048813,1766,1
WLS,vii,201706,201707,-0.0549675374383646,0.0125233390711402,0.0516410560414559,0.0758896525508998,0.0246365888494129,1868,1
WLS,vii,201707,201708,0.106202848821009,-0.0879577168369441,-0.068871439193261,-0.0566563810864245,0.0370578027912042,1863,0.999999999999995
WLS,vii,201708,201709,0.0167976860976013,0.0443745915656533,-0.0222068779422085,0.00407789902092796,0.0398309880264063,1849,1
WLS,vii,201709,201710,-0.0356008982368219,-0.0400114117844853,0.0800403398592148,0.0554792086155198,0.0606886912862487,1836,0.999999999999998
WLS,vii,201710,201711,0.0421427592974743,0.0164475305380984,0.0197572675727688,-0.0490333205848441,0.0366474378623721,1827,0.999999999999997
WLS,vii,201711,201712,0.019989655443159,0.0182141627582633,-0.0255629452986111,0.00209125581724449,0.0306956091814063,1814,0.999999999999998
WLS,vii,201712,201801,-0.148853844380964,-0.00331964200613268,0.177107752855729,0.205046291769921,0.168808916358748,1802,1
WLS,vii,201801,201802,-0.0862749005240805,-0.0436873762739113,0.0545436197185764,0.0670947181916555,0.0652890858394858,1797,1
WLS,vii,201802,201803,-0.0798461572788543,0.063683672387727,0.0442462273280682,0.017163045405749,0.0346958830344636,1787,1
WLS,vii,201803,201804,-0.072463906032984,0.026430345959583,0.0531204222298891,0.067054145044448,0.0146469230099293,1777,1
WLS,vii,201804,201805,-0.000353632116575388,-0.00927476175958909,0.018489831678525,0.0496325349284341,0.0137217040423326,1772,1
WLS,vii,201805,201806,-0.0269789485122647,0.00543741016538869,0.0489115351924139,0.00652843155843814,0.025216886451892,1768,1
WLS,vii,201806,201807,0.129642277816315,-0.0561984534400873,-0.0686626032100892,-0.0773074380575096,0.0183157131895615,1830,0.999999999999996
WLS,vii,201807,201808,-0.0431628784280233,-0.0337913445122274,0.109206161591723,0.0663826683880157,0.0980332712958297,1821,1
WLS,vii,201808,201809,0.0512983529048659,-0.031065965023584,-0.0442384150099343,-0.0151802218784229,0.0115521000451331,1817,1
WLS,vii,201809,201810,0.198844719539975,-0.0714148933004787,-0.213691878270586,-0.249908676129056,0.139769536135076,1812,0.999999999999998
WLS,vii,201810,201811,-0.0611390771149216,0.0168648286429506,0.0741004170507641,0.0431883490982211,0.0127949173629677,1803,1
WLS,vii,201811,201812,0.00121848471308392,-0.0943811822320155,-0.0463161475778908,-0.0664426565779489,0.0720196250008194,1787,1
WLS,vii,201812,201901,-0.176934758526173,0.143309310336797,0.17624400318504,0.199304171775187,0.0781626149137702,1776,1
WLS,vii,201901,201902,0.112440478523374,-0.0604014330878582,-0.0656993934142467,-0.0329052386111112,0.0145584559180532,1766,1
WLS,vii,201902,201903,0.0619097727207582,-0.074805585501516,-0.0255494590917731,-0.00258174472705462,0.0514260458539085,1759,1
WLS,vii,201903,201904,-0.0136873217916901,-0.0150693419046456,0.0417811025368228,0.0596623472207998,0.0243618565031993,1747,1
WLS,vii,201904,201905,0.0120587627629798,-0.061907653998901,-0.0655551492625428,-0.0521274465063658,0.0119755431306179,1740,1
WLS,vii,201905,201906,0.0874704729156632,0.00181025780062823,-0.0151498002580982,-0.00130606271763583,0.00362859111736635,1734,1
WLS,vii,201906,201907,0.035284443457475,-0.028242778379652,-0.0158024334886703,-0.0174038960934408,0.00515029801634914,1829,0.999999999999998
WLS,vii,201907,201908,0.0805346528007352,-0.095652397794114,-0.0548662168832567,-0.0781404268370862,0.0427962679335112,1817,0.999999999999999
WLS,vii,201908,201909,0.0136556916532985,0.0695147414112292,-0.00592850911911126,-0.0362367863040804,0.0861459912009298,1809,1
WLS,vii,201909,201910,0.0087268736216337,-0.0222193538197686,0.0222186665217835,0.0162431853846205,0.0141894719431003,1800,1
WLS,vii,201910,201911,0.0732135894474147,-0.0659151075749671,-0.0352958594019938,0.0161393551893227,0.0413233647303452,1788,1
WLS,vii,201911,201912,0.0216302220918094,0.0041284556040357,0.01289044887625,0.000182267490774999,0.00197307555840998,1778,1
WLS,vii,201912,202001,-0.125250087457189,-0.091852731008615,0.096406346873787,0.177583050734981,0.236462481239562,1763,1
WLS,vii,202001,202002,-0.211198340382411,0.0274759863198563,0.131295066414257,0.0877725824587514,0.0566274185589671,1762,1
WLS,vii,202002,202003,-0.195184910384659,-0.170458699750931,0.160902303987435,0.0734054540482833,0.205381461221765,1758,1
WLS,vii,202003,202004,0.046149485596002,0.0550271114184399,0.0844722895440592,0.0556535198956936,0.006908377651901,1749,1
WLS,vii,202004,202005,0.050137811004751,-0.0127186557419028,0.0110319941756004,0.00598149703811647,0.00300679505315138,1744,1
WLS,vii,202005,202006,-0.0719762024818043,-0.0680395047977679,0.0831252543643257,0.139248274373403,0.13848542302059,1730,1
WLS,vii,202006,202007,-0.0402403504576685,-0.0458740322955837,0.0840927406272906,0.127710878306017,0.0718186692172917,1794,1
WLS,vii,202007,202008,0.0683997350751539,-0.158296408033643,0.000674179225396164,0.123663534871425,0.11446220443262,1782,0.999999999999998
WLS,vii,202008,202009,0.0913632526824912,-0.0266373988581159,-0.0956190360984394,-0.120691941802564,0.0504600958551477,1778,0.999999999999997
WLS,vii,202009,202010,-0.00975129226274662,0.0274869700563391,-0.0225720564107202,-0.0270975989466474,0.0178967818274054,1769,1
WLS,vii,202010,202011,0.11817005541336,0.0775274554555968,-0.0779542976728738,0.0481106555368675,0.0911238739125323,1763,1
WLS,vii,202011,202012,0.0846492746588904,-0.0782331193888989,-0.0603005344206517,0.047784570367006,0.0772167104635267,1757,1
WLS,vii,202012,202101,-0.120007582328937,0.0966303438404079,0.075534437179441,0.0814116198706777,0.0211431320564867,1748,1
WLS,vii,202101,202102,0.0767967888682385,0.128236294499426,-0.0847448265829156,-0.0833222079812431,0.141257563488986,1742,1
WLS,vii,202102,202103,0.111413334618494,0.041932532464812,-0.0386933000348427,-0.134229335603653,0.120113672822828,1734,0.999999999999997
WLS,vii,202103,202104,-0.0400281715669938,-0.0207651810217651,0.0808973066683734,0.0780580940889278,0.0891708040081275,1730,1
WLS,vii,202104,202105,-0.0238478768051734,0.109337816183308,0.00899931773424067,-0.0311272004553247,0.123089771602404,1719,1
WLS,vii,202105,202106,-0.178259373656895,-0.00901825544648868,0.187624914026678,0.188785535038496,0.216840407869812,1714,0.999999999999994
WLS,vii,202106,202107,0.108440590771206,-0.116684105700747,-0.0448570900098712,-0.0488846699143765,0.101023142185748,1787,1
WLS,vii,202107,202108,-0.0513051832661605,-0.0315384551053265,0.0822804657880573,0.0738389976336939,0.106744008091251,1782,1
WLS,vii,202108,202109,-0.065818949578533,0.0499951506499472,-0.0365785171521691,0.0512009204774406,0.127872394149118,1774,1
WLS,vii,202109,202110,0.0686667027417087,-0.118864289655493,-0.00184192542641058,0.0757238456491741,0.0888586353002205,1765,1
WLS,vii,202110,202111,-0.230423061716424,0.0222046210402143,0.228313537722783,0.145678278315121,0.12104505540814,1757,1
WLS,vii,202111,202112,0.076790748505504,0.0743394939722965,-0.0287256185827457,-0.0970737628634079,0.106039364012104,1749,1
WLS,vii,202112,202201,-0.184079480616802,0.192602310981415,0.0455123171401688,0.0564258659822922,0.176763667529246,1737,0.999999999999998
WLS,vii,202201,202202,-0.119031327354173,0.0984039623043277,0.0208299752436073,0.0916845470981392,0.0692449946656829,1736,1
WLS,vii,202202,202203,0.0726803437910481,-0.0564241473685856,-0.0495964006595067,0.0376635012092501,0.0404526602372952,1731,0.999999999999997
WLS,vii,202203,202204,-0.0112457942861333,0.10540889572413,-0.0508999610942703,-0.160615931945388,0.190409156982618,1720,1
WLS,vii,202204,202205,-0.0952022347214479,0.175029117135799,0.0244388269772934,0.033049286515583,0.191695754532867,1715,1
WLS,vii,202205,202206,-0.0378313367158784,-0.0522878081654837,-0.00837181155383498,-0.0522633652134209,0.0383039160615349,1707,0.999999999999997
WLS,vii,202206,202207,0.0396095048673056,-0.0946941926972016,0.0564742827485491,0.108566161691617,0.137767595994018,1807,0.999999999999999
WLS,vii,202207,202208,-0.00339537476690809,0.0223530055578051,-0.056316821778507,-0.0137218180641078,0.046297991447272,1799,1
WLS,vii,202208,202209,0.0467809171632841,-0.0765877466621994,-0.0948430801608786,-0.108007309704692,0.0337895926626424,1792,1
WLS,vii,202209,202210,0.104475306975501,0.135201227434973,-0.0677978520942134,-0.0447328852279326,0.136812365138931,1786,0.999999999999998
WLS,vii,202210,202211,0.0980829997820722,-0.0159467821087114,-0.0173443315121003,-0.0708450581972996,0.0130866858783676,1775,1
WLS,vii,202211,202212,0.136776342819058,-0.0444815664982152,-0.138612843877243,-0.194456110179577,0.138072739353167,1770,0.999999999999997
WLS,vii,202212,202301,-0.182610738069364,0.0860464571123624,0.182971772275044,0.206824763853136,0.0647719732443761,1763,1
WLS,vii,202301,202302,-0.112828346968789,-0.0235760341157089,0.0716099963711552,0.104897852555428,0.0987361532309049,1758,1
WLS,vii,202302,202303,-0.190159410820306,0.0099445441885473,0.248026721850188,0.132067925632905,0.295775723828752,1745,1
WLS,vii,202303,202304,-0.0142670267887476,0.0130332145966514,0.0598339446531911,-0.0573324480709898,0.0603992402813334,1732,1
WLS,vii,202304,202305,-0.260272002849556,-0.0497567042299542,0.231730053430689,0.251279982399207,0.272283276934616,1730,0.999999999999995
WLS,vii,202305,202306,0.0645343602839828,-0.0215636310296485,-0.0142335052078246,0.0463900471104867,0.0254213133044368,1720,1
WLS,vii,202306,202307,-0.0028147011921137,0.0550807570723905,0.0320012981979274,-0.0146825010113743,0.0253562093885366,1862,0.999999999999996
WLS,vii,202307,202308,-0.0298696248881596,-0.0431715112658174,0.0387962812022254,-0.00139503784492589,0.0321103600806014,1853,1
WLS,vii,202308,202309,-0.0627473105653726,0.053371605679712,0.0143833621091396,-0.0266863822653784,0.052835765401144,1840,0.999999999999999
WLS,vii,202309,202310,-0.104102499754648,-0.0138068924972771,0.109751900374841,0.0010453602385349,0.0745348920601293,1830,1
WLS,vii,202310,202311,-0.207325024178445,0.12952750879159,0.197614178086734,0.253680220868781,0.124737421213218,1821,1
WLS,vii,202311,202312,0.111457446664903,0.0133548789988425,-0.0612786364453818,-0.0445641227091752,0.033533608333028,1811,1
WLS,vii,202312,202401,-0.155315058838749,0.0417585371101075,0.169580107004952,0.0974159470068439,0.058190496503687,1799,1
WLS,vii,202401,202402,-0.0804716605924136,0.0234972673672053,0.172761031482682,0.051939904381359,0.0661725985490659,1793,1
WLS,vii,202402,202403,0.165776157870794,-0.0445394611494204,-0.102642173570999,-0.108259289896396,0.0473728883635434,1786,1
WLS,vii,202403,202404,0.106109089243653,-0.13990198271188,-0.120625029505032,-0.0823234169175364,0.0694045571492956,1778,1
WLS,vii,202404,202405,-0.0840262408406358,0.0032617307913789,0.131971482422454,0.0737675847158942,0.0500125022005505,1770,1
WLS,vii,202405,202406,-0.211382611910181,0.0022750425626184,0.241418249914042,0.164194912993356,0.290802916895285,1754,0.999999999999998
WLS,vii,202406,202407,0.253820598059874,-0.0645949376409034,-0.248652520859564,-0.140520031592215,0.169766875059498,1981,0.999999999999998
WLS,vii,202407,202408,-0.00246558252859109,-0.0283702055212613,0.0307608764524195,-0.00284810583773428,0.0208075547076928,1966,0.999999999999999
WLS,vii,202408,202409,0.0877287248022995,-0.0741437918129594,-0.0528096601383232,-0.0142338187308929,0.0218433045055372,1955,1
WLS,vii,202409,202410,-0.259072161898139,0.148990508193463,0.188126643657857,0.144972876894869,0.11957775010608,1946,1
WLS,vii,202410,202411,0.0926598371075075,-0.0347487712895536,-0.040042401671589,0.0128904043445423,0.00563915847634311,1933,1
WLS,vii,202411,202412,0.0685577240742818,-0.200962190450761,-0.0330219679138788,-0.0363158387712707,0.100942656782869,1924,1
